segment_id,observation_date,sat_ndvi,sat_ndwi,sat_mndwi,sat_savi,sat_quality
SEG_001,2020-01-01,0.2682356070820062,0.1766994874229113,0.5029616109343609,-0.06522446694823354,GOOD
SEG_001,2020-01-31,0.010220311020348344,0.08926568387590872,0.4284874110100439,-0.0974004961287756,GOOD
SEG_001,2020-03-01,0.32374718317372986,0.10372603136689107,0.4264154459469421,0.19189271467752714,GOOD
SEG_001,2020-03-31,0.2522859181074617,-0.4541756163443378,-0.09489155191360785,0.015755185440842867,GOOD
SEG_001,2020-04-30,0.03348891102455667,0.436654587712494,0.2832318467219342,0.1436524022667953,GOOD
SEG_001,2020-05-30,0.32142596009490476,0.2759999115462448,-0.09385673523230609,-0.0871599024383849,GOOD
SEG_001,2020-06-29,0.3572737948702718,-0.0411481474126012,-0.0616078501517528,-0.0013489969224066145,GOOD
SEG_001,2020-07-29,-0.05454529391310306,-0.45288362457526543,-0.20131578268440675,0.15097841668123604,GOOD
SEG_001,2020-08-28,-0.09425948902859019,0.22072181936019464,0.3135393321239172,0.11478813216351808,GOOD
SEG_001,2020-09-27,0.15029305652514915,-0.32134811946986863,0.5213650554103384,0.24820742793470676,GOOD
SEG_001,2020-10-27,-0.09971405193602825,-0.1758439429953269,-0.2824709318527509,0.2716394465058468,GOOD
SEG_001,2020-11-26,-0.0653937407658082,0.26060216525723157,0.3892509863762889,-0.04864341420009488,GOOD
SEG_001,2020-12-26,0.0005755316948479472,-0.18828370869910505,0.595634420994805,0.15995122305578138,GOOD
SEG_001,2021-01-25,-0.06450345699548374,0.1311029572700989,-0.09395239456996107,0.2621680052024512,GOOD
SEG_001,2021-02-24,0.13633551315589706,0.2846194242907534,0.42674729798997896,-0.02383603425524891,GOOD
SEG_001,2021-03-26,0.10131064105113438,-0.16069739460503685,0.47550528271751186,-0.0005374664318857497,GOOD
SEG_001,2021-04-25,0.17516265622492402,-0.44941167047511876,0.5993542215714538,0.2344110340319808,GOOD
SEG_001,2021-05-25,0.08948655948845805,0.48530884377972594,-0.061317247645063244,0.21362824077942774,GOOD
SEG_001,2021-06-24,0.3843546824845794,0.07918029081625622,0.18797568123684677,0.19919022415162566,GOOD
SEG_001,2021-07-24,0.19751755322501383,0.17521255360409016,-0.08831649449916193,-0.052045354421150325,GOOD
SEG_001,2021-08-23,0.0021295997117682097,0.2161918007894148,-0.0851826426457386,0.058314338716501796,GOOD
SEG_001,2021-09-22,-0.06336963945018351,-0.2868456877329596,-0.06131962672463881,0.2733037511974836,GOOD
SEG_001,2021-10-22,0.2269881588553663,-0.49217689284784205,0.4353937216039154,0.019751500879991155,GOOD
SEG_001,2021-11-21,0.258806093569399,-0.29640268767254707,0.27081416299657174,0.005593560652163765,GOOD
SEG_002,2020-01-01,0.17584021056319563,-0.07231308101932066,-0.29129727035249403,-0.06990245597049319,GOOD
SEG_002,2020-01-31,0.349490744371295,0.2961223048880417,0.4746323238008124,0.2595698546105899,GOOD
SEG_002,2020-03-01,0.3649405078468372,0.36460569621996397,0.5785854296378665,0.22430868797615874,GOOD
SEG_002,2020-03-31,0.03340285479723601,0.28737450913547113,-0.20271393623733858,0.2488667131624359,GOOD
SEG_002,2020-04-30,-0.0034351058361456743,-0.17173804880229349,0.4779176478272576,0.2867556416193445,GOOD
SEG_002,2020-05-30,-0.010716091913768183,0.46253431576155546,-0.061080273729328255,-0.05663898111411556,GOOD
SEG_002,2020-06-29,0.2543926419170853,-0.49830872178137053,0.5330176489491742,0.11538079883711677,GOOD
SEG_002,2020-07-29,0.3240076397531677,0.21975426301395018,-0.029709958609862253,0.023713864883461305,GOOD
SEG_002,2020-08-28,0.20775745797569026,-0.19905012543443468,0.19314349182212837,-0.09983762412108499,GOOD
SEG_002,2020-09-27,0.35059041291412707,0.29602476012678025,-0.14727774342175073,-0.0660817853099513,GOOD
SEG_002,2020-10-27,-0.08778730613658683,-0.25515745592164985,0.12762270979692458,0.2398950778498928,GOOD
SEG_002,2020-11-26,-0.09722759093098413,0.2509644766184729,0.39304156971662246,-0.05736508137458443,GOOD
SEG_002,2020-12-26,0.3007083008611322,0.1675777325863531,0.5891032077598031,0.13818092738776788,GOOD
SEG_002,2021-01-25,0.2718277210797925,-0.025325563176946675,-0.06672760638148259,-0.001104104996136182,GOOD
SEG_002,2021-02-24,0.059854784209381146,0.040152222518456404,-0.17546334463545984,-0.007495408108725288,GOOD
SEG_002,2021-03-26,0.35241923917008844,0.08407941420422516,0.32597068784817124,0.24269281292157371,GOOD
SEG_002,2021-04-25,0.27375783448902535,0.04613230973383908,0.24292733004711714,-0.011784522270472442,GOOD
SEG_002,2021-05-25,-0.03618610135941966,0.12225696097406469,-0.27573019328537607,0.05760810253588189,GOOD
SEG_002,2021-06-24,0.06342290244065427,0.2612297078940271,0.04121359400772262,0.20080392942191397,GOOD
SEG_002,2021-07-24,0.2906165248054474,0.15175465524388942,0.37880988365357354,0.2798446930863956,GOOD
SEG_002,2021-08-23,0.2834490491781204,-0.33221085663219774,0.24652274450183848,0.19917026078211433,GOOD
SEG_002,2021-09-22,0.09832722075831365,0.2150147050494684,-0.23160316994124602,0.17624576637319214,GOOD
SEG_002,2021-10-22,0.07360188265422449,-0.07162198676525555,0.03351378859625054,0.10238431587083116,GOOD
SEG_002,2021-11-21,0.11774357250383852,0.23379530401339188,0.5689263581142698,0.008032958554960334,GOOD
SEG_003,2020-01-01,0.13235423330161586,0.11033170423052063,0.04109037371543761,-0.08852000089196417,GOOD
SEG_003,2020-01-31,-0.09492444278066145,0.4480625777770312,-0.22294833423778088,0.1880298656416777,GOOD
SEG_003,2020-03-01,0.24589357764760092,-0.1937939698699116,0.22340002679913046,0.08930419550380991,GOOD
SEG_003,2020-03-31,-0.0037078532742413073,-0.38044525874494717,0.18227756884537477,0.20487584379364118,GOOD
SEG_003,2020-04-30,-0.002941210954463286,-0.2725168365174453,-0.13850261068313702,-0.09434065309757447,GOOD
SEG_003,2020-05-30,0.3363598674992673,0.07406421962633225,0.12245725043745914,0.07618751925440412,GOOD
SEG_003,2020-06-29,-0.07319546285373343,-0.35080241552634484,0.20655563737610777,0.021534204736891077,GOOD
SEG_003,2020-07-29,0.12136050200966417,0.36016666582618007,0.591028134420118,0.022152097727744152,GOOD
SEG_003,2020-08-28,-0.013093225836782768,-0.4249351310988321,-0.2975918496574028,0.08020148184708095,GOOD
SEG_003,2020-09-27,0.29391401332336564,0.12505800716422188,0.295064738568031,0.2734673833782053,GOOD
SEG_003,2020-10-27,0.27447886103481167,0.06920704931909238,-0.040250470524742454,-0.05025853673011671,GOOD
SEG_003,2020-11-26,0.06116079167914998,-0.2496320975879961,-0.2178058020321133,0.2847644408771347,GOOD
SEG_003,2020-12-26,0.13525041162581677,0.15150948943368636,0.5244655091340906,-0.02740434111074963,GOOD
SEG_003,2021-01-25,0.0649018317894827,0.1936736739834325,-0.040603984174689856,0.2780774158252842,GOOD
SEG_003,2021-02-24,0.3940596073908771,0.15766038648312897,0.1883342349214755,0.06529902831972861,GOOD
SEG_003,2021-03-26,0.11905804753618912,0.19825002912217227,-0.19071652497364214,0.2892587263286778,GOOD
SEG_003,2021-04-25,0.1307239470893917,-0.38253385091044245,0.448928856392011,0.0993502018828781,GOOD
SEG_003,2021-05-25,0.3609340749657809,0.008240891592893984,0.4913936296318285,0.24561077377143528,GOOD
SEG_003,2021-06-24,0.19346886120708054,0.49890233322933875,0.14067631199013086,-0.04056183264688436,GOOD
SEG_003,2021-07-24,0.18589882099245056,-0.2664375539421069,0.39799002758933294,-0.08254108036107924,GOOD
SEG_003,2021-08-23,-0.08149019432721191,0.00229115013296588,0.23116238637861025,0.2478801253448862,GOOD
SEG_003,2021-09-22,0.13474530049236597,0.4692036305742172,0.0047051106462884795,0.17708183943475284,GOOD
SEG_003,2021-10-22,0.33619150869926817,-0.4641009001623134,-0.2384213275366037,0.1524644067418562,GOOD
SEG_003,2021-11-21,0.24700058139661726,0.403424062050486,-0.2586081281905085,0.2184573860648847,GOOD
SEG_004,2020-01-01,0.35641450801177743,-0.35688227987149035,0.11503492201949778,0.001590935765416912,GOOD
SEG_004,2020-01-31,0.1937858525632107,0.13893870236001216,0.08187804461480791,3.9289763080499474e-05,GOOD
SEG_004,2020-03-01,0.047615376941634674,0.47794448457686267,0.29240683433581255,0.009792152071291096,GOOD
SEG_004,2020-03-31,0.2994300597537993,0.10706499816426596,0.017088860251784854,0.15464715120235675,GOOD
SEG_004,2020-04-30,0.05446644197631803,-0.05917680983718843,0.22161642483156246,0.19294390717569534,GOOD
SEG_004,2020-05-30,0.3567434872408485,0.3304726195673974,-0.06872692389306392,0.22987592501696294,GOOD
SEG_004,2020-06-29,0.33007029844941094,0.2242167120755182,0.5819480185037131,0.286907898920013,GOOD
SEG_004,2020-07-29,0.19228004582608302,0.32241730122677426,0.5462627026015987,-0.05666155912030773,GOOD
SEG_004,2020-08-28,0.35469381921394605,-0.19780982547074977,0.06746627021587143,-0.04408919499711157,GOOD
SEG_004,2020-09-27,0.27157006076158574,0.4459740857794321,0.07721407807325054,0.19690760590612635,GOOD
SEG_004,2020-10-27,0.12169154303035082,0.45055516985142696,0.4699051739753591,-0.060258150157547874,GOOD
SEG_004,2020-11-26,0.12735868428525857,0.162768738061978,0.2775340205098958,0.13885838380781804,GOOD
SEG_004,2020-12-26,0.007975675959337375,0.3696954267695447,-0.00429640191099262,-0.04097832802342252,GOOD
SEG_004,2021-01-25,-0.08710992510690083,-0.48513967276929115,0.4109861978112785,-0.004827357563814777,GOOD
SEG_004,2021-02-24,0.15661897880459583,-0.3909459899961545,0.1534548208072392,0.27816625718804255,GOOD
SEG_004,2021-03-26,0.10080862725628023,0.1860974960622327,0.1412419687298027,0.2638803316460917,GOOD
SEG_004,2021-04-25,0.3973138779304618,0.030556837431324535,0.10834387581792443,0.14217071661412514,GOOD
SEG_004,2021-05-25,0.014246787182292192,-0.1610683811648248,0.10814901261670257,0.06639586010459811,GOOD
SEG_004,2021-06-24,-0.053384949148161304,-0.4034355674342144,0.3649163986398441,0.22470771411095694,GOOD
SEG_004,2021-07-24,0.3340460744345325,0.22106067874614943,0.5715587627803269,0.14016403648987083,GOOD
SEG_004,2021-08-23,0.2813028159684249,0.07410000433146269,0.42649923403710993,0.23806206453134324,GOOD
SEG_004,2021-09-22,-0.009791964019572802,0.20269877286560467,-0.021913780053080867,0.03592986271090334,GOOD
SEG_004,2021-10-22,0.007566440016755466,-0.08016750623549684,0.00680638359239949,0.048021236990801575,GOOD
SEG_004,2021-11-21,0.036051421773109465,0.16193869280826123,0.1370955344018966,0.07681767467911166,GOOD
SEG_005,2020-01-01,-0.09615645705005857,-0.19858063798156322,-0.10988941870171895,-0.0451060778970692,GOOD
SEG_005,2020-01-31,0.3166771012099391,0.30620018656676384,-0.23513205306705792,0.24470574480903542,GOOD
SEG_005,2020-03-01,-0.04241331366810089,-0.4791434409752512,-0.007708638499037579,0.22052886172418087,GOOD
SEG_005,2020-03-31,0.09788334842966648,-0.18972543816413867,0.005561953033617506,0.03322744899725277,GOOD
SEG_005,2020-04-30,0.30751850287500704,-0.2637311510532757,-0.16820020355007506,-0.021091278870406696,GOOD
SEG_005,2020-05-30,0.1244526284975315,0.42415425838565934,0.20804260506251931,0.15411932762423738,GOOD
SEG_005,2020-06-29,-0.07191393989346098,0.007336885289778161,-0.020632934454320184,0.0807655454802729,GOOD
SEG_005,2020-07-29,0.17715818566915195,0.2918177972653585,0.5062890890011222,0.07989348146036251,GOOD
SEG_005,2020-08-28,0.0717188879191338,0.21431554916746265,0.1540941013508616,-0.03097643542545403,GOOD
SEG_005,2020-09-27,0.06918357342070977,0.09788586238298946,0.4103042384072982,0.1589221427877228,GOOD
SEG_005,2020-10-27,0.06668101803027829,0.0827395145864196,-0.17271445747411396,0.03992831501433769,GOOD
SEG_005,2020-11-26,0.3065923919074005,0.1701163999947225,0.44606307560501796,0.19550986885179314,GOOD
SEG_005,2020-12-26,0.37383413376717345,-0.013729079127272725,-0.0961112581195015,-0.04497385872916829,GOOD
SEG_005,2021-01-25,0.28315380222362074,-0.368950958570492,0.03904788374027218,-0.035101115164619806,GOOD
SEG_005,2021-02-24,0.12209935490263782,-0.21507206743664176,0.3736828662858926,0.07957118521333614,GOOD
SEG_005,2021-03-26,0.13083998922049458,-0.21822826729622458,0.043685190771639404,0.11098391538459307,GOOD
SEG_005,2021-04-25,-0.04870513412579533,0.3458922767334385,0.4660494432763009,0.014025205623731371,GOOD
SEG_005,2021-05-25,0.07479253906932445,-0.47332980919706147,-0.25206880154603295,0.10080284587729418,GOOD
SEG_005,2021-06-24,-0.031200206137064174,-0.21312060268673183,0.4467854248375402,0.17842879543039344,GOOD
SEG_005,2021-07-24,0.26361739266246587,0.02777150588672428,-0.19993182570818543,0.015240631215692219,GOOD
SEG_005,2021-08-23,-0.09178232389705279,0.01537573020940608,-0.08225567902110603,-0.042569263901495985,GOOD
SEG_005,2021-09-22,0.16302972266108526,0.007327696579786602,0.5894983370368205,0.1216607809672782,GOOD
SEG_005,2021-10-22,0.2664705107253208,0.12825696247565643,0.3943512366988731,0.19407479392492452,GOOD
SEG_005,2021-11-21,0.2158679238791689,0.3114976818476064,-0.24320951667099783,0.21047615988136872,GOOD
SEG_006,2020-01-01,-0.004448284633044558,-0.1430258239646366,0.4027574102805825,0.24631931083122302,GOOD
SEG_006,2020-01-31,0.14810161326851132,-0.0024766075063726856,0.5318794199642671,0.10771034141397681,GOOD
SEG_006,2020-03-01,0.23045961072906831,-0.19350414390924753,0.24235946495753974,0.07044642915321817,GOOD
SEG_006,2020-03-31,0.37395218930154317,-0.42495883501184073,0.2737612840949684,0.04532445226039292,GOOD
SEG_006,2020-04-30,0.28925768675343266,-0.13367152689285144,0.04456896151989992,0.1268978566896478,GOOD
SEG_006,2020-05-30,0.22478036835301576,-0.25038834690660206,-0.19789624867348377,0.19426994379177107,GOOD
SEG_006,2020-06-29,0.35823945477094066,-0.008799804745775908,-0.18962632028642623,0.24113051615372907,GOOD
SEG_006,2020-07-29,-0.06753046084196443,0.04217136122556231,0.5021985141184999,0.24054482030125038,GOOD
SEG_006,2020-08-28,0.29518653040387455,-0.4737159731917343,0.19861929353363555,0.04756446620048829,GOOD
SEG_006,2020-09-27,0.284582275187349,0.32333939950839063,-0.23362435837988488,0.28895189260550636,GOOD
SEG_006,2020-10-27,0.38313230696705336,-0.06738171351802513,0.5196410438521986,-0.07783485999288918,GOOD
SEG_006,2020-11-26,0.3229668530779328,-0.24939469101800094,0.2715513822489713,0.12033656619325589,GOOD
SEG_006,2020-12-26,0.26031638421863645,0.10513890786185542,0.45827700370205,0.1254472137725183,GOOD
SEG_006,2021-01-25,0.21949559610443523,-0.0019619398638839325,0.2644476092682759,0.015868662720642315,GOOD
SEG_006,2021-02-24,0.1421255650536796,-0.2959769864366013,0.24599423653857272,0.025032999698773206,GOOD
SEG_006,2021-03-26,0.13323628352031822,-0.2325283255458176,-0.07687300572700895,-0.06127533897577142,GOOD
SEG_006,2021-04-25,0.056357460431136513,0.26312137513862854,0.1484389878539179,0.1058899356925938,GOOD
SEG_006,2021-05-25,-0.07472979768605406,-0.005105796474823676,0.49410552873138086,0.16170401475584686,GOOD
SEG_006,2021-06-24,0.10029081050737829,0.07028164388102931,-0.12481022830105284,0.12128917064846068,GOOD
SEG_006,2021-07-24,0.09695185636430356,0.2948972283809458,0.005176769957308758,0.2755794267821502,GOOD
SEG_006,2021-08-23,0.12849427964143698,0.10626052240380413,0.1639551589325285,0.03118633905461049,GOOD
SEG_006,2021-09-22,0.2543699032177189,-0.20020943526258628,0.43417394991944175,0.04734312394630785,GOOD
SEG_006,2021-10-22,0.3835353480860254,0.2829039914314214,0.3985458226548649,0.13105375834567315,GOOD
SEG_006,2021-11-21,-0.08421474332895032,0.44820517078430133,-0.20109403079967283,-0.09242505299735498,GOOD
SEG_007,2020-01-01,0.06252476721302738,0.16222679971434906,0.17292943626003182,0.02550103949512686,GOOD
SEG_007,2020-01-31,0.20503829003937576,-0.3077358308632866,-0.07813277802537566,0.12323466032296168,GOOD
SEG_007,2020-03-01,0.3668501873854003,0.29540535600233353,-0.05388821692011925,-0.051250357706913975,GOOD
SEG_007,2020-03-31,0.25707064374919764,-0.1536364859043835,0.09813850067835184,0.0025775901893928255,GOOD
SEG_007,2020-04-30,0.02122901920514339,0.16983396489310398,0.17793734075951922,0.15517782936345506,GOOD
SEG_007,2020-05-30,0.10345372577344172,0.43503209859615155,0.4905596593628054,0.0909794081763586,GOOD
SEG_007,2020-06-29,0.2615588391212117,0.43666937975062603,0.5219067531028672,-0.029974089807614762,GOOD
SEG_007,2020-07-29,0.3630198489482215,0.3767431679179234,-0.2916595483679102,0.12718474746579816,GOOD
SEG_007,2020-08-28,0.13401038450314504,-0.3071886017261902,-0.19861791508186097,-0.03500229498410455,GOOD
SEG_007,2020-09-27,0.3280732521367289,0.39704276178397513,0.4442908427486785,0.10611226358391837,GOOD
SEG_007,2020-10-27,0.27687832589072847,0.4540348226549126,-0.028248744277546756,0.189153011360399,GOOD
SEG_007,2020-11-26,0.3475591849081271,0.20355703510225598,-0.020119846453805712,-0.053033701662089476,GOOD
SEG_007,2020-12-26,0.10792280771561233,0.049234508818364775,0.12374526919138029,0.11500707507728034,GOOD
SEG_007,2021-01-25,-0.06094863892627991,0.06416872227347481,-0.24441775719898456,0.11905969948437259,GOOD
SEG_007,2021-02-24,-0.054529177774156085,0.010375354032834516,0.42782287485951337,0.0813729200719128,GOOD
SEG_007,2021-03-26,0.2729022414159078,0.0783112650590354,-0.25923917754495407,0.03781154662485381,GOOD
SEG_007,2021-04-25,0.28291384146185583,0.478333284924101,0.28129273628744705,0.06814477555293116,GOOD
SEG_007,2021-05-25,0.226767049209351,-0.15223011286084975,-0.1393737338962995,0.11490339455920048,GOOD
SEG_007,2021-06-24,0.16596680424837937,0.32336043737578435,-0.077239165346602,0.03846389399505071,GOOD
SEG_007,2021-07-24,-0.09217710181822522,-0.29391837814978583,-0.20919295821674366,-0.08656948969828769,GOOD
SEG_007,2021-08-23,-0.07177798248776954,0.003895848940934532,-0.03966289378147303,0.22631450270532674,GOOD
SEG_007,2021-09-22,0.010521370223016274,-0.1994990462425804,-0.24513812660391404,0.27940810201068855,GOOD
SEG_007,2021-10-22,0.292902297990259,-0.18126554268368777,0.07469217007930018,-0.040312956869934524,GOOD
SEG_007,2021-11-21,0.18119297479345456,0.4677861885466267,0.20155808237934575,-0.04636289957636879,GOOD
SEG_008,2020-01-01,0.3368102292447698,-0.3118367060672447,0.3855267757834889,0.18972209594085968,GOOD
SEG_008,2020-01-31,-0.04134190027833276,0.4995720070178117,0.13102878870812917,-0.0029627272617033934,GOOD
SEG_008,2020-03-01,0.030780813692676295,0.012816540023773526,0.14754956379088496,-0.060556707373807986,GOOD
SEG_008,2020-03-31,-0.027038643448725724,-0.23922589009023043,0.5412824252667181,0.1316571704149602,GOOD
SEG_008,2020-04-30,0.02866337881744138,0.32159193969235633,0.5698574405253092,0.1566777817594829,GOOD
SEG_008,2020-05-30,0.22090473159118326,-0.44126794841926986,-0.2695586185517785,0.23867895327308894,GOOD
SEG_008,2020-06-29,0.15286645984653255,-0.12679930731318811,0.25605171228912266,0.1667018918213359,GOOD
SEG_008,2020-07-29,0.3887396741162559,-0.4828574023975728,0.4318414988225188,0.16961318084768415,GOOD
SEG_008,2020-08-28,0.0336623683383179,-0.10310357750192856,0.03574642511731391,0.06241096394955439,GOOD
SEG_008,2020-09-27,-0.0532497472864453,-0.12073597776018408,0.19743129557672573,-0.07755402434841373,GOOD
SEG_008,2020-10-27,0.164079592820824,-0.4574482423829549,-0.10972464970390755,0.24724675623264222,GOOD
SEG_008,2020-11-26,0.36438318062732966,-0.18551530677334904,0.5653222708884051,0.13481444163379536,GOOD
SEG_008,2020-12-26,0.3482628835013599,-0.16827016037817144,0.38004833806880295,-0.044019762305921084,GOOD
SEG_008,2021-01-25,0.2845028266827212,0.4548583969146658,0.05703274437806355,0.209421966452529,GOOD
SEG_008,2021-02-24,0.23033595375743773,-0.41430588236326427,0.25675430123389903,0.21922206952109866,GOOD
SEG_008,2021-03-26,-0.09740238881498495,-0.19173254486370195,0.023925747612206893,0.007906577295754585,GOOD
SEG_008,2021-04-25,0.19902189889713642,-0.17556966942758734,0.046714125656385275,0.016738940518528395,GOOD
SEG_008,2021-05-25,-0.030579970520291627,-0.19886873462493126,0.1438115479897062,-0.07469313988921825,GOOD
SEG_008,2021-06-24,-0.0022258875598697714,-0.393027632419098,-0.02580780382386877,0.2795293849578261,GOOD
SEG_008,2021-07-24,-0.03193776421086761,-0.17933484462491234,0.5525510298145044,-0.019659404519171322,GOOD
SEG_008,2021-08-23,0.08802765116207353,0.31649451543291307,0.05364161676551388,-0.05444487055520075,GOOD
SEG_008,2021-09-22,0.11922747715445428,-0.20866879201470467,0.32355175139190845,0.22758622720178343,GOOD
SEG_008,2021-10-22,-0.06301743220885578,0.490700614436968,0.13131122979536358,0.06032203893174945,GOOD
SEG_008,2021-11-21,0.21909018350542056,-0.41501806594901225,0.39205864312803645,0.16304065783230628,GOOD
SEG_009,2020-01-01,0.15533812026252233,0.01879776684934953,0.22246646597160363,0.13009415930817045,GOOD
SEG_009,2020-01-31,0.10798771426285628,0.4617278656799704,-0.1955375958369228,0.27627046325847726,GOOD
SEG_009,2020-03-01,0.059454737108850214,-0.1997359168180597,0.4291673432268282,-0.053965893320485625,GOOD
SEG_009,2020-03-31,0.17992447624493155,0.4584626217339497,-0.0913300073297307,0.062018974512101144,GOOD
SEG_009,2020-04-30,0.25236780797986724,-0.2942155206326781,0.37709294582444247,0.22349191545250433,GOOD
SEG_009,2020-05-30,0.16385750981389133,0.13910858566615059,0.23727374635469406,0.14452336845560074,GOOD
SEG_009,2020-06-29,-0.0576240156884861,-0.36605223034928935,-0.19392451260450896,0.022152001014199563,GOOD
SEG_009,2020-07-29,0.24671646326467764,0.1452600950799504,0.5999095973067827,0.12196503033299896,GOOD
SEG_009,2020-08-28,0.3076079703269309,0.46382908941493983,0.15489421775760331,0.09798793914656145,GOOD
SEG_009,2020-09-27,0.03742645913676698,0.03760861820481942,-0.14861192030708367,0.08292855490937964,GOOD
SEG_009,2020-10-27,0.31130546389813063,-0.4583894777297667,0.34708221701703895,0.11854130988878583,GOOD
SEG_009,2020-11-26,0.3083642925582193,-0.06093009661666704,0.5945619158867552,0.21025265995230943,GOOD
SEG_009,2020-12-26,0.003309828093386674,-0.293057279248234,-0.24657794972459302,0.040326191581132376,GOOD
SEG_009,2021-01-25,0.23964965796165502,-0.40477483618565724,0.5664947954944126,0.21427641931651895,GOOD
SEG_009,2021-02-24,0.28073679373992844,0.176234553699946,0.14051285332407398,0.1309702117216646,GOOD
SEG_009,2021-03-26,0.36816805704428757,-0.130928825924578,0.5552286709788443,0.030915712064372103,GOOD
SEG_009,2021-04-25,0.16721223219378242,-0.28217006498479413,0.08667879061671252,-0.015259413436904706,GOOD
SEG_009,2021-05-25,-0.07579536942413853,-0.40042525808379414,0.4055007856565113,0.08383270506942675,GOOD
SEG_009,2021-06-24,0.22499859967032634,-0.3410225370941806,0.5394530064533318,0.009607783238112871,GOOD
SEG_009,2021-07-24,0.01707192074220973,0.15548522838353496,0.33332823578763976,-0.09956547852331053,GOOD
SEG_009,2021-08-23,0.11115696688752993,-0.36782484890743916,-0.2362545251395391,0.053227970270309094,GOOD
SEG_009,2021-09-22,0.39647007762319253,-0.35714693316510615,0.17745744889201287,-0.09661010321879618,GOOD
SEG_009,2021-10-22,-0.056655983267005744,-0.3995348875223612,0.3772010818931571,0.13582956710460525,GOOD
SEG_009,2021-11-21,0.20379654945776163,0.2789696525132599,0.3214284675131884,0.2391568417759836,GOOD
SEG_010,2020-01-01,0.14979127063632877,0.09392976813772314,0.17545785084256577,0.29107877913733426,GOOD
SEG_010,2020-01-31,0.3772264919704432,0.27036704922461385,-0.2849795384062294,-0.07298697229089313,GOOD
SEG_010,2020-03-01,0.2509053193117582,-0.4175721880753541,0.1829083344630138,0.1464188222666992,GOOD
SEG_010,2020-03-31,0.3172632345923764,0.1810556847092104,-0.2404964247409065,0.17947035264219655,GOOD
SEG_010,2020-04-30,0.27084675452877716,0.24065818023417818,-0.1925012937829013,0.18316024284723934,GOOD
SEG_010,2020-05-30,0.2905619899684938,-0.23123551359075434,0.4977732837665903,0.2085721161958499,GOOD
SEG_010,2020-06-29,0.08006194776087663,-0.0003899942386167421,0.2101975154146048,0.047075111142724696,GOOD
SEG_010,2020-07-29,0.02227572517835172,-0.028235410422261853,0.04468152693065919,-0.03996613270353997,GOOD
SEG_010,2020-08-28,0.2601439607140985,-0.22874204199018333,-0.22990163702977923,0.049123266695144524,GOOD
SEG_010,2020-09-27,0.04115343531045121,0.344846504261328,-0.005429170446492992,0.12123655812962705,GOOD
SEG_010,2020-10-27,0.28630663147526214,-0.3045775761271765,0.5103989675037808,0.2041928881286786,GOOD
SEG_010,2020-11-26,-0.09926897973221113,0.1573038501759978,0.46410538900102954,0.190886015616389,GOOD
SEG_010,2020-12-26,0.36063720148605316,0.3972874719314592,0.16778329664283326,0.18033876387947181,GOOD
SEG_010,2021-01-25,0.11749143921749264,0.4642182747327408,-0.08690543873229317,0.004396375569444014,GOOD
SEG_010,2021-02-24,0.28996849123443147,0.08470803580412889,-0.16013050381025695,-0.03425000772009272,GOOD
SEG_010,2021-03-26,-0.021192311467241903,0.18605484295051522,0.4437480191456847,0.17875119329483055,GOOD
SEG_010,2021-04-25,0.03008339636061194,0.49067662040790716,-0.2720261159771164,0.06175689057886988,GOOD
SEG_010,2021-05-25,0.39128361874181083,-0.36928476245602204,0.4413060736695202,0.04889589752639906,GOOD
SEG_010,2021-06-24,0.1217156619179944,-0.3712084510029955,0.5145701733421375,0.23174247088696717,GOOD
SEG_010,2021-07-24,0.2416064583758414,-0.3271927881692108,-0.106755504626976,-0.02513955451553533,GOOD
SEG_010,2021-08-23,-0.06951046553357862,-0.22022401256102864,-0.1764875845811417,-0.020216877333365343,GOOD
SEG_010,2021-09-22,0.17225890301702582,-0.015320514559491683,0.5214093149385302,0.10095730221749669,GOOD
SEG_010,2021-10-22,0.1647161459827158,0.26684216845027287,0.5996451721302114,0.2895919446934009,GOOD
SEG_010,2021-11-21,0.3232525452325665,0.29739068737940877,0.019324171108643873,0.23568890092236375,GOOD
SEG_011,2020-01-01,-0.005883167547371865,0.4880062104046431,0.49346372390798415,0.0968906895581621,GOOD
SEG_011,2020-01-31,0.0007321916760705538,-0.3695104543808174,0.3452438694217344,0.2675123149228824,GOOD
SEG_011,2020-03-01,0.3802793751378789,-0.1264092199166268,0.5477308921212374,0.05823822494154171,GOOD
SEG_011,2020-03-31,-0.012898664522234676,0.4687428963331677,0.3242043584632887,0.2715380835941702,GOOD
SEG_011,2020-04-30,0.3743940521106438,0.4486981598499029,0.052441284549841705,0.2977132522190523,GOOD
SEG_011,2020-05-30,-0.02967831592571582,0.24534332810198245,-0.08580366736554276,0.29295186197614276,GOOD
SEG_011,2020-06-29,0.02477043156763939,-0.4322052199357662,-0.06900785261155667,-0.056786159514148296,GOOD
SEG_011,2020-07-29,-0.0492857201814392,-0.020510749602839495,0.47764564842171914,0.16038782524539094,GOOD
SEG_011,2020-08-28,-0.014947398424404651,-0.12454211592000364,0.3587865767441852,0.11881850344489259,GOOD
SEG_011,2020-09-27,0.34487663520202183,-0.34289622266921593,-0.20886797012399794,-0.01777980931282515,GOOD
SEG_011,2020-10-27,0.18588490392887078,0.33985450484565105,-0.16176905893493923,0.04433156849090922,GOOD
SEG_011,2020-11-26,-0.05903195264350383,0.3437690743469366,-0.022481939894043568,0.05898693940324917,GOOD
SEG_011,2020-12-26,0.031647983341442115,-0.03494204384534949,-0.0963819477455998,0.007424797309179845,GOOD
SEG_011,2021-01-25,0.1768009530789544,0.3407971664302505,0.43656469337883613,0.06745282997378022,GOOD
SEG_011,2021-02-24,0.1510507351578024,0.4004550614715918,0.42040530304861706,0.17101395423041213,GOOD
SEG_011,2021-03-26,0.11168744965779973,0.4882799363369157,0.09185392097925649,0.29890769071151024,GOOD
SEG_011,2021-04-25,0.06306340268486801,-0.22379918009275068,0.11234146301035364,0.24938650134910287,GOOD
SEG_011,2021-05-25,0.36982499249355494,0.4249281667592735,0.20641538352959027,-0.059603822869820536,GOOD
SEG_011,2021-06-24,0.037707071017376886,-0.35614732937332627,0.2477897376770642,0.1774645012668368,GOOD
SEG_011,2021-07-24,0.3086929626526388,-0.19694504655190337,-0.047688012133822566,0.09664768534372681,GOOD
SEG_011,2021-08-23,0.10838636385269138,0.14555481142764426,-0.13085787819664974,-0.015443799157640964,GOOD
SEG_011,2021-09-22,0.1533976376182777,-0.3643501789829402,0.4661658068884729,0.2517330365439424,GOOD
SEG_011,2021-10-22,0.03698874923717946,0.32350629168911615,0.15461373744344742,0.15416392363033762,GOOD
SEG_011,2021-11-21,-0.018243192741074582,0.3944919203121954,0.37406502103643996,0.1755402150463817,GOOD
SEG_012,2020-01-01,0.2901518321303217,0.2675727284118513,-0.2919918125369588,0.26460617522094876,GOOD
SEG_012,2020-01-31,0.11190340032980953,-0.12352454772899923,0.013838279344873194,0.0007994837111504199,GOOD
SEG_012,2020-03-01,0.08711488158053574,0.14734212006459035,0.2481450941742151,0.019390370501318976,GOOD
SEG_012,2020-03-31,0.049395555959493215,-0.3500707036458435,0.38892694947326073,0.259874817898198,GOOD
SEG_012,2020-04-30,0.029713136355994457,-0.08143431391865841,0.049447428904912494,-0.08587239806943031,GOOD
SEG_012,2020-05-30,0.23593423798120441,0.007314855606815329,0.46087731982013563,0.23625547783856002,GOOD
SEG_012,2020-06-29,0.23985618464496414,-0.16436753679488125,-0.2196301601825047,0.04211335844793296,GOOD
SEG_012,2020-07-29,0.33319668484626985,0.08357461974258051,0.5498708856000691,-0.07151370503836968,GOOD
SEG_012,2020-08-28,0.00014829539757174603,-0.09080815324789593,0.21246322917610844,0.2626483738024511,GOOD
SEG_012,2020-09-27,-0.09764324928800308,-0.2264721377985004,0.3850739530934992,-0.03255769736683693,GOOD
SEG_012,2020-10-27,0.09165821002673033,-0.462274681525062,-0.12052717389469475,0.04924056217094841,GOOD
SEG_012,2020-11-26,0.07217488703166045,-0.37106919957169726,0.045195428676924276,0.13546827526722877,GOOD
SEG_012,2020-12-26,0.3977362049139642,-0.15726716074244007,0.511245398530072,0.04370035454665294,GOOD
SEG_012,2021-01-25,0.1948464173996208,-0.3310152581098529,0.02993230625986365,0.1602161520484899,GOOD
SEG_012,2021-02-24,-0.09012911674292742,0.1897497483774261,0.07509800866158944,0.05210150517104584,GOOD
SEG_012,2021-03-26,0.034988574768594544,0.10563433692400415,-0.17655282931817196,0.23226108818835592,GOOD
SEG_012,2021-04-25,0.1615730537962903,-0.2983268100178106,0.3330930752216324,0.018140480400245185,GOOD
SEG_012,2021-05-25,0.31761608263162056,0.16902193050164005,-0.1657699565999105,-0.06396693056963021,GOOD
SEG_012,2021-06-24,-0.05009554247119127,-0.3252981910546091,-0.2644999320281758,0.01622687089507177,GOOD
SEG_012,2021-07-24,-0.014743861821812337,-0.14247259576225568,0.09394306510374123,0.14872281333300288,GOOD
SEG_012,2021-08-23,0.32533578901829197,0.2998990969489501,0.28396183548503734,0.21876382281416276,GOOD
SEG_012,2021-09-22,0.23919656812460274,-0.3187394394626979,0.041775701204298854,0.04343956593083864,GOOD
SEG_012,2021-10-22,-0.077013837310165,-0.23838713277151014,-0.017185849613516213,0.18182727059224926,GOOD
SEG_012,2021-11-21,0.2502900921487772,-0.4047578615483053,0.2955419365613667,-0.0005692020597169584,GOOD
SEG_013,2020-01-01,0.334707817306384,-0.4251347575230152,0.14248316502996106,-0.0036432733211075458,GOOD
SEG_013,2020-01-31,0.12404929283268692,0.3565892241780172,0.10236130792241821,-0.05251725917854686,GOOD
SEG_013,2020-03-01,0.20953307687319114,-0.19540204189635146,0.15750396628751834,-0.017259500460040655,GOOD
SEG_013,2020-03-31,0.13656684054679444,0.15716720643113957,0.34432215025483964,-0.054390656657704685,GOOD
SEG_013,2020-04-30,-0.07711094507248287,-0.33584463229460915,-0.17359573140997603,0.18674244505915308,GOOD
SEG_013,2020-05-30,0.2583939572346715,-0.392234252712508,0.07302331061549722,0.27065061221492426,GOOD
SEG_013,2020-06-29,0.1651821737595421,-0.4514283943680948,0.5417774527484873,0.23552644427156663,GOOD
SEG_013,2020-07-29,0.20027301090270563,0.382695863558678,0.15369910741784792,0.053865055497481634,GOOD
SEG_013,2020-08-28,0.10637273640380965,0.20001428489712514,0.3735841792901244,0.01956525398216971,GOOD
SEG_013,2020-09-27,0.07264679044929054,0.172373713051317,0.5832019466113805,0.16003455512279116,GOOD
SEG_013,2020-10-27,0.2335786190261082,-0.08252206687447816,0.37308185103892816,0.23655572096676467,GOOD
SEG_013,2020-11-26,0.2750925093350268,-0.33906460565677,-0.04204600665680108,0.00022440298327319752,GOOD
SEG_013,2020-12-26,0.269746240086425,0.3648414852046026,0.36817146228557435,0.12450822111632426,GOOD
SEG_013,2021-01-25,0.3879113610280631,-0.18734601910536586,0.19691213777975713,-0.09481390493014469,GOOD
SEG_013,2021-02-24,0.2775538526042749,0.04661513670124129,0.2430482795597773,0.21045869804893289,GOOD
SEG_013,2021-03-26,0.11425390720036713,0.05659862059533294,-0.18294012289616496,0.13359442307357247,GOOD
SEG_013,2021-04-25,0.207804338049665,0.16189021096493905,0.14149584703830892,0.129070796221972,GOOD
SEG_013,2021-05-25,0.16851797626695433,-0.40805444606093355,-0.10092172700869251,-0.014658475925521636,GOOD
SEG_013,2021-06-24,-0.0955981518524813,0.1689384679943866,0.10110052165622319,0.2617985833950769,GOOD
SEG_013,2021-07-24,0.17011865647128074,-0.21717100572060255,0.5202023339657562,0.2288436256959865,GOOD
SEG_013,2021-08-23,-0.016302595393252545,0.45627620647339906,0.1841773478678259,-0.09706776551326196,GOOD
SEG_013,2021-09-22,0.3881119606695139,0.27520674046306126,0.28190504338651073,0.2759004446033254,GOOD
SEG_013,2021-10-22,0.18748114713139577,-0.2723543650583433,-0.06721683690794192,0.05521304145790831,GOOD
SEG_013,2021-11-21,0.1928040066566946,0.2008820313830021,-0.2346694996809206,0.2712191000665335,GOOD
SEG_014,2020-01-01,0.09549628271449515,0.29748461283346583,0.1911520217767403,0.28405370603217384,GOOD
SEG_014,2020-01-31,0.17753487282013095,-0.376764841066501,-0.2954731448333954,0.13866195498133213,GOOD
SEG_014,2020-03-01,0.1562763472737935,-0.339045642435605,-0.10129082757833285,0.23389934674722487,GOOD
SEG_014,2020-03-31,0.17483230483958337,-0.20934733247991466,-0.23937351833567877,-0.060719039447851224,GOOD
SEG_014,2020-04-30,0.05889296861686269,-0.04935402178506498,0.2547081872335078,0.022270195762688294,GOOD
SEG_014,2020-05-30,0.2699081079693084,-0.06387593391031154,0.4560990529025896,-0.04627766704684447,GOOD
SEG_014,2020-06-29,0.3208964976691303,0.35871365537079924,-0.1739984981554201,0.11544721483120896,GOOD
SEG_014,2020-07-29,0.10256723377555702,0.09003631184071803,0.5156732196583649,0.12063759941046334,GOOD
SEG_014,2020-08-28,0.04549958010718694,-0.035298857829547226,0.1593707940094069,0.058714063059883,GOOD
SEG_014,2020-09-27,-0.010427408045689618,0.44871183161297834,0.293471976257679,0.2870942239350053,GOOD
SEG_014,2020-10-27,0.003387037358750483,0.40772609257296066,0.025126228103665882,0.08786969160408359,GOOD
SEG_014,2020-11-26,0.0316580346920767,0.044350062088371445,-0.14353516519819498,0.16147012525355373,GOOD
SEG_014,2020-12-26,0.3338597109356236,-0.013138437325824426,0.13389908074181334,0.14168439211427475,GOOD
SEG_014,2021-01-25,0.25865135422704766,-0.38166977717645734,-0.0926883006606079,0.224469051749184,GOOD
SEG_014,2021-02-24,0.18674325567613412,-0.338870859632462,0.26658638239933946,-0.08432365390420658,GOOD
SEG_014,2021-03-26,0.2597736497520443,0.1617450626291581,-0.044890836234923626,-0.06570059890570219,GOOD
SEG_014,2021-04-25,-0.009057924064950179,0.15964875005785306,-0.061931371309239286,0.18967471923110238,GOOD
SEG_014,2021-05-25,0.15217976303535632,-0.08020498732839387,-0.16539492573618958,-0.06148056931071824,GOOD
SEG_014,2021-06-24,0.20173732541235526,0.32752177865207344,0.5072720575627785,0.2099481692271213,GOOD
SEG_014,2021-07-24,0.09061824809952754,0.08904808614120652,0.36725463805402053,0.20461569081899675,GOOD
SEG_014,2021-08-23,0.1043233523436076,-0.3109789862821293,0.33823395348549706,0.21576899292204996,GOOD
SEG_014,2021-09-22,0.22578796738896587,-0.24636727376801604,0.4694792336411356,0.06942461897334526,GOOD
SEG_014,2021-10-22,0.17745567814916427,-0.24622235455730368,-0.024012221992865013,0.037742521685941444,GOOD
SEG_014,2021-11-21,0.00722907076904003,-0.09943909357427716,0.004594061678412198,0.12023048583872722,GOOD
SEG_015,2020-01-01,-0.05998013165209867,-0.46224466171492107,0.04589340938341979,0.29377924025250934,GOOD
SEG_015,2020-01-31,0.0008536214030072931,0.15688422270684288,0.4235189182038452,0.014402604683478162,GOOD
SEG_015,2020-03-01,-0.02127761957480459,0.4968171438272063,0.4017055910787754,0.04125106534261119,GOOD
SEG_015,2020-03-31,0.357504486974077,-0.15190475175175755,0.5669588985589398,0.010603139478848875,GOOD
SEG_015,2020-04-30,0.04712591223406001,0.44701546517766255,0.4226480183151216,0.2826837398341101,GOOD
SEG_015,2020-05-30,0.3806193626508072,-0.04115157066587605,0.11464839731806092,0.1347306068599918,GOOD
SEG_015,2020-06-29,0.37772284356168007,0.0165042172048383,-0.29124912745701753,0.23287081796929146,GOOD
SEG_015,2020-07-29,0.34715812643510335,-0.23092421753120096,0.5524062981571303,0.17324292340950745,GOOD
SEG_015,2020-08-28,0.20929844959090413,-0.3440044315238411,-0.20397963890514792,0.2680752518131958,GOOD
SEG_015,2020-09-27,0.146170188852106,0.4853613293244484,0.5072997958739656,0.2475075342498214,GOOD
SEG_015,2020-10-27,0.13916003830602172,0.04076794559182706,0.15222769090950528,0.057486769140959154,GOOD
SEG_015,2020-11-26,0.19050410948972338,-0.17456380008457362,0.25150028672559416,0.0038803076361192124,GOOD
SEG_015,2020-12-26,0.08615481393440802,0.3543260872408196,-0.04833342130738433,-0.028044308509201657,GOOD
SEG_015,2021-01-25,-0.027078132331231825,0.4591479207466692,-0.16540674846106537,0.22226734462303607,GOOD
SEG_015,2021-02-24,0.1810692260358556,0.0678345192053117,0.05856171167699481,0.1762172703842577,GOOD
SEG_015,2021-03-26,0.36592228788888403,-0.2422851745475808,-0.282148199747616,-0.0515050043133185,GOOD
SEG_015,2021-04-25,0.23659642007367507,-0.012506255695638346,0.3628735482859395,0.2558529796552882,GOOD
SEG_015,2021-05-25,0.1858187869368967,0.34890077193880864,-0.2357903296410983,-0.03520020442120586,GOOD
SEG_015,2021-06-24,0.08158242012521436,0.08691977352601055,0.5689734295402451,0.06559562434946928,GOOD
SEG_015,2021-07-24,-0.04849534297155697,-0.43620760040883977,0.4908218788047672,0.11937349752731752,GOOD
SEG_015,2021-08-23,0.05468532677499929,-0.25260348068480776,-0.044242247947719915,0.15059227385047588,GOOD
SEG_015,2021-09-22,0.17029208069614157,-0.22758557238768584,0.10036043913366943,0.2878169058218185,GOOD
SEG_015,2021-10-22,0.054830664056998296,-0.15283169983586908,0.18570130992245365,0.2218831064985812,GOOD
SEG_015,2021-11-21,0.1345989776220131,-0.4916828894036267,0.5298795561696474,0.2787830047472498,GOOD
SEG_016,2020-01-01,0.2685589270516887,-0.11027673014680406,0.04052225424746558,0.005192110178499604,GOOD
SEG_016,2020-01-31,0.3044043245495186,-0.08709612348675266,0.46813382105244356,-0.027037128398942886,GOOD
SEG_016,2020-03-01,0.16748537652988313,-0.31406240185847434,-0.20795386020911422,0.007678053155658213,GOOD
SEG_016,2020-03-31,0.3989817230827998,-0.03631553279657074,0.41228224283876563,0.03209945881433213,GOOD
SEG_016,2020-04-30,0.3086253619997852,0.32825204739433145,-0.19023459943280632,0.20725826834047592,GOOD
SEG_016,2020-05-30,0.39105792570280706,-0.02717445500848481,0.3132980880520679,0.02484374623362791,GOOD
SEG_016,2020-06-29,0.3437597880217712,0.36365766574960035,-0.10399057585040744,-0.05482861627350499,GOOD
SEG_016,2020-07-29,0.29173762012552995,-0.02472932123834992,0.23659105553845122,0.04855946532129346,GOOD
SEG_016,2020-08-28,0.22228744832395922,0.20132814002300292,0.4123196199286914,-0.04966901693390944,GOOD
SEG_016,2020-09-27,0.0790837486252157,-0.36526782623904774,0.5087967398430382,0.09412085326500527,GOOD
SEG_016,2020-10-27,0.31567479669556,0.41447400197804607,0.19906827914945086,-0.07244936665553624,GOOD
SEG_016,2020-11-26,-0.09064007170597241,0.35682928833421457,0.3984149110181449,-0.004485376713591546,GOOD
SEG_016,2020-12-26,0.06130001995639697,0.14090392978507316,-0.20058227936453626,0.1092802156772942,GOOD
SEG_016,2021-01-25,0.3181497633032456,0.1579212582849684,0.1732392263529705,0.180525608629885,GOOD
SEG_016,2021-02-24,-0.060021598383563995,0.30101994901088414,-0.24536983054255362,0.12320795578800867,GOOD
SEG_016,2021-03-26,0.051952274434027695,0.44460348200723565,0.5645280708934124,-0.06115229993693499,GOOD
SEG_016,2021-04-25,0.10759230012487012,-0.39448581810084427,0.27476186989923773,0.0431853463485615,GOOD
SEG_016,2021-05-25,0.3992167860266407,-0.05698783000171215,0.0170916677432989,0.026061998456958918,GOOD
SEG_016,2021-06-24,0.006964068021860198,0.2657082196342848,0.5335322303333916,0.0016356508732096459,GOOD
SEG_016,2021-07-24,0.050920826966199345,-0.19966603827182638,-0.10030196686580392,0.2422881702032825,GOOD
SEG_016,2021-08-23,-0.0811318499581151,-0.1443442467145093,-0.175432625871231,0.04683315721042555,GOOD
SEG_016,2021-09-22,0.29645209715713994,-0.3270975091436774,0.4431347199463968,0.17583804041995968,GOOD
SEG_016,2021-10-22,0.2854507518350692,-0.1520697930470668,0.4354275300418879,0.06660868504716774,GOOD
SEG_016,2021-11-21,0.05239169643962141,-0.4588177478364368,0.18593675649480218,-0.04016799233307951,GOOD
SEG_017,2020-01-01,-0.03390547731456098,-0.41745488736141734,0.21429653145956634,-0.0802755607719648,GOOD
SEG_017,2020-01-31,0.22612421948958442,-0.30390069960677923,0.2543971538347816,0.19426710165812902,GOOD
SEG_017,2020-03-01,0.07415392842326216,-0.17926163714733045,0.23448943413696338,-0.09031726786589239,GOOD
SEG_017,2020-03-31,-0.00015739319712212985,-0.12617920967943064,0.38196040433375583,0.2411056580716802,GOOD
SEG_017,2020-04-30,-0.044361003841765084,-0.049938429361654046,-0.2795266963639182,-0.01639618355031916,GOOD
SEG_017,2020-05-30,-0.09080574372184777,0.08300494332641573,0.2971755077996788,-0.08260719700021642,GOOD
SEG_017,2020-06-29,0.03565518954016875,0.35208294475725865,0.29409033599642825,0.2457129094239814,GOOD
SEG_017,2020-07-29,0.3333863727640599,0.03156064516321322,-0.1322243513242329,0.10026032914755154,GOOD
SEG_017,2020-08-28,0.07338995145377272,-0.148086917732819,0.2627078732259093,-0.005518093717114911,GOOD
SEG_017,2020-09-27,0.17746967579840275,-0.21980615537179493,-0.16346263730818383,0.25887012598766856,GOOD
SEG_017,2020-10-27,-0.023625422915574207,0.47053717309521703,0.5187618542077541,0.03171389534821861,GOOD
SEG_017,2020-11-26,0.16190274175093586,-0.36474750615608476,0.5961172202088079,0.2903107636274397,GOOD
SEG_017,2020-12-26,0.3398190608081326,0.22707953326019148,0.38889151131226635,0.25205276004343047,GOOD
SEG_017,2021-01-25,-0.04661428357829947,-0.3152535034254327,0.3862027353596688,0.1447926390676096,GOOD
SEG_017,2021-02-24,0.15116229372523063,0.10471175960275148,0.34081721517899394,0.04958376045220039,GOOD
SEG_017,2021-03-26,0.10652201109585988,0.24236666166289955,0.5894190757166609,0.20311063589025172,GOOD
SEG_017,2021-04-25,0.10243338412126421,-0.45817372494988184,0.36179860190969443,0.05214966750204836,GOOD
SEG_017,2021-05-25,0.12580479628183103,0.32701010165934985,-0.261825675591812,0.2983345486096193,GOOD
SEG_017,2021-06-24,0.09901994572727965,-0.19544585217776145,0.44485890684517565,0.08453886558558521,GOOD
SEG_017,2021-07-24,-0.043414206878202494,0.27873114187603976,0.5440582119293154,0.17844565673591825,GOOD
SEG_017,2021-08-23,0.02504114703861912,0.19171742833090144,0.516446216704866,0.21859448899028902,GOOD
SEG_017,2021-09-22,0.15583322574225264,0.4497538891427194,0.04081076827132174,0.05224280370445872,GOOD
SEG_017,2021-10-22,0.10979084561788363,-0.19048169456301822,0.3917673801248483,0.07850329365962902,GOOD
SEG_017,2021-11-21,0.1717505798021501,-0.4942494511009461,0.4944326284834751,-0.0048486583922092985,GOOD
SEG_018,2020-01-01,-0.025871915910154836,0.15327687821552027,-0.26695105335982916,0.24153171489367511,GOOD
SEG_018,2020-01-31,0.205544878024327,0.1915136180806667,0.2354720876742476,0.2149230318134344,GOOD
SEG_018,2020-03-01,-0.06616666108950234,-0.07267616060890536,0.1954239745321369,0.017133085342695822,GOOD
SEG_018,2020-03-31,0.26486425988133977,0.12897859907855547,0.5884703373827245,0.09346519328377881,GOOD
SEG_018,2020-04-30,0.07692667218709501,-0.3702868624456974,0.2063709038999469,0.1078823200737975,GOOD
SEG_018,2020-05-30,0.2127303711948266,-0.3820742760787281,0.46326280971316797,0.21982574050220247,GOOD
SEG_018,2020-06-29,0.2950977514231058,-0.19222745075610292,0.15602066438640821,0.029569535753228043,GOOD
SEG_018,2020-07-29,0.0689684276367715,0.17247295736602142,0.5245467478562176,0.21890175353156996,GOOD
SEG_018,2020-08-28,0.2712923230827684,0.33510573596561866,-0.030590628024575406,0.1899856617396999,GOOD
SEG_018,2020-09-27,0.04023001432694176,-0.4688268353108137,0.5852568919786565,0.1506043390461003,GOOD
SEG_018,2020-10-27,-0.0841858920771725,-0.08613043213786353,0.14734899095702064,-0.004943101490784987,GOOD
SEG_018,2020-11-26,0.1218870464935701,-0.47506522537004003,0.13439687203213724,0.10002172337197593,GOOD
SEG_018,2020-12-26,0.3690119233583905,0.1767172887378956,-0.18055455919602226,0.18982825290129343,GOOD
SEG_018,2021-01-25,0.133437951241381,-0.4538602299757092,0.16851994089456013,0.163593714671,GOOD
SEG_018,2021-02-24,0.12055781137616947,-0.38234916126240637,-0.1656113494802534,0.009454754336060273,GOOD
SEG_018,2021-03-26,0.041633848004352075,-0.2551749261373656,-0.23588141590178163,0.14530515340639086,GOOD
SEG_018,2021-04-25,-0.010508503374913408,0.09612136253175052,0.2334806015083462,0.23446976152099638,GOOD
SEG_018,2021-05-25,0.27787146778564253,-0.03430463695683106,-0.18138424766343425,0.22514040709242375,GOOD
SEG_018,2021-06-24,0.33054813852794784,0.11694208724836075,0.5215754496090441,0.056830767343500455,GOOD
SEG_018,2021-07-24,0.13062084185244985,-0.32919845519768176,0.39114736328835703,0.1417760925730415,GOOD
SEG_018,2021-08-23,0.10040823739221674,-0.08655809433329642,0.25878735497088695,0.11917960691160046,GOOD
SEG_018,2021-09-22,0.17226344009538422,-0.26384568085457794,0.29635103123370315,-0.06884223896453667,GOOD
SEG_018,2021-10-22,0.3779417231894795,-0.43039236517057433,-0.2021298295486137,0.22562668799282734,GOOD
SEG_018,2021-11-21,0.2180664100119448,-0.499815659544783,-0.1679471813530233,-0.040313427290396664,GOOD
SEG_019,2020-01-01,0.391290151756696,-0.15573537356935996,-0.21964133587141133,-0.09675229903611321,GOOD
SEG_019,2020-01-31,0.3103766418199846,-0.14075536944196887,0.4751230556814991,0.24627185473199112,GOOD
SEG_019,2020-03-01,0.13743570647786876,-0.3117731619222345,0.04613555192198521,0.2697928171166416,GOOD
SEG_019,2020-03-31,0.14335066846730818,-0.06326488424111143,0.5911958778068287,-0.06613462228411357,GOOD
SEG_019,2020-04-30,0.17602501519050975,-0.04995423268739352,0.019776507490626094,-0.025683586523616783,GOOD
SEG_019,2020-05-30,0.38911672472158454,0.06814957770159935,0.33439428829938717,-0.05473425215402612,GOOD
SEG_019,2020-06-29,-0.060882699030053694,0.38991547830455453,-0.22039828434058895,0.08898062893945827,GOOD
SEG_019,2020-07-29,0.2892635666235662,-0.031131189658978875,0.16139679935164425,0.08769295684684902,GOOD
SEG_019,2020-08-28,0.2634858570434956,0.06370627329083633,-0.24472401316188247,0.08926421278161131,GOOD
SEG_019,2020-09-27,0.32572262802631713,-0.22215120306573088,-0.18071511347429467,0.01238877259259552,GOOD
SEG_019,2020-10-27,0.03062629395174868,0.20077487257268933,0.13642666237598855,0.21974880256470694,GOOD
SEG_019,2020-11-26,0.2851838945715389,-0.2620525608907097,0.09616650755255801,0.15502986659790055,GOOD
SEG_019,2020-12-26,0.05068356497684953,0.24615054539033598,0.37718506775955346,0.11300833294886742,GOOD
SEG_019,2021-01-25,0.23924670262518752,0.46176272280703046,0.3145886798224126,-0.08359295398782401,GOOD
SEG_019,2021-02-24,-0.0508616057956818,0.15434328156841415,0.052038387320918755,0.20926040612247918,GOOD
SEG_019,2021-03-26,0.23640092986999509,0.33168949982488116,-0.2892347300788471,-0.06092049620966833,GOOD
SEG_019,2021-04-25,0.22830275928216784,0.3354591370882445,0.5554400633234267,0.15523315406379143,GOOD
SEG_019,2021-05-25,0.3480008151786218,0.19565363365607702,-0.07199783500200696,0.08678223091506312,GOOD
SEG_019,2021-06-24,-0.01901698417689171,-0.42600293995970884,0.3993953552555191,0.05311960097727306,GOOD
SEG_019,2021-07-24,-0.010778914967614545,-0.007942705538641959,-0.17051465968363785,0.20748292932287923,GOOD
SEG_019,2021-08-23,0.12294102616147987,0.39651239289120865,-0.16603115210250924,0.15613410771151673,GOOD
SEG_019,2021-09-22,0.14533972694776734,-0.06394233253663228,0.45964423831545304,0.21237481478534834,GOOD
SEG_019,2021-10-22,0.07945916329860578,0.1818357356103366,0.06055331863220925,0.15290901063983378,GOOD
SEG_019,2021-11-21,-0.01169084774525661,-0.4606688174045611,0.04574730764821677,-0.02359873563387889,GOOD
SEG_020,2020-01-01,0.1446162752388698,-0.43700736915514493,0.18649684249659526,0.023092351852906173,GOOD
SEG_020,2020-01-31,-0.04090644563854426,0.3071037058074022,0.3005847764820431,0.0833481459024244,GOOD
SEG_020,2020-03-01,0.1356098179041552,0.41801907582858266,-0.25877847583283264,0.18051872446771386,GOOD
SEG_020,2020-03-31,0.3089000888819634,-0.39366879974171765,0.147429146881995,0.21967008893379134,GOOD
SEG_020,2020-04-30,0.1879835052262425,-0.36267059801824486,0.45278438306021046,0.21724066797862004,GOOD
SEG_020,2020-05-30,0.11933060602711362,0.42567553059746177,-0.2633709950742588,-0.06001285972877657,GOOD
SEG_020,2020-06-29,0.22587789592791538,0.386915141967919,0.07460001799578336,0.22296472129893516,GOOD
SEG_020,2020-07-29,-0.08118939401108041,-0.31999953301847917,0.14989887141320718,0.2801192256451285,GOOD
SEG_020,2020-08-28,0.0809506522965843,0.2611282392351487,0.1857505437492331,-0.012289546536755583,GOOD
SEG_020,2020-09-27,-0.011838091314734595,0.17014263512695604,-0.2611959587885079,0.15794433463869414,GOOD
SEG_020,2020-10-27,-0.012056195892223703,0.28549201808173374,0.13655525642196337,-0.05357396581512841,GOOD
SEG_020,2020-11-26,0.06306611235358586,-0.40193586619855204,0.3639730794082276,0.24795452117906755,GOOD
SEG_020,2020-12-26,0.09366515194432837,-0.36359538541927794,0.34783909451022316,0.15280844676074437,GOOD
SEG_020,2021-01-25,-0.014399341641591595,-0.15642399177064337,0.49776807476315904,0.14145439313885008,GOOD
SEG_020,2021-02-24,0.14460669928118228,0.49566433739991933,0.23242278416559164,0.23479561049569522,GOOD
SEG_020,2021-03-26,-0.02551514910997929,0.07370078487881859,-0.2954301768839757,0.29207361651725827,GOOD
SEG_020,2021-04-25,0.12622068410845486,-0.259488507486198,0.20263826979525995,-0.09503080340278199,GOOD
SEG_020,2021-05-25,0.2516522439542518,0.3579221112309455,0.37255802694927226,-0.09023461050861843,GOOD
SEG_020,2021-06-24,0.33019132549801844,-0.42930140804589345,0.5040909962480928,0.03316245535290338,GOOD
SEG_020,2021-07-24,0.3404236239779542,0.23576078513445897,-0.2506694923098175,0.27812889191509516,GOOD
SEG_020,2021-08-23,-0.0664970429213412,0.20933713595252856,-0.1157586662131159,0.29250064890065697,GOOD
SEG_020,2021-09-22,0.012718613149463404,-0.1472883306597692,-0.05937793289714033,0.17209069556870796,GOOD
SEG_020,2021-10-22,0.16642773262951968,-0.2077356468738737,0.2588561410556081,0.21996154687793992,GOOD
SEG_020,2021-11-21,0.044186343842210235,0.4566269299160488,-0.20157157146714935,0.010377094483448784,GOOD
SEG_021,2020-01-01,0.22234222077385443,-0.20848320283695565,-0.24334544226651675,0.24871748030778498,GOOD
SEG_021,2020-01-31,0.24843179035993748,0.3419078703855627,0.10073067331467844,0.021632935307179843,GOOD
SEG_021,2020-03-01,0.0765604476793931,-0.04407346281249935,-0.15027323471928244,0.269652656199902,GOOD
SEG_021,2020-03-31,-0.07942427175576602,-0.18337416220810143,-0.18617383914590058,0.004162878899789252,GOOD
SEG_021,2020-04-30,0.05077988476116216,0.4204339759418756,0.06410609810026002,0.09976676633512427,GOOD
SEG_021,2020-05-30,0.13695533683887665,-0.21017281733747162,0.5496085731591691,0.2922759115519099,GOOD
SEG_021,2020-06-29,-0.03028835327175136,0.05095999029931497,-0.022726019305616407,0.06065196876979467,GOOD
SEG_021,2020-07-29,0.038963584585918726,-0.4774513536424224,0.18457106474419116,0.07818323277551942,GOOD
SEG_021,2020-08-28,0.08053243457361306,-0.3520540616216975,0.4684236629670591,0.047851986843683164,GOOD
SEG_021,2020-09-27,0.3962985829100376,0.3036855045147565,-0.04022938350281646,0.2222691140413304,GOOD
SEG_021,2020-10-27,0.33376290993877145,0.48663834732336353,-0.24049579694988066,0.284038119288322,GOOD
SEG_021,2020-11-26,-0.03153648004212398,-0.313993581888946,0.04359257936862737,0.12154677060420993,GOOD
SEG_021,2020-12-26,0.0313385117805354,0.45602659613307717,0.4508187642164881,0.08901646770291602,GOOD
SEG_021,2021-01-25,0.3971664770343353,-0.4332751736127487,0.3710090162275996,0.13242630803729863,GOOD
SEG_021,2021-02-24,0.322640034033124,-0.3371527673180812,-0.2473406454062208,0.02787244457317578,GOOD
SEG_021,2021-03-26,0.16480616494620784,0.4363170197369656,0.16247984375382468,0.20657697507151948,GOOD
SEG_021,2021-04-25,0.24272185973065905,0.18834664197655526,-0.21374993114934654,0.1320186565864961,GOOD
SEG_021,2021-05-25,-0.022722542645845972,-0.2788864982755963,-0.13042489353123268,0.25882269310550454,GOOD
SEG_021,2021-06-24,-0.0617998372146277,0.31884474405074226,0.5310687774095046,0.09180729194942089,GOOD
SEG_021,2021-07-24,-0.08562023138828498,0.3145741084113485,-0.09987793702004089,0.24272608367873502,GOOD
SEG_021,2021-08-23,0.28734615402018604,0.2573340343776902,-0.26173475327554424,-0.056873047254107294,GOOD
SEG_021,2021-09-22,0.2911854070566354,0.4200980708136556,-0.11513893210260026,0.26046994686133995,GOOD
SEG_021,2021-10-22,0.15031720765233833,0.22855408946392253,-0.08235973004685124,0.12809414287906004,GOOD
SEG_021,2021-11-21,0.3867899519404372,-0.4013142814916961,-0.10738615223445408,0.10167810872583627,GOOD
SEG_022,2020-01-01,0.3923063751842092,-0.37638459752573306,-0.20071545490805198,-0.04563505203778742,GOOD
SEG_022,2020-01-31,0.05600345539691501,0.47617904723502824,0.09956028314893006,0.12156635644221966,GOOD
SEG_022,2020-03-01,0.3993616628429253,-0.00835162645507248,-0.20534530388762967,0.07522334016162865,GOOD
SEG_022,2020-03-31,-0.06764479442048824,0.475207494192469,0.004768481703379235,0.13798433197745527,GOOD
SEG_022,2020-04-30,0.2947463661468931,0.14383117812294555,0.060211976025160874,0.09033051331841052,GOOD
SEG_022,2020-05-30,0.21418551483155415,-0.36539161928204067,-0.21035694879279648,-0.07885903170611722,GOOD
SEG_022,2020-06-29,-0.061741370480207364,0.25160974651537016,0.3908148977381642,0.21709256609088726,GOOD
SEG_022,2020-07-29,-0.08420073840502071,-0.06959359437133628,0.5234452426971545,0.05345195069943523,GOOD
SEG_022,2020-08-28,0.1457398043225747,-0.3655117577876176,0.3441508706671926,0.09498197067979317,GOOD
SEG_022,2020-09-27,0.09569240981113528,-0.00530886954780585,0.5737836825848961,0.14677587055113248,GOOD
SEG_022,2020-10-27,-0.08655007867070283,0.39134289045000814,0.007130872029930624,-0.06105998030856794,GOOD
SEG_022,2020-11-26,-0.0672498819644006,-0.19508754376715953,0.003834831362972524,-0.09211520392174483,GOOD
SEG_022,2020-12-26,0.3928823907543507,-0.12226240657006548,0.051270711348796016,0.12901545792140265,GOOD
SEG_022,2021-01-25,0.08166715267832483,-0.06400886772752834,0.14725654029771512,0.23893363766106143,GOOD
SEG_022,2021-02-24,0.27144401281305053,-0.4080421647600321,0.4597681956021034,-0.06210655393640803,GOOD
SEG_022,2021-03-26,0.30206335596706346,-0.06708951545166453,0.1859528212399606,-0.019969205813663488,GOOD
SEG_022,2021-04-25,0.1884216476202146,-0.28704719498152875,0.5659053671473055,0.19688320439488585,GOOD
SEG_022,2021-05-25,0.16113479286673674,-0.13572533084089544,-0.1670306800578792,-0.03981093839873817,GOOD
SEG_022,2021-06-24,0.3118553522491626,0.14604265362459645,-0.06919802860789442,0.14049290787020272,GOOD
SEG_022,2021-07-24,0.22346102560183265,-0.4629962652773373,-0.15657736029147531,-0.04542774847405595,GOOD
SEG_022,2021-08-23,0.3297920014579053,-0.41607045893442063,0.241439766199747,0.24686871189946444,GOOD
SEG_022,2021-09-22,-0.0440338180550435,0.2344804070908466,0.5396419026596719,0.10878302354877331,GOOD
SEG_022,2021-10-22,0.06464295548325091,0.08432622058120631,0.05095560196978921,0.1993496917008131,GOOD
SEG_022,2021-11-21,0.14517929007660582,-0.12529501542733823,0.5538398005192369,0.02659597857518503,GOOD
SEG_023,2020-01-01,0.3207364832589392,0.16222343444035436,0.5467634487837931,0.17627298211293604,GOOD
SEG_023,2020-01-31,0.3334764675661247,0.3576471391499251,0.049623913370665074,0.2639156399987578,GOOD
SEG_023,2020-03-01,0.35794540062116775,0.13135270265627164,0.4915205227659864,0.20669636024364677,GOOD
SEG_023,2020-03-31,0.25869300895320624,0.3767612272392674,0.43821717940536137,0.22976034629447264,GOOD
SEG_023,2020-04-30,-0.07395058854902989,0.14159251141354157,0.2671407073666487,0.2164077271255815,GOOD
SEG_023,2020-05-30,0.3153106907352081,0.2631627032912742,0.4622643868223913,0.17430135133956728,GOOD
SEG_023,2020-06-29,-0.0006681401863733727,-0.085503575447205,-0.13629967157434855,0.25055600517189514,GOOD
SEG_023,2020-07-29,0.3870637858749363,-0.30173379732829964,0.33113503878301215,-0.03249761745398354,GOOD
SEG_023,2020-08-28,0.11757936765759927,0.4199890489003425,0.10833707857528097,0.16944401709481785,GOOD
SEG_023,2020-09-27,0.32816886382775734,0.1000827864972248,0.5956867049759627,0.013186898013079332,GOOD
SEG_023,2020-10-27,0.08481886976548683,0.18426708614256648,0.1123477002767086,-0.09587190309500215,GOOD
SEG_023,2020-11-26,-0.052360288958996665,-0.4412476863554671,-0.00042371349067882313,-0.00606342413743613,GOOD
SEG_023,2020-12-26,0.2098289384727838,-0.19749264435824854,0.05522713291746234,0.048360485232586375,GOOD
SEG_023,2021-01-25,0.05865869339650706,0.03042380089260377,-0.17238383938099888,-0.05326317753413439,GOOD
SEG_023,2021-02-24,0.20646578531559248,0.2615639189386135,-0.06261785354260052,0.025204126345441807,GOOD
SEG_023,2021-03-26,-0.07338890586450716,-0.3513791929590169,-0.09312550898770103,-0.08565510073230409,GOOD
SEG_023,2021-04-25,0.14259975723087673,-0.007011449988999385,0.46125451585492155,0.2467517201544455,GOOD
SEG_023,2021-05-25,0.192838700906918,0.08354739098254249,0.5744646191873635,0.11040616263999828,GOOD
SEG_023,2021-06-24,0.24031970471885403,-0.10583019723327236,0.23130464804346557,0.28048794003149846,GOOD
SEG_023,2021-07-24,-0.09709731962745297,0.4697705138016268,0.2905554813156154,0.2803583873900831,GOOD
SEG_023,2021-08-23,0.06158542334343106,-0.444464976014197,-0.2363483198550299,0.28076007545677284,GOOD
SEG_023,2021-09-22,0.289746272572861,-0.2150641110005379,0.37730270966134366,0.16162571952979168,GOOD
SEG_023,2021-10-22,0.3160264371613295,0.012653225659364886,0.14066073224617665,0.2541652154567525,GOOD
SEG_023,2021-11-21,-0.07978095519042963,-0.15825515260344902,0.11717238805291075,-0.010307915068833218,GOOD
SEG_024,2020-01-01,0.351451809333297,0.34153795427570866,0.17078285131572646,0.0181926535622349,GOOD
SEG_024,2020-01-31,0.02669016553259504,-0.245139795649291,-0.22640739461941953,0.10137782697757688,GOOD
SEG_024,2020-03-01,0.193604194090123,-0.04500185133997903,0.3032338798415147,0.1495241576666655,GOOD
SEG_024,2020-03-31,-0.04683467062637617,0.03437600298162713,-0.29473763737499376,-0.05332869585363689,GOOD
SEG_024,2020-04-30,0.3869609460858435,-0.13927121690912336,0.3064228286357778,0.17611734174222435,GOOD
SEG_024,2020-05-30,0.004614740167249692,0.14862322170402242,0.284765843433158,0.0743153895201972,GOOD
SEG_024,2020-06-29,-0.023788880039821686,0.20259810570825587,0.5674801836650234,0.08859567946084668,GOOD
SEG_024,2020-07-29,0.2565464073113648,0.4794869379377804,0.4637546349028712,0.19483132534820216,GOOD
SEG_024,2020-08-28,0.3083446184830151,-0.012098504365192553,0.3428612958985135,0.11132352357810632,GOOD
SEG_024,2020-09-27,0.07338205668451406,0.19751444038920107,-0.28127376776039537,0.015204312581447166,GOOD
SEG_024,2020-10-27,0.22847906823630362,-0.3688414329053954,-0.03594536221999306,0.18455407437792784,GOOD
SEG_024,2020-11-26,0.04122860763481831,0.24925430183255592,0.30035080711991174,-0.04836137839170962,GOOD
SEG_024,2020-12-26,-0.09093470216249397,0.380906106984675,0.021339487353228492,-0.03655781395818357,GOOD
SEG_024,2021-01-25,0.028911070502038366,-0.1596757860117719,0.019716878924045722,-0.08132945665688847,GOOD
SEG_024,2021-02-24,0.11891335323075533,-0.04286436019355733,0.4574372766925983,-0.055627662018955484,GOOD
SEG_024,2021-03-26,0.335434737076559,0.41098577053575536,-0.15867070737842962,0.016849195087442842,GOOD
SEG_024,2021-04-25,0.1195542304576809,-0.08425016128108431,0.39212984745151397,-0.0018735741531450828,GOOD
SEG_024,2021-05-25,-0.024194392736232834,0.2535071710471084,0.07954998842249933,-0.0087271984279325,GOOD
SEG_024,2021-06-24,-0.027207847050756767,-0.4900512865362635,0.42562217910300054,0.2774571361231243,GOOD
SEG_024,2021-07-24,0.3512555657869475,-0.44219017045398823,0.2684468059393939,0.18534780680856336,GOOD
SEG_024,2021-08-23,0.35461542660056555,-0.4920977664962146,-0.048197329713496107,0.11111669424295739,GOOD
SEG_024,2021-09-22,0.3438374482535983,0.2815630931314602,0.06405513508513788,-0.02108169829554951,GOOD
SEG_024,2021-10-22,-0.05359021607163697,0.051785851361247914,0.1692022786038963,0.20281852971221656,GOOD
SEG_024,2021-11-21,-0.044779046878270196,-0.440054261374597,0.03568098123208285,0.1507958129271846,GOOD
SEG_025,2020-01-01,0.34716944894768076,0.1277443518155853,0.17995979085599018,0.13821956585001316,GOOD
SEG_025,2020-01-31,0.06392348154057495,0.08236904585775173,0.440558450674225,0.04450701312515015,GOOD
SEG_025,2020-03-01,0.08464710815557255,0.026255603155148743,0.2294155121078461,0.10757799976713872,GOOD
SEG_025,2020-03-31,0.31190591515169575,-0.3556538186536291,-0.18558841991210015,0.18446022706542256,GOOD
SEG_025,2020-04-30,0.08466602981722857,0.45182175277744274,0.24144019236479702,0.06344794365863846,GOOD
SEG_025,2020-05-30,0.295601850535234,-0.35786019426738847,0.2306618197231089,-0.08053958136790801,GOOD
SEG_025,2020-06-29,0.1087875771566347,0.07305909178928938,0.20918757846308472,0.26011491518564,GOOD
SEG_025,2020-07-29,0.1245373694188244,0.3663455525626551,-0.007305342105154211,0.219924648477943,GOOD
SEG_025,2020-08-28,0.22295826482970224,0.36595357332836664,0.33648776354136817,0.12879791745576027,GOOD
SEG_025,2020-09-27,-0.07356280700380805,0.07024438322897097,-0.12954371440781123,0.09033427686285611,GOOD
SEG_025,2020-10-27,0.3438279143704204,-0.05577053066605375,0.4262289217128565,0.14274192845949876,GOOD
SEG_025,2020-11-26,0.028588896583859186,-0.3853553758577547,-0.21059973025618986,-0.03273760293319308,GOOD
SEG_025,2020-12-26,-0.08641440379135082,-0.44149821774643416,0.05094574011020203,0.028016585536183525,GOOD
SEG_025,2021-01-25,0.14648972045116596,0.2523899786503706,0.04654381166712446,-0.05396745124671601,GOOD
SEG_025,2021-02-24,0.3817373439154501,0.17509742901853775,-0.07831551368027587,0.1218829800234762,GOOD
SEG_025,2021-03-26,0.3926543577320438,0.2820236626651993,0.1837820668321204,0.06950098264620333,GOOD
SEG_025,2021-04-25,0.3667534080215197,-0.01781374012453163,0.23808097635060582,0.23579508864878948,GOOD
SEG_025,2021-05-25,0.05031917426629026,-0.10469509885885342,-0.18932073155456566,-0.04413989268221328,GOOD
SEG_025,2021-06-24,0.03068026669189458,0.2526940011065758,0.1074462730118022,-0.0016286860040515272,GOOD
SEG_025,2021-07-24,0.13826447503372744,0.4014449939845398,0.30543576371805675,0.06526521311935976,GOOD
SEG_025,2021-08-23,0.3160419323148451,0.1716130781559405,0.305021321856037,0.041197892940160685,GOOD
SEG_025,2021-09-22,0.3681239247060971,-0.055422343243932026,-0.10063131176806991,-0.09208733213418428,GOOD
SEG_025,2021-10-22,0.14690433579421228,-0.13700082125666713,-0.04731927779649142,0.2618030360461703,GOOD
SEG_025,2021-11-21,0.17589259368840696,0.15983842118691516,0.20913634303925915,0.1729534405558483,GOOD
SEG_026,2020-01-01,0.39597567681152646,0.19298581538896598,0.1796473656074024,0.0011684288998852627,GOOD
SEG_026,2020-01-31,0.3975532382982816,-0.22596440373571447,0.312156127888454,0.08663469104640101,GOOD
SEG_026,2020-03-01,-0.0026959302473596736,-0.4181910985700902,0.21463765522022255,-0.08985122445146848,GOOD
SEG_026,2020-03-31,-0.051636951312896834,-0.02003357982673548,0.42725316674725083,0.13701230823165447,GOOD
SEG_026,2020-04-30,0.29705555974224085,0.4435475772091063,0.3981745246050374,0.14782662224331342,GOOD
SEG_026,2020-05-30,-0.06748589060214819,-0.3724642093330456,0.5272042089860765,0.07676736132737647,GOOD
SEG_026,2020-06-29,0.2759816788550764,-0.2668880159811472,0.23961826792901236,0.16388961262705373,GOOD
SEG_026,2020-07-29,0.12703838168536455,-0.17180633106966803,-0.1267668143122947,-0.0589241385093672,GOOD
SEG_026,2020-08-28,0.2623115182699668,-0.055375686392758805,-0.08116276991437807,0.21881023360511895,GOOD
SEG_026,2020-09-27,-0.026295468697235896,-0.1913255855193028,0.008610284045022287,0.04753199806890204,GOOD
SEG_026,2020-10-27,-0.002296435175423467,-0.29962809651676725,0.5176501965607336,0.21410552283645798,GOOD
SEG_026,2020-11-26,0.20805156864088617,-0.08130471163526887,-0.15394801203636002,0.08172083758147203,GOOD
SEG_026,2020-12-26,0.26729308876525015,0.45258822899053,-0.0016364013661133714,0.1960325550315136,GOOD
SEG_026,2021-01-25,-0.0027982777679913806,0.08568639243177145,0.3889794612222784,-0.0824380696555696,GOOD
SEG_026,2021-02-24,-0.08925398597092402,0.3428814207150682,0.5195840551783977,-0.09160249581502163,GOOD
SEG_026,2021-03-26,0.23045435760676783,0.4411617556730414,0.579391661428813,0.2990779656863325,GOOD
SEG_026,2021-04-25,0.08712765096855016,0.09954916260793922,0.5792833862642097,-0.002180144426186109,GOOD
SEG_026,2021-05-25,0.3364257459583079,0.3515026383718064,0.5715458767538815,0.25433371510800906,GOOD
SEG_026,2021-06-24,0.15457925861427965,-0.0014122238837751544,0.11784054980500536,0.028729253150483552,GOOD
SEG_026,2021-07-24,-0.08169775602519666,-0.28047371734019655,-0.11729955295568667,0.24526730547661954,GOOD
SEG_026,2021-08-23,-0.05798592532035704,-0.055494684585774556,0.016417456471620573,0.13358488989216957,GOOD
SEG_026,2021-09-22,-0.01021713449922021,-0.26620960037689756,0.28081936738118224,0.043637174074279805,GOOD
SEG_026,2021-10-22,-0.0808593074007852,-0.2996934031415147,-0.12301830941739245,0.03169651702053439,GOOD
SEG_026,2021-11-21,0.2699105029669614,0.4123825301314551,-0.2923195094386602,0.019789660816923543,GOOD
SEG_027,2020-01-01,0.013463151169329418,0.24913707531895501,0.1269944266256009,0.10633014019430767,GOOD
SEG_027,2020-01-31,0.24897063455614396,-0.29041524649649264,0.10497474199272472,0.12337872692973637,GOOD
SEG_027,2020-03-01,0.1095736579065,0.18576280588378147,0.06303184543965318,0.2114573618487078,GOOD
SEG_027,2020-03-31,0.21491965353170697,0.10300278599375623,0.24705354434617494,0.24677790221835935,GOOD
SEG_027,2020-04-30,0.347371897491237,-0.40675849339795367,-0.20611814031454195,0.12116271012316968,GOOD
SEG_027,2020-05-30,0.22978494660703722,-0.4300205673674965,-0.24829213744560608,0.10741267207576954,GOOD
SEG_027,2020-06-29,0.3775483828171622,0.3656994939333177,-0.1830609449490595,-0.01772919800949939,GOOD
SEG_027,2020-07-29,0.03772048876323822,-0.49255669123615986,-0.17157721071572288,-0.07441198282068187,GOOD
SEG_027,2020-08-28,0.0439558924969253,0.3809940734423388,0.11067596161442733,0.1801266158897861,GOOD
SEG_027,2020-09-27,0.1289140760327316,0.4108330954542758,-0.13490011298157403,0.12744610636095452,GOOD
SEG_027,2020-10-27,0.24902199628404434,0.222409389184674,-0.10447061793608353,0.097395030889744,GOOD
SEG_027,2020-11-26,0.026383309093758772,0.006064571772777749,0.11595073807273865,-0.07072180319170172,GOOD
SEG_027,2020-12-26,0.3585684878247998,-0.17288963742333974,0.3738084250526203,0.09390369493173659,GOOD
SEG_027,2021-01-25,-0.0909669361748228,-0.3994848789480582,-0.03526981166201654,0.11386153322889353,GOOD
SEG_027,2021-02-24,0.23752206538728923,-0.2838335004295548,0.32706812726691664,0.23460045646068575,GOOD
SEG_027,2021-03-26,0.28620484760923504,0.2671142384539399,0.5359384970719352,0.049857881393302605,GOOD
SEG_027,2021-04-25,0.3411430287979662,0.2969241651548823,0.4474055997855803,-0.032846845018829424,GOOD
SEG_027,2021-05-25,0.3694616139973711,-0.3791960386007418,-0.10759801197575941,0.04263053036739772,GOOD
SEG_027,2021-06-24,0.08448998050368925,-0.43266873146995866,-0.10329523034403368,0.020613699458673945,GOOD
SEG_027,2021-07-24,0.19993357257676972,0.4814158948575997,0.3266838293500907,0.17116020895407616,GOOD
SEG_027,2021-08-23,0.06755260906237656,0.1085333221562449,0.2265332229734987,0.052948559853512434,GOOD
SEG_027,2021-09-22,0.26895664195901847,0.25724574359912966,0.25778960564323267,-0.07603079337610162,GOOD
SEG_027,2021-10-22,0.2696278180082585,-0.1713101481328383,-0.04968620102267873,0.15744082864216227,GOOD
SEG_027,2021-11-21,0.021124491862272582,0.039311752126171995,0.5159688519381758,0.16600240763537968,GOOD
SEG_028,2020-01-01,0.21718347963695436,-0.35846798912976297,-0.116201988510751,-0.06329624303079898,GOOD
SEG_028,2020-01-31,0.022462479114594952,-0.3235644951026795,-0.07592751255042379,0.014141156007116518,GOOD
SEG_028,2020-03-01,0.12068803542367088,0.005292554269687888,0.36143529407745173,0.20412978576385518,GOOD
SEG_028,2020-03-31,-0.023600645538970372,0.22664823513999066,-0.0684374500631898,0.08546049388005517,GOOD
SEG_028,2020-04-30,-0.09358286387601825,0.000699808674817004,0.352810838347912,0.09658148707316891,GOOD
SEG_028,2020-05-30,-0.08058655115786026,0.4216032484507375,0.0463434103050574,0.12624343682039493,GOOD
SEG_028,2020-06-29,0.2482277060214602,0.15090633470813297,0.5338668806972824,0.19426568224070015,GOOD
SEG_028,2020-07-29,0.1277353850911007,0.18106648435717365,-0.07114076895510169,0.1408597307751828,GOOD
SEG_028,2020-08-28,0.3504978249980074,0.018537043854215285,-0.13005907320674107,0.06917794396228669,GOOD
SEG_028,2020-09-27,0.3382002350848935,0.22765207938416265,-0.2200139045838516,0.1544720994609943,GOOD
SEG_028,2020-10-27,0.3081946890492858,-0.4984214224154453,-0.23714265453540334,0.17852668290686488,GOOD
SEG_028,2020-11-26,0.37424165573059853,-0.04933921570262223,0.4329334094473423,-0.025744783279476033,GOOD
SEG_028,2020-12-26,0.3341809959576787,-0.3338738673939571,-0.03618697317588071,0.051091415061597756,GOOD
SEG_028,2021-01-25,-0.09638667082293975,0.08244544855659575,0.5888569506829486,-0.06126325961629049,GOOD
SEG_028,2021-02-24,0.11472681066598814,-0.1292148777703942,0.5011369765458233,0.2997780541039222,GOOD
SEG_028,2021-03-26,0.1284596296792533,0.19830826969301962,0.35269816854506003,0.2551882205159578,GOOD
SEG_028,2021-04-25,0.22943805258666375,-0.024800572433218426,0.07181393350813953,-0.024826025953504166,GOOD
SEG_028,2021-05-25,0.12215307963475078,0.106763016317309,0.060148671755821725,0.14503693817246074,GOOD
SEG_028,2021-06-24,0.04693148660352006,-0.3049230448011907,-0.1711546996021804,0.10802177153895495,GOOD
SEG_028,2021-07-24,0.3373928884670252,-0.3319471486180382,0.10165803029795056,-0.053728543275092425,GOOD
SEG_028,2021-08-23,-0.019882361110286934,0.42896735911444417,0.512383666970885,0.206523529530638,GOOD
SEG_028,2021-09-22,-0.05477912278644573,0.19178454825878966,0.48474654630888686,0.2727119820593956,GOOD
SEG_028,2021-10-22,0.18094997244420644,0.3561410116923023,0.4276027337463996,-0.010579665723163073,GOOD
SEG_028,2021-11-21,0.3266651545218091,0.4540686188652746,0.21922515752334965,-0.09932860341430035,GOOD
SEG_029,2020-01-01,0.09765619191970124,0.038292943331316276,0.1145424931074202,-0.0421196853633286,GOOD
SEG_029,2020-01-31,0.25148340476432385,0.09888030827149263,-0.021997715889363112,0.2961340447920561,GOOD
SEG_029,2020-03-01,0.39057139758098935,-0.166855453307165,0.4450962248823766,-0.015754765724927372,GOOD
SEG_029,2020-03-31,0.3921947710775292,0.15925031090063124,0.4636664214974186,0.2964252859996731,GOOD
SEG_029,2020-04-30,0.24818815783807555,-0.3049078233457456,0.4706269978970961,0.057508981517909646,GOOD
SEG_029,2020-05-30,-0.031219520263807005,0.19595552595288834,-0.038026587609229445,-0.042070847124557664,GOOD
SEG_029,2020-06-29,-0.026197270391301125,0.45039815442786024,0.08439995804057066,0.23666403641767178,GOOD
SEG_029,2020-07-29,0.3848634866944265,0.12697254659645563,0.0635945962406762,-0.0864028688704892,GOOD
SEG_029,2020-08-28,0.22925942573551514,0.277730811116649,0.4784062105147215,0.1601243745747236,GOOD
SEG_029,2020-09-27,-0.08848661934267552,0.07298190882317224,0.2153675089146831,0.009489922802823306,GOOD
SEG_029,2020-10-27,-0.06825084941920587,0.4088805233106798,0.41570234435617887,-0.026044060571996847,GOOD
SEG_029,2020-11-26,0.2568745621250108,0.2900676924862017,-0.188319604261537,0.20119527640182902,GOOD
SEG_029,2020-12-26,-0.035592004749622125,-0.29377009978413215,-0.15491076425434033,0.12499848382699633,GOOD
SEG_029,2021-01-25,-0.09995721784108477,-0.19940002228195775,0.5515931543053323,0.10777722866719813,GOOD
SEG_029,2021-02-24,0.16910474341582635,-0.2901604943876691,-0.2108917817744964,0.2279053182743059,GOOD
SEG_029,2021-03-26,-0.035753942545114464,0.12231274263571956,-0.23307630647075367,0.0019869484325481385,GOOD
SEG_029,2021-04-25,-0.06472097698759963,0.2326748987242555,0.5958233421281565,0.17872117354146008,GOOD
SEG_029,2021-05-25,0.11681356571220566,-0.4740901368557089,0.2432465219702416,-0.06899016120992535,GOOD
SEG_029,2021-06-24,0.3344276852834871,-0.2742345312711091,-0.29112300062066193,0.05086239272202611,GOOD
SEG_029,2021-07-24,0.144809300063329,0.028960118807108692,0.33040998216675416,0.24615933979152657,GOOD
SEG_029,2021-08-23,0.3840001418767399,0.031682137784895925,0.23515528063341234,0.23985200644329566,GOOD
SEG_029,2021-09-22,-0.07356768727883087,0.22541927277440932,0.5770498620952338,0.18300096624352977,GOOD
SEG_029,2021-10-22,0.11388254136068618,0.44167700945188704,0.4932489390032793,0.2256093002222899,GOOD
SEG_029,2021-11-21,0.372433474263674,-0.33488687444242315,-0.24832962992693033,0.19736378278091807,GOOD
SEG_030,2020-01-01,0.24894097642858168,-0.09452854831591062,0.25465794631217115,0.26435456225692455,GOOD
SEG_030,2020-01-31,0.34016594791763044,0.02811141821800245,0.24827424763232747,0.14294941857055435,GOOD
SEG_030,2020-03-01,0.37624180112371797,-0.07727773118385783,0.041185289274421055,0.049313479571725105,GOOD
SEG_030,2020-03-31,0.006532972314336499,0.23802572213989825,0.21195775012865153,-0.01301472209973227,GOOD
SEG_030,2020-04-30,0.07787203194905482,0.11553024843598803,-0.004303378846380268,0.04155709775437133,GOOD
SEG_030,2020-05-30,-0.02314466681063529,-0.37615735148557194,0.13867093925341512,-0.037747839780308025,GOOD
SEG_030,2020-06-29,0.11928603446587785,0.3393574613284819,-0.15434912945414367,0.0414951108309361,GOOD
SEG_030,2020-07-29,0.35049890515061666,-0.3396874989106893,-0.12090726827429046,0.09171799409299744,GOOD
SEG_030,2020-08-28,0.34088326543523373,0.0018585825413058865,0.5312051256574979,0.23722516544353758,GOOD
SEG_030,2020-09-27,0.2391551592567405,-0.15785900183271584,0.5787946741087595,0.1949726224184897,GOOD
SEG_030,2020-10-27,0.2833638024144619,0.3641668056214654,0.594831354400964,-0.0010582516600774472,GOOD
SEG_030,2020-11-26,0.1955980994884219,0.13447719178144701,-0.09355422699142202,-0.04708167492960942,GOOD
SEG_030,2020-12-26,0.053222973272796154,0.1333099751183714,-0.09171511605681695,0.03447114058159545,GOOD
SEG_030,2021-01-25,0.059920442458637896,-0.4524436057973532,-0.2631997838580435,-0.07914774519076723,GOOD
SEG_030,2021-02-24,0.052178347526224717,-0.4031127790440058,-0.28770457495253265,0.12070729068059813,GOOD
SEG_030,2021-03-26,0.005016650946167128,-0.11595064336634309,0.4984744198302102,-0.0478058379007619,GOOD
SEG_030,2021-04-25,-0.06256019941785187,0.046579022847193174,0.008608171875244097,0.19014026365935358,GOOD
SEG_030,2021-05-25,0.3267191471386255,0.4068148475911173,0.5776135415777979,0.2579652111709476,GOOD
SEG_030,2021-06-24,0.1995768311401778,0.19670622771596113,-0.18395918711505294,-0.08182190967856968,GOOD
SEG_030,2021-07-24,-0.01724088997488868,0.25072779140828816,0.045735377864902615,0.21174886939003143,GOOD
SEG_030,2021-08-23,0.12772049346498307,0.2077540212912795,0.1725658821534451,0.021364068545326825,GOOD
SEG_030,2021-09-22,0.34180123611448887,0.4272479573858633,-0.05660863007571881,0.21624852732276909,GOOD
SEG_030,2021-10-22,-0.058376921912924123,0.20546171727766382,0.19434756515647733,0.18883183638337728,GOOD
SEG_030,2021-11-21,-0.011632380425977723,0.47160470497338836,0.1836498252420561,0.2915049548983035,GOOD
SEG_031,2020-01-01,0.034396751239592654,0.0816637995079208,0.4269596649140059,0.20115907906133954,GOOD
SEG_031,2020-01-31,0.331176085681135,-0.3111400785322638,0.1414665449337627,0.1917919968974788,GOOD
SEG_031,2020-03-01,0.02262691726917085,0.40913105491637247,0.5733469185401041,-0.0599064805379304,GOOD
SEG_031,2020-03-31,0.22224105646713724,-0.4562599574612153,-0.07649134998689694,-0.06656178156239845,GOOD
SEG_031,2020-04-30,0.2537278774565651,-0.2976783578155183,0.13238288748044197,0.1251404937874981,GOOD
SEG_031,2020-05-30,0.3124624507297793,-0.39718468826530806,-0.03293535789616803,0.10461696650522012,GOOD
SEG_031,2020-06-29,0.3394950519666726,-0.11525619263376086,0.4958015221608137,0.22911394805197313,GOOD
SEG_031,2020-07-29,0.3616598037060432,0.4198736033201538,0.5060278418586561,0.14180255279273676,GOOD
SEG_031,2020-08-28,0.07419284163192721,-0.396077437169155,0.5246109198728628,0.16469268610809,GOOD
SEG_031,2020-09-27,0.06012800167419083,-0.10940042550343732,0.3492091172722403,0.2142184376011468,GOOD
SEG_031,2020-10-27,0.0925086988233356,-0.18068422008897012,0.08144886294871329,0.1773683338548209,GOOD
SEG_031,2020-11-26,0.16688532342240733,0.03247443241039327,0.43926377823280577,0.0538509013760618,GOOD
SEG_031,2020-12-26,0.396952656099927,-0.48284534839988924,0.2025370212386079,0.2830463085579654,GOOD
SEG_031,2021-01-25,0.32665610295348013,0.4718196014414858,0.5216585180086588,-0.0030010366119821025,GOOD
SEG_031,2021-02-24,0.08584211563350011,0.20140176345415284,0.2964725883561847,-0.07049188173762988,GOOD
SEG_031,2021-03-26,-0.025141387561642775,-0.3175754884647971,0.3692021446384574,0.19924284972980624,GOOD
SEG_031,2021-04-25,0.3405785711201067,-0.46788089272250544,0.3760196362154347,0.10131816911801336,GOOD
SEG_031,2021-05-25,0.254676407677363,-0.07632973841242319,-0.15887942653413986,0.2892489316819207,GOOD
SEG_031,2021-06-24,0.17964714394913386,0.34171298948831286,0.43490295203912205,0.08737443827812749,GOOD
SEG_031,2021-07-24,-0.06109571172780684,0.10319016709027629,0.46194834710601335,-0.08878045606753258,GOOD
SEG_031,2021-08-23,-0.08381660416597445,-0.23083198752224932,0.5789968320214038,0.12591872526667874,GOOD
SEG_031,2021-09-22,0.09906819425603777,-0.3051162934715119,0.3766580436496226,0.19027524994563247,GOOD
SEG_031,2021-10-22,0.19358775465216224,-0.11788826825504728,0.22772238315590548,0.2408108384531983,GOOD
SEG_031,2021-11-21,0.22711007498526056,0.2688257151734421,-0.15505767618063868,0.28546694368606784,GOOD
SEG_032,2020-01-01,0.28708750040409514,-0.11236572832531766,-0.11206142308333117,0.14415489318036154,GOOD
SEG_032,2020-01-31,0.3844735592506193,0.2814455173547181,-0.22154908441736523,-0.06235440237877415,GOOD
SEG_032,2020-03-01,0.02897204975092152,-0.026739046137901012,-0.0695763268557808,0.25066314769400766,GOOD
SEG_032,2020-03-31,0.3585700581989615,-0.37101576148846993,0.030059039303893753,0.23793425746152372,GOOD
SEG_032,2020-04-30,0.22193339264787235,0.24104256026886872,-0.07966489322654341,0.2284940140271199,GOOD
SEG_032,2020-05-30,-0.05324843991943465,-0.03412240394585808,0.27823603437546024,0.26005060618606135,GOOD
SEG_032,2020-06-29,0.058642431134073164,0.4964382320968018,0.1376655145836745,0.18091633540774812,GOOD
SEG_032,2020-07-29,0.20053870668338805,-0.11971517605781368,0.5428136998987214,0.04459710356461741,GOOD
SEG_032,2020-08-28,-0.05820435828813206,-0.4307409504510067,0.06456163207842552,0.019334721189069398,GOOD
SEG_032,2020-09-27,0.07100957394900084,0.2531760506101324,-0.15192004681568766,0.0397105036435772,GOOD
SEG_032,2020-10-27,-0.09503424554724829,0.28307237396969853,0.23741577475297432,-0.06887651466511585,GOOD
SEG_032,2020-11-26,-0.024746860204260396,-0.041340932743106795,-0.1672620724923827,0.24572053943993996,GOOD
SEG_032,2020-12-26,0.12466432541205133,0.4694575114427284,-0.21229855095716288,-0.012550891203559858,GOOD
SEG_032,2021-01-25,0.18841821460092237,-0.48562898210990124,0.4324014144198223,-0.09352349250929218,GOOD
SEG_032,2021-02-24,0.1712335080871328,0.023169822797701856,0.388573025928765,-0.05464800022140488,GOOD
SEG_032,2021-03-26,0.11874683586547982,-0.21675163729419844,0.2583388406344605,0.27005423875416146,GOOD
SEG_032,2021-04-25,0.27586337932879357,0.4272289093191455,-0.21026813484599716,0.07764134259033653,GOOD
SEG_032,2021-05-25,0.1347871212309282,-0.3755594391330058,0.5708544918475753,0.26561172742827865,GOOD
SEG_032,2021-06-24,0.3398035804133186,-0.2355009294495234,0.4546357573003004,0.21805528375309022,GOOD
SEG_032,2021-07-24,0.3100171951250934,0.09994567422174627,0.0015809443099026321,0.28366423717793066,GOOD
SEG_032,2021-08-23,-0.03556476779508702,0.1362734913111604,0.5796200711675095,-0.03051309167409237,GOOD
SEG_032,2021-09-22,0.32151536331389796,0.12731838164229214,-0.06579288949367346,0.12116220342830766,GOOD
SEG_032,2021-10-22,0.36029719700068186,-0.42122749558244776,0.04416436420947967,0.19693584958961355,GOOD
SEG_032,2021-11-21,0.022627208852442376,0.2800289527110561,0.40744337916594925,0.20815663415336524,GOOD
SEG_033,2020-01-01,0.34730239428813636,-0.40722285898490684,0.1448205460620019,0.044558927156684136,GOOD
SEG_033,2020-01-31,0.0876271847252306,-0.18641506408488906,0.517472159905662,0.22341962206692587,GOOD
SEG_033,2020-03-01,0.14195549635185314,0.11400499641889972,0.19183449450517515,-0.03664469265416699,GOOD
SEG_033,2020-03-31,-0.042605771502210316,-0.2830422145910739,-0.005214244688238834,-0.012095555414430054,GOOD
SEG_033,2020-04-30,0.2725972280241986,-0.004198294609323305,0.16139089205645846,0.05997686064943106,GOOD
SEG_033,2020-05-30,0.05579256477077718,0.2940995261507615,0.5583858672518602,0.09513271580181024,GOOD
SEG_033,2020-06-29,0.08698024339189628,0.13269846751795478,-0.24216037240279437,-0.0331003788428018,GOOD
SEG_033,2020-07-29,-0.08503002481665481,-0.32009576403319495,-0.00958695421779071,0.21635854895685583,GOOD
SEG_033,2020-08-28,0.06443469455008363,-0.03462337279715211,0.4157154790267728,0.2594975895662568,GOOD
SEG_033,2020-09-27,0.3299563194488919,-0.4251758040938647,0.503397618097388,0.06870005632082199,GOOD
SEG_033,2020-10-27,-0.03795366044050044,-0.32886027096636095,-0.005812716245249094,0.05314300726777885,GOOD
SEG_033,2020-11-26,0.1014053949602253,0.3958295250942334,0.5262310346570782,-0.08435190219464941,GOOD
SEG_033,2020-12-26,0.17822510069092148,-0.1868253387971327,0.2510885822949222,0.05733099668754282,GOOD
SEG_033,2021-01-25,-0.07608288070016903,-0.48960397289146174,-0.20537787531177457,0.02914361614402758,GOOD
SEG_033,2021-02-24,0.3670551780173229,0.36801487246521547,-0.06628107804814429,0.21397761417352015,GOOD
SEG_033,2021-03-26,-0.031118337126623125,-0.03930623740031258,-0.18634016374201023,0.24475795968771422,GOOD
SEG_033,2021-04-25,0.23063448775598341,0.47634945273802876,-0.010279773210141285,0.192345832236726,GOOD
SEG_033,2021-05-25,0.002945617195088651,-0.4219832712773651,0.5745886880542723,-0.07589322861291331,GOOD
SEG_033,2021-06-24,0.3292294171205127,0.2604879583744806,-0.019357113259575398,0.08160878615167541,GOOD
SEG_033,2021-07-24,0.29001052975730934,-0.31204652735114613,-0.04994540899407435,-0.034321470003527435,GOOD
SEG_033,2021-08-23,-0.006485116978151101,-0.47141375037848643,0.29569695351866526,0.08105636641966349,GOOD
SEG_033,2021-09-22,0.036294433361964945,-0.40218730234254607,0.2837595734318365,0.1928006438255905,GOOD
SEG_033,2021-10-22,0.22317242864126055,0.4589717172911971,-0.10237821188815605,-0.07874489159864649,GOOD
SEG_033,2021-11-21,-0.0493478640173067,0.23392437267354615,0.4915749037453189,0.007306779906665242,GOOD
SEG_034,2020-01-01,0.3533338833150861,-0.26138051472431,-0.01639875089154963,-0.07221814642356202,GOOD
SEG_034,2020-01-31,-0.06151146601615434,0.17920294225410183,0.4677807011362946,0.13760206208271872,GOOD
SEG_034,2020-03-01,0.31767951558637497,0.025269184285003465,-0.14942573622246666,-0.0413668162368043,GOOD
SEG_034,2020-03-31,0.08214466593694222,-0.48643894621916506,0.01736374028787474,0.18406286041062733,GOOD
SEG_034,2020-04-30,-0.08963636104799669,0.47863743759929345,0.4706389717625829,0.16374676523830609,GOOD
SEG_034,2020-05-30,0.37740720353192925,0.13873375287601086,0.5689077544698975,0.25085761435893683,GOOD
SEG_034,2020-06-29,0.09551311280260918,-0.08270571421633299,0.5945493373917223,0.023729318948306627,GOOD
SEG_034,2020-07-29,0.04420426677983466,0.46946989006053563,0.14903431709490506,0.1742106799695822,GOOD
SEG_034,2020-08-28,-0.0922038001795926,-0.4590469061037503,-0.04528443110791197,0.13722864724229505,GOOD
SEG_034,2020-09-27,0.3295052718445406,0.16532599895093059,0.3919968404224083,-0.03798519386742934,GOOD
SEG_034,2020-10-27,0.07731611895832605,0.31170908867195446,0.27334018385124753,0.06902531504366874,GOOD
SEG_034,2020-11-26,0.18908370859614146,0.18332118367895744,-0.12044400181607604,-0.04572369928266915,GOOD
SEG_034,2020-12-26,0.11844640782491225,-0.361390124808465,0.09771119821608099,0.025304184865400675,GOOD
SEG_034,2021-01-25,0.3787458768739167,-0.07908137821831573,0.38027080987786516,0.14608342023744814,GOOD
SEG_034,2021-02-24,0.09632966118282019,-0.09705787397862053,-0.29464243861640227,0.2229924105495081,GOOD
SEG_034,2021-03-26,0.04528846206308676,-0.018532099644892663,-0.0018231631973184004,-0.07565409206914105,GOOD
SEG_034,2021-04-25,0.011771791782425073,0.1756807613348076,0.46703012614919187,0.020356883490799227,GOOD
SEG_034,2021-05-25,-0.03948279127544704,-0.40313636327381375,-0.11613571127320593,0.08949696130948179,GOOD
SEG_034,2021-06-24,0.17335962377589761,0.3216864586827163,0.31318840231908,0.243725555116413,GOOD
SEG_034,2021-07-24,0.17334051281344529,-0.023841601010661906,-0.03896743014079246,0.16701421171432637,GOOD
SEG_034,2021-08-23,-0.08601467056787679,-0.042917720078479604,0.20778817572062053,-0.09559214240152221,GOOD
SEG_034,2021-09-22,0.26153263396900206,-0.223095960847139,0.5835783171838751,0.043099065126891045,GOOD
SEG_034,2021-10-22,0.2596045544860801,-0.16070892319469354,0.3436640998184494,0.21467874687921792,GOOD
SEG_034,2021-11-21,0.2294859050973301,0.07603895447030795,0.5346710209271475,0.21015919941337433,GOOD
SEG_035,2020-01-01,-0.046889782326542256,0.43423390894623304,0.12877170586059566,0.2039637125478225,GOOD
SEG_035,2020-01-31,0.11002807811787649,-0.43563009752387827,0.2507132621514458,-0.05421048689657968,GOOD
SEG_035,2020-03-01,0.08881447290337321,0.4888708638950867,0.21640169546620097,-0.020106228602773113,GOOD
SEG_035,2020-03-31,0.19105397322864473,0.12911566316956524,0.30179242481727525,-0.018584155937316466,GOOD
SEG_035,2020-04-30,0.35549425008998625,0.14223237729187677,0.14655792244615556,0.23296116354308957,GOOD
SEG_035,2020-05-30,0.08805911345026232,-0.42913238280152965,-0.22967057440822466,0.21295494293346065,GOOD
SEG_035,2020-06-29,0.0256909235955268,0.20327331392396386,-0.2388424636036286,0.24858933436233702,GOOD
SEG_035,2020-07-29,0.248758954151751,-0.38912552905997255,0.12388083594466881,0.26695653493682725,GOOD
SEG_035,2020-08-28,0.2669363347053869,0.4241742622654494,0.2970025146088568,0.2513080717990652,GOOD
SEG_035,2020-09-27,0.3749538913974172,0.0981476287490829,0.2511893856259228,-0.06776260469103268,GOOD
SEG_035,2020-10-27,0.05170917578615927,0.3498335024449959,0.5743190840257675,-0.09142269512639484,GOOD
SEG_035,2020-11-26,-0.07392979120044121,0.2656815154643938,0.32589647853906184,0.07188745946090755,GOOD
SEG_035,2020-12-26,-0.07103874669160617,-0.26796657523519696,0.22975572652403026,-0.009149645528002154,GOOD
SEG_035,2021-01-25,-0.06169416212791731,-0.3732841056692907,-0.13746586997556404,-0.08251222874484694,GOOD
SEG_035,2021-02-24,0.025099427768476817,0.043646195574558955,0.1454363266731028,0.19408745114035855,GOOD
SEG_035,2021-03-26,0.16342209388680187,-0.2324647507156511,0.3279945186322722,0.10137816102617433,GOOD
SEG_035,2021-04-25,0.015267963353317954,0.24190865869049472,-0.11030733130519657,0.04895599402460679,GOOD
SEG_035,2021-05-25,-0.08312190819420454,-0.22203266927420984,0.04575899295785685,0.23087154020397807,GOOD
SEG_035,2021-06-24,-0.007786601558604528,-0.06891503533354448,-0.2529663138511613,0.022059229109603423,GOOD
SEG_035,2021-07-24,0.1954793133457904,0.25725221654284847,0.006849946478066138,0.2316957820103482,GOOD
SEG_035,2021-08-23,0.238984762457827,0.3585140927947398,0.5441784663594158,0.08540101475666467,GOOD
SEG_035,2021-09-22,-0.09240829318501012,0.2995889237716699,0.555870508752417,-0.06578525305150125,GOOD
SEG_035,2021-10-22,0.3051297484769073,0.10799917587890562,-0.1881242284461436,0.12737643021576545,GOOD
SEG_035,2021-11-21,0.32216266526508486,-0.2821575000240588,-0.2472736476241553,0.2755337032066193,GOOD
SEG_036,2020-01-01,0.20897465220085584,-0.45042032575106283,-0.1969980933581237,-0.08459928874893344,GOOD
SEG_036,2020-01-31,0.028722537368976203,0.17838781956531768,0.47174127671470173,0.04133401674163745,GOOD
SEG_036,2020-03-01,0.08567968096262904,0.32269294322294184,0.07437270331571877,0.1567548108889917,GOOD
SEG_036,2020-03-31,0.38675060009234785,0.12191636883584711,-0.15571846267974584,-0.08215576919653232,GOOD
SEG_036,2020-04-30,0.19074324933007444,-0.15594725355550776,-0.1066181522536597,0.2322907077750154,GOOD
SEG_036,2020-05-30,0.15174794345279394,0.07443924717846784,0.1934097272199103,0.06723204713752082,GOOD
SEG_036,2020-06-29,0.3180044702263315,-0.20693469113804763,-0.08037390414017406,-0.002770662906748239,GOOD
SEG_036,2020-07-29,0.08094057991985257,-0.1480153906311309,0.15507909855842128,0.2658542047807485,GOOD
SEG_036,2020-08-28,0.2882241357463067,-0.09238256011824963,0.22627980261528774,-0.044743938429517585,GOOD
SEG_036,2020-09-27,0.286322487883658,0.39987246826228273,0.48876512727634763,-0.09379509935745318,GOOD
SEG_036,2020-10-27,0.24502328249415614,0.4899334838465952,-0.18086002049291602,0.24675199547204282,GOOD
SEG_036,2020-11-26,0.3491769460463542,0.0914780021366286,0.25496663448955564,0.2976536414688217,GOOD
SEG_036,2020-12-26,0.1385530237112704,-0.365394460160709,-0.13489429912465284,0.2063822853254024,GOOD
SEG_036,2021-01-25,0.1192935205128873,0.008667191285887221,0.2292727898908377,0.27790723971428377,GOOD
SEG_036,2021-02-24,0.061400036454453105,-0.18142169894799431,-0.13942576901493745,-0.04272137569804664,GOOD
SEG_036,2021-03-26,0.042395478358836974,-0.3814489223968748,-0.05353634999713197,0.07556669778714584,GOOD
SEG_036,2021-04-25,0.0034215560263523292,0.33878999582453195,0.3793782647845683,-0.08905995011809012,GOOD
SEG_036,2021-05-25,0.3709029791797689,0.07116516252236482,0.3588804766561254,0.10835755803042263,GOOD
SEG_036,2021-06-24,0.3322513756782488,0.49307725040952255,0.35847036839905383,-0.05341494390833508,GOOD
SEG_036,2021-07-24,0.15642205652624916,0.27704557086593284,0.33612882136660677,0.02592397002062946,GOOD
SEG_036,2021-08-23,-0.08218190688944407,0.13449715545240826,-0.29282647057382494,-0.04525013093249988,GOOD
SEG_036,2021-09-22,-0.0007135158971968425,0.3758639476352311,0.5557494823982982,0.24286271847272992,GOOD
SEG_036,2021-10-22,0.09014511492485691,0.08389895584222506,0.27394316430265747,0.09369322517651657,GOOD
SEG_036,2021-11-21,0.07856393584390473,-0.01904094744162843,-0.21312009023847078,-0.055053031555059743,GOOD
SEG_037,2020-01-01,0.2524094005229244,0.27368178130814014,0.13536486071429205,0.22188852388861544,GOOD
SEG_037,2020-01-31,0.28589932889935377,-0.23839474711575326,-0.014143477603002164,0.05655135753461879,GOOD
SEG_037,2020-03-01,0.10490577154349548,0.07250569668130558,-0.15011837123027602,-0.01751967138185502,GOOD
SEG_037,2020-03-31,-0.054873644633466306,0.20473052064544017,0.52100570810907,0.20673682023886722,GOOD
SEG_037,2020-04-30,0.014667234160704451,0.3012853947386456,0.519588402185529,0.03260084513841649,GOOD
SEG_037,2020-05-30,0.14244997293608322,-0.34305449364267504,-0.028680208162815024,-0.007997904325856273,GOOD
SEG_037,2020-06-29,0.03499933057272317,-0.4150833705326388,-0.23349878151671072,0.18884514779892334,GOOD
SEG_037,2020-07-29,-0.002857959898294099,0.10569158091621889,-0.019029266340325923,0.029490692690469944,GOOD
SEG_037,2020-08-28,-0.053468802488398,0.46688632969804633,0.20489663295970933,0.09333980764276678,GOOD
SEG_037,2020-09-27,-0.045847852333373046,-0.27593913988858854,0.5776715354800424,0.05893944731714065,GOOD
SEG_037,2020-10-27,-0.01537214365720077,0.3648277144290005,0.14083031590334005,-1.2376654479590021e-05,GOOD
SEG_037,2020-11-26,0.05572747864019542,-0.16213151935992076,-0.16444922288612474,0.028577192690961345,GOOD
SEG_037,2020-12-26,0.22600431232057264,-0.17816204233935462,0.33798135470372953,0.10577244625928173,GOOD
SEG_037,2021-01-25,0.27407438129737105,-0.3338030263977676,0.09384113388340354,0.2887665096332568,GOOD
SEG_037,2021-02-24,0.04837551160746542,-0.06452059748959316,-0.035198709011460216,0.2687880870110577,GOOD
SEG_037,2021-03-26,0.20699991044400393,0.21447480001489294,0.1674418057804256,0.0004957451585234224,GOOD
SEG_037,2021-04-25,-0.09508940682676428,-0.08369705692510476,-0.1646858310442858,-0.0731807947358182,GOOD
SEG_037,2021-05-25,-0.021773489315912137,-0.14954720708471891,0.20324048023677505,-0.009588195845611575,GOOD
SEG_037,2021-06-24,0.10163417955602674,-0.245250615767298,0.18691529391288314,0.16374702812012468,GOOD
SEG_037,2021-07-24,0.28302717128003574,-0.1698398100163363,0.3947808144097044,0.1368679899119592,GOOD
SEG_037,2021-08-23,-0.05433086555619873,0.3033538283029473,-0.16815751024335623,-0.03407264508168702,GOOD
SEG_037,2021-09-22,0.15018755257132435,-0.3827035036625498,0.20413062165619417,0.05092382065629844,GOOD
SEG_037,2021-10-22,0.37274496642414434,0.33360493390065993,0.340212910090354,0.23595044147146713,GOOD
SEG_037,2021-11-21,0.08284358775381859,-0.03392411939244888,0.3030351878061323,0.19139660127186156,GOOD
SEG_038,2020-01-01,0.055195349188340986,-0.40589151597737705,0.031980683835047374,0.0015041306698123924,GOOD
SEG_038,2020-01-31,0.2126352058992795,0.47114069441095674,0.44099313786166777,0.24527412866958828,GOOD
SEG_038,2020-03-01,-0.08090320315385666,-0.4711630298724735,0.5048386219291343,-0.03872329978454241,GOOD
SEG_038,2020-03-31,-0.0512622696984921,0.044083485584543336,0.585063085461544,-0.022327048614307593,GOOD
SEG_038,2020-04-30,0.37215048732704137,0.01634044955798386,0.5464906453940703,0.061269233871634965,GOOD
SEG_038,2020-05-30,0.0377627276201882,-0.3013165988868721,0.15491924783830607,-0.030812714590729193,GOOD
SEG_038,2020-06-29,0.1830946442867549,-0.0369946279513691,-0.1953644787802549,-0.06377531235664798,GOOD
SEG_038,2020-07-29,-0.059362533400958845,0.2242767657580772,-0.07794109376516883,0.23492332899835885,GOOD
SEG_038,2020-08-28,-0.029786963146031104,-0.1844590200932118,-0.0966356579084118,-0.02470188357591803,GOOD
SEG_038,2020-09-27,0.22091295541466296,-0.05032685526087832,0.2679237665112009,0.23269217661164596,GOOD
SEG_038,2020-10-27,0.2981357004072107,-0.2925530423061463,0.32968844377727363,0.10150610074881078,GOOD
SEG_038,2020-11-26,0.22916609060434126,-0.3135744893907769,-0.17416624635068942,0.13472830451426196,GOOD
SEG_038,2020-12-26,0.11070388136616319,-0.16528752195334562,0.2830931820920249,-0.05991692487266209,GOOD
SEG_038,2021-01-25,0.11748423848656883,-0.10066651945134952,0.4506867700757819,0.0010299078326596184,GOOD
SEG_038,2021-02-24,0.15348037894016245,-0.07901401500482697,0.3966652031423514,0.28159277611222266,GOOD
SEG_038,2021-03-26,0.3862138761877576,0.25185009196064767,-0.18309825586478579,0.03325884577205601,GOOD
SEG_038,2021-04-25,-0.026254495231782943,0.3829547403161856,-0.0288458997251535,-0.06784989182772146,GOOD
SEG_038,2021-05-25,0.07235593162444778,-0.029199305550537513,0.3181077946323347,0.17951189938930237,GOOD
SEG_038,2021-06-24,-0.03323686569972503,0.2732604393892871,0.5082191612934703,0.22791643045768026,GOOD
SEG_038,2021-07-24,0.20426116726607094,0.26784392621485575,0.03221930955389429,0.03594038039879774,GOOD
SEG_038,2021-08-23,0.11770031412262597,-0.16041334432313947,0.2886404414615636,0.07028452798946969,GOOD
SEG_038,2021-09-22,0.317116247514004,-0.03507729764112133,-0.2256235755111413,0.1744262478729208,GOOD
SEG_038,2021-10-22,0.143069692156528,0.45992105208482537,0.06153305158176531,0.20854386405501155,GOOD
SEG_038,2021-11-21,0.06753175424102095,0.035024165896849646,0.02837560847777809,0.21419788950335847,GOOD
SEG_039,2020-01-01,0.1274946810114683,-0.4514564017596605,-0.04645744013890629,-0.05137942174703865,GOOD
SEG_039,2020-01-31,0.17137424896372674,-0.3212718196716928,0.021196825618700676,-0.09299240277180032,GOOD
SEG_039,2020-03-01,-0.05271371258029858,0.2267874043035828,0.26962802070457675,0.07244021860574687,GOOD
SEG_039,2020-03-31,0.12920978456974394,-0.4234638562307621,0.03551579590483478,-0.04129982111050641,GOOD
SEG_039,2020-04-30,0.11126495451010607,-0.4776165248160784,0.5553229925937229,0.0027432016181765384,GOOD
SEG_039,2020-05-30,0.15701978631003802,0.35424364949556786,-0.08062283750749072,0.2195816399122215,GOOD
SEG_039,2020-06-29,0.2023112840900966,0.4097464098130197,0.3103874240549001,0.009071761384758487,GOOD
SEG_039,2020-07-29,0.010661842766496427,-0.4819270766600333,-0.007852049179733256,-0.07451101657335082,GOOD
SEG_039,2020-08-28,-0.09371638766322019,-0.15940402210024895,0.01172968328271673,0.07775322542124577,GOOD
SEG_039,2020-09-27,0.38386180430132344,0.13138406341179099,0.20519316260853754,0.03811967695680854,GOOD
SEG_039,2020-10-27,-0.01663284739753182,-0.14837362196376602,0.08837771247218312,0.29833033610862547,GOOD
SEG_039,2020-11-26,0.3248340954016671,-0.40302017781324917,-0.10352515734602033,0.29685236248562563,GOOD
SEG_039,2020-12-26,0.1090899977850128,0.09924853800892619,-0.01253685211055211,0.04526987263642446,GOOD
SEG_039,2021-01-25,0.14741660712967877,-0.03608605797377662,0.44352459260892335,0.07978237020065723,GOOD
SEG_039,2021-02-24,0.09167671196221491,0.15310424132719558,0.5768226524922446,0.06411752161048337,GOOD
SEG_039,2021-03-26,0.062510155177908,-0.2500592457766916,0.2123755325596452,0.0887654175888391,GOOD
SEG_039,2021-04-25,-0.01931036316689519,-0.13093567845925613,0.4871851773216112,-0.029915602588150278,GOOD
SEG_039,2021-05-25,0.20162449346353553,0.48971332789870825,0.4170782011687017,0.28912211496056983,GOOD
SEG_039,2021-06-24,-0.09655834306549813,-0.46767743168753695,0.3091851380892993,0.24682508563926073,GOOD
SEG_039,2021-07-24,0.22354466985616386,0.0341708117333368,-0.278651886473082,0.09232302554772445,GOOD
SEG_039,2021-08-23,0.22481490239518062,-0.07141146222186445,-0.18834883799209667,-0.04160650418081766,GOOD
SEG_039,2021-09-22,0.2977765496171676,-0.2899150158129059,-0.21258686634135912,0.1568142285755755,GOOD
SEG_039,2021-10-22,0.24978083617211042,0.06823118981196707,0.2349853167844576,0.20452909511333997,GOOD
SEG_039,2021-11-21,0.21694728994645682,-0.024715157500812213,0.09587611784004291,0.01795184658301259,GOOD
SEG_040,2020-01-01,0.26056968386691637,0.24545723848218137,0.5965057690824282,0.06233785294584729,GOOD
SEG_040,2020-01-31,0.1426228919937331,-0.3308791229815613,0.17271318386381285,-0.029845057475571576,GOOD
SEG_040,2020-03-01,0.29463712319579505,0.14999666211711016,0.02085131741248969,0.08372868469181058,GOOD
SEG_040,2020-03-31,0.23212204289749458,-0.10150877664683744,-0.21104398178439265,0.03180603238170296,GOOD
SEG_040,2020-04-30,0.023985973167017977,-0.24392792733557633,0.3654922005863203,0.17587961535553168,GOOD
SEG_040,2020-05-30,-0.004992916683341425,0.3306923800518128,-0.24269795778746261,0.26125343481465857,GOOD
SEG_040,2020-06-29,0.05942916940903706,0.13390570188354356,-0.1232167539710616,-0.05343744325072151,GOOD
SEG_040,2020-07-29,-0.04423804908997772,0.3865174833136932,0.3996562777337775,-0.02208049419838924,GOOD
SEG_040,2020-08-28,0.15364649103313552,0.01420023503717549,0.5562921276744579,0.019854906988739665,GOOD
SEG_040,2020-09-27,0.14379022049351511,-0.18079245169932256,0.5769189511134707,0.08820253162320829,GOOD
SEG_040,2020-10-27,-0.008672164404409016,0.27879179350071914,0.38656738332377755,-0.01471342054843805,GOOD
SEG_040,2020-11-26,-0.02180613729393463,0.2663973822909592,0.40723001476078885,0.24094291376454582,GOOD
SEG_040,2020-12-26,0.3664217727737703,-0.028018326056525322,0.47061378323283126,0.02144724837181307,GOOD
SEG_040,2021-01-25,0.28111137203867476,-0.09591889340201454,0.5718119574182405,0.04144478334722729,GOOD
SEG_040,2021-02-24,0.08673759335159878,-0.17815420458094522,0.4118279728603787,0.030274053091013886,GOOD
SEG_040,2021-03-26,0.1398413492049804,0.2212639793227632,0.12288458315164458,0.28845326884599964,GOOD
SEG_040,2021-04-25,-0.049280041992237594,0.1396286662123496,-0.05155840155403213,0.047779531592501284,GOOD
SEG_040,2021-05-25,-0.024790212549983287,-0.201144370629727,-0.1200051232751255,-0.06479793656390549,GOOD
SEG_040,2021-06-24,-0.06599804658172534,0.28590070977249227,0.34026242096090625,0.025584494940042862,GOOD
SEG_040,2021-07-24,0.23883440111368395,0.20406031056512752,-0.07017800105173,0.1990601120373048,GOOD
SEG_040,2021-08-23,0.15613083457005902,-0.48379873062882883,0.09348622483081381,-0.0871663929230325,GOOD
SEG_040,2021-09-22,0.3871137684519985,0.28058821046601923,0.17858619349003968,0.2194363907381903,GOOD
SEG_040,2021-10-22,0.038432456052732294,-0.04871141247931288,0.492486528269311,0.19557463572086484,GOOD
SEG_040,2021-11-21,-0.08925823568751642,0.07473784158985153,-0.2942814390262904,0.23128905710562317,GOOD
SEG_041,2020-01-01,0.07732265551851511,0.3803117403008376,0.48051881059386176,-0.038958087000705716,GOOD
SEG_041,2020-01-31,0.37733029748971336,-0.17253895200374691,-0.01619737568781565,-0.007958457892635357,GOOD
SEG_041,2020-03-01,0.3494398159697154,-0.06035905984707113,0.4507415186853135,0.0500455767673966,GOOD
SEG_041,2020-03-31,0.30724970819297925,-0.40714818262127206,-0.14241289454673986,0.2653132843324647,GOOD
SEG_041,2020-04-30,-0.004509428105028551,0.4851521036832852,0.4198120918588277,0.04394339167469424,GOOD
SEG_041,2020-05-30,0.3728658918663178,0.3365346347190856,0.09073399641622992,0.23912326291800093,GOOD
SEG_041,2020-06-29,0.2236798081447601,-0.17672906782202802,-0.17333776308094467,-0.0004007513005781921,GOOD
SEG_041,2020-07-29,0.2304760951291195,-0.1282959608915819,0.07338873327468054,-0.037006922306897796,GOOD
SEG_041,2020-08-28,-0.018813142813816214,-0.002444608479165389,-0.024541664397054463,0.15012499503250157,GOOD
SEG_041,2020-09-27,0.3567884668992992,-0.4535005499461672,0.0393330938089792,0.13940299070633264,GOOD
SEG_041,2020-10-27,0.3916843936408938,0.35614042653250244,0.18305448067467095,-0.04623784167493681,GOOD
SEG_041,2020-11-26,0.20680478613239503,0.21631529254017978,0.1300108607375735,0.19948756644454405,GOOD
SEG_041,2020-12-26,0.10191926614306782,0.38691792350273246,-0.20529461112021719,-0.009510638562826218,GOOD
SEG_041,2021-01-25,0.27994680888776524,-0.3682929029468893,0.07981885699401509,0.16448073132402,GOOD
SEG_041,2021-02-24,-0.02852276699755099,-0.46588596079216094,0.41529499526356445,-0.03524591804515245,GOOD
SEG_041,2021-03-26,0.00741809551862474,0.12131256060901752,0.19129148420599618,-0.05287234859180323,GOOD
SEG_041,2021-04-25,0.17445039323090014,0.16324807030337607,0.3012114165022442,0.03695000935575163,GOOD
SEG_041,2021-05-25,-0.04443151682511817,0.05046476954739798,-0.033857910233219546,0.2493226955760248,GOOD
SEG_041,2021-06-24,0.3992723968286239,-0.3051220168046026,0.456011534575499,-0.01125716335799884,GOOD
SEG_041,2021-07-24,0.08132807515359372,-0.26957645495463356,0.5524471498836379,0.11234802951441245,GOOD
SEG_041,2021-08-23,0.37109599394772363,0.10966555345070161,0.4724656766800322,0.011368551996088522,GOOD
SEG_041,2021-09-22,0.3690716650336727,-0.49964638743646084,-0.0738036830909033,0.12230295141971159,GOOD
SEG_041,2021-10-22,0.2822964652333222,0.3069882763658097,0.5558195515015123,-0.0030147749446682442,GOOD
SEG_041,2021-11-21,0.346319250022771,-0.37652857805804196,0.3656894864688571,0.27773644230460326,GOOD
SEG_042,2020-01-01,0.04941110768258708,-0.37513550712719956,0.3686205577033171,0.08174697206520021,GOOD
SEG_042,2020-01-31,-0.04358121370189513,-0.03347431550986646,0.22648071685143106,0.25049692901897636,GOOD
SEG_042,2020-03-01,0.08127469063286699,0.3693612877276943,0.2984195496520296,0.234683646862504,GOOD
SEG_042,2020-03-31,0.15391177583049856,-0.08035464087889732,0.4526666225949239,0.29323464440304425,GOOD
SEG_042,2020-04-30,0.2904609636450589,0.20852908855573804,0.20460368429106873,0.23496481050735737,GOOD
SEG_042,2020-05-30,0.18781276231599434,-0.38252663637154105,0.38762760694885895,0.044280331075555235,GOOD
SEG_042,2020-06-29,0.1866724612690928,0.022765390852661604,0.5461773012490827,0.22526426853305279,GOOD
SEG_042,2020-07-29,0.36033484642261226,0.30189524612109786,0.3561516308111015,0.239772033366396,GOOD
SEG_042,2020-08-28,0.39548784507366763,-0.23682630234501412,0.4142769220809109,-0.016247592692143445,GOOD
SEG_042,2020-09-27,0.06688163337038713,0.11640272690530684,0.36587339359998766,0.23449425985188374,GOOD
SEG_042,2020-10-27,0.09134819210376258,-0.23531960803288232,0.3366564775772137,0.04023756187260519,GOOD
SEG_042,2020-11-26,0.25011415050293406,0.06048529070767528,0.3810935199553454,0.11530174367996482,GOOD
SEG_042,2020-12-26,0.2579440502083449,0.032827752484378525,0.057081065473921944,0.26850333030593443,GOOD
SEG_042,2021-01-25,0.12126802737315753,-0.4592271577872069,0.1931884947382705,0.16700853107177396,GOOD
SEG_042,2021-02-24,-0.09379082286062415,-0.2563197987929696,-0.28130344173477434,0.144888205776433,GOOD
SEG_042,2021-03-26,0.3443020705220948,0.4791310830943568,0.3721135022889304,0.18269837140082515,GOOD
SEG_042,2021-04-25,0.3790455464020336,-0.36550719796372544,0.4739502299182346,0.2945023170186126,GOOD
SEG_042,2021-05-25,0.30362678403516763,0.1040915863798888,0.3480956220143176,0.18702581436081075,GOOD
SEG_042,2021-06-24,0.1180921251500314,0.45316401120862804,-0.1457929371304538,0.12398349180361112,GOOD
SEG_042,2021-07-24,0.18487681318824015,0.44735112709201075,0.35498445127024697,0.18544487535279544,GOOD
SEG_042,2021-08-23,0.06526662272425124,0.06985736488116034,0.4883718286243038,0.2785071146701038,GOOD
SEG_042,2021-09-22,-0.040158308391940206,0.47735384904603206,0.2524654139374633,0.11190879170212575,GOOD
SEG_042,2021-10-22,0.14748752537618245,-0.3804999043659113,-0.21980484660904648,0.27845885575877216,GOOD
SEG_042,2021-11-21,0.07757847598720694,0.20726295136184159,0.49115807881066725,0.09987272945265319,GOOD
SEG_043,2020-01-01,-0.07042689963165641,-0.1268530182876414,-0.14833819939526913,0.28543990249970175,GOOD
SEG_043,2020-01-31,-0.0057589522135192694,0.12087239696235474,-0.13639196543624557,-0.012650457096772302,GOOD
SEG_043,2020-03-01,-0.011253994303462217,-0.35115024585752586,0.43709590435471973,-0.08786333315943895,GOOD
SEG_043,2020-03-31,-0.00979162011255949,0.018488847966382616,0.5102075419556305,0.09906041977751162,GOOD
SEG_043,2020-04-30,-0.04180918608343201,0.05446184475320259,0.0045095482587810265,0.04627740425283125,GOOD
SEG_043,2020-05-30,0.35483403153590864,0.2076374348596597,0.4551559830607465,-0.060487851954179564,GOOD
SEG_043,2020-06-29,0.00046604380965811765,-0.17968357998523365,0.1031141131160434,-0.02078339370203275,GOOD
SEG_043,2020-07-29,0.0529487911522932,0.49228735853999817,0.39366669474895694,0.2083370944382322,GOOD
SEG_043,2020-08-28,0.2204662140967459,0.2392570528980793,0.18086291868363907,-0.08111698041329328,GOOD
SEG_043,2020-09-27,-0.010854941201412754,-0.1291760751520591,0.32926480278557996,0.2642648405268585,GOOD
SEG_043,2020-10-27,-0.09220364523964422,0.42208633856094424,-0.11457314483606351,0.17575580810407107,GOOD
SEG_043,2020-11-26,0.08589188872867706,0.3377873107936884,-0.25971889242279467,-0.04333223224058261,GOOD
SEG_043,2020-12-26,0.33934052308401597,0.23663356835943594,-0.054646557060755385,0.17611250284381927,GOOD
SEG_043,2021-01-25,0.09773423687293878,0.19600176637714062,0.10421538364886795,0.16518521216362528,GOOD
SEG_043,2021-02-24,0.028249581736762813,0.1809056007491303,0.5375573875421085,0.05928181494714849,GOOD
SEG_043,2021-03-26,0.17737499343773086,-0.0020327851117538653,-0.18559647302029286,0.29822338532118553,GOOD
SEG_043,2021-04-25,0.2076604134250503,-0.06189143852631507,-0.17151716278626447,0.138800590542336,GOOD
SEG_043,2021-05-25,0.07067374609219859,0.45041439869107425,0.5296557974664575,0.04004688698659961,GOOD
SEG_043,2021-06-24,0.2290061083480011,-0.061128407528179385,0.48420358148572923,-0.07224684702330145,GOOD
SEG_043,2021-07-24,0.16713688305564897,0.11858622521521489,-0.14707628226525024,0.273120225434471,GOOD
SEG_043,2021-08-23,-0.04017895364387705,-0.27548192618655976,0.2654579336321033,0.12545550330156843,GOOD
SEG_043,2021-09-22,0.27403470366324867,0.18288117267610382,0.251347651519165,0.03805850142279593,GOOD
SEG_043,2021-10-22,-0.01282342015564561,0.467370006356029,0.599226432528271,0.2527749960431953,GOOD
SEG_043,2021-11-21,0.10111547457063277,0.34013534804060985,0.01764723574586824,0.2767524373703968,GOOD
SEG_044,2020-01-01,-0.0045174622223281,-0.30539806225892163,0.48624552232307267,0.16373039121665292,GOOD
SEG_044,2020-01-31,-0.04567490911920111,0.15223744103550763,-0.029711753024097953,0.23315515803019057,GOOD
SEG_044,2020-03-01,-0.009842383328082877,-0.057019658209119806,0.32457264800226643,0.05438826849279674,GOOD
SEG_044,2020-03-31,0.10564486576799556,-0.03142023648546288,0.4812270892010562,-0.047777966372310354,GOOD
SEG_044,2020-04-30,-0.0571249707733614,-0.49133131712547107,0.4760243421980542,-0.07889891764071995,GOOD
SEG_044,2020-05-30,0.3546228025685997,0.08344852108147094,0.4454290583875426,0.09003493290728559,GOOD
SEG_044,2020-06-29,0.20914444628983694,-0.34171957849216417,0.19708908696334232,0.08782707065302908,GOOD
SEG_044,2020-07-29,-0.032200629710287615,-0.11905085688223627,0.04143277875477103,-0.03181681702393861,GOOD
SEG_044,2020-08-28,0.3733020390263264,0.06678300607076892,0.4970434762969536,0.2951261195093706,GOOD
SEG_044,2020-09-27,0.23445193319444288,0.46157511051165134,-0.01137127456728737,0.18456327257389385,GOOD
SEG_044,2020-10-27,0.32562641297547434,-0.30797685300243804,-0.04777874362593337,0.10817264289939363,GOOD
SEG_044,2020-11-26,-0.07977213087366322,0.24999762322825703,0.38378855728375944,0.08323500948968685,GOOD
SEG_044,2020-12-26,0.3522674101223088,-0.11998306670489067,-0.2676151579189342,0.1687615670868268,GOOD
SEG_044,2021-01-25,0.25955855347807677,0.05238264942842297,0.13994737754372516,0.006669011960345861,GOOD
SEG_044,2021-02-24,0.3031133270340538,-0.39295039144932464,-0.23302683562489976,0.04935531635570278,GOOD
SEG_044,2021-03-26,0.20873033430569907,-0.3437562094423554,0.26351374066680583,0.24853975167605205,GOOD
SEG_044,2021-04-25,-0.059422200226877636,-0.4082961177955986,0.556252729016746,-0.0984635459394176,GOOD
SEG_044,2021-05-25,0.3939647894177599,0.10545782526041547,-0.13254160789929778,0.015225397740497387,GOOD
SEG_044,2021-06-24,0.17099921768692908,0.4727237164180397,0.32997031816549044,0.1811472379018859,GOOD
SEG_044,2021-07-24,0.153327226790022,-0.21459698514447945,0.08387097661089005,0.22978742821442796,GOOD
SEG_044,2021-08-23,0.07211162635197285,0.232914180013567,0.25786084964934813,0.22708140441803568,GOOD
SEG_044,2021-09-22,0.0807398933845608,0.18108081523706654,0.3103759956610685,-0.07364847490429544,GOOD
SEG_044,2021-10-22,0.3995487136578908,-0.30971494892156404,0.2285062138251785,-0.0829202065144044,GOOD
SEG_044,2021-11-21,0.12608820405857576,-0.35791710959479817,0.37549687509989543,0.0678388653684679,GOOD
SEG_045,2020-01-01,-0.008045190509431893,-0.4051537959546644,0.05216247979595806,-0.04004006901118138,GOOD
SEG_045,2020-01-31,0.26186460219002095,-0.06714375737974376,0.552597801882307,-0.036071740128570395,GOOD
SEG_045,2020-03-01,0.37166899403270925,0.30362204623523237,0.07471087233317036,-0.0948129625414112,GOOD
SEG_045,2020-03-31,0.26237837513295814,0.307124284569282,0.47768778290838115,0.047827016011857015,GOOD
SEG_045,2020-04-30,0.056268520779428705,0.41573791132748106,0.5752750853342481,0.21472245538393062,GOOD
SEG_045,2020-05-30,0.014463350579533268,0.09283478267034229,-0.08668391159184502,0.22786279394954165,GOOD
SEG_045,2020-06-29,0.1454702387105273,0.10259977653943397,0.5018195156189043,0.2833090982670391,GOOD
SEG_045,2020-07-29,0.023292808321614983,0.1330698207248242,-0.005507059987247875,0.22993471211389457,GOOD
SEG_045,2020-08-28,0.22292078878058139,0.4577256956972864,0.2378284688634668,-0.05185503275507819,GOOD
SEG_045,2020-09-27,-0.09454299249434098,-0.23901212063252908,-0.17034635941316906,-0.08988652220719687,GOOD
SEG_045,2020-10-27,0.1969225326334658,0.25846156711941215,-0.2030296151100645,0.009420822429487788,GOOD
SEG_045,2020-11-26,0.17628756119721198,-0.1311780054736671,-0.016258141781211655,0.18820049874493197,GOOD
SEG_045,2020-12-26,0.18280844448689879,0.06852962851063504,0.4949336518387311,-0.07765632652408878,GOOD
SEG_045,2021-01-25,0.27732978299378197,0.4723194342634158,0.004342244364640424,0.06505671543947786,GOOD
SEG_045,2021-02-24,0.3071820758553392,-0.05150185406908059,-0.19627576703959956,0.2645697500367912,GOOD
SEG_045,2021-03-26,0.009500451976536733,-0.2673343498262315,-0.16263232857749677,0.2481932554771695,GOOD
SEG_045,2021-04-25,0.2485623725315135,0.050031081348370976,-0.2638829813889268,0.13586746464969393,GOOD
SEG_045,2021-05-25,0.00638916549181881,0.03622998302690639,0.5236805965372309,0.19770155734655812,GOOD
SEG_045,2021-06-24,0.03017092418906256,-0.38083233944727013,-0.043156442742908085,-0.08847300873534847,GOOD
SEG_045,2021-07-24,0.33711716013246473,-0.2998573648947531,0.2131862779120524,0.19890921502891115,GOOD
SEG_045,2021-08-23,0.34219021440879305,-0.2476674227654483,0.1599894450711553,0.023960626162172358,GOOD
SEG_045,2021-09-22,0.2769293210106242,0.4208189509189296,0.1321580164488172,0.13869614984197162,GOOD
SEG_045,2021-10-22,-0.09439404552136696,-0.22576867841065362,-0.29999146854056497,0.07802424544519457,GOOD
SEG_045,2021-11-21,0.03998934037047261,0.153625972735841,-0.03227706556469717,-0.08600289851867648,GOOD
SEG_046,2020-01-01,0.36602158798465434,-0.32541871060174676,-0.1986719095894267,0.1899236119830692,GOOD
SEG_046,2020-01-31,0.007737787310621719,-0.10246106477067429,0.03968252038142306,-0.08513553292327099,GOOD
SEG_046,2020-03-01,0.25495087236750347,0.21887083708622435,-0.11757123156080465,0.0069137752783682005,GOOD
SEG_046,2020-03-31,0.3284991079395432,0.058944396318096115,0.332652241287193,0.2167855090842273,GOOD
SEG_046,2020-04-30,0.35091044668582183,0.22619860284793414,0.18669031360094335,0.02828449527977392,GOOD
SEG_046,2020-05-30,0.34471454059522844,0.17571069704196296,0.06704320031624994,0.2845545662394504,GOOD
SEG_046,2020-06-29,0.3448704534871717,-0.1565462387624914,0.5264688147138086,0.2930856365712369,GOOD
SEG_046,2020-07-29,0.31234275211846385,-0.10364982424867608,0.4410990340790036,0.2522892061229943,GOOD
SEG_046,2020-08-28,0.24200534488913775,0.2877242441095391,0.14026199285111723,0.030194919502302076,GOOD
SEG_046,2020-09-27,0.2757827579526252,-0.3935733718736857,0.27642241254085326,0.0814616356959974,GOOD
SEG_046,2020-10-27,-0.06389666313328826,0.4501106016826326,-0.08234998524024709,0.06244794816630361,GOOD
SEG_046,2020-11-26,0.2880339252966698,-0.42866384933127577,-0.07190948868290029,0.28040506279156485,GOOD
SEG_046,2020-12-26,0.19484539821578442,-0.021560515200945818,0.25332285936178683,-0.08325004673267183,GOOD
SEG_046,2021-01-25,-0.050996591066190394,0.18859114190283943,0.25820855194756503,0.040421968546874215,GOOD
SEG_046,2021-02-24,-0.058517658541390655,0.22427863501481748,0.34404764077193234,0.26892435578705554,GOOD
SEG_046,2021-03-26,0.008277677050669646,-0.0893929072100389,-0.2907354443114891,-0.048646338005575364,GOOD
SEG_046,2021-04-25,0.3624902365195115,0.15370231661447076,-0.2561566097446988,0.13426442479392456,GOOD
SEG_046,2021-05-25,-0.022601904837173364,0.3373744344474423,-0.12078922738185846,0.09449898078752358,GOOD
SEG_046,2021-06-24,0.24151656770545918,0.3455384186904955,-0.09414072824682934,0.07786656561022551,GOOD
SEG_046,2021-07-24,0.08333782179034258,0.19892119936625252,-0.28151615532064495,0.11007008820083578,GOOD
SEG_046,2021-08-23,0.03138778834708414,0.4486620326690548,0.02187832837673248,0.06053078921769131,GOOD
SEG_046,2021-09-22,0.39826022068380895,-0.12668313415819055,-0.06329398505321326,-0.0732724458847482,GOOD
SEG_046,2021-10-22,-0.09440318952553514,-0.44000601388368,0.40927838318756865,-0.05489896677564646,GOOD
SEG_046,2021-11-21,-0.005666494130952854,-0.02524044753405874,0.13086091796092864,-0.0603811944353045,GOOD
SEG_047,2020-01-01,0.18307870464299883,-0.252932178773426,0.37807237261651266,0.2359083790350661,GOOD
SEG_047,2020-01-31,0.23582799034750176,0.4307799814170765,0.051698605007272136,0.14257460485807788,GOOD
SEG_047,2020-03-01,-0.021357437069190327,0.09897885114892191,-0.04113508949115774,0.20923966787772005,GOOD
SEG_047,2020-03-31,0.09663367152524541,-0.03549290709073205,0.42613024628170576,0.26684430641377754,GOOD
SEG_047,2020-04-30,0.24422584470197964,0.19524956166884055,0.5311085992601916,0.14208192705911957,GOOD
SEG_047,2020-05-30,0.025796469409470862,-0.2317883749741252,-0.055873919373181785,0.015578784329991976,GOOD
SEG_047,2020-06-29,0.15883588074184993,-0.0884607562532862,-0.062480865880962855,0.06953924497868008,GOOD
SEG_047,2020-07-29,0.1713879590962201,-0.1788575112487042,0.4182275765867634,0.132699610352852,GOOD
SEG_047,2020-08-28,0.22373866740456774,-0.0030443118885262743,-0.07892956769118303,0.09373732720923855,GOOD
SEG_047,2020-09-27,0.3919337831179833,-0.4967329273630202,-0.1299647202283736,0.2736487992251243,GOOD
SEG_047,2020-10-27,0.1138536484096673,0.4816966614839404,0.23574459699743427,0.09054726194492643,GOOD
SEG_047,2020-11-26,0.17424534982153264,-0.23158571029139974,0.40548357431815224,0.2702991239518616,GOOD
SEG_047,2020-12-26,0.11490132153287627,-0.26951166823180317,0.25648071127604805,0.12824684009470508,GOOD
SEG_047,2021-01-25,0.31255968579378723,-0.2968587909511382,0.2546669707871712,0.2817893271458023,GOOD
SEG_047,2021-02-24,0.1297533065438539,-0.3343574412771674,-0.1438112011115031,-0.011863353015569802,GOOD
SEG_047,2021-03-26,-0.059001431582366676,0.212425011725225,0.09827480044474429,0.19566575553452495,GOOD
SEG_047,2021-04-25,0.1619676900740293,-0.1779199837094858,0.1491289359092965,0.1462551337119957,GOOD
SEG_047,2021-05-25,0.003565455294878589,-0.18578821902524323,0.06459205632453846,-0.0004937359245604789,GOOD
SEG_047,2021-06-24,0.1261229035000118,0.3001006396254845,0.04998289059468253,0.038073660014631056,GOOD
SEG_047,2021-07-24,0.3985495405638929,-0.02146924914346493,-0.14831250908059565,0.24145877833811816,GOOD
SEG_047,2021-08-23,0.3579249589098754,-0.40762321937494017,0.3257815152223528,-0.07997397109749582,GOOD
SEG_047,2021-09-22,0.055799173439401356,0.0205079694597341,-0.09136592831738966,-0.06309160703139112,GOOD
SEG_047,2021-10-22,0.34746100220056697,-0.2637547774822876,0.4269558568686836,-0.02184599756409429,GOOD
SEG_047,2021-11-21,0.261604247908756,-0.34728139241295064,0.538935094089255,-0.0017413831147302383,GOOD
SEG_048,2020-01-01,0.3308441453016143,0.3342799199163231,0.21647805277140214,0.011710820980087536,GOOD
SEG_048,2020-01-31,-0.09971330431400802,-0.03922729545166315,0.418954247541434,0.17101016567426483,GOOD
SEG_048,2020-03-01,0.25917792781303717,0.2493433013945714,0.37646813561235976,0.10938816647788913,GOOD
SEG_048,2020-03-31,0.20219787696065453,-0.08758699608912857,0.03834979958509027,0.04944936640225603,GOOD
SEG_048,2020-04-30,0.27461265601160045,0.14907131935477647,-0.028225075030887947,-0.002203288250221827,GOOD
SEG_048,2020-05-30,0.10790001362420007,-0.4486537482934744,0.5529528880937673,0.25881554675109053,GOOD
SEG_048,2020-06-29,0.07738719217886855,0.012561504182269534,0.12939728898161623,0.2735908716361447,GOOD
SEG_048,2020-07-29,0.2555525115191568,-0.2303913901754695,-0.27778484181645485,-0.012522480992452817,GOOD
SEG_048,2020-08-28,0.1584987602592303,-0.37670220521440334,0.09455806078495993,0.09500672946395924,GOOD
SEG_048,2020-09-27,0.08896249432173389,0.1606162616183695,0.09587531356740625,0.18901740799905267,GOOD
SEG_048,2020-10-27,0.3767798302059696,-0.30550655410903793,0.21236539091391732,0.06703562080702682,GOOD
SEG_048,2020-11-26,0.0327538442881328,-0.017335423923938387,-0.24051983433078977,0.08732264612655047,GOOD
SEG_048,2020-12-26,0.3252969155793126,0.45566842672619035,-0.06772497356430368,0.12342743440844225,GOOD
SEG_048,2021-01-25,0.2413007158002429,0.3061889603275829,0.4004665010193817,-0.0018813841754231342,GOOD
SEG_048,2021-02-24,0.19584642239042552,0.3016737987333976,-0.06812195035929147,0.22962759777299155,GOOD
SEG_048,2021-03-26,0.08149645407738168,0.24252356886752469,0.07736237727042711,0.03248525351013104,GOOD
SEG_048,2021-04-25,0.30753041741314424,-0.3459540574683033,0.12585672572644613,-0.08776179452602313,GOOD
SEG_048,2021-05-25,0.32472503049340595,-0.21353240874978996,0.2495154516702633,-0.03404222924676158,GOOD
SEG_048,2021-06-24,0.14632423705079148,-0.40768495250959513,0.5730541915761711,0.22323939710075705,GOOD
SEG_048,2021-07-24,0.31337868832045934,-0.14274949829236994,0.21479753016507747,-0.08382806728714241,GOOD
SEG_048,2021-08-23,-0.01503280439579438,-0.1091358376727185,0.5941330130496925,-0.05698461154898915,GOOD
SEG_048,2021-09-22,0.22173201358346326,0.1999427267528433,-0.213491829136208,0.1425934351199624,GOOD
SEG_048,2021-10-22,0.04682663475531865,0.20565742861209824,0.06098462697992191,0.22278634587078425,GOOD
SEG_048,2021-11-21,0.19384154779889293,-0.38228186109900497,-0.2030929550647501,0.07956807650956432,GOOD
SEG_049,2020-01-01,0.19383539893681553,0.43743619851105486,-0.1112053095845083,0.08929131226593753,GOOD
SEG_049,2020-01-31,0.1488084638994334,0.15832944934481774,0.057740671972574986,0.18365669209532262,GOOD
SEG_049,2020-03-01,0.24992762351021872,-0.4925612966032762,0.404886012135157,0.2817158289271604,GOOD
SEG_049,2020-03-31,0.353653448083458,0.2207843898274967,0.07608317460569863,0.20834397676356178,GOOD
SEG_049,2020-04-30,0.005530880942217403,-0.16748208045694457,0.2927990769743671,0.19461818559185404,GOOD
SEG_049,2020-05-30,0.3001397231199787,-0.045047499506603805,0.3471964868297995,0.11884927240071677,GOOD
SEG_049,2020-06-29,0.3391171873258244,0.4290484075512221,0.5226946852798091,0.14350418320863736,GOOD
SEG_049,2020-07-29,0.35219021506445003,-0.24585808519413643,-0.06117067781197649,0.11229712733394157,GOOD
SEG_049,2020-08-28,0.307212338967226,0.04654592975912164,0.07507955219379853,0.10070073565407373,GOOD
SEG_049,2020-09-27,0.2306442929519685,-0.21244286164883674,-0.1957155066005104,-0.0060666354726876676,GOOD
SEG_049,2020-10-27,0.37328927919218136,-0.47930910364195756,-0.1831102703662681,0.19976409891550714,GOOD
SEG_049,2020-11-26,0.3658707353799734,-0.19050757588531764,0.18808758722545005,0.11947226714796605,GOOD
SEG_049,2020-12-26,0.37218195077050886,0.4651436744553631,-0.19796631642870416,0.08051663737752987,GOOD
SEG_049,2021-01-25,0.2945000137836862,-0.146759836551558,0.04909261335389098,-0.02427993552296029,GOOD
SEG_049,2021-02-24,0.07105059385426274,0.022086708361044094,0.3205768226186058,-0.022331823472111406,GOOD
SEG_049,2021-03-26,0.3059047155173845,-0.2876400190031304,-0.12887068197900378,0.15499569321698878,GOOD
SEG_049,2021-04-25,0.2854195082852735,-0.11272439865608519,0.27827464365947024,-0.02035476893195351,GOOD
SEG_049,2021-05-25,0.31875955837755576,0.4695837297675771,0.4758061618889357,-0.06590989490127681,GOOD
SEG_049,2021-06-24,0.07035166591313866,0.1249465481253661,-0.27076791295758196,0.2340906847658166,GOOD
SEG_049,2021-07-24,-0.03154025936161439,-0.24171859908332416,0.041623044754212024,-0.038785295842087036,GOOD
SEG_049,2021-08-23,0.39062693225277667,-0.17224615674632682,0.3406202769560263,0.24780195396371105,GOOD
SEG_049,2021-09-22,-0.008690521208899654,-0.28768953247198326,0.4203344290774685,-0.007392248365048454,GOOD
SEG_049,2021-10-22,0.24524110908085336,-0.20279359887302362,0.1971300713130067,0.01901842385660321,GOOD
SEG_049,2021-11-21,-0.06562622452409952,0.4489838253311518,0.2294738330215848,-0.057268521513335814,GOOD
SEG_050,2020-01-01,0.18450761251411382,0.36669219362641714,0.2677549893485262,-0.09326180377508503,GOOD
SEG_050,2020-01-31,0.1614875617439774,-0.22668558674536088,0.4151949119334379,0.21050492477965407,GOOD
SEG_050,2020-03-01,0.10226029669389683,0.0907701284553335,0.5196716123856493,0.015065101591826169,GOOD
SEG_050,2020-03-31,-0.004417530645483642,-0.24706378809139162,-0.18462806776944993,-0.02625682707295947,GOOD
SEG_050,2020-04-30,0.24203408433019655,-0.3670379298536488,-0.10367789530087895,0.28375992510501613,GOOD
SEG_050,2020-05-30,0.2621571050880973,0.2855974817517709,0.4819210278382981,0.03004464500322937,GOOD
SEG_050,2020-06-29,0.3349755371580161,0.3581135865059879,0.29607319845625485,0.09596533324990722,GOOD
SEG_050,2020-07-29,0.16214099783104993,-0.29616012116220336,-0.2006251626225119,0.014883974613838946,GOOD
SEG_050,2020-08-28,0.012157868032690394,-0.2990759932366692,0.47746302819292247,0.23578718744765284,GOOD
SEG_050,2020-09-27,0.3932465588618641,0.05174655847026188,0.27769964889123006,-0.04212313261680487,GOOD
SEG_050,2020-10-27,-0.06851611298637147,0.45715413156754237,-0.20359276296866546,0.25951026762370266,GOOD
SEG_050,2020-11-26,0.21375966778783753,0.47745174563175286,-0.2969662462608019,0.2834486067878307,GOOD
SEG_050,2020-12-26,0.28208110788780705,-0.24883228766898124,0.42413387331923386,0.13447694241841646,GOOD
SEG_050,2021-01-25,0.0623575279332825,0.35779644054284665,0.021192588092725284,0.20357061100353938,GOOD
SEG_050,2021-02-24,0.3332757780100284,-0.29504064867583757,0.07112388746054937,0.2983824215490084,GOOD
SEG_050,2021-03-26,0.02822826956099947,0.41820345511659696,0.0682243630904682,0.29652623319748306,GOOD
SEG_050,2021-04-25,0.19916173419688296,0.24641773573388892,0.5444445430101428,-0.0035160003776236043,GOOD
SEG_050,2021-05-25,0.29786114324558144,0.38746827342170553,-0.20991581022859246,0.1014801817622161,GOOD
SEG_050,2021-06-24,0.26945034972396187,0.48070490082507167,0.2145338015200589,0.16691943787115196,GOOD
SEG_050,2021-07-24,-0.06936242035902565,-0.05053298752289137,0.2567815916319454,-0.08740363979972537,GOOD
SEG_050,2021-08-23,0.3168098341716695,-0.3409311289062348,0.040277528068874136,-0.031449939684463635,GOOD
SEG_050,2021-09-22,0.11730922992995799,0.19968753913491621,-0.1504297372734094,0.18547880506593542,GOOD
SEG_050,2021-10-22,0.1265275797150923,0.3287755399735097,0.23484263330372418,0.16420664956359152,GOOD
SEG_050,2021-11-21,0.2991510561548528,0.33562370404621766,-0.12335731562052268,0.01821368746616278,GOOD
SEG_051,2020-01-01,0.09730352576573556,0.14965527937309686,0.34120407748111364,0.22668173949485468,GOOD
SEG_051,2020-01-31,-0.06291353463569757,0.03900288456884993,-0.22478890564143092,0.11003034871091386,GOOD
SEG_051,2020-03-01,0.29501406707058775,0.19877551970071627,-0.2195552172797951,-0.040871111676573646,GOOD
SEG_051,2020-03-31,0.06884074371293228,-0.46689387585610564,-0.2896233461645037,-0.08907127745358873,GOOD
SEG_051,2020-04-30,-0.05868369680659327,-0.30957798301592565,0.5577797891559895,-0.06069576013392495,GOOD
SEG_051,2020-05-30,0.05642201296629404,0.17217855986325104,0.41522060873235084,0.10160803689243503,GOOD
SEG_051,2020-06-29,0.16111108031218344,0.2679871028408697,-0.1644804763931598,0.22974280942448574,GOOD
SEG_051,2020-07-29,-0.09860220528380162,-0.23871470327829747,-0.07894844382922236,0.038140865077578745,GOOD
SEG_051,2020-08-28,0.03470464017868999,-0.2721552476982211,-0.010523622240054153,0.16452956214248513,GOOD
SEG_051,2020-09-27,0.003958257438204632,-0.0898165359936468,0.47042305657854616,0.12330494958169355,GOOD
SEG_051,2020-10-27,-0.06774274088177176,-0.23218931405250942,-0.25771205845978307,-0.05103581587895359,GOOD
SEG_051,2020-11-26,0.3284728789470248,-0.3225549269655521,0.553600697415155,0.09937888944284312,GOOD
SEG_051,2020-12-26,-0.06723472274280731,0.19664454013170773,0.257167216465717,0.018060444968907866,GOOD
SEG_051,2021-01-25,0.2584955600295602,-0.13174348531477553,0.3527056922058435,0.11132841834690882,GOOD
SEG_051,2021-02-24,0.0949404260392189,-0.1453239176709823,0.3752636703573052,0.20306320277038778,GOOD
SEG_051,2021-03-26,0.37960921326826524,0.41143294967149413,-0.2790623098477875,-0.06615725615670667,GOOD
SEG_051,2021-04-25,0.2860184484193712,0.23078007332209627,0.03153461454286455,0.12243612914504456,GOOD
SEG_051,2021-05-25,0.24412865094814076,-0.462459018158196,0.31814471017698315,-0.07699062826297874,GOOD
SEG_051,2021-06-24,0.057536904824824014,0.20887805612519694,0.05524800088708037,-0.011248469928786212,GOOD
SEG_051,2021-07-24,0.2032282478198046,-0.3013811167992926,0.2339859327843548,0.15234943830604245,GOOD
SEG_051,2021-08-23,0.37810529576191787,0.4181303959343018,0.2506876504810022,0.10195457785328146,GOOD
SEG_051,2021-09-22,0.34591194766902156,-0.48932805723316297,-0.13365406924610443,0.22813954361250774,GOOD
SEG_051,2021-10-22,0.022192918093490194,-0.1227088769238297,0.1250457106020308,0.1811354413549651,GOOD
SEG_051,2021-11-21,0.006850882588928214,-0.1320951535571917,0.4128742822350063,-0.046429479462254224,GOOD
SEG_052,2020-01-01,0.3190326147764032,0.08655708386967809,0.3808690689298479,0.06291160939546203,GOOD
SEG_052,2020-01-31,0.10913448958376279,-0.40777525860706476,0.5404000888230991,0.1781668327630033,GOOD
SEG_052,2020-03-01,0.06874590604621414,-0.007624470177350018,0.05594689537437675,0.07414849986519778,GOOD
SEG_052,2020-03-31,-0.003530713637064836,0.4902582619740624,0.16823090684744413,-0.01872711670004698,GOOD
SEG_052,2020-04-30,0.27258064826150774,-0.4000542539895573,-0.1420426607814791,-0.012558370071569375,GOOD
SEG_052,2020-05-30,0.11223677979056526,0.061370861859254,0.5121760757888569,0.14847146633523287,GOOD
SEG_052,2020-06-29,0.39257344919230786,0.2802432640945105,0.008348352973134965,-0.005029730567673238,GOOD
SEG_052,2020-07-29,-0.037931436846404015,-0.39752526084314477,0.03350654249176749,0.176443110984466,GOOD
SEG_052,2020-08-28,0.36748079737936434,0.21465276923301457,0.10779714429903536,0.0020976054158779733,GOOD
SEG_052,2020-09-27,0.334789995776559,0.1567712001235162,0.44725396705738235,0.1566997277875544,GOOD
SEG_052,2020-10-27,0.2917653797797132,0.07927958208396158,0.27309930515841857,0.12750448062479736,GOOD
SEG_052,2020-11-26,0.37664424097211524,0.39053967736941375,-0.2024806189055806,0.2356745504746883,GOOD
SEG_052,2020-12-26,0.21110893450557286,-0.4770393297819596,0.20211769138038,-0.03799967349173494,GOOD
SEG_052,2021-01-25,0.39734593825191733,-0.2718896454573142,0.2460579663392723,0.030311234802444437,GOOD
SEG_052,2021-02-24,0.3093864931946123,-0.21529857197393776,-0.29723498517628233,0.03787315475946823,GOOD
SEG_052,2021-03-26,0.292038025510469,-0.09376906908666993,0.38679474162198574,0.11780016921923814,GOOD
SEG_052,2021-04-25,0.00831605276067962,0.0617940610790928,0.4278679250430943,-0.060698888683284484,GOOD
SEG_052,2021-05-25,0.32165391963735557,0.2772186120379496,0.05880344202608817,-0.040419184444544336,GOOD
SEG_052,2021-06-24,0.27616642275353775,-0.4990218206754824,0.3009447043164593,0.10555944274141829,GOOD
SEG_052,2021-07-24,-0.05939294744910659,-0.3066671057469119,0.2507008776169782,0.2294242172524111,GOOD
SEG_052,2021-08-23,-0.06341859974772926,0.23773034901464563,-0.25110881844294664,0.06311641864077541,GOOD
SEG_052,2021-09-22,0.010255385329957595,-0.22019977666347101,-0.28486388619134856,0.09810751807883245,GOOD
SEG_052,2021-10-22,0.23569671262066352,0.09631200982029064,0.010095434766383693,0.12218579589923323,GOOD
SEG_052,2021-11-21,0.3662425838477842,-0.4332058893955266,0.39996588928394966,-0.0909059721312556,GOOD
SEG_053,2020-01-01,0.001309285852093639,0.41581938386719086,0.06118106989444755,0.08687711520399274,GOOD
SEG_053,2020-01-31,0.08991477456919858,-0.28112892992542926,0.07970960299801583,0.23006694767860894,GOOD
SEG_053,2020-03-01,0.34570027168048967,0.045188794260681786,-0.0236115758259684,0.13702200963850084,GOOD
SEG_053,2020-03-31,0.11557987211418067,-0.21523937586747965,-0.2523898898597303,0.08069545687702392,GOOD
SEG_053,2020-04-30,0.1566953941073946,0.4151705293852711,-0.23233929267069575,0.233583143834701,GOOD
SEG_053,2020-05-30,0.3868391954148849,-0.328380379285516,0.19151256461533744,0.19381918856426297,GOOD
SEG_053,2020-06-29,0.33832153124729336,0.3480760717041813,-0.1405050524386721,0.17261269687388855,GOOD
SEG_053,2020-07-29,0.25959146408978906,-0.07131080029322667,0.31267077948447214,0.29778707658945014,GOOD
SEG_053,2020-08-28,0.2962020055035569,-0.134913692142546,-0.2979736824445043,0.11624825937637531,GOOD
SEG_053,2020-09-27,0.2297775736676175,-0.4851678477429854,0.0015459171322513843,0.2955493493297169,GOOD
SEG_053,2020-10-27,0.18530913270542057,-0.17260745489696394,0.058137398749775304,0.08269028888631766,GOOD
SEG_053,2020-11-26,0.17336305703251678,-0.48383371566916333,-0.15749673534790676,0.2568706241803944,GOOD
SEG_053,2020-12-26,0.19911144344788437,0.1914064306823261,0.15662510970353366,0.016747044469030664,GOOD
SEG_053,2021-01-25,0.12593182931119887,0.04569238802444109,0.11209690620144441,0.22410375699750892,GOOD
SEG_053,2021-02-24,-0.002005625742412781,0.26910730430565455,0.29105406081739754,-0.08951284309058086,GOOD
SEG_053,2021-03-26,0.16609865386959602,-0.11552559925633088,-0.16507462806015175,0.14945649973926797,GOOD
SEG_053,2021-04-25,0.27488223999060657,0.2905280116446737,0.17892660041472658,0.172625093234738,GOOD
SEG_053,2021-05-25,0.33389376014604144,0.2555671482866483,0.05113898845646725,0.19107544010740266,GOOD
SEG_053,2021-06-24,0.32624079948115836,-0.2316775601267388,-0.1356995639144796,0.10943395016543075,GOOD
SEG_053,2021-07-24,0.24176279430353306,0.2393605230454593,0.4620688046688379,0.21581403729732437,GOOD
SEG_053,2021-08-23,0.030364202259506784,0.18446925789512303,0.5243974148861512,-0.025359283289193388,GOOD
SEG_053,2021-09-22,0.3730323686790624,-0.278347873178614,0.32513791024717226,0.037330018072548266,GOOD
SEG_053,2021-10-22,-0.08717036488790683,0.1458208299400814,0.16704149049941008,0.2825035911389562,GOOD
SEG_053,2021-11-21,-0.00292023008086037,0.12812775092706297,-0.1920199991019439,0.1701706853326175,GOOD
SEG_054,2020-01-01,-0.08115472836043627,0.3385628190951323,-0.11083272058458873,0.023032191658637652,GOOD
SEG_054,2020-01-31,0.30876940794096774,-0.024144368411290196,0.4612878706720504,0.10980991154127681,GOOD
SEG_054,2020-03-01,0.22165602148466754,-0.3908953049519748,0.5553481116353232,0.21698170628290483,GOOD
SEG_054,2020-03-31,-0.06992883605855796,0.23250178124690168,-0.1815290422589457,0.09120552839853321,GOOD
SEG_054,2020-04-30,0.06544661133515303,0.3090978854365114,0.4284525684883684,0.07126070683027239,GOOD
SEG_054,2020-05-30,-0.01620507039793187,-0.0072881377778825085,0.004101472043898047,0.03491413290248491,GOOD
SEG_054,2020-06-29,0.25633807570329437,0.11364782071137891,-0.1400024000419077,-0.04844126312571256,GOOD
SEG_054,2020-07-29,0.3412449972309254,-0.45712506654900964,0.4214593423616672,0.04900143933047363,GOOD
SEG_054,2020-08-28,0.2996560511215727,0.3684850954814025,-0.2376816817558592,-0.09777211748368564,GOOD
SEG_054,2020-09-27,0.3255610612027683,0.02479189348897759,0.04476080274017952,0.13457340186823089,GOOD
SEG_054,2020-10-27,0.12053191333771038,0.4494575060357763,0.27883103468978027,-0.040118125835358766,GOOD
SEG_054,2020-11-26,0.16291383139207447,0.3053847611961308,-0.14441347914331254,0.11734588684954983,GOOD
SEG_054,2020-12-26,0.05243472391392237,-0.4073959137574994,0.03944069716682136,-0.09675405953680834,GOOD
SEG_054,2021-01-25,0.1358303718418827,0.018681300477435325,-0.2216172985833766,0.08241098873895752,GOOD
SEG_054,2021-02-24,0.08945480195714131,0.36273773440136614,0.5479239533053666,0.030173695511954313,GOOD
SEG_054,2021-03-26,0.09624778275600246,0.0493740802186009,-0.13651274408057207,0.07581460762128406,GOOD
SEG_054,2021-04-25,0.22769804292378729,0.46662022312096085,0.5610219028150654,0.27043485352178387,GOOD
SEG_054,2021-05-25,0.2664025642987342,0.29940296208079675,0.29152239239574,0.13407069467116256,GOOD
SEG_054,2021-06-24,0.1888025785077325,0.3945216502261426,-0.1171321437643221,0.12237765473036802,GOOD
SEG_054,2021-07-24,0.044921396848318335,0.44189834609300127,0.21393934562326783,0.004415171937445311,GOOD
SEG_054,2021-08-23,0.3303071185285813,-0.06120400128745973,-0.13188474763975377,-0.030267773747021873,GOOD
SEG_054,2021-09-22,0.14516374881535263,0.395382723342629,-0.005810908791066605,0.13183142230283013,GOOD
SEG_054,2021-10-22,0.09856584343762351,0.29058574681065463,0.47668034470723225,0.11919179018867151,GOOD
SEG_054,2021-11-21,0.1529576974497103,0.0689213085053112,0.014381629342120616,-0.01576570661866783,GOOD
SEG_055,2020-01-01,0.28428434372111333,-0.29800480591254674,-0.049682830421694746,0.020841411460302245,GOOD
SEG_055,2020-01-31,-0.018497625909394827,-0.289948583602856,0.35516200373667844,0.2594158945338051,GOOD
SEG_055,2020-03-01,-0.08798502574684078,-0.19720934183270122,0.13017186559338684,0.16150188108639998,GOOD
SEG_055,2020-03-31,0.19674248211035592,-0.40707077377515144,0.5706731431458378,-0.04192637980634122,GOOD
SEG_055,2020-04-30,0.1332764072442794,0.16018281236019016,-0.2518468841638467,0.1423349254470375,GOOD
SEG_055,2020-05-30,0.12324550202483966,0.22299935924216308,0.29554590633751215,0.27021226146565447,GOOD
SEG_055,2020-06-29,0.06865659210235589,0.036148458819158846,0.29430349663610694,0.08213730052300247,GOOD
SEG_055,2020-07-29,0.2949184997319676,0.18304171707319983,0.2628135537530089,-0.04375551366231148,GOOD
SEG_055,2020-08-28,0.1957006066801171,0.20062569414729692,0.030054476075696723,0.2870705346762399,GOOD
SEG_055,2020-09-27,0.1981013743029489,-0.3717966692207837,0.3251045258724166,0.09862322456685796,GOOD
SEG_055,2020-10-27,0.08334530438247598,-0.19305484173765686,0.5316180409289915,-0.015194955926114015,GOOD
SEG_055,2020-11-26,0.08091128995363098,-0.3380461373976581,-0.09227388499844408,0.0979428359208428,GOOD
SEG_055,2020-12-26,0.01410062436009793,-0.37351722374550334,-0.04674109385950509,0.16003770811901222,GOOD
SEG_055,2021-01-25,0.2551658610494968,-0.21454420661640927,-0.07527230417145042,-0.050122126886665445,GOOD
SEG_055,2021-02-24,0.05412966394017041,-0.43511761448615793,0.09853104152612835,0.17082738810294965,GOOD
SEG_055,2021-03-26,0.025549776337094127,-0.0658151283656655,-0.20049579188442804,0.12197656053125402,GOOD
SEG_055,2021-04-25,-0.04981140475971338,-0.10136166009180259,0.3870998199946332,-0.06400772485439718,GOOD
SEG_055,2021-05-25,-0.0847589736117699,0.21979261270300754,0.5767810509238174,0.18172150868416556,GOOD
SEG_055,2021-06-24,-0.07610080684350004,0.3702291718700923,0.025009019471498806,0.1122776536759362,GOOD
SEG_055,2021-07-24,0.1658458458610048,0.02812232581053764,0.019800166056587132,0.07036335677924083,GOOD
SEG_055,2021-08-23,0.0001828074714641248,-0.09742014738481897,0.4403269024854856,0.26778248530250914,GOOD
SEG_055,2021-09-22,0.3153465186738298,0.1994772542547406,0.1275030524811337,-0.08716614825254419,GOOD
SEG_055,2021-10-22,-0.07471122277181083,0.0885142869178479,0.29988287553655174,-0.05027063216588084,GOOD
SEG_055,2021-11-21,0.27864361591612496,0.3579203166626945,0.26796711777742394,0.007822503370549821,GOOD
SEG_056,2020-01-01,0.31085583156684715,0.4292610281152719,0.05550018925214756,0.1424436435973284,GOOD
SEG_056,2020-01-31,0.1782710073512299,-0.20738398207682807,0.06979848978868253,0.05280160890654337,GOOD
SEG_056,2020-03-01,0.06115977032815553,-0.3169846668024703,0.3632711672782581,0.2868163481813315,GOOD
SEG_056,2020-03-31,0.3555354202691976,-0.33485727099012597,0.08770830305896227,0.29521805928872347,GOOD
SEG_056,2020-04-30,-0.07253876611207635,-0.3416415254715387,0.2988221838573922,-0.08902823737017923,GOOD
SEG_056,2020-05-30,0.2421730797805525,0.2509256721676102,0.21440621883913652,0.1381895765795015,GOOD
SEG_056,2020-06-29,0.16875090786684124,0.12596067478990103,0.5681239728688445,0.271121348921914,GOOD
SEG_056,2020-07-29,0.27891633480877753,-0.04870865533647595,0.49215959977430995,0.04242034412010395,GOOD
SEG_056,2020-08-28,0.305935142284978,-0.2404993210725861,-0.25785990523614877,0.08972305452882687,GOOD
SEG_056,2020-09-27,0.22397599767142437,-0.4159674798388133,-0.15795211821937227,0.2563959792246948,GOOD
SEG_056,2020-10-27,0.09605226657761626,0.44327016174084044,0.3032485480397454,0.23917295180897627,GOOD
SEG_056,2020-11-26,0.11176139679734778,-0.14538995603360494,-0.2603809263935691,0.25983479485466476,GOOD
SEG_056,2020-12-26,-0.04649555616441861,0.4310101677495203,0.22293037487624395,0.24359732808116544,GOOD
SEG_056,2021-01-25,0.20491240090248955,-0.11626932362617226,-0.07621056997538034,0.00593254845010191,GOOD
SEG_056,2021-02-24,-0.02883015364480304,0.4812262872861146,0.020014227345568292,0.20401968730437173,GOOD
SEG_056,2021-03-26,0.1673110380773639,0.032703442101834845,0.1516279079404238,0.14563209724750498,GOOD
SEG_056,2021-04-25,0.11245721735825695,0.12323906148240427,-0.2429310204069044,0.019959873181143534,GOOD
SEG_056,2021-05-25,0.30743168504254925,0.49857898668012357,0.4858195169576552,0.18589390935712904,GOOD
SEG_056,2021-06-24,0.17814688723923103,-0.4056044414594152,-0.0007943555579859596,0.2320235154042594,GOOD
SEG_056,2021-07-24,0.058941837587526996,-0.46843420063673036,-0.12607624882971433,0.015660867910385387,GOOD
SEG_056,2021-08-23,0.28619993446688063,-0.3732227183863923,-0.06717732671579374,0.11529605857501798,GOOD
SEG_056,2021-09-22,-0.05155094462819923,-0.42038054434321104,-0.056216930059123676,0.10678863778052003,GOOD
SEG_056,2021-10-22,0.20823408314275718,0.0384037540659804,0.4242897139759679,-0.00040968746280452273,GOOD
SEG_056,2021-11-21,-0.05485206571472209,-0.15971500733232358,-0.06490301205958005,0.02542226852053192,GOOD
SEG_057,2020-01-01,0.247383335398467,-0.1487389570967219,-0.23665470907812758,-0.0685574697778161,GOOD
SEG_057,2020-01-31,0.10539479693719825,0.20935662573291725,-0.18681326664978654,0.10586711340924754,GOOD
SEG_057,2020-03-01,-0.032056627054835224,0.03035285302456281,0.2223275044947562,-0.028428983548407866,GOOD
SEG_057,2020-03-31,0.14875172380529453,-0.44999765361193955,0.41026012817191765,0.0048523192460217385,GOOD
SEG_057,2020-04-30,0.18560507465385376,0.2825168367698142,-0.02233073717948164,0.02757290293204137,GOOD
SEG_057,2020-05-30,0.33794282295279354,0.28327910699550896,0.46885940261319276,-0.026269856779501763,GOOD
SEG_057,2020-06-29,0.24739627663759664,0.17526755053919285,-0.15576227329658018,-0.02530477905746019,GOOD
SEG_057,2020-07-29,0.10061804776764119,0.26380890843276106,0.2519458164319324,0.05605740555449992,GOOD
SEG_057,2020-08-28,0.1667044505360795,0.01706950097842419,0.0494204341920923,-0.07601255474651075,GOOD
SEG_057,2020-09-27,-0.036073924616412095,0.37461880653449997,-0.14439976051408343,0.13820975685858292,GOOD
SEG_057,2020-10-27,0.03156111111023199,-0.335890057395443,0.43079009117550654,-0.06954412416435858,GOOD
SEG_057,2020-11-26,0.07285961544675487,0.08874220199507643,0.04728250488458963,0.20102359215107543,GOOD
SEG_057,2020-12-26,-0.03829704943392756,0.05749208252665483,0.3760606945254255,0.10138507582038306,GOOD
SEG_057,2021-01-25,0.08371361600312197,0.15220703532713686,0.0046852831973936415,-0.04174320140519643,GOOD
SEG_057,2021-02-24,0.20738830851521337,0.2364789823515132,0.579435473249317,0.17286883872772743,GOOD
SEG_057,2021-03-26,0.22075783118053602,0.24226149295536903,0.14035668859443762,-0.08771796169391828,GOOD
SEG_057,2021-04-25,-0.06961089297683495,0.3467948814278211,0.24606647272135568,0.054809948689687804,GOOD
SEG_057,2021-05-25,0.2595933040429602,0.003041318280573968,-0.16965628758006696,0.1496515837126798,GOOD
SEG_057,2021-06-24,0.15735110815287964,0.21515538448532634,0.056705122414882625,0.0896682545696392,GOOD
SEG_057,2021-07-24,0.030826381079433723,-0.07250252326214912,0.44326666205050996,-0.01589359396860232,GOOD
SEG_057,2021-08-23,0.24312020484697425,0.2556517639037095,0.4204077516006251,0.16780724322944454,GOOD
SEG_057,2021-09-22,0.3019525595832575,0.06789853855430872,0.08302646122392104,0.13453033723739916,GOOD
SEG_057,2021-10-22,-0.03357754931781279,-0.020658723230256748,-0.05318323481253459,0.07976565563983837,GOOD
SEG_057,2021-11-21,0.026316615101060065,-0.23220038315503921,0.5141027069342252,0.2326566206119867,GOOD
SEG_058,2020-01-01,0.30845569654224947,0.4437014600751066,0.20992311901659683,0.2933621739518716,GOOD
SEG_058,2020-01-31,-0.09254858424844495,-0.26998055595361337,0.5000672958932917,-0.09348902087500469,GOOD
SEG_058,2020-03-01,0.17905420556496962,0.30203816798877225,0.1327618028475296,0.054493531947442,GOOD
SEG_058,2020-03-31,0.17651625979454436,0.428556176418995,0.2848880784181636,0.15646131319822473,GOOD
SEG_058,2020-04-30,-0.0025062944186410585,-0.19066998058059792,0.479719112695737,0.1354806373011834,GOOD
SEG_058,2020-05-30,-0.008810287700935088,-0.12994171815090083,0.43402231969723787,0.2773833642286777,GOOD
SEG_058,2020-06-29,0.23422098081534373,-0.07791819968318536,-0.21717522243825216,-0.09478323487941301,GOOD
SEG_058,2020-07-29,0.04109626785511386,0.30776285713181595,0.18748845973266587,-0.059771366718938124,GOOD
SEG_058,2020-08-28,0.2801043934920703,-0.07010349318615783,0.193411286041676,0.01768043802368964,GOOD
SEG_058,2020-09-27,0.16996780720892932,0.058030065561985866,0.16803511238050073,0.1541116284303448,GOOD
SEG_058,2020-10-27,0.1143771580629426,-0.1369786526744493,0.4595036593808302,0.12773987786314095,GOOD
SEG_058,2020-11-26,0.07925334518608493,0.34927012744093133,0.26795376591219716,0.13092489111145675,GOOD
SEG_058,2020-12-26,0.08427188670085492,-0.3607997898701938,-0.2344443052592235,0.08439420569302711,GOOD
SEG_058,2021-01-25,0.04839892977884622,0.10212317991911035,0.4056525198159027,-0.06137120264228982,GOOD
SEG_058,2021-02-24,-0.01148692308843588,-0.35908672509224315,0.5487226175500091,0.03370697054930555,GOOD
SEG_058,2021-03-26,-0.03405482506291649,0.3233074959632166,0.011950300730122043,0.017459390678550027,GOOD
SEG_058,2021-04-25,0.08358443490022774,0.33050453662917656,0.33927595702611163,-0.09277527350754462,GOOD
SEG_058,2021-05-25,0.005636059594455373,-0.3639875704165837,0.4628564862762767,0.08800108132326442,GOOD
SEG_058,2021-06-24,0.16008532439153508,0.4453198679716438,0.4351443764942819,-0.02689271223271561,GOOD
SEG_058,2021-07-24,0.2974206513629444,-0.12685837592000526,0.1333232921311257,-0.07643301848679429,GOOD
SEG_058,2021-08-23,0.3219202528291264,0.38590857988046345,-0.201713428028305,0.2265126456527032,GOOD
SEG_058,2021-09-22,-0.07337994418734498,0.06951187652471869,-0.12035138652127145,-0.08686878245361017,GOOD
SEG_058,2021-10-22,-0.05668814749547632,0.004180010959524583,0.406686828144137,0.12470975134186896,GOOD
SEG_058,2021-11-21,0.332602256005493,-0.08787498366375435,-0.1816454445148994,0.002836335536922613,GOOD
SEG_059,2020-01-01,-0.058678770016069054,0.40169653125489,0.3528175733693057,-0.0717107056512783,GOOD
SEG_059,2020-01-31,0.04838495930036804,0.47082020254171375,0.40530440070927937,0.19134881305677606,GOOD
SEG_059,2020-03-01,0.036504247706434095,0.04567002084420413,-0.2649739863664007,0.07170677020491553,GOOD
SEG_059,2020-03-31,0.3838365024956939,-0.18208050876705406,-0.09493364509670016,0.26845493609129567,GOOD
SEG_059,2020-04-30,0.12216675030817084,-0.22329978119814453,-0.25489114259089396,0.044042433646278495,GOOD
SEG_059,2020-05-30,0.17042107633097967,-0.16669350190227228,0.38909379684997497,-0.05714394735543382,GOOD
SEG_059,2020-06-29,-0.049941469495372065,0.27890918036930545,0.5472634080731138,-0.06209811091116962,GOOD
SEG_059,2020-07-29,-0.015904955439843632,-0.47620699252096643,0.3453780834293681,0.04837961470895186,GOOD
SEG_059,2020-08-28,-0.032383417404290765,-0.06226261778833786,-0.017627691429553893,0.21755450040131155,GOOD
SEG_059,2020-09-27,-0.04450310119516929,-0.2854012186614897,0.34752682996877476,-0.026762888114137698,GOOD
SEG_059,2020-10-27,0.041259774728960835,0.45586164172555155,0.14308142356502818,0.20599398744983147,GOOD
SEG_059,2020-11-26,-0.08597483369165929,-0.2694003830371271,0.37589650039605965,-0.07369485781149719,GOOD
SEG_059,2020-12-26,0.1894891057853307,-0.49699580462698534,0.013388826053223335,0.27507507214377147,GOOD
SEG_059,2021-01-25,0.35492864062560814,0.4554117561979695,0.5914370856325857,0.03472429478317535,GOOD
SEG_059,2021-02-24,-0.026746036687103653,-0.13865401306806246,-0.2364044887577601,-0.07627004859579484,GOOD
SEG_059,2021-03-26,-0.07060509371128779,0.04673531939728093,0.34541594159088346,0.09100025970568634,GOOD
SEG_059,2021-04-25,0.23110617918463575,0.07027599847523902,-0.03992157223760284,0.13242126613524338,GOOD
SEG_059,2021-05-25,0.06404586660880571,-0.28203379243105575,0.2695947938646745,0.23137690726236756,GOOD
SEG_059,2021-06-24,-0.008114874429580005,-0.438851694556055,-0.13190685514105627,0.2788099812647169,GOOD
SEG_059,2021-07-24,-0.08008309065121774,0.3950302145804987,0.07957935895798518,0.17070675804136645,GOOD
SEG_059,2021-08-23,0.35142645804825523,-0.41161375206689477,0.05332386940467815,-0.012022379652922452,GOOD
SEG_059,2021-09-22,0.39801124841933255,0.056483550294893825,0.5838194034153767,0.08045904434704068,GOOD
SEG_059,2021-10-22,0.376625628185139,-0.2597306115993838,0.3039328189469587,0.2529221301650433,GOOD
SEG_059,2021-11-21,-0.08766794541886805,0.09583773557903119,-0.2990123643234535,0.07796706591407787,GOOD
SEG_060,2020-01-01,-0.014541605608444058,-0.14742835680466626,0.5193471921383561,0.21427053846267738,GOOD
SEG_060,2020-01-31,0.005717999993005901,-0.12857161959770513,0.1952142692770138,-0.06737878700992458,GOOD
SEG_060,2020-03-01,-0.07777146581996339,-0.4496560711382892,0.5931737631247485,0.03586775039782478,GOOD
SEG_060,2020-03-31,0.1542601596884983,0.08188446223431722,0.5092932176227898,0.22148232909758245,GOOD
SEG_060,2020-04-30,-0.018743211771476448,-0.4460256608006935,0.19607985610050177,0.14601676253838997,GOOD
SEG_060,2020-05-30,0.1436373456843308,-0.22123887647067253,-0.1097197356967029,-0.047328362093702704,GOOD
SEG_060,2020-06-29,-0.09489605921087321,-0.37346700775832475,0.2645725008942765,-0.09478169343596497,GOOD
SEG_060,2020-07-29,0.14901351093938667,0.3504864866313906,-0.18552709649572277,0.2503242078519923,GOOD
SEG_060,2020-08-28,0.026732827707651535,-0.3029585480474991,0.3139637387240309,0.22995138185453748,GOOD
SEG_060,2020-09-27,0.16863453620763477,-0.3679808321006214,-0.23606610361182473,-0.09083289607834436,GOOD
SEG_060,2020-10-27,0.2040592299434417,0.3606006051964331,-0.1567907815885822,0.1996296732300122,GOOD
SEG_060,2020-11-26,0.09354968664006161,-0.33779764063033646,0.21074017936769035,0.22058337589691387,GOOD
SEG_060,2020-12-26,0.32071730259698794,0.4074111759160177,0.1144541185993107,0.20125716888014358,GOOD
SEG_060,2021-01-25,0.05159834765349894,-0.21306027636823865,0.3867603585489117,0.0018942871704789727,GOOD
SEG_060,2021-02-24,0.10841613167446071,-0.4914638601072069,0.28250090810706135,0.05077152600072271,GOOD
SEG_060,2021-03-26,0.008221071905756189,-0.0890643398056582,-0.176299109103742,0.2314994595612406,GOOD
SEG_060,2021-04-25,0.37747989013526884,0.03380094271117584,0.1436930802034525,0.29453147230779686,GOOD
SEG_060,2021-05-25,-0.05768230535829441,0.10078513302574765,0.3144284542071791,0.005467886390099347,GOOD
SEG_060,2021-06-24,-0.006670503731953298,-0.13436670104629966,-0.2481571284815412,0.11265150080874628,GOOD
SEG_060,2021-07-24,0.32416974406116117,0.0290019996427614,0.06510101054005679,0.04954482013028216,GOOD
SEG_060,2021-08-23,0.12676570490515462,0.08682651603301117,0.5054230417944252,0.21899505254734872,GOOD
SEG_060,2021-09-22,0.13609406870278787,0.3572463487897404,0.05372471845144999,0.27247732200662333,GOOD
SEG_060,2021-10-22,0.08496954449313135,0.0354864276777308,0.5174328558677985,0.12907461026919012,GOOD
SEG_060,2021-11-21,0.061548252353546634,0.4399513853431918,0.21814492227999976,0.0588299551668377,GOOD
SEG_061,2020-01-01,0.09240298167817221,0.43312518159775226,-0.042676296477204445,0.2990784992805059,GOOD
SEG_061,2020-01-31,0.05836744340557934,-0.19105373163900552,0.3465548904883407,-0.07766538425444014,GOOD
SEG_061,2020-03-01,0.24312922034736958,-0.3780180774950802,0.5461320130359173,0.22878065513452248,GOOD
SEG_061,2020-03-31,-0.021790792759078553,-0.13725189256932235,0.5725149124275695,0.011744060334933915,GOOD
SEG_061,2020-04-30,-0.07569528552730156,-0.0027799144834611544,0.27853423184444065,-0.03455974200459236,GOOD
SEG_061,2020-05-30,0.12235478633194821,-0.04703365167933049,0.21957424496842332,0.06012200022330455,GOOD
SEG_061,2020-06-29,0.2501329807829481,0.31529109293595436,0.4323042586102748,0.27297161083522414,GOOD
SEG_061,2020-07-29,0.3281674313635321,-0.32181859963023496,-0.18477879122539376,0.023675507862295442,GOOD
SEG_061,2020-08-28,-0.03829105135336755,0.4184730367184928,0.38675744576898513,0.11163463832772666,GOOD
SEG_061,2020-09-27,-0.02291265160554104,0.27556544833455543,-0.1415907679808456,0.18833833642837103,GOOD
SEG_061,2020-10-27,0.07612444545048094,0.39325131371473443,0.2933464945450199,-0.014716539056466263,GOOD
SEG_061,2020-11-26,0.2039618588026849,-0.4985758268287077,0.02723151719255501,0.08947256711479987,GOOD
SEG_061,2020-12-26,0.38599643645718107,-0.030457568190276563,-0.217525768155916,-0.08041802778474372,GOOD
SEG_061,2021-01-25,0.32677007317507,-0.11886701704133762,-0.2111967398766912,0.09655687846148395,GOOD
SEG_061,2021-02-24,0.2160600064765986,-0.31711499611968563,-0.2193234915488084,0.24361205843983633,GOOD
SEG_061,2021-03-26,0.06215592415115315,0.25375165240955055,-0.18207828230683695,-0.01607192462778677,GOOD
SEG_061,2021-04-25,0.2771906592228569,-0.2079630773234643,0.5974244500590249,0.038442446470895675,GOOD
SEG_061,2021-05-25,0.3791771559184005,-0.09497262494891956,0.03932424533915835,0.2284211542857523,GOOD
SEG_061,2021-06-24,0.13939422840063734,0.29873803440214763,-0.2399978118421493,0.15910171602589,GOOD
SEG_061,2021-07-24,0.32838592662994004,0.44977789599366835,0.39495318837331367,0.16128046381975594,GOOD
SEG_061,2021-08-23,0.2319850988659876,-0.2707613962075818,0.445354742915076,0.08941063480630804,GOOD
SEG_061,2021-09-22,0.3683917448900983,0.1596882348305939,0.03145869357757386,0.07124762528346174,GOOD
SEG_061,2021-10-22,-0.05433800825390231,0.22089652252178826,0.23318256353057415,-0.015392015603379591,GOOD
SEG_061,2021-11-21,0.11729839584378302,-0.3417042891184723,-0.2865819605886297,0.14909974296950465,GOOD
SEG_062,2020-01-01,0.16599015134025172,0.14726627956258664,0.06538509676383514,0.12655787752536254,GOOD
SEG_062,2020-01-31,-0.03407419533338732,0.15203431538793022,0.3074550754441066,-0.08867265146856829,GOOD
SEG_062,2020-03-01,0.3679846920371237,0.4407046186250835,0.3164440148658993,0.2600436893577669,GOOD
SEG_062,2020-03-31,0.23605674551830144,0.285637710826236,0.2732407741351726,-0.02732439865715844,GOOD
SEG_062,2020-04-30,0.39659365893448995,0.06304035812678832,0.11048532664467992,0.26866432811049346,GOOD
SEG_062,2020-05-30,0.1176292184606634,-0.09908630477082825,0.21515627133133602,0.13723434343975457,GOOD
SEG_062,2020-06-29,0.32895047489786844,-0.46697375161160837,0.06603543996689859,0.04120133016924474,GOOD
SEG_062,2020-07-29,0.12068971424951472,-0.3900900417362757,0.27149076170391867,0.16002954351333795,GOOD
SEG_062,2020-08-28,0.07488228570715319,-0.33848800116020294,-0.15500795158441902,0.06541018687016115,GOOD
SEG_062,2020-09-27,0.18495838777516285,-0.16460080734100901,0.05412383089820172,0.2690412976792246,GOOD
SEG_062,2020-10-27,0.053695775974678533,-0.24260213385846774,-0.23430546065765318,0.25867514105246225,GOOD
SEG_062,2020-11-26,0.03789397321015339,-0.049109598360293494,-0.09622654231318895,0.252367011516211,GOOD
SEG_062,2020-12-26,0.06409400291928743,-0.07987175786268941,0.24489487670850024,0.09081121600731024,GOOD
SEG_062,2021-01-25,0.024588609329213668,-0.3963886576344209,-0.29282151015150754,0.25768648910596614,GOOD
SEG_062,2021-02-24,0.15928605849946906,-0.3072836079667106,0.26726753070041404,0.21374760393142264,GOOD
SEG_062,2021-03-26,0.11641865316128938,-0.1956133292503548,0.536010352206822,-0.04064731978316756,GOOD
SEG_062,2021-04-25,0.26691943132793317,-0.038529065748166724,0.4726245116750453,0.2457276593334646,GOOD
SEG_062,2021-05-25,0.11512205887903401,0.30616442917943965,0.5304280885778194,0.1437935776066806,GOOD
SEG_062,2021-06-24,0.011411142850476536,0.042039756109789495,0.033887949908168014,0.25400720299692026,GOOD
SEG_062,2021-07-24,0.1287596475063081,-0.3168884048974281,0.06591972252071676,0.16240931185418792,GOOD
SEG_062,2021-08-23,0.3107772020260702,0.33119510880127845,-0.27059741320496783,0.21658789188148533,GOOD
SEG_062,2021-09-22,-0.02350468081935883,0.30471767227216506,-0.2192964771243197,0.16506566993081243,GOOD
SEG_062,2021-10-22,0.014190446349089975,0.29393921637069453,0.45124366454743886,0.2788996727673163,GOOD
SEG_062,2021-11-21,0.2769458492185234,0.2587759730181325,-0.12092670588986829,-0.04660937333013431,GOOD
SEG_063,2020-01-01,0.026819444478643956,-0.03155397295226747,-0.239051267797821,0.17690320349590696,GOOD
SEG_063,2020-01-31,0.20498057733242755,0.2509037614899181,-0.01633016970596385,0.2594580016982341,GOOD
SEG_063,2020-03-01,0.28479123733310074,0.3160647339197713,-0.14643541193389137,-0.08838264579539055,GOOD
SEG_063,2020-03-31,0.3047497128747362,0.29716327040941803,0.5255441963189496,-0.09344579252342294,GOOD
SEG_063,2020-04-30,0.26110617001945946,0.4162918242165854,-0.0669508472494896,0.2532391296221749,GOOD
SEG_063,2020-05-30,-0.04706457621492974,0.28665973866287353,0.24064819024610268,0.24490620846413588,GOOD
SEG_063,2020-06-29,0.2144611535531951,-0.1605216003523079,0.48498886181429485,-0.07436439639366058,GOOD
SEG_063,2020-07-29,0.027361230235018158,0.0071332359664669776,0.36554783607043,0.27886172606767845,GOOD
SEG_063,2020-08-28,-0.07642686173608229,0.030915852322351944,0.5694092352849354,-0.08321454752771205,GOOD
SEG_063,2020-09-27,-0.06303304488057423,0.35505774654063393,0.47665847645656195,0.09389250365301383,GOOD
SEG_063,2020-10-27,0.07747982285247293,0.09817762165024446,0.36169678566734914,0.2589599542746487,GOOD
SEG_063,2020-11-26,-0.009106049077399953,-0.47853598474922365,0.47143951103341003,-0.04013859288590563,GOOD
SEG_063,2020-12-26,0.3543858140531879,0.24003790867284358,-0.298643045700189,0.11583138649598945,GOOD
SEG_063,2021-01-25,0.15428728609986717,0.08011060895359978,-0.0024657390224248066,0.008384849025681401,GOOD
SEG_063,2021-02-24,0.3374779847011782,-0.310533510237762,0.3136839002622331,0.09873407857828931,GOOD
SEG_063,2021-03-26,0.016585728779462933,-0.31501347234584,0.5291537102178283,0.08966612016828887,GOOD
SEG_063,2021-04-25,0.304760605113903,-0.3661787731366086,0.2887078466415172,0.1290818474445574,GOOD
SEG_063,2021-05-25,-0.02418261769632854,-0.18225388738658554,0.3817057549831007,0.18045256907214416,GOOD
SEG_063,2021-06-24,0.23204015256444196,0.45395535364661654,-0.26152914026142654,0.050793284404271194,GOOD
SEG_063,2021-07-24,0.22735064081218007,0.260283118868867,-0.2635972534176078,0.009044541638781475,GOOD
SEG_063,2021-08-23,0.3144178449097863,0.2821109673102903,0.03490187655586713,0.01842900965023575,GOOD
SEG_063,2021-09-22,0.04897712652992267,-0.4915639005304785,0.3872183242780283,-0.0561058892880729,GOOD
SEG_063,2021-10-22,0.29730623136560297,-0.3223386364428904,0.5352617841379976,0.26622651199232916,GOOD
SEG_063,2021-11-21,0.040884488618863984,0.37021628319692446,0.37404089778447885,0.21002831681178744,GOOD
SEG_064,2020-01-01,0.05281913686609643,-0.4360361542890062,-0.04411010409306265,0.14469369427244555,GOOD
SEG_064,2020-01-31,0.3329205494817966,-0.40995239860520194,0.47643076891822805,0.07860540197320054,GOOD
SEG_064,2020-03-01,0.24915448426888318,-0.3891063352275205,0.19459747163885943,-0.07719477647739602,GOOD
SEG_064,2020-03-31,0.27399787143354726,0.039241368596706905,-0.12594738982934775,0.058411866988396816,GOOD
SEG_064,2020-04-30,0.25489218682762604,0.435317556226835,0.1978356534257621,-0.03526447139708751,GOOD
SEG_064,2020-05-30,0.11609777273242952,0.3226349536880003,0.38065786132613527,0.27342495394964705,GOOD
SEG_064,2020-06-29,0.34138197585842966,-0.29615336496762823,0.4331016260034363,0.06300361722745981,GOOD
SEG_064,2020-07-29,-0.011483435341531817,-0.04512420218620561,-0.07695105604344538,0.12085999043197271,GOOD
SEG_064,2020-08-28,0.20438689944280145,-0.4008506486339354,0.1865078342276349,0.10324072459664882,GOOD
SEG_064,2020-09-27,0.2821269226680815,0.44097453877566173,-0.2821936364065517,0.28106703429118707,GOOD
SEG_064,2020-10-27,0.34942697858189187,0.03822626562898357,-0.20959396011627812,0.16167567614680126,GOOD
SEG_064,2020-11-26,-0.04466550144425305,0.46993698621854796,0.07709932641386874,0.2412915186084539,GOOD
SEG_064,2020-12-26,-0.024662352720293407,-0.10921076404399888,0.03177550678207003,0.2813364113032082,GOOD
SEG_064,2021-01-25,0.20837132970701824,0.09317661498117735,0.5019982178299254,-0.03499694066217965,GOOD
SEG_064,2021-02-24,0.3308265880041933,-0.4775251862030342,-0.05869463261469143,0.09007180673694423,GOOD
SEG_064,2021-03-26,0.18121793271544287,0.05324579612796654,0.23576009580162077,0.022797410744433533,GOOD
SEG_064,2021-04-25,0.30136385190584725,0.3019826598768558,0.4622818996909414,-0.054982175198336015,GOOD
SEG_064,2021-05-25,-0.046591079245353134,-0.119179358385747,0.3987651603359869,0.11348167666183226,GOOD
SEG_064,2021-06-24,-0.01454932422091229,0.3356942675086091,0.5879266532380814,-0.03438944101789124,GOOD
SEG_064,2021-07-24,0.16732064349041811,-0.24733733118646406,0.16807511220825594,0.20806897646617747,GOOD
SEG_064,2021-08-23,0.17042855155119754,-0.2630388094570163,0.23550395342114566,0.08949072737071359,GOOD
SEG_064,2021-09-22,0.29415139470457285,0.4151985720748108,-0.25748103260570254,-0.014858373862730673,GOOD
SEG_064,2021-10-22,-0.09135630238368939,0.4682409387105373,0.02169275245563912,0.01711353688565312,GOOD
SEG_064,2021-11-21,0.184741111292639,0.0026536119071395303,0.13186713324921234,0.1884053495891875,GOOD
SEG_065,2020-01-01,0.015463097659436292,0.418933989820081,-0.02728551361915077,0.2875715769888908,GOOD
SEG_065,2020-01-31,0.3092501026263309,-0.12577475484583767,-0.02920486892760804,-0.08455225414684474,GOOD
SEG_065,2020-03-01,0.11273510444208382,-0.3217395679337025,0.5450466392159279,-0.027679985389458622,GOOD
SEG_065,2020-03-31,0.14020015783893527,-0.11120236438830211,0.18706546842840555,0.17389371927221822,GOOD
SEG_065,2020-04-30,-0.09694667946882954,0.3304366997021113,0.572504240449234,0.014987943568876186,GOOD
SEG_065,2020-05-30,0.2292060166032421,0.44650485434684584,0.5374664484115643,-0.0728042157611379,GOOD
SEG_065,2020-06-29,0.16803585381261274,0.045577807214158716,-0.07825730401473535,0.03860202001239371,GOOD
SEG_065,2020-07-29,0.2564013274729897,-0.18737218453434745,0.0654721953279565,0.29099934548842044,GOOD
SEG_065,2020-08-28,0.054256912318193656,-0.4072538595026258,0.10341317064089484,0.022902525273695587,GOOD
SEG_065,2020-09-27,0.2661243367783598,-0.3878650156165151,0.4105236445344537,0.08449763989175105,GOOD
SEG_065,2020-10-27,0.0666850195503533,-0.011669609617105836,0.18088403438967948,-0.011101784720314395,GOOD
SEG_065,2020-11-26,0.39020151861838925,-0.07287598448739141,-0.26630888982354206,0.08977370710977195,GOOD
SEG_065,2020-12-26,0.3136049619125274,-0.06520506602559628,-0.015627273799150576,-0.07496204878848514,GOOD
SEG_065,2021-01-25,0.302888502121899,0.01185787506403424,-0.20862555086094406,0.12581002373539504,GOOD
SEG_065,2021-02-24,0.0894499508049911,-0.3374147222005587,0.4281649526785421,0.13554013351244462,GOOD
SEG_065,2021-03-26,0.11500581227985437,0.47166878660049427,0.0073095451846155735,0.14383655365568973,GOOD
SEG_065,2021-04-25,0.16564585754990888,-0.2660474566172041,0.5380113446368449,0.18354809683674764,GOOD
SEG_065,2021-05-25,0.03846767595455999,0.43788300838023253,0.3988310885804334,0.019016321358839197,GOOD
SEG_065,2021-06-24,0.31194260781679417,0.38983293988017953,-0.004265926244866158,0.18399150243703918,GOOD
SEG_065,2021-07-24,0.1919034937872021,0.23112807824323423,0.2482824392192054,0.25887761015467226,GOOD
SEG_065,2021-08-23,-0.05902535519703442,-0.4856112902892362,-0.004650420132640942,0.13223979928827553,GOOD
SEG_065,2021-09-22,0.33692431658460187,0.02307228740240508,0.05209674897669475,0.10934802623036846,GOOD
SEG_065,2021-10-22,-0.059041984460792535,-0.25423831038359856,0.5874643473867776,0.09667364309517187,GOOD
SEG_065,2021-11-21,0.3332331678497452,0.34371004045110476,0.21557278608715186,0.23836926271594752,GOOD
SEG_066,2020-01-01,0.31452945641053076,-0.18691902798031634,0.1541333078191796,0.20034319168528178,GOOD
SEG_066,2020-01-31,0.2722066026983331,-0.3781394617581869,-0.08298199393944208,0.13379721069282358,GOOD
SEG_066,2020-03-01,-0.039368709015290076,0.22350694556975292,-0.26196371751598274,-0.07637167665337193,GOOD
SEG_066,2020-03-31,0.04966842983729172,0.21463364706217147,-0.1140743310718624,-0.07212848095364316,GOOD
SEG_066,2020-04-30,0.24510355945184434,0.009657000903967594,0.23962546706832116,0.12733997477694162,GOOD
SEG_066,2020-05-30,0.3207770786098899,-0.06979819319883307,0.03004624597416966,0.28225055125921605,GOOD
SEG_066,2020-06-29,0.07335867803489379,0.37722074326641974,-0.20886420799905236,0.01607092692285575,GOOD
SEG_066,2020-07-29,0.32763015686872576,0.044702273566285755,0.07964178843119452,0.20628372922586477,GOOD
SEG_066,2020-08-28,0.2523976902773889,-0.08779133799267269,-0.26853426915428635,-0.058062757183754955,GOOD
SEG_066,2020-09-27,0.104797371582074,-0.23439902035255966,0.5777816089687828,0.28533382452857414,GOOD
SEG_066,2020-10-27,0.11111033906907178,0.4336269263715674,0.1581991164768206,-0.05902056317538884,GOOD
SEG_066,2020-11-26,0.18767223437041577,0.0751327037609203,-0.25958675834126643,0.09811884284654834,GOOD
SEG_066,2020-12-26,0.15282815671183556,0.2635313708945828,-0.04960234429958443,0.14546643647297475,GOOD
SEG_066,2021-01-25,0.16881878729394298,0.3927566517418213,-0.17779369681125534,0.09638399220492208,GOOD
SEG_066,2021-02-24,0.27877947980071394,0.33914372199848586,0.4386848371020718,0.21026386535419014,GOOD
SEG_066,2021-03-26,0.17418835636188565,-0.0568125348396632,0.3726716035845115,0.2847202316283265,GOOD
SEG_066,2021-04-25,0.20252142627707262,0.12268865788835515,-0.19855462426042852,0.28060556456180397,GOOD
SEG_066,2021-05-25,-0.016570626311419784,-0.460480772526341,-0.0642305347246076,0.16208351208979607,GOOD
SEG_066,2021-06-24,0.27898095801285827,-0.43371524647116466,-0.24906260642000672,0.1760565116845009,GOOD
SEG_066,2021-07-24,0.22162327347428853,-0.4405027656154026,0.13444906654304478,0.14645025524367802,GOOD
SEG_066,2021-08-23,0.137334721352992,0.24440880410205257,0.5846672209365917,0.2462200609841997,GOOD
SEG_066,2021-09-22,0.032507364572516545,0.3900739006243438,0.2811175592698459,-0.014406030856396732,GOOD
SEG_066,2021-10-22,0.007556116023140075,-0.025108858853584493,-0.1656216398511842,0.0597425176163042,GOOD
SEG_066,2021-11-21,0.34663125575552745,-0.08589542119620963,-0.1780122416982756,0.12849649596330812,GOOD
SEG_067,2020-01-01,0.3828484245103756,-0.47400313765905755,0.1152553833616457,0.14613437492096165,GOOD
SEG_067,2020-01-31,-0.07937177589817199,0.00931609029035263,0.4961395499707269,0.16203439053847654,GOOD
SEG_067,2020-03-01,0.29617358934832605,0.4987936131356504,-0.20013659363589079,-0.033126450934536325,GOOD
SEG_067,2020-03-31,0.31252628052824316,0.2595762707407353,-0.03617781496684486,0.21460739055476655,GOOD
SEG_067,2020-04-30,0.27766440615908117,-0.3580839264813822,0.35931154431757434,0.27460768718814543,GOOD
SEG_067,2020-05-30,0.0041220637947430305,-0.31736844464640135,0.27739751609384206,0.04124889765920123,GOOD
SEG_067,2020-06-29,0.38533729343536205,-0.36606347359457325,0.5532167383317035,0.23086449710143145,GOOD
SEG_067,2020-07-29,0.1685120350921235,0.4221873495101456,-0.21817308400827223,0.22216927835305647,GOOD
SEG_067,2020-08-28,0.11397994008348769,0.3788081773243912,0.5825982739204585,0.16978580481201713,GOOD
SEG_067,2020-09-27,0.27460071679473397,-0.061678001129147675,0.29161427618370356,0.29056865003279075,GOOD
SEG_067,2020-10-27,0.10183196131617053,0.23697705362811405,0.38768216502798986,0.2733159864660495,GOOD
SEG_067,2020-11-26,0.015230613494673667,0.04033243856590618,0.15887535880015513,0.008167607930443757,GOOD
SEG_067,2020-12-26,0.2572079496669879,-0.49027165645232396,-0.2406737409674826,-0.03340011775701686,GOOD
SEG_067,2021-01-25,0.008902003623464466,-0.4390404967917414,-0.28364366446666894,0.1075988601949911,GOOD
SEG_067,2021-02-24,0.18586864385052745,0.2781449226150522,0.5993450923337278,-0.05147276743613909,GOOD
SEG_067,2021-03-26,0.3101999895091986,-0.3611362823433356,0.14502490596016765,0.27352752225621446,GOOD
SEG_067,2021-04-25,0.17088851032836996,0.2330552588167667,-0.029818587832197596,0.2955967898447669,GOOD
SEG_067,2021-05-25,0.36067967860670846,0.31593564779428773,0.5751967521796957,0.10601999544301632,GOOD
SEG_067,2021-06-24,0.3411902356340101,-0.18165923586139898,0.2959375213363478,0.12211838557053142,GOOD
SEG_067,2021-07-24,0.02988711820885484,0.3478644241745077,-0.28916553809067436,0.04520753384665635,GOOD
SEG_067,2021-08-23,0.1910023327565594,0.2040536349515485,0.4769071680603904,0.07277697456364854,GOOD
SEG_067,2021-09-22,0.16953743364755,-0.40839784079254926,0.1562960642351715,0.2682602052026176,GOOD
SEG_067,2021-10-22,0.16543922478948017,0.0007971144262147734,-0.2369749848008708,0.00483198073156825,GOOD
SEG_067,2021-11-21,0.011134590001556283,0.4957457740190163,-0.2843428395123844,0.017863697073429566,GOOD
SEG_068,2020-01-01,0.3872764174914508,-0.1540484311844348,-0.28389097259805934,0.16622345109664668,GOOD
SEG_068,2020-01-31,-0.057373477042515525,0.061557600217334474,0.1701344320847975,0.08331249382098291,GOOD
SEG_068,2020-03-01,0.11360784794630027,-0.14915251665136742,-0.18741589913942996,0.16194558413162655,GOOD
SEG_068,2020-03-31,0.34560274381381706,0.4134464038428194,0.3785274619809829,0.024822623675571837,GOOD
SEG_068,2020-04-30,0.04992287897623829,0.3252174255728191,-0.27736210825768237,0.1488156917336958,GOOD
SEG_068,2020-05-30,-0.02554961793321006,-0.2651215542128509,0.2025008415057678,0.0687422993274753,GOOD
SEG_068,2020-06-29,0.3763570285710427,-0.10575890948576339,0.5881790690378397,0.10375517723555747,GOOD
SEG_068,2020-07-29,0.3917825388781294,0.4563926676407293,0.2592610440506707,0.076771917593104,GOOD
SEG_068,2020-08-28,0.2311957313107091,0.078181095869016,0.2752007505813549,0.04464224879456977,GOOD
SEG_068,2020-09-27,0.017646740053620186,0.3640944158425571,0.43052552333867095,0.023039812009476315,GOOD
SEG_068,2020-10-27,0.11641181723578506,-0.24722218063025747,0.36442931202120304,0.042512131224950955,GOOD
SEG_068,2020-11-26,0.2832074669142246,-0.398924651216115,0.33923170753727255,0.09722304872903248,GOOD
SEG_068,2020-12-26,0.23858410860135906,0.2889550200663522,0.1503985150679078,0.24560003132429778,GOOD
SEG_068,2021-01-25,0.3330856717159282,-0.48171345630797235,0.4620680189766408,0.22662346989141854,GOOD
SEG_068,2021-02-24,-0.006755945655947365,0.3631898539461761,-0.19338252218507415,0.0605794312088421,GOOD
SEG_068,2021-03-26,0.33614752778871504,-0.11494944205230939,0.5887088593289906,-0.01894569646371705,GOOD
SEG_068,2021-04-25,-0.05526727733169598,-0.22397752082024724,0.5445225567511147,-0.016057359284716813,GOOD
SEG_068,2021-05-25,0.22611577792009666,-0.0850591209114554,0.40260685588638107,-0.05801508461050364,GOOD
SEG_068,2021-06-24,-0.07453573077261996,0.0073267464218326195,-0.21133004185817417,0.15920567001371186,GOOD
SEG_068,2021-07-24,0.11877475582333694,-0.27654312299417605,0.17709822467776842,0.18246752059274865,GOOD
SEG_068,2021-08-23,0.13399100303182113,0.26045279246746067,0.3435529850723433,0.08717930350289077,GOOD
SEG_068,2021-09-22,0.34687863887400405,0.17684610631854747,0.49120374010764994,0.13523145804924744,GOOD
SEG_068,2021-10-22,0.109612662194886,0.36329116006227113,0.5097032719302508,-0.09721035605054747,GOOD
SEG_068,2021-11-21,-0.09263476144628066,0.15133184385965137,0.3022167085209035,0.017264089566930083,GOOD
SEG_069,2020-01-01,0.1757430164233281,0.3469159339062341,-0.06637656123511715,0.16655271790075246,GOOD
SEG_069,2020-01-31,0.3571953413319511,-0.1353228785322499,0.37371103052528737,0.2509887514809427,GOOD
SEG_069,2020-03-01,0.3638718217970661,-0.28241438271384733,0.027580809159417297,0.2916900513798504,GOOD
SEG_069,2020-03-31,0.21000139019710415,0.3657025338868155,0.22009857463283972,0.015423359101502013,GOOD
SEG_069,2020-04-30,0.3070237130502994,-0.18360717700308826,-0.09423015756781669,-0.04105595916231275,GOOD
SEG_069,2020-05-30,0.25645756793837216,-0.25493196970903587,0.30097194225313034,0.274287252469255,GOOD
SEG_069,2020-06-29,0.14933445982862678,-0.2404233234472022,0.594262588321576,0.09623358996380668,GOOD
SEG_069,2020-07-29,0.35719704353894055,-0.3888329108296653,0.19140779371101824,-0.0694559904759144,GOOD
SEG_069,2020-08-28,0.08114029340295989,-0.34523552375748356,0.46867373544722374,0.1557967246938182,GOOD
SEG_069,2020-09-27,0.2690728874600523,0.49077526010432626,0.3945316869926842,0.06914060048211845,GOOD
SEG_069,2020-10-27,0.08082690009576851,0.3055089657274964,0.37922882875133174,0.09227373758422922,GOOD
SEG_069,2020-11-26,-0.0920271270859365,-0.3142876037309522,0.09807044391971936,0.22853517852096547,GOOD
SEG_069,2020-12-26,0.2852889081528067,-0.10557276245019453,0.17526957662808873,0.29250606938451695,GOOD
SEG_069,2021-01-25,0.22635132555800672,-0.12275304881339788,-0.1138130185795192,0.09129391892431796,GOOD
SEG_069,2021-02-24,-0.03081842229465201,0.10374205652907742,-0.10390070226933937,0.11160552928220444,GOOD
SEG_069,2021-03-26,0.16165777442473225,-0.10661567307023878,0.3114811145542588,-0.02945403737564574,GOOD
SEG_069,2021-04-25,0.28600142726596534,-0.02573463171709489,0.21993945446839952,0.19688148225488658,GOOD
SEG_069,2021-05-25,0.060834515137575124,-0.049768156872890934,0.36307084505499126,0.10007665036731583,GOOD
SEG_069,2021-06-24,0.31558678366711845,0.026968741861521983,-0.16755367993883497,-0.027628929982015868,GOOD
SEG_069,2021-07-24,-0.026387479595298607,-0.3967125556884942,0.38541905483238487,0.2343666448139803,GOOD
SEG_069,2021-08-23,-0.021192688432380286,0.38304087924357744,0.03475402223034224,0.015580046976223144,GOOD
SEG_069,2021-09-22,0.0036651715059359546,0.3564778924470514,-0.13874592804564237,-0.08816480964872611,GOOD
SEG_069,2021-10-22,0.23930413200527675,-0.23136237639594337,0.4459427324659298,-0.07577999108343461,GOOD
SEG_069,2021-11-21,0.36192545143521626,-0.054351777679518265,0.40067914080175665,0.2552689026070635,GOOD
SEG_070,2020-01-01,0.304169956000781,-0.3400903153180971,-0.049226648328693445,0.07744050453076134,GOOD
SEG_070,2020-01-31,-0.0695672126253182,0.3809764038756046,0.25420400616284317,0.1450992668200244,GOOD
SEG_070,2020-03-01,0.14662814356454593,0.040918140569172645,-0.22169402655915338,0.2579230713027475,GOOD
SEG_070,2020-03-31,0.1152235422973569,-0.0802186991828494,0.0556195667482427,0.03245107479114173,GOOD
SEG_070,2020-04-30,0.19319206391883917,-0.4766050766956541,0.35050736144567635,0.10226619797695419,GOOD
SEG_070,2020-05-30,-0.07770257463440192,-0.489770437291955,0.34338156975902195,-0.058686904415354936,GOOD
SEG_070,2020-06-29,0.3410583556214275,-0.26180339142906284,-0.2706830110285912,0.0036192254490074183,GOOD
SEG_070,2020-07-29,-0.016113643926834648,-0.14247911373350286,-0.26333669618839173,0.22383499853086333,GOOD
SEG_070,2020-08-28,0.06428039892097795,0.217913513503599,0.5077159034464598,-0.009585470392357728,GOOD
SEG_070,2020-09-27,-0.003625946957070275,-0.3377987943996248,0.4648216964428185,0.05764569914083606,GOOD
SEG_070,2020-10-27,-0.038775576180496846,0.33165328924296844,0.4097941267678081,0.2010634340948547,GOOD
SEG_070,2020-11-26,0.2073940356593478,0.45137884509892634,-0.1938860436649722,-0.00290925512617575,GOOD
SEG_070,2020-12-26,0.19764877920923365,0.3669642229989297,0.27682551133346606,0.12654288471683703,GOOD
SEG_070,2021-01-25,0.1408087900742033,-0.2678808665085799,0.06070404585672873,0.2776616466747289,GOOD
SEG_070,2021-02-24,0.3528531213919335,0.20121952165219803,0.5013206091428528,0.07028937673707461,GOOD
SEG_070,2021-03-26,0.3372799625151923,-0.2295178840973644,-0.1280533220649228,0.18206021519271945,GOOD
SEG_070,2021-04-25,0.1909433455759557,-0.3949325360394069,-0.08601349443516632,0.23652648642471244,GOOD
SEG_070,2021-05-25,0.2706244984691004,0.35996954240867707,-0.16200711895769054,-0.06263027339661606,GOOD
SEG_070,2021-06-24,0.267976885019507,0.4691271707968686,-0.02773999501396207,0.11709261680573976,GOOD
SEG_070,2021-07-24,0.1947838901958515,0.05819002114235139,0.018861135734226542,0.04318737647714338,GOOD
SEG_070,2021-08-23,0.06677176816962585,0.0034561811805526865,0.40594917404167,0.1940963552215448,GOOD
SEG_070,2021-09-22,0.2942680551555048,-0.48201053783553793,0.1571238416397045,0.05915943229870502,GOOD
SEG_070,2021-10-22,-0.0599234507019237,0.0856022342427828,-0.1481042936451418,-0.036390408359129725,GOOD
SEG_070,2021-11-21,0.2784664790441207,0.4888570703556815,0.10249991681347037,0.12098825398441898,GOOD
SEG_071,2020-01-01,0.1970108241269166,0.2880610079574937,0.24493608200512135,0.16204970305414632,GOOD
SEG_071,2020-01-31,0.31957173143556494,0.4628730534070167,0.025175855959040705,-0.02231787686016698,GOOD
SEG_071,2020-03-01,0.00980301069323089,-0.12926446077961085,-0.11928702231594196,0.1476747816134589,GOOD
SEG_071,2020-03-31,0.38254527159507457,0.4317642340725407,-0.17079045165134057,0.09434141415082165,GOOD
SEG_071,2020-04-30,0.33515419635846877,-0.10907768248483396,-0.10345022650181965,0.1102886310613996,GOOD
SEG_071,2020-05-30,0.22951739112516165,0.35738969015278954,0.30596700832390583,-0.017765599539760396,GOOD
SEG_071,2020-06-29,0.11763641498860075,-0.3627831046380756,-0.1199553270349312,-0.06034328821572839,GOOD
SEG_071,2020-07-29,0.1616794495359519,-0.0233912099076663,0.07820093858887273,0.26743456647411545,GOOD
SEG_071,2020-08-28,0.1142834395499974,-0.4305385613934587,-0.004985581543198281,0.03607234984662164,GOOD
SEG_071,2020-09-27,-0.008623941089300952,0.3822048095516867,-0.0416719801401666,-0.012322928174447065,GOOD
SEG_071,2020-10-27,0.15049158120123565,-0.11127882024199154,-0.07002441880277005,0.12810904312388743,GOOD
SEG_071,2020-11-26,0.1797059549682586,-0.45853756158892833,0.3193929688695775,-0.03081735909622911,GOOD
SEG_071,2020-12-26,0.06860807920180798,0.3856363841366194,0.1335379136184353,0.27744259914135005,GOOD
SEG_071,2021-01-25,0.010187252897603721,0.0336305206839187,-0.06433478143240917,0.07093642070862935,GOOD
SEG_071,2021-02-24,0.03790368367835381,-0.0429635714647969,0.05656136464303202,0.05007059300647493,GOOD
SEG_071,2021-03-26,0.2397182966650989,-0.11230055425302421,-0.08954395380825594,0.12138107694571107,GOOD
SEG_071,2021-04-25,0.20446438331623887,-0.4664419297994491,-0.24617057864191055,0.08112458728366476,GOOD
SEG_071,2021-05-25,0.3188139645833501,-0.11494125410591172,-0.03894965590042104,-0.005524842848357817,GOOD
SEG_071,2021-06-24,0.1545980261476603,-0.2887259719740617,0.056722241898941095,0.15784484577188376,GOOD
SEG_071,2021-07-24,-0.008294989091792354,-0.08968738550057598,0.4718595126855178,0.26448982231210494,GOOD
SEG_071,2021-08-23,0.27996375310976196,0.1762527793481552,0.42750434759115014,-0.081323667206732,GOOD
SEG_071,2021-09-22,0.15185751451529148,-0.018422134314392435,0.05982444153475269,0.19675639523218455,GOOD
SEG_071,2021-10-22,0.24723465686817195,-0.4413172955635061,0.28312052690090855,0.12441377169664933,GOOD
SEG_071,2021-11-21,-0.06940387501367704,-0.43027186094061187,0.38670541604290426,0.13115217367092535,GOOD
SEG_072,2020-01-01,0.1682538924011913,-0.34026174626843586,-0.19200176890442483,-0.03843261772787705,GOOD
SEG_072,2020-01-31,0.16694673084798692,0.3223585324768611,-0.022835120933716313,0.004965809499072021,GOOD
SEG_072,2020-03-01,-0.05645098136897461,0.27108271596882727,0.5618771485548573,0.020994757673406195,GOOD
SEG_072,2020-03-31,0.09019067883049844,-0.32036777538426675,0.25523720388100085,0.2278104112702853,GOOD
SEG_072,2020-04-30,0.27124957433258656,-0.22206393138551006,0.4077147239507874,0.22468922452421033,GOOD
SEG_072,2020-05-30,0.3300161969938241,-0.49441961656239164,0.270615917736401,0.28153926325110523,GOOD
SEG_072,2020-06-29,-0.048521925584920994,0.1504913855412161,-0.0726620264780827,0.2089595186141692,GOOD
SEG_072,2020-07-29,-0.04278117837028958,-0.44560078578505113,0.23916936129028993,-0.03756963189760958,GOOD
SEG_072,2020-08-28,0.38046990058944696,-0.4344100098739446,-0.15659937365427581,-0.03991094372066222,GOOD
SEG_072,2020-09-27,0.3732631967596364,0.16051337011649436,-0.28268350130409786,-0.041077934156834674,GOOD
SEG_072,2020-10-27,0.16991844923117097,-0.07701765047714704,0.23310268533885964,-0.05506669068565269,GOOD
SEG_072,2020-11-26,-0.03326555996882949,-0.48325691938320003,0.26241039490731205,0.08251579122787289,GOOD
SEG_072,2020-12-26,0.30153430996411335,-0.1185148087873007,0.2858646636120406,0.15677000955665635,GOOD
SEG_072,2021-01-25,0.23096197221594453,0.1577496837273551,-0.031569067045482624,0.1630517777112284,GOOD
SEG_072,2021-02-24,-0.008680194797666047,0.4094726835657665,0.21288859103779684,0.06202762074148077,GOOD
SEG_072,2021-03-26,0.08771631389202575,-0.36704238620056473,0.3883696042169447,0.17588231655460204,GOOD
SEG_072,2021-04-25,0.08360836721541157,0.4416304176925223,0.311702703793656,0.2883589185567843,GOOD
SEG_072,2021-05-25,0.12588472067593623,-0.001587031418311069,0.16599368626247946,0.010578092751116014,GOOD
SEG_072,2021-06-24,0.28773141661632584,0.47015600300535254,0.06697736498216855,0.1341228695919816,GOOD
SEG_072,2021-07-24,-0.07475114110367057,-0.24342770735923014,0.24434897878759626,0.05478063578760292,GOOD
SEG_072,2021-08-23,0.19170344176956047,-0.3230792865965978,0.5032862909903926,0.05078213694772962,GOOD
SEG_072,2021-09-22,0.1740807989535791,-0.28466375678318545,0.37634607700676775,0.19392154061037073,GOOD
SEG_072,2021-10-22,0.05055393845371173,-0.25294094342882234,0.17267268043309386,-0.08045770668012708,GOOD
SEG_072,2021-11-21,0.28221790864873886,-0.41536220792861367,0.5919379108656142,0.06098037365032294,GOOD
SEG_073,2020-01-01,0.29620472231864803,0.24119123557257094,0.29520148041953126,0.2411628277115694,GOOD
SEG_073,2020-01-31,-0.02384712807411951,0.13556778314423923,0.18920764269731621,-0.04704189588674304,GOOD
SEG_073,2020-03-01,-0.03228383996765519,0.4085907117378452,-0.0034441310243588097,0.2878483972234158,GOOD
SEG_073,2020-03-31,0.20431560405496282,0.3003996096723146,0.26014673001281535,0.0044075118264535335,GOOD
SEG_073,2020-04-30,-0.08302238565297801,0.4877373714544363,0.03301941277137699,0.11357924381407672,GOOD
SEG_073,2020-05-30,0.16309613671382303,0.07187094787661374,0.580353673787882,-0.038825920946312965,GOOD
SEG_073,2020-06-29,0.1453762600482534,-0.3794840223280993,-0.15296988274016307,-0.009784671770438139,GOOD
SEG_073,2020-07-29,0.2211817933975095,-0.42672541367762507,0.5915214097024011,0.039844742602437366,GOOD
SEG_073,2020-08-28,0.31791255244548855,0.0976202318238727,-0.23611561110833537,-0.02068961705077768,GOOD
SEG_073,2020-09-27,0.12427697586495859,0.04995017952422587,-0.2999231159556087,0.00837344376260725,GOOD
SEG_073,2020-10-27,0.34242749365098124,0.19182821986780074,0.1233924289955568,0.02854110621278383,GOOD
SEG_073,2020-11-26,-0.05508578984692228,0.19507651954063976,0.564912251320995,-0.03341651897466784,GOOD
SEG_073,2020-12-26,0.07700886915953262,-0.49854437750344616,0.011685056165964325,0.19679504656509675,GOOD
SEG_073,2021-01-25,0.024438180037875984,0.1664054551495101,0.5296429511795528,-0.08124359653409585,GOOD
SEG_073,2021-02-24,0.3463942248812252,-0.3827703331442458,-0.05133771310567237,-0.09265000523787435,GOOD
SEG_073,2021-03-26,0.09130947960040062,0.2689454418444531,0.3904621567263787,0.195366247687891,GOOD
SEG_073,2021-04-25,-0.08947912208709322,-0.05518395800755771,0.1864364080965728,-0.03937929453926641,GOOD
SEG_073,2021-05-25,0.0018618409424085158,-0.2632700104821787,0.34874966573544813,-0.04713953971836707,GOOD
SEG_073,2021-06-24,0.28431095644992443,-0.06799745196564488,-0.2616856533659234,0.18793370117233557,GOOD
SEG_073,2021-07-24,-0.05367178864459923,0.3390956798410847,0.44009226205557633,0.1516805913618979,GOOD
SEG_073,2021-08-23,0.06764288223204709,-0.22432294820588217,0.004653021728914075,-0.08118172185745771,GOOD
SEG_073,2021-09-22,0.24187208739010893,0.4877885144869403,-0.16793394896179056,0.025415778833300706,GOOD
SEG_073,2021-10-22,0.37928998913600787,-0.44329484653813245,0.1786403239593392,0.25668499672088496,GOOD
SEG_073,2021-11-21,0.18614746905475285,0.229194665282077,0.2189211796601815,0.0684898193967319,GOOD
SEG_074,2020-01-01,-0.031066052060424204,-0.11563269739097037,0.365876818307925,0.020482745815646283,GOOD
SEG_074,2020-01-31,0.30630044062373707,-0.10662927302342629,-0.26262303921130337,0.0583238966426432,GOOD
SEG_074,2020-03-01,-0.09599285563884566,0.045018662421169475,-0.19138527356196874,0.243832442809211,GOOD
SEG_074,2020-03-31,0.20415502288301404,-0.16103358448982552,0.31970360711237694,0.20695703310596272,GOOD
SEG_074,2020-04-30,0.09621157661698768,-0.4504610104614424,0.34494704514817537,0.07215319884716842,GOOD
SEG_074,2020-05-30,0.39074122171910286,0.09053584897383504,-0.17664402023359932,0.02760910775014752,GOOD
SEG_074,2020-06-29,0.18052990183523152,0.2183662619294524,0.235718668627446,0.039144309250266796,GOOD
SEG_074,2020-07-29,0.19855898318514956,0.18582874812926853,-0.16553274757405242,0.09732937996545732,GOOD
SEG_074,2020-08-28,0.054798461279871896,-0.07694280869898684,0.10288045413372288,0.018533076193659695,GOOD
SEG_074,2020-09-27,0.15198393823640763,-0.47282686031605115,0.03701294406804101,-0.020380888340189293,GOOD
SEG_074,2020-10-27,0.07343050065099929,-0.05996229073344461,-0.2443454613083772,-0.04842058068739555,GOOD
SEG_074,2020-11-26,0.26596146131060083,-0.1346331371829349,-0.21263356125348465,0.22466019487343422,GOOD
SEG_074,2020-12-26,0.2214928915068726,0.02471284298021348,0.21802090464804597,0.05914385150291687,GOOD
SEG_074,2021-01-25,-0.0025958557385698244,-0.17773086046067577,0.2465458955273518,0.005537261447910252,GOOD
SEG_074,2021-02-24,0.2730460170435345,-0.02173130327787276,0.1266430208173392,0.19241462674350193,GOOD
SEG_074,2021-03-26,0.020947752956352622,-0.3103462766832944,0.435641742715916,0.17608129294654187,GOOD
SEG_074,2021-04-25,0.3342885895098411,0.42155937949844746,-0.010055986672150019,0.20523462642391208,GOOD
SEG_074,2021-05-25,0.13669888048785248,-0.2632429106388282,0.5397468413278292,-0.03621853821326981,GOOD
SEG_074,2021-06-24,0.3957876540725417,-0.43474133742392196,0.25516260392970574,-0.008818722483082506,GOOD
SEG_074,2021-07-24,0.3447289951447692,-0.49090720862377124,0.3054010647158642,0.03255976980888331,GOOD
SEG_074,2021-08-23,0.11820875468996914,0.18972618586832146,0.260102159250498,-0.01930419638420902,GOOD
SEG_074,2021-09-22,0.28672840877759476,-0.06750403349924683,0.2628751319068349,0.2116330479101772,GOOD
SEG_074,2021-10-22,-0.08311504365898068,-0.1015742391213098,0.5357218084399697,0.1920453026239349,GOOD
SEG_074,2021-11-21,-0.015267141074296359,0.0034233614515429833,-0.02618805973421906,0.15206979896922093,GOOD
SEG_075,2020-01-01,0.279305382694393,0.006339551262590781,0.08522486990763828,0.06809919815576104,GOOD
SEG_075,2020-01-31,0.30242512713505565,0.1623597367265216,0.021147159269924887,0.23877980647641509,GOOD
SEG_075,2020-03-01,0.19750630440451653,0.14568887342660075,-0.11202080030710651,0.10908744908962098,GOOD
SEG_075,2020-03-31,0.1990784599989409,-0.4226131941550415,0.2388678872771957,0.18242628129150298,GOOD
SEG_075,2020-04-30,0.0037685727436931604,0.3235460550855541,0.3975697955873158,0.07460744171321051,GOOD
SEG_075,2020-05-30,0.19286191502172031,0.4345603650847084,0.1803007060663656,0.16036660693475555,GOOD
SEG_075,2020-06-29,-0.008773751240015087,-0.049569976054598563,0.3671812581204668,0.2950840977406689,GOOD
SEG_075,2020-07-29,0.3133554469403017,0.4291439550889651,-0.15454613635758196,0.05907666896323094,GOOD
SEG_075,2020-08-28,0.12512561278737924,0.14296002347794334,0.28403838973321743,-0.07687657079151938,GOOD
SEG_075,2020-09-27,0.2616683231868514,0.0755345496716634,0.033070093100761144,0.022378937803323937,GOOD
SEG_075,2020-10-27,0.2433492647253825,0.12353214077159402,0.2106321111138158,0.21871190484410694,GOOD
SEG_075,2020-11-26,-0.040334901024791286,0.33941069649907385,-0.24658142315941245,0.2520227794072296,GOOD
SEG_075,2020-12-26,0.10317601766840831,-0.22221694640409972,0.14933601691543097,0.2707156196914271,GOOD
SEG_075,2021-01-25,0.11547669647111433,-0.49427913124227085,-0.25292719566990934,0.10950995816710837,GOOD
SEG_075,2021-02-24,0.07645011192319537,-0.1749038911870765,-0.16148437516679937,0.256709644963407,GOOD
SEG_075,2021-03-26,0.0008582420706410299,0.029283668149529984,0.5209344095063921,0.2992446196848172,GOOD
SEG_075,2021-04-25,0.10410462913656929,-0.4544181310989195,0.25998984998814106,0.2239561228055054,GOOD
SEG_075,2021-05-25,0.20573176121668693,0.0346741096924158,-0.2726428830265452,0.14348533087032758,GOOD
SEG_075,2021-06-24,0.13781519605359674,-0.015209064871023914,0.4601703616035469,0.2285076436261054,GOOD
SEG_075,2021-07-24,0.035150900209794805,-0.4868174843577735,-0.014004140176358315,-0.08310505609500801,GOOD
SEG_075,2021-08-23,0.14913268029771673,0.13915828580663214,-0.09950518745382533,0.0004859110022502333,GOOD
SEG_075,2021-09-22,0.20849562678849196,-0.22973514983699572,0.28560625079811847,0.2234968777198,GOOD
SEG_075,2021-10-22,0.3207658427618606,-0.4824377635967446,-0.1279111805562257,0.024871561388864677,GOOD
SEG_075,2021-11-21,0.3778337551229414,-0.3863212119318097,-0.022113690823135468,0.10539412170456064,GOOD
SEG_076,2020-01-01,0.33689597173195995,0.19633137072848483,0.4253828148827237,0.010581481772724333,GOOD
SEG_076,2020-01-31,0.1743180967001016,0.21643151061766275,0.38106960618462987,-0.033701460184912074,GOOD
SEG_076,2020-03-01,-0.009103349434493563,0.09035548726943454,0.2914829177405371,0.15689661775457323,GOOD
SEG_076,2020-03-31,0.04745052449010087,-0.35331858779226255,0.04333632469919185,0.04472552782804459,GOOD
SEG_076,2020-04-30,0.2624663581863482,-0.2799364056157815,0.12638146733598704,0.08012398965559542,GOOD
SEG_076,2020-05-30,0.30627569629466544,0.26291026158998765,0.08557195354046343,0.22956882498482675,GOOD
SEG_076,2020-06-29,0.19046248392373608,0.2032669429443038,-0.23645881291920012,0.2164246721421779,GOOD
SEG_076,2020-07-29,-0.08010422720390217,-0.047566974543430174,-0.11088215323916073,0.10567533393594294,GOOD
SEG_076,2020-08-28,0.2135937578626221,-0.33235173370698823,0.4440968058626001,-0.015960846824860736,GOOD
SEG_076,2020-09-27,-0.024531160899269128,0.09367782174906214,0.31313288508278697,-0.02783731784070645,GOOD
SEG_076,2020-10-27,-0.022656849293417075,0.06707243358374149,0.41020046313120667,0.10919789863698304,GOOD
SEG_076,2020-11-26,0.35770418793629843,-0.11197602961012265,0.38438260752580117,0.2862896162152009,GOOD
SEG_076,2020-12-26,0.20334769149670587,-0.26903223079514726,-0.052589138487278225,0.1825760409575131,GOOD
SEG_076,2021-01-25,0.14541489902102808,-0.039758335716780446,0.2527650860875034,0.24490088080932018,GOOD
SEG_076,2021-02-24,0.26986753754899395,0.2659421575874723,0.4558779077593455,0.16328006654619556,GOOD
SEG_076,2021-03-26,0.07873819964743542,0.14370745490203907,0.17231784634736935,0.14714692414851216,GOOD
SEG_076,2021-04-25,0.004618288966531353,0.4718585839595638,-0.019773014206422468,0.02342750992704605,GOOD
SEG_076,2021-05-25,-0.07539021745900773,-0.0994036530274589,0.5914321556655513,-0.05446766518265207,GOOD
SEG_076,2021-06-24,0.12516712404009014,-0.05359131442213927,-0.251906866682028,0.2529920582238544,GOOD
SEG_076,2021-07-24,0.18725248877035547,-0.20655554514572239,0.5234814903524092,0.2958703047987894,GOOD
SEG_076,2021-08-23,0.05964900135906723,-0.28137020946754143,0.14874820974043546,0.16476206841561977,GOOD
SEG_076,2021-09-22,0.2312731923132473,-0.2664785749877946,0.15813956152016312,0.28469276594984616,GOOD
SEG_076,2021-10-22,0.22126648039995658,0.4959297688427978,-0.09590821337718353,-0.029979862868529855,GOOD
SEG_076,2021-11-21,0.29854848529793765,-0.4760340083633794,0.1199073912154422,-0.01707841962608367,GOOD
SEG_077,2020-01-01,0.14352808396419423,0.24072367647209203,0.5310137311829553,0.1439037415829437,GOOD
SEG_077,2020-01-31,0.17590569880532206,0.14553043122685827,0.5485127334148534,0.2564961343956995,GOOD
SEG_077,2020-03-01,0.30864921570737913,-0.2966043375879911,0.13816806398164605,0.07989939536989193,GOOD
SEG_077,2020-03-31,0.38554671630741055,0.27065053533194805,-0.27419538028004037,-0.03937494032158742,GOOD
SEG_077,2020-04-30,-0.041712470509744276,0.3906916990027398,0.07405450820476123,0.08096795517110733,GOOD
SEG_077,2020-05-30,0.35763530299257595,-0.2221151577391023,0.4301769551270968,0.2686877460243452,GOOD
SEG_077,2020-06-29,0.34982218738111726,-0.29124322738350916,0.0939463106897051,0.06935068831958394,GOOD
SEG_077,2020-07-29,0.2178323518649827,-0.22392182190528165,0.06324485546550052,0.009739125650422814,GOOD
SEG_077,2020-08-28,0.3408410463749241,-0.35988750406687187,0.42810352995399165,0.22542244807644643,GOOD
SEG_077,2020-09-27,0.35229795069562586,-0.11860781242230611,0.25110649667929935,0.03394203590159123,GOOD
SEG_077,2020-10-27,-0.07750940164057238,-0.2836681088261751,0.4724834983935325,0.2171251234985774,GOOD
SEG_077,2020-11-26,0.3683955750681287,0.4685438593557937,0.40153879716764057,0.2701438387732089,GOOD
SEG_077,2020-12-26,0.02060016750060792,-0.2665748516760418,-0.07257815351608177,0.04447888218162452,GOOD
SEG_077,2021-01-25,0.030357182386078957,0.2816676764813081,0.11218959371287235,0.10682344873713467,GOOD
SEG_077,2021-02-24,0.1477735565998833,-0.06455327253843934,-0.21471727667414026,-0.022272330368258014,GOOD
SEG_077,2021-03-26,0.0030652134951096033,-0.41569226738384013,-0.21711070951456685,-0.07403083369085005,GOOD
SEG_077,2021-04-25,0.12805380112423673,-0.45466268349335004,0.3042491962376999,0.15234472311885802,GOOD
SEG_077,2021-05-25,0.3318624229275202,0.3219681425257477,0.290891130105632,-0.0022435518369146867,GOOD
SEG_077,2021-06-24,-0.07288508271791236,0.45893763379903507,0.08856349205114578,0.034096252849122266,GOOD
SEG_077,2021-07-24,-0.05208118375660445,0.28826134021135075,-0.27542235282552063,0.06354306483387831,GOOD
SEG_077,2021-08-23,0.34641822669598743,-0.294193336003985,0.36616970872414184,-0.04374019167207184,GOOD
SEG_077,2021-09-22,-0.0764042296542293,-0.12221927836657953,0.289513539707498,-0.06175768387055314,GOOD
SEG_077,2021-10-22,-0.04948562535478515,-0.27217507629288473,-0.14312161559421213,-0.027385814437201186,GOOD
SEG_077,2021-11-21,0.04165411641171782,-0.3737595810251062,-0.026148651040319992,0.10023892044939939,GOOD
SEG_078,2020-01-01,0.19167162608636754,-0.14339075798155954,0.09353886824338709,0.08152682672934947,GOOD
SEG_078,2020-01-31,0.1359488562881108,-0.26794665786466465,0.06428927221413894,0.20975881246362674,GOOD
SEG_078,2020-03-01,0.2820153023944253,-0.1099132749405416,-0.15806455066234812,0.21501368357625086,GOOD
SEG_078,2020-03-31,0.024606797115205886,0.348996017736233,0.328172274185591,-0.03629841718511706,GOOD
SEG_078,2020-04-30,0.18059650801330882,0.1987421116933209,0.3297387483219803,0.06308885254645885,GOOD
SEG_078,2020-05-30,0.27748910855459497,-0.11174273122955758,0.5314010533180176,-0.03970618159231476,GOOD
SEG_078,2020-06-29,0.1735261430264273,-0.27539445218457603,-0.0556918956991119,0.27607446509405553,GOOD
SEG_078,2020-07-29,0.16919995303122318,-0.20396489973733756,0.12335002445588944,0.15556619237769906,GOOD
SEG_078,2020-08-28,0.15004653291144374,-0.39849389051160655,0.5072434909898815,0.10610762135916554,GOOD
SEG_078,2020-09-27,-0.016976914647908764,0.3300976512824497,-0.29633976408327845,-0.061832474846036205,GOOD
SEG_078,2020-10-27,0.18692041787507543,-0.38217537006873714,0.5812909559178163,0.2916182943745702,GOOD
SEG_078,2020-11-26,0.2743326275726877,0.4914950417827638,0.2695511866212114,0.05544016612305633,GOOD
SEG_078,2020-12-26,0.3302872896437561,0.08863117270625498,0.5093504568227951,-0.09546073611011639,GOOD
SEG_078,2021-01-25,0.0916338530130881,-0.20786836320789936,0.11414812639048738,0.1481687528192938,GOOD
SEG_078,2021-02-24,0.37796628024291024,-0.3925638260706644,0.014913914402876094,0.20934294632440573,GOOD
SEG_078,2021-03-26,0.013210705040483911,-0.22782462856126717,-0.05529283662215065,0.0904952166010197,GOOD
SEG_078,2021-04-25,0.18167587721904846,0.2971424362909446,-0.061228022875265686,0.1913481594982038,GOOD
SEG_078,2021-05-25,-0.09478903794542112,-0.21707422600431814,0.2890075254391095,0.1361259480205678,GOOD
SEG_078,2021-06-24,0.1809106216981772,0.3817002133818649,0.4678942149526952,0.2703318450423179,GOOD
SEG_078,2021-07-24,0.37738655226540607,0.26970831454226507,-0.0679647367317251,0.25812747997855545,GOOD
SEG_078,2021-08-23,0.13902768107307797,0.4843698715515421,-0.2134484712995804,0.23493337315085946,GOOD
SEG_078,2021-09-22,-0.05679479915382088,-0.004487603038503818,-0.117049641987573,-0.04590736394318676,GOOD
SEG_078,2021-10-22,-0.09784594714055969,0.4706494430665106,0.16867907494366802,0.22120170490504673,GOOD
SEG_078,2021-11-21,0.248600190412562,0.2726070577609251,0.2468147850916838,0.2879011256579751,GOOD
SEG_079,2020-01-01,0.20733310047770218,-0.388801249432405,0.5872860837061384,-0.051154307179279934,GOOD
SEG_079,2020-01-31,0.360040630159957,-0.28220501295107425,-0.25374074973264205,0.1387247880204303,GOOD
SEG_079,2020-03-01,0.2788299622237237,-0.0031518881053205217,-0.01930090632975795,-0.06997928618783776,GOOD
SEG_079,2020-03-31,0.037958617957668,0.02571182634608027,0.5188396835550608,0.07036753115185121,GOOD
SEG_079,2020-04-30,0.25037809509958675,-0.15926687842096476,0.10627593184323064,0.2756320377093793,GOOD
SEG_079,2020-05-30,-0.0567889889490428,-0.34393769212278524,0.063786601423786,0.2041686584157054,GOOD
SEG_079,2020-06-29,0.22695475191243494,-0.22554561412906948,0.45494900122459264,-0.09796254340759325,GOOD
SEG_079,2020-07-29,0.30401334726291673,0.3769487888004489,-0.2969126502307268,0.15526858264346563,GOOD
SEG_079,2020-08-28,-0.029640702874557417,-0.028287616315157527,-0.14834952374580074,0.10060087955032301,GOOD
SEG_079,2020-09-27,0.04195425068278222,0.036050038618728464,0.12393821100941244,0.24653127835853297,GOOD
SEG_079,2020-10-27,0.033988292710375484,0.10533954801063061,-0.19576017629090164,0.04921028581233872,GOOD
SEG_079,2020-11-26,0.3835910453638758,0.44367908271399337,0.5348810287643746,-0.0341072059686677,GOOD
SEG_079,2020-12-26,0.07969210429676812,-0.010624926116134747,0.5824898089233141,0.13951798307648558,GOOD
SEG_079,2021-01-25,0.35501675779641384,0.21229504006521582,-0.0035144677882916198,0.020512914887670555,GOOD
SEG_079,2021-02-24,0.177835087515378,0.2998674471239168,-0.040946662727836536,0.25351438113691827,GOOD
SEG_079,2021-03-26,0.07217643744394878,0.48133879834955007,0.20332085772028458,0.18414739658852722,GOOD
SEG_079,2021-04-25,0.2626926724050229,0.21872458193177557,-0.07447709040308931,0.26708492310005283,GOOD
SEG_079,2021-05-25,0.2921239203664716,0.09235648492101622,-0.024545048713047413,0.2072623372699495,GOOD
SEG_079,2021-06-24,0.2447352249102194,-0.14071389366788334,-0.1620964261305354,0.14309475660622903,GOOD
SEG_079,2021-07-24,0.08562732429821848,0.39367989482902943,-0.22530508295323054,0.02733895821542029,GOOD
SEG_079,2021-08-23,0.009975995998897674,-0.47950431323030396,-0.04768240395928813,0.09156425214673863,GOOD
SEG_079,2021-09-22,0.3546989730758594,-0.17689135817656398,0.4887954654576842,-0.09633988281636313,GOOD
SEG_079,2021-10-22,-0.05999174395811116,0.20943804179146164,-0.022967209670321342,0.18805851438937785,GOOD
SEG_079,2021-11-21,0.3640832730710293,-0.11582728345604865,0.4506867181441842,0.12523983660040125,GOOD
SEG_080,2020-01-01,-0.00935843091116298,-0.27775884532687467,-0.22568979941351225,0.1560143755013357,GOOD
SEG_080,2020-01-31,0.3524105224078383,0.1901585580202685,0.24008480669246074,0.07704874324182162,GOOD
SEG_080,2020-03-01,0.28454931667757577,0.40517253517525986,0.023264341175908754,-0.0037048292447916104,GOOD
SEG_080,2020-03-31,0.07747562658609544,-0.46698302797096625,-0.10609604858607805,0.2356006092745904,GOOD
SEG_080,2020-04-30,0.23571221524863936,-0.45125105897901285,0.21880880158710153,0.15719478202914786,GOOD
SEG_080,2020-05-30,0.1908836217523778,-0.15840838528955792,-0.21049498439502284,-0.041510041999203384,GOOD
SEG_080,2020-06-29,0.05455217660388853,0.22709410227460447,0.22143040446751422,0.14865963104932148,GOOD
SEG_080,2020-07-29,0.38118658134740124,0.15088956525567632,0.1218507760683139,0.2664196097309588,GOOD
SEG_080,2020-08-28,-0.04086513439216191,-0.20429166447385472,0.38124329311750366,-0.021675316459896704,GOOD
SEG_080,2020-09-27,-0.07079334279670998,-0.32320485518251785,0.12383826064536235,0.25853230285544926,GOOD
SEG_080,2020-10-27,0.10338972904600521,-0.42582089605067996,0.34922510208526863,-0.07605035854613883,GOOD
SEG_080,2020-11-26,0.13891168323386863,-0.07242199626194112,0.0017696717490776614,-0.045806687619779664,GOOD
SEG_080,2020-12-26,0.042241942313021114,0.012628751752035816,0.0726765625074744,0.26464593558901606,GOOD
SEG_080,2021-01-25,0.06832602684538489,0.4083305466596643,0.21281782967677215,0.11514959801614078,GOOD
SEG_080,2021-02-24,0.15110242460465692,-0.11990118488677282,0.25134522384272956,-0.0492760182294286,GOOD
SEG_080,2021-03-26,0.1850623431488064,0.38238465030067914,0.006744489863254766,-0.015876275541335666,GOOD
SEG_080,2021-04-25,0.11398514283045877,-0.20716288548716077,0.08797432184669962,0.2463194572717434,GOOD
SEG_080,2021-05-25,0.38111804875656397,0.4095871914096708,0.1401080530521573,0.23376909901330298,GOOD
SEG_080,2021-06-24,0.11293024405741217,-0.33531327338008543,0.4327313223626658,0.13110252704614123,GOOD
SEG_080,2021-07-24,0.1837413117990145,-0.1730089606115408,0.18044869106954597,0.03352113622053943,GOOD
SEG_080,2021-08-23,0.19863852241880373,-0.26858495369780755,-0.012380982697471843,-0.09128603752288536,GOOD
SEG_080,2021-09-22,0.3343382633573583,0.1567431715968849,0.5109309129709998,-0.02558141604857367,GOOD
SEG_080,2021-10-22,-0.09687381354393629,0.4107078190512129,0.5752191680928465,0.1892158227182558,GOOD
SEG_080,2021-11-21,0.22486503053815707,0.029699781044977613,-0.2157534892607894,0.08111342059225013,GOOD
SEG_081,2020-01-01,0.05832807147514549,0.21776773722863896,0.055236760820551845,0.06008041729312327,GOOD
SEG_081,2020-01-31,0.11316925510935946,-0.4956557071743627,-0.23937274895909755,-0.04467268322920548,GOOD
SEG_081,2020-03-01,0.034210885042325306,-0.11230174588332498,-0.0721854523128917,0.2858758654286797,GOOD
SEG_081,2020-03-31,-0.016807193538156268,0.4773133076082008,0.18623161200230426,0.06218867152561344,GOOD
SEG_081,2020-04-30,0.34532627029294494,0.37670808222875907,0.23945456832477968,-0.09038926493438706,GOOD
SEG_081,2020-05-30,0.2817988778172643,-0.4064182869486752,0.20753287328388986,-0.013940410690902419,GOOD
SEG_081,2020-06-29,0.29354158155482357,0.030596328641438464,0.32183080468415587,0.1833926756449991,GOOD
SEG_081,2020-07-29,0.02764044716230543,-0.4318622793164021,-0.046339027171639735,0.008775702840060837,GOOD
SEG_081,2020-08-28,-0.04848608868405055,0.015051593227134785,-0.1044826639474882,0.02411771851206264,GOOD
SEG_081,2020-09-27,0.040916118202279056,-0.3900101446579527,0.4567154410040197,0.08032118841682331,GOOD
SEG_081,2020-10-27,0.20315467166571047,0.19391484974886875,0.28125423813578326,-0.018317626465163134,GOOD
SEG_081,2020-11-26,-0.0574062728555865,0.0712862496824771,0.44394156819912817,0.05415204298061349,GOOD
SEG_081,2020-12-26,0.332418760016873,-0.16716054104531886,0.5811366981467512,-0.017048253491747503,GOOD
SEG_081,2021-01-25,0.08237301689332469,-0.26058456311085165,-0.07728139593711356,0.16245343861957487,GOOD
SEG_081,2021-02-24,0.06757554396822327,-0.4566856468727005,0.31318750304896964,0.11577034239287354,GOOD
SEG_081,2021-03-26,0.2943465557524504,-0.1590276121757288,-0.15816873080391347,0.23029272395976155,GOOD
SEG_081,2021-04-25,0.2693261806298807,-0.43876999493981517,-0.012058323523374437,0.24991512452917983,GOOD
SEG_081,2021-05-25,0.16758543743229462,0.0643029058267004,0.12471122900065379,0.2544004342617402,GOOD
SEG_081,2021-06-24,0.13457135429933867,0.4198538567639549,0.5551137870557721,-0.053618549940375765,GOOD
SEG_081,2021-07-24,0.29011638090960357,-0.4385214819861939,0.09832684037581091,-0.06682232574693306,GOOD
SEG_081,2021-08-23,0.3821559863233158,-0.15120124266401402,0.29278215643082267,0.23950651532903547,GOOD
SEG_081,2021-09-22,0.23892785973706768,0.08256421708238726,0.12726307583974877,0.050479285015954306,GOOD
SEG_081,2021-10-22,0.08881383360927989,0.35469440545535613,-0.12470577017355822,0.21159147401456316,GOOD
SEG_081,2021-11-21,0.24107538578155066,-0.13547071668299548,0.4022981920317093,0.14965719938364846,GOOD
SEG_082,2020-01-01,0.02162333138783809,-0.4499311539362145,-0.1973841056144429,0.0971367084639991,GOOD
SEG_082,2020-01-31,0.3547652272559406,-0.08094099157368129,-0.27234299515539834,-0.08692131896451026,GOOD
SEG_082,2020-03-01,0.3592569241445165,-0.29669190778838805,-0.013219946919976688,0.10304003805039427,GOOD
SEG_082,2020-03-31,0.026074553968026853,-0.2575340198703171,0.5066218617543019,0.1021429089430784,GOOD
SEG_082,2020-04-30,0.3974572731171121,-0.005144821907034025,-0.1751618397566817,0.16295987489124578,GOOD
SEG_082,2020-05-30,0.3942506392322638,-0.0019400218888331322,-0.1843178789236514,-0.09895451057136749,GOOD
SEG_082,2020-06-29,0.273141483876818,0.2899107412805261,-0.012333411146590034,0.13569130904700674,GOOD
SEG_082,2020-07-29,0.33955412374796223,0.19607399944581816,-0.12166727863612206,-0.006211288808976881,GOOD
SEG_082,2020-08-28,0.3535372520171568,-0.4431355765284457,-0.2660553602099448,-0.07903390071891742,GOOD
SEG_082,2020-09-27,0.16584725069692927,-0.45514511932812507,0.17405459790920813,0.29295888825760896,GOOD
SEG_082,2020-10-27,0.21081876806763963,-0.269884869088464,0.5311161870975858,0.1825108475107702,GOOD
SEG_082,2020-11-26,0.3053872491506764,-0.3596694694083534,-0.17660515079691114,0.1540757698687594,GOOD
SEG_082,2020-12-26,0.12899926396758918,-0.49625411725182134,0.012734338791850985,0.18712309664573665,GOOD
SEG_082,2021-01-25,0.02225344407695154,0.36201795647198654,0.0893853518923759,0.2719474321687311,GOOD
SEG_082,2021-02-24,0.11109536888600927,-0.26721948031804854,0.598828380311822,0.19337861497257455,GOOD
SEG_082,2021-03-26,0.1393581174244302,0.36973301990286966,-0.18726124545647327,0.11230814916697981,GOOD
SEG_082,2021-04-25,0.2273701868821392,0.37909783256006857,0.40408512112418,-0.03541399103435805,GOOD
SEG_082,2021-05-25,0.24961849334756495,-0.30528376663069234,0.2792232271833259,-0.06574988976239457,GOOD
SEG_082,2021-06-24,-0.09966212189272214,-0.2085660727263975,0.22535883648435567,0.22336939668056696,GOOD
SEG_082,2021-07-24,0.14800278760560573,-0.20361418258445318,0.19414016049164645,-0.024815610313013353,GOOD
SEG_082,2021-08-23,0.28660334587401426,-0.39063955178900356,0.5525020800727427,0.055012632398788425,GOOD
SEG_082,2021-09-22,0.07545943633255506,-0.4071874429704011,0.17958915380583002,-0.06788847849283469,GOOD
SEG_082,2021-10-22,-0.00818216554116366,-0.2302302897396249,0.3336054055000635,-0.02762118422134821,GOOD
SEG_082,2021-11-21,-0.029352054038455394,-0.3038230537025791,-0.18885792798170586,0.19243456088658725,GOOD
SEG_083,2020-01-01,0.0723147748009669,0.4954635886934259,-0.15415415239069064,0.24039282855103192,GOOD
SEG_083,2020-01-31,0.21946932597296528,-0.4801870365409542,-0.17750864527264532,0.004671692208934888,GOOD
SEG_083,2020-03-01,0.29630251279017716,0.13505634135216738,0.5947280915259892,0.17891447487167253,GOOD
SEG_083,2020-03-31,0.08373929672424288,-0.09199325234972444,0.3992755131236125,0.09841512219820073,GOOD
SEG_083,2020-04-30,0.06515317829159492,-0.43441652297461486,0.042735502047723084,0.07165495126343799,GOOD
SEG_083,2020-05-30,-0.0008504272008355851,-0.20332645951536055,0.36726841085057454,-0.008543641384391648,GOOD
SEG_083,2020-06-29,0.09581851672332878,-0.200286451596132,-0.018129147467733864,-0.038297012360994434,GOOD
SEG_083,2020-07-29,0.28656978265874744,0.15044437653208664,0.3943081686181104,0.14403360951200922,GOOD
SEG_083,2020-08-28,0.16778597769019662,-0.14396893215343964,0.3868430707726906,0.2161782273817109,GOOD
SEG_083,2020-09-27,-0.09590472485446702,-0.042114360652314664,-0.04767233241354085,0.2671063899571049,GOOD
SEG_083,2020-10-27,0.3860547765727732,-0.18526772208779252,0.2714425974311088,0.26883435054230576,GOOD
SEG_083,2020-11-26,-0.04503065811713283,-0.46154845001858447,-0.18061026543218725,0.178880770909863,GOOD
SEG_083,2020-12-26,-0.030365413766891863,-0.036004784728400074,-0.06165906939952956,0.1735120346744792,GOOD
SEG_083,2021-01-25,0.2624417182268487,-0.3994296333814016,-0.17198738891556453,0.16272814378915082,GOOD
SEG_083,2021-02-24,0.320246387554869,-0.11969582806445145,-0.1351392177826769,0.16713517112715845,GOOD
SEG_083,2021-03-26,0.3772799651333951,-0.24045593565761492,0.3809390842039136,0.29071965527825894,GOOD
SEG_083,2021-04-25,0.07201001505850749,-0.14252086495858074,0.3802189932453394,-0.012032187912947648,GOOD
SEG_083,2021-05-25,0.12113092709399678,-0.11472875553765638,0.5979187455706068,-0.043841112119388376,GOOD
SEG_083,2021-06-24,0.02866406099114635,-0.3984963582918061,0.37793169753166617,-0.08850105847807091,GOOD
SEG_083,2021-07-24,0.18550996718571103,-0.41616373059520617,0.4490322708214716,-0.003800424873299596,GOOD
SEG_083,2021-08-23,-0.08375694560901478,-0.17006986050975648,0.25399075105306085,0.13606920105175044,GOOD
SEG_083,2021-09-22,0.3761341317019947,-0.284686958190821,0.40348015953776645,0.23111386232197031,GOOD
SEG_083,2021-10-22,-0.07140784507524348,-0.13070266240979211,0.43431913940655004,0.06029514461094121,GOOD
SEG_083,2021-11-21,0.2835543296154046,-0.05843658463212309,0.11990243767443903,0.14255141201506222,GOOD
SEG_084,2020-01-01,0.34146620338796463,-0.1274878440423023,0.5238163576721464,-0.06617742810666968,GOOD
SEG_084,2020-01-31,0.10400011594249817,0.18331993806769376,-0.1967769365470755,0.16925864200630078,GOOD
SEG_084,2020-03-01,-0.04422864227796755,-0.07263928546566834,0.3167775076102117,-0.06664750950443965,GOOD
SEG_084,2020-03-31,-0.06224199314845266,-0.17773699430634393,-0.10395192718909943,0.08420376311287123,GOOD
SEG_084,2020-04-30,0.07312854845241698,0.09485685631994223,0.25687537980406533,0.1915982666044687,GOOD
SEG_084,2020-05-30,0.08864186384678349,0.30691661328630937,-0.08036776703286783,0.09774690137789116,GOOD
SEG_084,2020-06-29,0.12629454642993374,-0.10339917952395317,-0.08603426155659105,0.21164456322051314,GOOD
SEG_084,2020-07-29,-0.06559629761997812,0.2109833786159856,-0.16842391329940973,0.21552307136048118,GOOD
SEG_084,2020-08-28,0.2751712788401993,-0.3998713102662238,-0.0798895310406719,0.0501187803152395,GOOD
SEG_084,2020-09-27,-0.08423685963843677,0.050173250885546694,-0.12271182673702255,0.1924816312694471,GOOD
SEG_084,2020-10-27,0.1826701427874595,0.16756441205904793,-0.2226416678453867,0.27536462158386044,GOOD
SEG_084,2020-11-26,0.1410713664598288,-0.45382702318771373,-0.2791787131262618,-0.04823937988045066,GOOD
SEG_084,2020-12-26,0.0825919258272704,0.29427704980659886,0.41501026815764347,0.1685167417917637,GOOD
SEG_084,2021-01-25,0.2767374272663269,0.12221577960872199,0.4186927801245744,0.021572877054831616,GOOD
SEG_084,2021-02-24,0.12675976316551155,-0.001483700586502712,-0.08730536181277254,0.07845889250743851,GOOD
SEG_084,2021-03-26,0.10039600173589494,-0.36552798940103337,0.06155250659898781,0.23167245799804562,GOOD
SEG_084,2021-04-25,0.32603626670223806,-0.022172631714942215,-0.04215403168761839,0.29710119678538527,GOOD
SEG_084,2021-05-25,0.04855968500472188,-0.10901769335756939,0.04313691823421317,0.09769562907297288,GOOD
SEG_084,2021-06-24,-0.01294210543405469,0.1709423221816576,0.03713393335798337,0.018208636377330695,GOOD
SEG_084,2021-07-24,0.025125964687385177,-0.18680627363094937,0.18478304728315503,0.12615063305943958,GOOD
SEG_084,2021-08-23,0.17064184926409018,-0.013578648247484781,0.24301625213385142,0.15627858408641024,GOOD
SEG_084,2021-09-22,0.25347343604203776,0.4480400204200977,-0.19774667773255286,0.15753963043590533,GOOD
SEG_084,2021-10-22,0.2427956221444679,0.07900942187151172,-0.22623959042955571,0.08066504648428818,GOOD
SEG_084,2021-11-21,0.39445071423798894,-0.09952144584057021,-0.2519145178557629,0.23095334315436625,GOOD
SEG_085,2020-01-01,-0.07155988843841918,-0.3387700771550948,0.48142391906186693,-0.05741777571936693,GOOD
SEG_085,2020-01-31,0.16726857819747024,-0.3979945183180207,0.5464372307229581,0.2871602386516725,GOOD
SEG_085,2020-03-01,0.39657671305512865,-0.2998837394335082,-0.21529345772157116,0.1385510726600836,GOOD
SEG_085,2020-03-31,0.20440121296987204,-0.28208139920232034,0.5224703565575057,0.10284662863919314,GOOD
SEG_085,2020-04-30,0.16520063719909558,0.44775954013086594,0.32792945163417614,-0.05446854006168307,GOOD
SEG_085,2020-05-30,0.09450873591677614,0.302475727972907,0.32194780465232536,0.06863667941368581,GOOD
SEG_085,2020-06-29,0.05523614618646763,0.10205129410917912,-0.24934590445156882,0.09048865041898302,GOOD
SEG_085,2020-07-29,0.31016444887062444,-0.2655799859756047,0.23793175611914946,0.13439863785552594,GOOD
SEG_085,2020-08-28,0.28859785706204943,0.3919761355372201,-0.20474274535364795,0.2234887906084331,GOOD
SEG_085,2020-09-27,0.3743400507847685,-0.245939211308424,0.14417792246402555,0.06838873594412295,GOOD
SEG_085,2020-10-27,0.09758248416062801,0.07144832311745086,-0.0649918643965815,0.0032831999590035438,GOOD
SEG_085,2020-11-26,-0.09566151985989405,0.2718124672843495,0.12326402618016463,0.059977127675165026,GOOD
SEG_085,2020-12-26,0.18964742473654198,-0.035186096015487944,0.26667397506392426,0.26586657979899586,GOOD
SEG_085,2021-01-25,0.06431102026570759,0.4457080495389899,0.5331563546035654,0.06741481840747618,GOOD
SEG_085,2021-02-24,-0.031957281675100785,-0.021178203397524964,-0.09627337950504439,0.01749370388573697,GOOD
SEG_085,2021-03-26,0.20836468758139962,0.37955904596978896,0.4555373068873559,-0.00818634983671189,GOOD
SEG_085,2021-04-25,0.17213906906499724,0.14881351434366896,-0.020996502331120215,0.0073821907287713595,GOOD
SEG_085,2021-05-25,0.3042549201726319,0.25393770909201874,-0.2934094188516141,0.1403691897024224,GOOD
SEG_085,2021-06-24,0.10826421674226741,-0.2260355650777789,0.25141973959234304,0.13038325394692168,GOOD
SEG_085,2021-07-24,0.31540901227402496,-0.3657648690038776,0.45489363441101555,0.2960473122994265,GOOD
SEG_085,2021-08-23,-0.08641931771112885,-0.3003659969694462,0.044997768756542156,0.1466011591767305,GOOD
SEG_085,2021-09-22,0.19154300937043525,0.43654144554568786,0.08108388215268802,-0.030692375375724668,GOOD
SEG_085,2021-10-22,0.29121777472829335,-0.3081254168687032,0.30912656273408473,0.2343098599347813,GOOD
SEG_085,2021-11-21,-0.011162665067660477,0.24467983981833352,-0.05685698562040664,-0.023473819489563258,GOOD
SEG_086,2020-01-01,0.027200907959247872,-0.4627175069769447,0.09119196905524635,0.22334917891613046,GOOD
SEG_086,2020-01-31,-0.08958822172221995,-0.2310114338680922,0.006023236655244513,0.23314553803714774,GOOD
SEG_086,2020-03-01,0.2043893027006812,0.37913794059681527,0.5290469246480152,0.23741119990216272,GOOD
SEG_086,2020-03-31,-0.051936934741188406,0.36188708596173,0.06437184062096157,-0.08207937103922887,GOOD
SEG_086,2020-04-30,0.15432937200941124,-0.04467072924773008,0.5411053169317133,0.2943820395612774,GOOD
SEG_086,2020-05-30,0.02910705230007002,-0.48359888487619906,0.3307165957677553,0.08303043156945727,GOOD
SEG_086,2020-06-29,0.35409250289960004,-0.41920642535152386,0.5670365615401101,-0.014042878751692772,GOOD
SEG_086,2020-07-29,0.1160675590034411,-0.1742076277729011,0.2873573139670181,-0.06937056618088625,GOOD
SEG_086,2020-08-28,-0.009649006260893572,-0.21591340233166334,-0.11326154416284676,0.286220387720875,GOOD
SEG_086,2020-09-27,0.3546655454361395,0.14571301143708615,0.4033858542745163,0.06341139631531276,GOOD
SEG_086,2020-10-27,-0.011026161926221939,0.06099007602508,-0.23510910626898723,0.23257551104726767,GOOD
SEG_086,2020-11-26,0.33110217035743916,0.3592650982790996,0.18502556153650213,0.24851731570281196,GOOD
SEG_086,2020-12-26,0.2802955737556374,-0.2506318426333234,0.2821425293294331,0.12918809427170097,GOOD
SEG_086,2021-01-25,0.31994924129761804,-0.478264333532896,-0.228480258843761,0.20565087837368892,GOOD
SEG_086,2021-02-24,0.36033033916248036,0.359654384619545,-0.16731323289948624,0.2472907152882284,GOOD
SEG_086,2021-03-26,0.37267723900937666,0.24735792295978976,-0.10593124606939786,0.021617834806450673,GOOD
SEG_086,2021-04-25,0.16860848095990452,0.17426523538681837,-0.16451470794857564,-0.011059873191166594,GOOD
SEG_086,2021-05-25,0.1232503008151544,-0.2200595671952742,0.021595241240305207,0.08462032641810757,GOOD
SEG_086,2021-06-24,0.20712660365450694,0.4094897624423205,0.523347105814719,0.14218140688057224,GOOD
SEG_086,2021-07-24,0.0426298612330511,0.002435406393275663,0.0008540587462751437,0.13497326479596375,GOOD
SEG_086,2021-08-23,0.09464669922639032,-0.08010842980762833,0.12778781766633157,-0.08999112467426534,GOOD
SEG_086,2021-09-22,-0.05586656005668886,-0.1829099449933983,0.12406609497873222,-0.016921139801321372,GOOD
SEG_086,2021-10-22,0.2981543757358237,-0.1273993447540105,0.02136150861811087,0.10249625489120226,GOOD
SEG_086,2021-11-21,0.023000902466313727,0.45383110031704144,0.522409286947968,0.24596767627249358,GOOD
SEG_087,2020-01-01,0.2684312555144778,-0.42986042007856073,0.3620510542464506,0.22597310038705146,GOOD
SEG_087,2020-01-31,0.2677991382744246,0.33354807134239495,0.5942565930807202,-0.06529454425687026,GOOD
SEG_087,2020-03-01,0.2650831181794876,-0.029616166288574886,0.08254519873101357,-0.06279623654268174,GOOD
SEG_087,2020-03-31,0.2254492538366444,0.28197341288547095,0.04505991706851176,0.2541752551414407,GOOD
SEG_087,2020-04-30,0.22095193348386946,-0.43220059367845676,0.34649615919339755,0.18055345485410232,GOOD
SEG_087,2020-05-30,0.31908795193276807,0.18040910543478383,0.26082755909507666,0.06893241159538976,GOOD
SEG_087,2020-06-29,0.05376416389296659,0.3676148596676885,-0.10810737388888783,0.13631231140496877,GOOD
SEG_087,2020-07-29,-0.006011200221946983,0.10570763247054527,-0.04617661243080767,-0.09332519492500119,GOOD
SEG_087,2020-08-28,-0.058956638212239204,0.41577668300061543,0.31376273877705024,0.2019128765445993,GOOD
SEG_087,2020-09-27,-0.061822567487200636,0.1743160053186006,-0.29220358858094503,0.042136599165549043,GOOD
SEG_087,2020-10-27,0.36783249649117955,0.27582019968304294,0.028211916788860425,-0.03288498612115842,GOOD
SEG_087,2020-11-26,0.3430963534020507,0.2936531452347778,-0.2316213933750514,-0.03167634614966634,GOOD
SEG_087,2020-12-26,0.2789491974593462,-0.32218547750165927,0.18423324290648552,0.27698561803643285,GOOD
SEG_087,2021-01-25,0.39637626557081185,0.46051733592800426,-0.241472410133393,0.003280374008860054,GOOD
SEG_087,2021-02-24,0.08498771479067682,-0.03668971550045308,0.4570656867172302,0.29122996557691383,GOOD
SEG_087,2021-03-26,-0.054661045260182645,-0.41284397024122677,0.35135616929396724,-0.06475157083081653,GOOD
SEG_087,2021-04-25,-0.0705569713992352,-0.1926881648836094,-0.29076353531478183,0.0763804302597759,GOOD
SEG_087,2021-05-25,0.28402694580280063,-0.18023332613245768,0.06609950786292618,0.23576408239579325,GOOD
SEG_087,2021-06-24,0.19550609774247005,-0.3586409285172102,0.5448836062288815,0.243074798300384,GOOD
SEG_087,2021-07-24,0.10967550565190223,-0.39535845132382186,0.32529716322862895,0.052978107280142156,GOOD
SEG_087,2021-08-23,-0.033792627751688314,0.16415380127771728,-0.17940214410382788,0.19602136648743715,GOOD
SEG_087,2021-09-22,0.21901829839538198,-0.3295007821143904,0.4039475421825494,0.23426324909413818,GOOD
SEG_087,2021-10-22,0.272877657427945,-0.4888775695468286,0.21183275809403573,-0.04433907669172075,GOOD
SEG_087,2021-11-21,0.25172959492071245,-0.3420993525850232,-0.27254501549926546,0.28406524254497423,GOOD
SEG_088,2020-01-01,0.047620790953476405,-0.31373367532366836,0.345496564583941,-0.08212163647656841,GOOD
SEG_088,2020-01-31,-0.09203220082069333,-0.1198966574376984,-0.04076748566943211,-0.08852803357391803,GOOD
SEG_088,2020-03-01,0.3023218132523424,0.1925900502482819,0.24628846026536128,0.03642615390318049,GOOD
SEG_088,2020-03-31,0.24390534929776667,-0.2957622853273365,-0.215608478259131,0.055571503428306857,GOOD
SEG_088,2020-04-30,0.3400367341224736,-0.15240527372384105,0.3275312638601848,0.26452904038621794,GOOD
SEG_088,2020-05-30,0.3216729461833022,-0.4769698986059362,-0.22063419302507387,-0.060925233962045994,GOOD
SEG_088,2020-06-29,0.3411035443829056,0.2536653397784968,0.2538588144919381,-0.014272378358424515,GOOD
SEG_088,2020-07-29,0.2649263279359485,0.06011948860055527,0.5556645784261249,0.12781512525632463,GOOD
SEG_088,2020-08-28,0.12024988058263733,0.06079425096041324,0.2296715611410612,0.2530819865851871,GOOD
SEG_088,2020-09-27,0.14671219664747462,0.30782839325512334,-0.06973724530578918,0.10421315955859178,GOOD
SEG_088,2020-10-27,0.3454594521477782,-0.13244003970698748,0.2971795271734517,0.16497110883830826,GOOD
SEG_088,2020-11-26,0.00916689468272927,-0.25453065802517083,-0.11129828067450992,0.07471583753310967,GOOD
SEG_088,2020-12-26,0.1511909120472971,0.11081184408880818,0.05930129848932986,0.02957910836252617,GOOD
SEG_088,2021-01-25,0.07870710654623195,-0.2993338921579649,0.5438654521839195,0.028950887612173265,GOOD
SEG_088,2021-02-24,0.12867700072142466,-0.2235658981875659,0.5702711844239241,-0.07425199536754463,GOOD
SEG_088,2021-03-26,0.2740959489789371,-0.38218370236524246,0.2553863969216999,0.09720790810704463,GOOD
SEG_088,2021-04-25,0.34336029183712735,0.11137733908968084,0.09653974232412554,0.13954070337643598,GOOD
SEG_088,2021-05-25,0.3175351191694188,-0.10399741840151422,-0.12749586736104457,-0.08494434033077516,GOOD
SEG_088,2021-06-24,0.17072508928135147,0.24510754805033275,-0.02522131357294294,0.1651274043327641,GOOD
SEG_088,2021-07-24,-0.058593667281924305,0.13376837130073227,0.15553570370186465,-0.08656557418526921,GOOD
SEG_088,2021-08-23,0.021005409861832663,0.294560520955505,0.17428520589484808,0.06009805198539661,GOOD
SEG_088,2021-09-22,0.0964754687283296,0.11505425639846123,0.09367659118846167,0.24231682499445525,GOOD
SEG_088,2021-10-22,0.3625894080726949,0.35256602461120734,-0.030978723156111054,0.1293542327373222,GOOD
SEG_088,2021-11-21,0.30150978230428516,-0.13556923912567642,-0.26168363054363997,0.2924460711642841,GOOD
SEG_089,2020-01-01,0.337375930398798,0.0490225414839367,-0.21959326846325955,-0.036514051597483915,GOOD
SEG_089,2020-01-31,0.12290551498971378,0.10951030833096442,0.448975975216465,0.23247580671458737,GOOD
SEG_089,2020-03-01,0.08732214857014,-0.4314783204110211,0.21532796107104085,0.17519695543449157,GOOD
SEG_089,2020-03-31,-0.01107849210495701,0.25933546329262736,0.3839585596329231,0.1069396995920644,GOOD
SEG_089,2020-04-30,0.14070439867206677,-0.13835525269699367,-0.027306858802171263,0.14510282356537574,GOOD
SEG_089,2020-05-30,0.06814280994170682,-0.08947277217579575,0.20730956760979585,0.2802997742321015,GOOD
SEG_089,2020-06-29,0.049229082707795996,-0.38744669895042316,-0.11054184865990427,0.13749694366399307,GOOD
SEG_089,2020-07-29,0.2832498762299731,0.11456155747876506,-0.0634524247322028,0.1652849288933174,GOOD
SEG_089,2020-08-28,0.10064543282450125,-0.39613760841451007,0.008347916925900645,0.1592631160211677,GOOD
SEG_089,2020-09-27,-0.02417567507256843,0.36070341724580035,0.18276600860094044,0.2866952758219221,GOOD
SEG_089,2020-10-27,0.316432185053077,-0.13787462615992097,0.15142660057506657,0.1614484441542153,GOOD
SEG_089,2020-11-26,-0.016177864229916933,-0.28659504844498995,0.36245583586157076,0.2148394762347046,GOOD
SEG_089,2020-12-26,0.25815864092117546,-0.24551457368185148,0.5811652767913791,0.16777638670762543,GOOD
SEG_089,2021-01-25,0.39734699741654134,0.018201542741566157,-0.1049231093422894,0.2755320319038663,GOOD
SEG_089,2021-02-24,0.07396730413948996,0.17780450754791333,0.29314813957918767,-0.08427453113204693,GOOD
SEG_089,2021-03-26,0.250364553173566,-0.321902022181755,0.17610186548040035,0.025526421308231517,GOOD
SEG_089,2021-04-25,0.295730577123711,0.0853771673457362,0.10065266088861086,0.17074236646290622,GOOD
SEG_089,2021-05-25,0.10375961454762309,-0.010950237081997716,0.10900911476670505,-0.04686423380977374,GOOD
SEG_089,2021-06-24,-0.0627946716841126,-0.3104384761517619,0.2432409176326243,0.264310228399248,GOOD
SEG_089,2021-07-24,0.256133739545535,0.22717997109723254,0.07264173550506292,0.20745020753199953,GOOD
SEG_089,2021-08-23,0.2320965470803886,0.4141729806086193,0.3061899710359048,-0.008669075952193989,GOOD
SEG_089,2021-09-22,0.07135256596458975,0.44858354323851013,0.3024496083972788,-0.005086165973762435,GOOD
SEG_089,2021-10-22,0.09517010982768317,0.43897433268482955,-0.20668239385176768,0.2240991476960653,GOOD
SEG_089,2021-11-21,0.08880539418238534,0.42327290108952986,0.22702278003326565,0.2158872414884304,GOOD
SEG_090,2020-01-01,0.08877119539198855,-0.12769846841643406,-0.10670687434988377,0.04991387333405256,GOOD
SEG_090,2020-01-31,0.3525425907085947,-0.15739113773906188,-0.10755374696968595,0.26854655578775843,GOOD
SEG_090,2020-03-01,0.19655600792314024,-0.05544083686544499,0.5560977082703211,0.07153579447564792,GOOD
SEG_090,2020-03-31,-0.08604935427710933,-0.42549919142547643,0.2956882631034015,-0.0024679565479568816,GOOD
SEG_090,2020-04-30,-0.002202464634107698,0.008158210528517618,0.49060474261596526,0.057957073808116516,GOOD
SEG_090,2020-05-30,0.17173154144450395,0.2754796107488282,0.03949480004566225,0.19618504227310454,GOOD
SEG_090,2020-06-29,-0.0791016791688691,0.045600149955992375,0.46099991920986,0.057900746348244436,GOOD
SEG_090,2020-07-29,0.3224753167382367,0.15434132761140518,0.4162607458274447,0.002681042595977387,GOOD
SEG_090,2020-08-28,0.24086538486344053,-0.1130963207436545,0.5205504560854686,0.21843387126208444,GOOD
SEG_090,2020-09-27,0.39902450708483406,0.20516755403077658,0.2365647450504132,0.17307081834399787,GOOD
SEG_090,2020-10-27,0.13227343691320967,-0.48922535432598346,-0.050455191302028496,-0.05285372149728085,GOOD
SEG_090,2020-11-26,0.10076455472368859,-0.4965527270689929,-0.14319100602139959,0.06937744489725461,GOOD
SEG_090,2020-12-26,0.3640282340477562,-0.26809498519460284,0.3954323507419914,0.047222887114394846,GOOD
SEG_090,2021-01-25,0.34269475267617844,-0.17372857890067228,-0.22398507347690927,0.02459935944697836,GOOD
SEG_090,2021-02-24,-0.07645754774158389,0.30780717555550685,-0.22041558522367752,0.2643528537245984,GOOD
SEG_090,2021-03-26,0.010273522655944362,0.30802613316749694,0.4760905775622148,0.08151831656684358,GOOD
SEG_090,2021-04-25,0.3466258569550865,-0.19653522168313076,-0.18338747450497545,0.26403045038240924,GOOD
SEG_090,2021-05-25,0.060380084845549936,-0.26093220376805937,0.04666637258793416,0.0035470489123562154,GOOD
SEG_090,2021-06-24,0.012220340632513177,-0.1754025970269567,0.5587519145790454,0.23711663697483018,GOOD
SEG_090,2021-07-24,0.018167113678929175,-0.27235338668675513,-0.14065763177143795,0.13205764827503294,GOOD
SEG_090,2021-08-23,0.07014293043431039,0.2794816121483019,-0.02802479350149162,0.012362461974933847,GOOD
SEG_090,2021-09-22,0.3954135840551497,-0.11298328623523035,0.47080117916177694,0.2380502053782644,GOOD
SEG_090,2021-10-22,0.3013731385667585,-0.08644344782862723,-0.1943696931401823,-0.05699897095195956,GOOD
SEG_090,2021-11-21,0.1306673569599466,0.011736069360929524,0.4112239734107635,-0.03931972632879202,GOOD
SEG_091,2020-01-01,0.16421236566555306,-0.1511251945671217,0.07517611839076127,0.23714039156995195,GOOD
SEG_091,2020-01-31,-0.033891609566330944,-0.09023291780212706,0.19307525402845466,-0.08649199418784465,GOOD
SEG_091,2020-03-01,0.18250040819153227,0.325414496706932,-0.17011641980242984,-0.01087155193983795,GOOD
SEG_091,2020-03-31,0.27964469283209326,0.4883559894382238,-0.1891175656243057,0.12155945478997807,GOOD
SEG_091,2020-04-30,0.015914140614093658,0.18441088454157661,0.3986842290883566,-0.0792457020646527,GOOD
SEG_091,2020-05-30,0.3172592343694116,0.4519327800545917,0.04006128541677367,0.29396426968071354,GOOD
SEG_091,2020-06-29,0.09589389608472096,0.2785280059320836,0.2389071172100939,-0.06386241574126435,GOOD
SEG_091,2020-07-29,0.3140139987904075,-0.1636682503873974,0.1785372520311833,0.21194895192111088,GOOD
SEG_091,2020-08-28,0.0750316059704331,-0.18898179453228214,-0.17114467712889203,0.22086449863452132,GOOD
SEG_091,2020-09-27,0.32981991906064656,0.4511965768357865,0.1955837099032891,0.15501665461237804,GOOD
SEG_091,2020-10-27,-0.06241962568069562,-0.01946418706936648,0.5117679693505179,-0.0627879869299171,GOOD
SEG_091,2020-11-26,0.1699727930542453,-0.028024661795345795,0.17203512340085647,0.09361445951306688,GOOD
SEG_091,2020-12-26,0.298601775648787,-0.3263188557604161,0.43569073305867795,0.08955578182850318,GOOD
SEG_091,2021-01-25,0.1355036921966414,-0.4806138625429467,-0.22927719778250577,-0.08346902078748514,GOOD
SEG_091,2021-02-24,-0.09818677424539232,0.2231585002500338,0.14018853548740645,0.019022978444618047,GOOD
SEG_091,2021-03-26,0.034530068955535925,-0.08494757762843352,0.4870015346990583,0.02781518891523463,GOOD
SEG_091,2021-04-25,0.014905897035156018,0.22131058870436993,-0.2501380530509852,0.11382151516839159,GOOD
SEG_091,2021-05-25,0.14670563318490507,0.4020868632041489,0.3199150346208485,-0.013533045655797646,GOOD
SEG_091,2021-06-24,-0.032708917553216504,-0.014573439393361642,-0.0588980103479777,0.16546390811063347,GOOD
SEG_091,2021-07-24,0.20465220280444826,0.34702331554465915,0.13504858018739874,-0.04710621527520185,GOOD
SEG_091,2021-08-23,0.019137466798889252,0.20503196976627847,0.5725782387598739,0.07998531115584726,GOOD
SEG_091,2021-09-22,0.07183550274195608,0.4646665151261432,0.268469530475876,0.048781609280364485,GOOD
SEG_091,2021-10-22,-0.09030136725292451,0.28755806734148803,0.0008221719223330815,0.2745280607327534,GOOD
SEG_091,2021-11-21,0.1914119452686809,-0.3415486783871142,-0.18274255684581156,0.14051605188765653,GOOD
SEG_092,2020-01-01,0.11712163354560748,0.289403725125551,0.13201481070120602,0.25274740085451664,GOOD
SEG_092,2020-01-31,-0.017604541020090597,0.4744862531647801,0.03875257392013698,0.09062117073034534,GOOD
SEG_092,2020-03-01,0.20669166861396096,0.07135435973759918,0.38660928327942373,-0.009442233234016231,GOOD
SEG_092,2020-03-31,0.2604974934825275,0.06762415384561171,-0.29146461009035457,-0.07367379242494643,GOOD
SEG_092,2020-04-30,0.3166446892113277,-0.37410925056064614,-0.06447085041918293,-0.03848411165820736,GOOD
SEG_092,2020-05-30,0.3872712010839857,0.4123708091695293,0.3108929201877039,-0.04067660729062266,GOOD
SEG_092,2020-06-29,0.38000080461160646,-0.17174118443500874,0.21442009562769954,0.21518380347713303,GOOD
SEG_092,2020-07-29,0.39252620241404224,-0.22710261904913853,0.4210146186914842,-0.034566437727467356,GOOD
SEG_092,2020-08-28,0.24676978171355826,0.28751662728686844,0.417525330489988,-0.06703200941402283,GOOD
SEG_092,2020-09-27,0.2896862128238291,-0.09731595721507635,-0.2904620041069727,0.18788116336701025,GOOD
SEG_092,2020-10-27,0.33233263805773494,0.14492120826068622,-0.029004580295949656,0.0806440398193542,GOOD
SEG_092,2020-11-26,0.02429215060524989,-0.09944764808384188,0.1434383819909535,-0.04255669795239454,GOOD
SEG_092,2020-12-26,0.05288851021214505,-0.26880233225293537,0.21711172878906831,0.13499283200271345,GOOD
SEG_092,2021-01-25,0.13440493478602136,0.19391321556592045,0.0009364985749589771,-0.020748793339371782,GOOD
SEG_092,2021-02-24,0.34907310544795256,0.1792141512646631,-0.25457373810775835,0.2943041093051516,GOOD
SEG_092,2021-03-26,-0.004561289718078981,0.31893180652436814,-0.15844572149613315,-0.003308992892052262,GOOD
SEG_092,2021-04-25,0.25435088757341506,-0.13436248192779798,0.020845261155363615,0.11372856753825977,GOOD
SEG_092,2021-05-25,0.30890983003034067,0.17510365917648196,0.5516729862004524,0.057308105544890214,GOOD
SEG_092,2021-06-24,-0.08220333851359676,-0.013685891250559967,0.16518525308244625,0.13455301848391624,GOOD
SEG_092,2021-07-24,0.0550301894964291,0.46099800060636076,0.5384405388376303,0.2896425994288374,GOOD
SEG_092,2021-08-23,0.36591015306238783,-0.06775730254097401,-0.09244730579622185,0.28351697181144686,GOOD
SEG_092,2021-09-22,0.3260370659620817,0.17135100565563743,0.4853474101632986,0.16285325099433626,GOOD
SEG_092,2021-10-22,-0.0792322282151812,-0.3461572672818978,-0.017046927314981475,0.12495080727198857,GOOD
SEG_092,2021-11-21,0.24636519463491544,-0.0775417907239595,0.5216135139759213,0.10207455170760404,GOOD
SEG_093,2020-01-01,0.15672212438451125,0.0008366000448772892,-0.2116531209338286,0.13755872311331047,GOOD
SEG_093,2020-01-31,0.15412808534924746,0.2077215428326783,0.3604731918654062,-0.06456200621294314,GOOD
SEG_093,2020-03-01,0.3966304913172861,0.25874540624621756,0.18267254295048913,-0.03587514048757101,GOOD
SEG_093,2020-03-31,0.1769878771612787,0.17322956523868815,0.5492756514126185,0.016153253458227462,GOOD
SEG_093,2020-04-30,-0.08561084285591794,0.03346727208752265,-0.25525481408996975,0.06013691605228316,GOOD
SEG_093,2020-05-30,0.04202780875401521,0.04862471077158703,0.07049049671966978,0.256679502366277,GOOD
SEG_093,2020-06-29,0.33419865727866715,-0.16237370846523735,0.14228111135880556,-0.05960949932336486,GOOD
SEG_093,2020-07-29,0.3630641629937815,-0.4105951748506672,-0.25606692564119016,0.15032672183460324,GOOD
SEG_093,2020-08-28,0.27921086993443656,-0.28607192456553565,0.39347733201647467,0.18140234195237645,GOOD
SEG_093,2020-09-27,0.3198246315705904,-0.3922688113810372,-0.045145823115443295,0.0921946068802407,GOOD
SEG_093,2020-10-27,-0.08811245836993978,-0.4421965107561079,0.007891364888911345,0.13594159481690027,GOOD
SEG_093,2020-11-26,0.1007307955291025,-0.04175235154553092,0.1683855537995823,0.09132414798469726,GOOD
SEG_093,2020-12-26,-0.07028051306494684,-0.47009133860272834,-0.2284789080772942,-0.01063934769370753,GOOD
SEG_093,2021-01-25,0.18406943219301677,0.4617739069746285,0.0714989191493593,0.2961478509648737,GOOD
SEG_093,2021-02-24,-0.027363934603245016,-0.3447971086774646,0.4001901894403675,0.1527345520383729,GOOD
SEG_093,2021-03-26,0.12580395584223977,0.34800688904221244,0.5581084958603684,-0.026219119550509082,GOOD
SEG_093,2021-04-25,0.33102866227493055,0.3825616904215202,-0.28922486675431713,-0.07222010668272456,GOOD
SEG_093,2021-05-25,0.28566205753166574,-0.014085824527698687,0.2527902225425907,0.13348128663561884,GOOD
SEG_093,2021-06-24,0.32888869822713807,-0.19725388062796767,-0.16023651202520847,-0.04210095059850612,GOOD
SEG_093,2021-07-24,0.13074473155552693,-0.037976398491789354,-0.029816926045029335,-0.08337905041467027,GOOD
SEG_093,2021-08-23,0.30608665764996246,0.42008668380655523,0.40918764478988573,0.14171311188409766,GOOD
SEG_093,2021-09-22,0.18393045378220255,0.24435715469822583,0.4477373450379231,0.2258330839281116,GOOD
SEG_093,2021-10-22,0.2631405513219609,-0.09079304665178878,0.19699040205905288,0.2108250624281716,GOOD
SEG_093,2021-11-21,0.3289326705016957,0.35489538730951364,0.270139280656068,0.024820187716804304,GOOD
SEG_094,2020-01-01,0.08057923918243684,-0.49863643517699374,0.37035613914878235,0.2169539602034282,GOOD
SEG_094,2020-01-31,-0.047716767852469893,0.3093242183867104,0.018318703671058312,0.26416997131623476,GOOD
SEG_094,2020-03-01,0.12749697314815187,-0.23227094838528795,-0.09976429795239053,0.243140575269244,GOOD
SEG_094,2020-03-31,0.0234661065357126,-0.3934573776422521,-0.09411657710473265,0.19911758592626597,GOOD
SEG_094,2020-04-30,-0.01608515967940058,0.2590775401075538,0.10582825106034877,-0.00650287884383452,GOOD
SEG_094,2020-05-30,-0.08661888764630712,0.03381541820288225,0.06544174909298411,0.03291491060055102,GOOD
SEG_094,2020-06-29,0.3752916154304655,-0.09999429088920997,0.23950239323289874,0.2507255898756702,GOOD
SEG_094,2020-07-29,0.22481570633670825,-0.09471248978284286,-0.20412868989394728,0.2952911199735321,GOOD
SEG_094,2020-08-28,0.14023574707358563,0.07412201097200166,-0.02105191472197704,-0.02109172401146675,GOOD
SEG_094,2020-09-27,0.2794448279705797,0.33214738258772203,0.5934304388825766,0.011212797808907604,GOOD
SEG_094,2020-10-27,0.12386945515616257,-0.27255037998883347,-0.09003583566080783,0.1647917792766775,GOOD
SEG_094,2020-11-26,0.14002246102748409,0.17970602234090638,0.43668916590515,0.19075709055107323,GOOD
SEG_094,2020-12-26,0.213253866151789,0.4799467276631566,-0.10700189361418166,0.05436673080215765,GOOD
SEG_094,2021-01-25,0.051719289881545144,-0.07242807973570686,0.521734758014182,0.009218518455525529,GOOD
SEG_094,2021-02-24,0.3289113109170253,0.4697489042673558,-0.08075880444024339,0.1486936514181907,GOOD
SEG_094,2021-03-26,0.03673978886197113,-0.29924179769284365,-0.188068830183956,0.206042458062187,GOOD
SEG_094,2021-04-25,0.31237826391842216,-0.03749246442671916,-0.1872341453537486,0.25233452831834147,GOOD
SEG_094,2021-05-25,0.03148674142787197,-0.19774034320828238,-0.11223667310439606,0.13701184849475254,GOOD
SEG_094,2021-06-24,0.3369655185594279,0.09929977891852926,-0.08639667089668163,0.1645647976765641,GOOD
SEG_094,2021-07-24,0.06107710870408703,0.10433674479835464,0.46702014493645966,-0.07809581956485788,GOOD
SEG_094,2021-08-23,0.23361117083846752,0.24984592240588943,-0.2251522277580304,0.030681179237760287,GOOD
SEG_094,2021-09-22,0.1571350078355546,-0.360684931668946,-0.22105197481904826,-0.007604768868662945,GOOD
SEG_094,2021-10-22,0.1864803620595242,-0.4487660172271578,0.31235929293884784,0.2800447192479878,GOOD
SEG_094,2021-11-21,0.03119969341615328,-0.3751310669348372,0.30864212811046227,0.2775742083162738,GOOD
SEG_095,2020-01-01,0.395657483228692,0.04695034128585973,0.49090780783994653,-0.09160349544685871,GOOD
SEG_095,2020-01-31,0.38737374960550675,-0.27665568270929175,-0.2738498155773685,-0.02416668113034967,GOOD
SEG_095,2020-03-01,-0.06694119492982661,0.3476166983130681,0.09109087323042409,-0.09401978601038118,GOOD
SEG_095,2020-03-31,0.2941969830531599,0.03366032353926429,0.49696006997066716,0.1540258371980228,GOOD
SEG_095,2020-04-30,0.18383523345320738,0.34565961256679756,-0.15112574590255193,-0.025399970075424563,GOOD
SEG_095,2020-05-30,0.27349640812648,-0.0707954036687023,0.33312721518189764,0.11685142944755036,GOOD
SEG_095,2020-06-29,0.20249990041379787,0.01973724383504538,-0.011572887705745272,0.09987285875947113,GOOD
SEG_095,2020-07-29,0.24930021646908643,-0.3331005440652465,0.1333335546969024,0.09156368353686123,GOOD
SEG_095,2020-08-28,0.017690281823136172,-0.33170115116067356,0.07121067464887937,0.2545297882690374,GOOD
SEG_095,2020-09-27,0.21124438091916933,-0.15529946492691382,0.2573056379742436,0.12710956320580222,GOOD
SEG_095,2020-10-27,0.32635746143336974,-0.18415285823016714,0.011631039982313018,0.12573001373312018,GOOD
SEG_095,2020-11-26,0.38158766300386726,-0.043950393707681834,-0.10342380673113766,0.11108242102174914,GOOD
SEG_095,2020-12-26,0.26514165941686296,-0.33963227864141543,-0.11280514577354281,0.21859307293419147,GOOD
SEG_095,2021-01-25,0.026373067476698292,0.13749382316037617,-0.17461615309008424,0.08653505809060222,GOOD
SEG_095,2021-02-24,-0.014117583495837832,-0.058623245138468394,0.34464219126167334,0.2926359485183415,GOOD
SEG_095,2021-03-26,0.1752065930326531,-0.3622732568921896,0.12296426019106699,0.2318417718214332,GOOD
SEG_095,2021-04-25,-0.021494921204799372,0.23136892714099788,-0.0054859443147913245,0.03280676630548954,GOOD
SEG_095,2021-05-25,0.027966414056738026,-0.3711020489869914,0.08634698159547233,-0.03083271322252981,GOOD
SEG_095,2021-06-24,0.1644735546071596,-0.4971794358984425,0.5139731427383467,0.1678662188998358,GOOD
SEG_095,2021-07-24,0.2837600334477701,-0.35845418386592953,0.5610317915993102,-0.08794565241197111,GOOD
SEG_095,2021-08-23,0.1790758962603116,0.22688326743290788,-0.025006131765807016,-0.0005083048154673059,GOOD
SEG_095,2021-09-22,0.13215388508246909,-0.4693723642395866,0.1919359643657122,0.016059946384367182,GOOD
SEG_095,2021-10-22,0.31506777216977533,-0.33004360261764876,-0.2967663584074849,-0.048162429643517295,GOOD
SEG_095,2021-11-21,0.1078511681359838,0.23080789088336828,0.39555270281156735,-0.051132382959436784,GOOD
SEG_096,2020-01-01,0.39205304479609837,0.1479216400165383,0.27236491869199714,-0.0059953410928206274,GOOD
SEG_096,2020-01-31,0.33518302841619463,-0.30152270499010103,0.027719164207954394,0.20863531859668175,GOOD
SEG_096,2020-03-01,0.25206216776109436,0.05216328455733432,-0.14054853870213516,-0.08384926551267782,GOOD
SEG_096,2020-03-31,0.16682338077908018,0.2975306995771736,-0.29370623874642854,0.20369292376342088,GOOD
SEG_096,2020-04-30,0.395827130574262,-0.27981470251101126,0.5615505049546536,0.03139071154482451,GOOD
SEG_096,2020-05-30,0.12147733465274854,-0.055082667649348216,0.23962593113288427,0.29302177087244297,GOOD
SEG_096,2020-06-29,0.13386794482051265,0.4715658734947147,0.09793672626200445,4.5649186189405944e-05,GOOD
SEG_096,2020-07-29,0.1852200696794495,0.4115637089952321,-0.2649217030540636,0.20260505708762924,GOOD
SEG_096,2020-08-28,0.08798050307030933,-0.4922375983341539,0.1626160932792855,0.008917839701492764,GOOD
SEG_096,2020-09-27,0.24342955793585366,0.42068172615648847,-0.047313055758369804,0.2610015425259691,GOOD
SEG_096,2020-10-27,-0.03667708908564485,-0.3948674527302296,0.5157267021843661,0.03134392111281059,GOOD
SEG_096,2020-11-26,0.2383130630581298,0.38251481077618443,-0.16901957644501625,0.046198048394561875,GOOD
SEG_096,2020-12-26,0.017426033948192282,0.07538038840451555,0.056333148680693834,-0.00291490837589041,GOOD
SEG_096,2021-01-25,0.324826610024854,0.4426392296552555,0.2881259511521182,0.018875562494497844,GOOD
SEG_096,2021-02-24,0.125949739675939,0.08153039891739677,0.4455050569275076,0.1975269360126353,GOOD
SEG_096,2021-03-26,-0.04543741386618741,-0.10900080180918759,0.543014483305059,0.19345034736131297,GOOD
SEG_096,2021-04-25,0.18384588934768784,-0.44580982281222026,0.4311374652786036,0.18161710734014516,GOOD
SEG_096,2021-05-25,0.23299657697313372,0.29736821019771686,-0.23516097411084916,0.09078053690864926,GOOD
SEG_096,2021-06-24,0.22607737060607955,-0.40213831658385457,0.31803747010363353,0.08638835092095051,GOOD
SEG_096,2021-07-24,0.15393053343371108,-0.2820879937119469,0.22548139274902618,-0.04055511000529721,GOOD
SEG_096,2021-08-23,0.37696765346201366,-0.16696933893771548,0.3892447832144515,0.1912181651213379,GOOD
SEG_096,2021-09-22,0.05678098683936797,0.17097175650995367,-0.002086898476065524,-0.05244754467981019,GOOD
SEG_096,2021-10-22,0.04600959578112104,0.29221064308564526,-0.0032346956610168065,-0.08664806906831252,GOOD
SEG_096,2021-11-21,0.105536634152927,-0.02973649463447592,-0.2337213868267431,0.06723866455070682,GOOD
SEG_097,2020-01-01,-0.053378103835314966,0.13486763944830693,0.12984817929044895,0.1929676197642827,GOOD
SEG_097,2020-01-31,0.38921226911626894,0.1491074132685012,0.29059372349885265,0.1529281676602802,GOOD
SEG_097,2020-03-01,0.3056392570569283,-0.1598906324756718,-0.00032963420488257844,-0.04957230398200374,GOOD
SEG_097,2020-03-31,0.2967927590623032,-0.267913187696293,-0.17679138452304338,0.06397701161451846,GOOD
SEG_097,2020-04-30,0.31240491436495055,-0.09969260867264029,0.03932669646133058,0.16427578026965514,GOOD
SEG_097,2020-05-30,0.18211688788280864,-0.12547525801585946,0.0034428299135053075,-0.09065448820468465,GOOD
SEG_097,2020-06-29,0.2391076181375024,-0.3273565468290981,-0.2497647584491541,0.1336074466953975,GOOD
SEG_097,2020-07-29,-0.06305714714812857,0.14905342603949745,0.3172803723357887,0.20196367706733256,GOOD
SEG_097,2020-08-28,0.204700129280634,-0.38752509651747014,0.46509076955510303,-0.010267472192971375,GOOD
SEG_097,2020-09-27,0.22618388333656272,-0.05552856066377709,-0.04824455482029949,0.08161199921191872,GOOD
SEG_097,2020-10-27,0.3667661679733296,-0.43786049336024113,-0.1258358863319956,-0.036488229951353285,GOOD
SEG_097,2020-11-26,-0.07349204159700587,-0.2088637332716119,0.07436154286056446,0.06763449420235998,GOOD
SEG_097,2020-12-26,-0.0902737563597695,-0.0734130450627467,0.44728340026532903,0.006107760786893082,GOOD
SEG_097,2021-01-25,0.025304212679242905,-0.005181956682689726,0.515526184310827,0.004348489684146625,GOOD
SEG_097,2021-02-24,0.11698816525344027,-0.3577208004528145,0.2533395153474374,0.1000492650469055,GOOD
SEG_097,2021-03-26,-0.026686186739873746,-0.09894629055993709,0.3475977619296366,0.18297750545710675,GOOD
SEG_097,2021-04-25,-0.08336230466258207,-0.11280743979934016,0.3455118034633455,0.11709949825796798,GOOD
SEG_097,2021-05-25,0.31905685278654916,0.13597741770821814,-0.17008928865499134,0.13305332220702387,GOOD
SEG_097,2021-06-24,0.236125666967306,-0.22994304386372988,0.4546094213352992,0.21672130232455059,GOOD
SEG_097,2021-07-24,-0.04075006443529913,-0.49882532140508906,0.16299278662726285,0.18957227076636238,GOOD
SEG_097,2021-08-23,0.31350511195224495,-0.4417848416791763,-0.09652002526490497,0.06985952846718399,GOOD
SEG_097,2021-09-22,-0.07314571467219641,0.4744455595863881,-0.21756831384085884,0.27054916271173146,GOOD
SEG_097,2021-10-22,-0.09408967654323577,-0.451934761191925,0.013214023400927921,0.015623952643114475,GOOD
SEG_097,2021-11-21,-0.013925693854302007,0.40122018669319104,0.12360116487761535,0.26178685910812105,GOOD
SEG_098,2020-01-01,0.3938820468310452,0.24816609404408996,-0.07103556880150072,0.20403358986079181,GOOD
SEG_098,2020-01-31,0.10223176957746385,-0.38699420281334285,0.4007042776563677,-0.015524332401727264,GOOD
SEG_098,2020-03-01,0.29048834511376553,0.11260985409729452,-0.09320748611123544,0.07765542205993747,GOOD
SEG_098,2020-03-31,0.35025479933889236,0.26712248412693584,-0.29568135623831754,0.11207780635425638,GOOD
SEG_098,2020-04-30,0.26179367225984285,0.01621115587010924,-0.22904329190008937,0.009148063028546455,GOOD
SEG_098,2020-05-30,0.0777423785783675,-0.2445082048659526,-0.0023690855195502847,0.12597496991515955,GOOD
SEG_098,2020-06-29,-0.05141439549117463,-0.3834400021245393,0.322327000398324,-0.07729850139902816,GOOD
SEG_098,2020-07-29,0.17695150549826036,0.49546564911973456,-0.010643669688635615,-0.011050999705474324,GOOD
SEG_098,2020-08-28,0.247223334754108,0.1508343910798301,0.32386197480033935,0.2405685649272005,GOOD
SEG_098,2020-09-27,0.14767004200331038,0.4324274892677046,-0.29221329017391934,0.24062487879956443,GOOD
SEG_098,2020-10-27,0.2591308206683308,-0.35909368121336727,-0.24218605184198433,0.20347846688141055,GOOD
SEG_098,2020-11-26,0.023953304944468207,-0.04433278770438798,-0.2066757125139157,0.18842327757967506,GOOD
SEG_098,2020-12-26,0.167667673704845,0.30867217683362824,0.009723397497450825,-0.04237726145537271,GOOD
SEG_098,2021-01-25,0.19484014210533643,0.04175817612362376,0.11492176165161616,0.08825485208822156,GOOD
SEG_098,2021-02-24,0.20518833147810536,0.4951153780236287,0.34983931662185536,0.13249785897470892,GOOD
SEG_098,2021-03-26,0.06643567257928942,0.4910463472008889,0.589084071133023,0.13257073822258367,GOOD
SEG_098,2021-04-25,0.04730298324866969,0.10404282243848684,0.07973909040458671,0.21532951196753905,GOOD
SEG_098,2021-05-25,0.36079791426655794,0.3678113735933458,-0.24410778008789463,0.276757347021669,GOOD
SEG_098,2021-06-24,-0.034340165158536246,-0.3694636713749865,0.2720990757005129,0.019803626064278032,GOOD
SEG_098,2021-07-24,-0.06629711040520778,-0.08614363047674511,0.283830147577494,0.013707525426898834,GOOD
SEG_098,2021-08-23,0.2492642529842862,-0.00845726918778733,0.4626923439458552,0.12304026455902708,GOOD
SEG_098,2021-09-22,0.15532853354263734,0.013599435995071185,0.0390380807852902,0.041455761888648274,GOOD
SEG_098,2021-10-22,-0.030245086267491866,0.4381416303765463,0.5233831800259285,0.10932463021544489,GOOD
SEG_098,2021-11-21,0.20286032529909956,0.2611798443657327,-0.1419571937384369,0.100600611837391,GOOD
SEG_099,2020-01-01,0.17019701732504297,0.3670477189469463,0.1142444110069703,0.21706775347467241,GOOD
SEG_099,2020-01-31,0.04648994850656393,0.2876480329224017,0.5365206881271984,0.1995888336912697,GOOD
SEG_099,2020-03-01,0.08935952328725663,-0.47093975005764344,-0.08111916382172032,-0.09748313276225638,GOOD
SEG_099,2020-03-31,0.23291904083245982,-0.27244401109308736,-0.10032219037887599,0.15509070942787925,GOOD
SEG_099,2020-04-30,-0.0035610893590755366,0.15037407822210558,0.4729005539700237,0.24054778766399257,GOOD
SEG_099,2020-05-30,0.009162006754039304,0.4415183002190821,0.39835421827475687,-0.011749456091332267,GOOD
SEG_099,2020-06-29,-0.018391496730374796,-0.24542625217319425,0.3869719643454162,0.2883834485780984,GOOD
SEG_099,2020-07-29,0.12493408207734322,0.4155027418066858,0.11233802798625164,-0.08452899368652203,GOOD
SEG_099,2020-08-28,0.33211344363350104,-0.10026908763166509,0.2804311202035192,-0.006861330486406608,GOOD
SEG_099,2020-09-27,0.3488884294947858,0.24612790101117688,0.08811088688310187,0.19844433435280354,GOOD
SEG_099,2020-10-27,0.13262247412659142,0.18947178451495816,-0.2738933219797112,0.16369418456856896,GOOD
SEG_099,2020-11-26,-0.02017006716971917,-0.2254130912439991,0.13937073030562974,-0.09038822163289773,GOOD
SEG_099,2020-12-26,-0.08553207258206205,-0.38267174928394054,0.34920660369686923,0.1018218174540968,GOOD
SEG_099,2021-01-25,0.17405721237905572,0.49821158554923817,-0.2656281651053257,0.16946341996463712,GOOD
SEG_099,2021-02-24,0.2179439740476646,-0.05014821521191182,-0.15086930274706795,0.20677863794805793,GOOD
SEG_099,2021-03-26,0.3489869709902075,-0.1465467739052001,0.1451736756158168,0.12733838660496383,GOOD
SEG_099,2021-04-25,0.1815725084769487,0.13154126020505164,0.09879940005585269,0.020145000558930842,GOOD
SEG_099,2021-05-25,-0.03450927086521485,0.35324036078754184,0.5071961271038343,-0.04263512847124012,GOOD
SEG_099,2021-06-24,0.22505566743513597,-0.40371930693338653,-0.23960902728712152,0.15166093620588098,GOOD
SEG_099,2021-07-24,0.2947459936396518,0.16481106829275383,0.12622585570519818,0.05428691734383767,GOOD
SEG_099,2021-08-23,0.2643909072964492,0.18320199741604204,-0.08222485069131427,0.18939817529079947,GOOD
SEG_099,2021-09-22,0.28645185692797603,-0.26644841365842886,0.27958717235883196,0.21771954830284992,GOOD
SEG_099,2021-10-22,-0.01761701049811429,-0.02180479786042777,-0.014713955486602204,0.12727323788741415,GOOD
SEG_099,2021-11-21,-0.023068362009087656,-0.19751325691762345,-0.29265503154911476,0.12147526711238738,GOOD
SEG_100,2020-01-01,0.007169537249306551,0.26713711534156104,0.261071471789217,0.17676181547612138,GOOD
SEG_100,2020-01-31,-0.08704004372182453,-0.33457576022114,-0.22231884230251592,0.17832220109626482,GOOD
SEG_100,2020-03-01,0.37539399043597965,-0.449260707526967,0.19053215220758596,0.11131672177137344,GOOD
SEG_100,2020-03-31,0.3344298116493568,-0.4638996533070733,-0.16132819084008584,0.16828045909690312,GOOD
SEG_100,2020-04-30,0.3405007655269563,0.12603530584791578,0.14015049299933802,0.2966804841172481,GOOD
SEG_100,2020-05-30,0.3509565217911632,-0.4077582834781658,-0.1963636487791623,0.10247105894441452,GOOD
SEG_100,2020-06-29,0.3436771012324943,-0.2509846070972769,0.5574168527060128,0.005398650742869687,GOOD
SEG_100,2020-07-29,0.14796574359305922,-0.15324755943470303,0.33302015765120435,0.04324238511170814,GOOD
SEG_100,2020-08-28,0.23106851018020177,0.4596810239738952,0.15344565775454316,-0.06926827105038763,GOOD
SEG_100,2020-09-27,0.3855222256145512,0.4541063546237598,0.38372293838269717,0.12933244589582535,GOOD
SEG_100,2020-10-27,0.35699868573693905,0.36266243336571413,0.5710632589251707,0.058885245580729384,GOOD
SEG_100,2020-11-26,0.2405936223204269,0.022914952179731385,-0.291987726813437,-0.0894287956357069,GOOD
SEG_100,2020-12-26,-0.08468959778889482,0.25263616000280387,0.003880715374627086,0.1138067000458127,GOOD
SEG_100,2021-01-25,0.06752688437617813,0.23220841590467212,0.4566566453873577,0.09715500231535476,GOOD
SEG_100,2021-02-24,0.03717383278932687,-0.18363502622443328,0.4832400962808185,-0.0153708230846938,GOOD
SEG_100,2021-03-26,0.27549550546410595,-0.07163444537215657,0.18839488032992435,0.2635502612775319,GOOD
SEG_100,2021-04-25,0.029048808272395116,-0.26461433312896987,-0.0701974548766155,0.04563689088488171,GOOD
SEG_100,2021-05-25,0.1455468914163259,-0.4116634716818526,-0.2652679856099765,-0.008806019706579571,GOOD
SEG_100,2021-06-24,0.15643549898057654,-0.38909185864555307,0.3986275541962628,0.0012245231844576487,GOOD
SEG_100,2021-07-24,0.16950746916684936,-0.3817372538002024,-0.02377584019273965,0.2669731677503815,GOOD
SEG_100,2021-08-23,0.06989258940993717,0.1305925568164391,0.04117545764306779,0.04025366279413373,GOOD
SEG_100,2021-09-22,0.3228128716039197,-0.26852589473253596,0.10686932191665732,0.29545545359527303,GOOD
SEG_100,2021-10-22,0.07708615837457469,-0.08972857305460225,0.0815922172799407,-0.09645331731180146,GOOD
SEG_100,2021-11-21,0.010273245605357334,0.022659341815168044,0.41987562722221344,0.08863064022987213,GOOD
