segment_id,observation_date,shoreline_change_m,nsm_m,epr_m_per_year
SEG_001,2020-01-01,-0.7565556147590711,-9.553041708428944,-1.0627240503927933
SEG_001,2020-01-31,0.3629636074381019,0.4720909248234033,-0.8194989669640163
SEG_001,2020-03-01,-0.40098736331924406,4.596736459690559,-0.742931245583293
SEG_001,2020-03-31,-1.8183592837547937,-6.5081367045845475,-1.2979971411805418
SEG_001,2020-04-30,-1.5075347584828578,0.9369019692552385,-1.1731950124761432
SEG_001,2020-05-30,-1.1221022809217416,-5.983886860364459,-1.078034312827347
SEG_001,2020-06-29,-0.355458787616614,-6.058875872155971,-0.33082801955291896
SEG_001,2020-07-29,0.325285463721246,-3.66760049800474,-1.3729445876960857
SEG_001,2020-08-28,-1.2856024003658215,-0.3855730213028785,-1.2768956528082471
SEG_001,2020-09-27,-1.1310045307292103,-0.4157575770099218,-0.28205957712365537
SEG_001,2020-10-27,0.3709887973719637,2.474982940417691,-0.8849717491946771
SEG_001,2020-11-26,-0.817148097362113,-1.7529460975758422,-0.9698867421198818
SEG_001,2020-12-26,-1.050665282801476,-2.2363623844661404,-1.2579916082634686
SEG_001,2021-01-25,0.5568844623160836,-8.937139751670198,-1.0239907312620096
SEG_001,2021-02-24,-1.7663118666460587,-3.534232263904337,-0.6528427539601585
SEG_001,2021-03-26,-1.4392150617927615,-3.2707967825030213,-0.6562367203311916
SEG_001,2021-04-25,0.8208538613780705,3.8955047451219134,0.19739146882861092
SEG_001,2021-05-25,-0.6408384379797881,-3.6548877101475563,0.4146352817193464
SEG_001,2021-06-24,-1.8581749638270073,-1.2373360831154319,-0.4942992341609729
SEG_001,2021-07-24,0.6522794462902404,-6.306769783170627,-0.3109616929331176
SEG_001,2021-08-23,-0.07839995689372892,-5.500043803018567,-0.8676456074562919
SEG_001,2021-09-22,0.5429828762738094,3.1890536372681417,-0.7609458225222321
SEG_001,2021-10-22,-0.5034503869175202,4.083950058906559,-1.2314177712132646
SEG_001,2021-11-21,-0.8368193570669822,3.5800473661898486,0.1922074265897109
SEG_002,2020-01-01,0.5751960890656359,3.558928573398397,-0.40881942158895535
SEG_002,2020-01-31,-1.4005962199737512,-6.257053911656134,-1.2944127566564287
SEG_002,2020-03-01,0.6287932801567527,-9.628204571527169,-0.026871056489835787
SEG_002,2020-03-31,0.494704822355906,-6.663494236815033,0.13317321119385794
SEG_002,2020-04-30,-1.1649914653045308,-0.37777392088558415,-0.7006432312798783
SEG_002,2020-05-30,-0.7933487854082897,0.9281759097905642,-0.8726453716100175
SEG_002,2020-06-29,0.13281774682067846,1.1292511675921482,-0.15874299113400103
SEG_002,2020-07-29,-0.8062128386481855,-3.9639941941341306,-0.908689594948106
SEG_002,2020-08-28,-1.2295394039664767,-3.551677750152481,-0.34003043760863605
SEG_002,2020-09-27,-0.5009625888452833,-0.505887163513064,-0.8296234891803982
SEG_002,2020-10-27,-1.8810802788095808,-3.7833848350342096,-0.24046923852457258
SEG_002,2020-11-26,-1.0525904237276897,-7.361699774402025,0.4159320845590795
SEG_002,2020-12-26,0.6218879125943817,3.371388887156556,-0.2746953544764743
SEG_002,2021-01-25,-0.1767364999948573,1.4872052644574811,-0.4574003743440358
SEG_002,2021-02-24,0.05467792618893827,0.596287125418284,-1.3715422985722439
SEG_002,2021-03-26,0.25476937657686594,-4.294284566084325,-1.4882078328320139
SEG_002,2021-04-25,-1.3836372243986736,-3.462460359300451,-1.4419503601065695
SEG_002,2021-05-25,-0.3535630658489087,-9.593469304895313,-0.21450070398132848
SEG_002,2021-06-24,0.47460682704466967,-6.215927023264291,-1.336187534476715
SEG_002,2021-07-24,-1.4669323622373889,-9.694299740195016,-1.1952353084304193
SEG_002,2021-08-23,-1.726347882987922,2.2895176146662752,0.4294415460681753
SEG_002,2021-09-22,-0.21409009701745627,-8.471480418310351,0.044961769902448045
SEG_002,2021-10-22,-1.3676241485966605,2.74363440499366,0.1446618361801162
SEG_002,2021-11-21,0.07094333456722934,-1.927406403276164,-0.5330049922336078
SEG_003,2020-01-01,0.5284721650182816,-7.272402142634623,-1.075760299640522
SEG_003,2020-01-31,-0.5618933170292564,1.3724698022369957,-0.11878132110695394
SEG_003,2020-03-01,-0.4293938466099496,-3.617442809421779,-0.008129126572780754
SEG_003,2020-03-31,-1.4566160611622445,-6.754230401820915,-0.5316028255745826
SEG_003,2020-04-30,-0.40764734300608924,-5.88533009825099,0.4485898622054758
SEG_003,2020-05-30,-1.4959968582821328,-9.229349242246332,0.3821271935362065
SEG_003,2020-06-29,0.9188097974354608,-8.223226566828076,0.028886890652388475
SEG_003,2020-07-29,-0.18196948327242995,-0.8555363163230449,-0.01982138903091002
SEG_003,2020-08-28,-0.23427212397939792,-5.631110664534586,-1.0370475308879483
SEG_003,2020-09-27,-0.81697420613562,-1.8315643193413198,-0.20473055319503852
SEG_003,2020-10-27,-0.08777193267083533,0.4960052746357597,0.38535248148808154
SEG_003,2020-11-26,0.29186150963815777,-1.3720133617010433,0.4015725556127048
SEG_003,2020-12-26,-0.6221455393727154,-0.4782292081886972,-0.5165483956179733
SEG_003,2021-01-25,0.3549247947738825,-1.7485508654232564,-0.5903481827965411
SEG_003,2021-02-24,-1.488712001049329,-4.573309612724871,0.012886308111147438
SEG_003,2021-03-26,-0.26615227483855,-6.410538065085245,-1.1832436723895352
SEG_003,2021-04-25,0.05851699012695663,-2.3669197739573242,-0.9531502065734516
SEG_003,2021-05-25,-1.2096163928585921,1.8500927300467023,-0.6701151528973097
SEG_003,2021-06-24,-0.41411385186555566,-4.823140874604887,-0.396165165858378
SEG_003,2021-07-24,0.16436561193353078,0.5784182153750379,0.12281780512975371
SEG_003,2021-08-23,0.5730382572012825,-3.3954068534398427,-0.44809782638487716
SEG_003,2021-09-22,-0.06592616413933701,2.7764793852603713,0.20468267313178612
SEG_003,2021-10-22,0.3830863916737081,4.9613888443432295,-0.006467266524146087
SEG_003,2021-11-21,-1.3417359479352267,-4.377383653370278,-1.2088604086012031
SEG_004,2020-01-01,-1.2581028547081694,-9.859038528176935,0.1092661539502926
SEG_004,2020-01-31,0.5013552129834881,-7.011745013366615,-0.7306135020653091
SEG_004,2020-03-01,-0.40148215349559285,0.28699239101018037,-0.010662317669349664
SEG_004,2020-03-31,-0.1659459257550072,0.1664668793503914,-0.05814324665858206
SEG_004,2020-04-30,-1.7942339336503954,-5.573343225562671,-0.0050382701232569715
SEG_004,2020-05-30,-0.6075417477490549,2.0973274069064978,-0.00688129856590991
SEG_004,2020-06-29,0.31711291111541057,-4.513374258916504,0.08136393717787493
SEG_004,2020-07-29,-1.3657683731003516,-9.624630255302765,0.26846969042970437
SEG_004,2020-08-28,0.7563990635067939,-5.4345312346599215,-0.5147507620435883
SEG_004,2020-09-27,-1.6034799146555119,-3.776732088447896,-1.301956730578943
SEG_004,2020-10-27,-0.12822418292336174,-1.833012077767826,0.4556850589040935
SEG_004,2020-11-26,-2.3599442300227285,1.8019188568192508,-1.0128622056719527
SEG_004,2020-12-26,0.5980144217219455,-9.957466727799755,0.21681225276035265
SEG_004,2021-01-25,-1.0947913783736642,-7.386306978907342,-1.395201964277647
SEG_004,2021-02-24,-1.9477065932339053,1.7484049397056936,0.23396181551967654
SEG_004,2021-03-26,-1.827426043800485,-8.788142838838121,-0.28340515273312006
SEG_004,2021-04-25,-1.7349831592947407,0.5266912781909934,0.20558547459115006
SEG_004,2021-05-25,-1.7598979737696356,-3.5985399060856302,-0.16978427387938222
SEG_004,2021-06-24,-0.41406498200143527,-1.203023758907845,-0.37682717201585514
SEG_004,2021-07-24,-1.020089867945701,-1.3312222241521763,-1.0745223886559878
SEG_004,2021-08-23,0.8868837013155897,2.2764028931100437,-0.27285343892907044
SEG_004,2021-09-22,-2.008427404304435,3.047940598046573,-0.36735781047724747
SEG_004,2021-10-22,-0.20826797777483386,1.6525342995011147,-0.3648128867712055
SEG_004,2021-11-21,-1.5174838222122482,1.3241471550255604,-1.2723649837795965
SEG_005,2020-01-01,-1.2933739836300673,-5.078164660932384,-1.4845401868613761
SEG_005,2020-01-31,-1.923119449967247,-9.718876951215314,0.34232486900482484
SEG_005,2020-03-01,-0.1873936060716274,2.4803886960756074,0.3395395034827693
SEG_005,2020-03-31,-1.5479981301630032,-2.342750731867776,-1.271946720322895
SEG_005,2020-04-30,-0.27469790433298763,1.4032294332033803,-0.18898197896252178
SEG_005,2020-05-30,-0.20242237663509033,2.9637031224712427,-0.24556518620045642
SEG_005,2020-06-29,-1.8567972142467586,2.4754494749468225,-1.34653799765309
SEG_005,2020-07-29,0.3831765872011859,-0.22243818027085283,-0.8569464742391433
SEG_005,2020-08-28,-1.3466815126007248,-3.433625885361505,-0.6211564164747514
SEG_005,2020-09-27,-1.8431413768855796,-8.582410787273584,-0.143241310319838
SEG_005,2020-10-27,0.4664496920479642,0.47719944217821464,-0.7160840313292793
SEG_005,2020-11-26,-0.3395876580990431,-2.1040999039873896,-0.20795035853302424
SEG_005,2020-12-26,-1.8756010777018213,2.666425830288249,-1.2977184726642117
SEG_005,2021-01-25,0.46035873287094825,1.5664672059648268,0.11808743927860221
SEG_005,2021-02-24,-0.4217195710499091,-5.357981551558156,0.11724774218157274
SEG_005,2021-03-26,0.800360480264684,2.2533685937186014,0.1025184483030952
SEG_005,2021-04-25,0.2338964163326297,-5.908130506129651,0.3106124179564824
SEG_005,2021-05-25,-1.337778577431773,4.917880268574368,-0.7501746531644649
SEG_005,2021-06-24,-1.662759988293659,0.583042629336207,-0.6027970520355068
SEG_005,2021-07-24,-1.1514268407857235,-9.283758300717231,-0.6603489124931139
SEG_005,2021-08-23,-0.7719572249718935,-0.7778562583607407,-1.018871522386913
SEG_005,2021-09-22,-0.8354067346106923,-2.94797382762271,-0.22865841706273993
SEG_005,2021-10-22,-1.174845421465741,-9.334964675571877,-0.40797250958461695
SEG_005,2021-11-21,-0.9746558936559724,-5.598361432374531,-1.4123874486817538
SEG_006,2020-01-01,-1.079555032737853,-8.132874876334249,-0.763961651370654
SEG_006,2020-01-31,0.30607190377379045,0.9062198651395352,-1.3421459878890643
SEG_006,2020-03-01,0.06128753422895916,-4.726795243420118,-1.415289674299741
SEG_006,2020-03-31,0.305285198767082,0.19115911722034795,0.4055787925592156
SEG_006,2020-04-30,-0.1914388497418544,0.1859308537009241,0.39764705853111293
SEG_006,2020-05-30,-0.5426715238258445,-4.195189299411048,-0.3766545784807058
SEG_006,2020-06-29,-0.6724296320336237,3.4801854617934556,-0.6097776145150899
SEG_006,2020-07-29,0.10068478254778138,3.909866850847667,-0.2245999548719675
SEG_006,2020-08-28,0.39709749166192265,-1.7252959911035877,-0.27610327475895824
SEG_006,2020-09-27,-0.12555379732388602,-3.250382565055059,-0.13978201870083806
SEG_006,2020-10-27,-1.718498206359032,-7.704767997846991,-1.1706858402197517
SEG_006,2020-11-26,-2.071952073029854,-5.457630908366859,-0.4330439404632389
SEG_006,2020-12-26,0.1463423652880187,-9.574397681516835,-1.409076393417316
SEG_006,2021-01-25,0.8282918314968903,-2.7558277273687084,0.10937630843146606
SEG_006,2021-02-24,0.11112810534527143,1.0129963220682026,0.22155473150865057
SEG_006,2021-03-26,-1.161275573730611,-4.23775249747591,-0.26924511167206266
SEG_006,2021-04-25,-0.561489578596397,-5.37189276918356,-1.453647403567298
SEG_006,2021-05-25,-0.6235289487810483,-1.9496387606660939,0.1943447307869357
SEG_006,2021-06-24,-1.8159984860232308,-2.436167063151929,0.028808229414479136
SEG_006,2021-07-24,0.16738723533700356,-7.014131776713251,-0.48175496754963576
SEG_006,2021-08-23,-0.20817005184548498,-7.562469311845909,0.48123147512228015
SEG_006,2021-09-22,-0.03181480556853811,4.698470467687429,-0.33259571630242735
SEG_006,2021-10-22,-0.07309477015360982,-1.2471508442854002,-1.1589758765066813
SEG_006,2021-11-21,-1.3992859971877738,-7.728531128209818,-0.11899947816294909
SEG_007,2020-01-01,-1.5011868989251411,3.6818624138601557,-0.8153459646363077
SEG_007,2020-01-31,-1.394730217024532,4.593659413858536,-0.9047708694461842
SEG_007,2020-03-01,-0.0050135800724933205,-4.3045872193842625,0.4603210746427244
SEG_007,2020-03-31,-0.5915252451119646,-6.968979891991053,-0.4228441525826945
SEG_007,2020-04-30,-1.9012097293386934,-3.800479509276121,-0.06528388749951275
SEG_007,2020-05-30,-1.4945420440141928,4.458710583364036,-0.8576645957616666
SEG_007,2020-06-29,0.5932196918051391,-7.363169386917061,0.339269623701868
SEG_007,2020-07-29,-1.7743110656877201,4.744908325565097,-0.9308766952999075
SEG_007,2020-08-28,-0.7083625607607162,-6.141026796557213,-1.1276018617438646
SEG_007,2020-09-27,-1.757336181838779,0.03883780114931312,-1.13043759790532
SEG_007,2020-10-27,-2.083453423818263,-0.19474949394702,-0.11446281915452228
SEG_007,2020-11-26,0.4971309219327112,-5.574435997656298,-0.270749103712302
SEG_007,2020-12-26,-0.31058615602554307,-6.723825660140111,-1.0050691413828445
SEG_007,2021-01-25,-0.5539154442377999,-1.4094748865820304,-1.2002952372351714
SEG_007,2021-02-24,-0.5185712382391773,-3.1480228643218595,-1.3845264381349505
SEG_007,2021-03-26,-1.8903655862570636,4.911854907153803,0.3691655977698929
SEG_007,2021-04-25,0.9016725894842886,-4.262805717229419,0.2392405706214169
SEG_007,2021-05-25,-0.4674024077598582,0.9178721135919208,-1.054619568067467
SEG_007,2021-06-24,-1.2274953505171202,4.0611554170260025,-0.049952108182163224
SEG_007,2021-07-24,-0.2950209719898795,0.5492940029739302,-1.4026473575125018
SEG_007,2021-08-23,0.10817942508104895,-5.21644455446212,-0.3041646514454752
SEG_007,2021-09-22,0.5731204305105747,3.673664984308166,-0.24801372470334004
SEG_007,2021-10-22,-1.206290696851465,1.316241458571879,-0.5529623591755601
SEG_007,2021-11-21,-1.7287950386391955,-6.949949004099184,-0.20658829690411062
SEG_008,2020-01-01,-0.3837407756813258,-2.8090869029362784,0.23894770304907587
SEG_008,2020-01-31,-0.2830031533751024,-6.932302855331595,0.33025291918711286
SEG_008,2020-03-01,0.9080294149845728,-2.957643669661624,0.17946236312736974
SEG_008,2020-03-31,-0.7693931891661018,-7.713828847237851,-0.8402694280442802
SEG_008,2020-04-30,-0.5966979134922434,-7.476495310726885,0.08995102870726823
SEG_008,2020-05-30,0.781350648067559,0.023233150897292276,0.0286776871440384
SEG_008,2020-06-29,-0.15135606291605233,-2.7519376956726234,-0.5242912319938575
SEG_008,2020-07-29,0.39102902312250326,3.6466004899814912,-1.2859671426110142
SEG_008,2020-08-28,-0.38651489172742093,4.85349547459591,-1.0482854947451556
SEG_008,2020-09-27,-2.0476080670552927,-7.429246371684286,-0.500283213774416
SEG_008,2020-10-27,0.6149820033681157,-2.8674956853209004,-1.4068760585165134
SEG_008,2020-11-26,0.24031251946385912,0.6906709992403961,-0.703407959209756
SEG_008,2020-12-26,0.7708555700586297,0.8624535514147222,-0.49841429672454973
SEG_008,2021-01-25,-1.9451822978120152,-5.90009457056804,0.48517175690159475
SEG_008,2021-02-24,0.07135611222634099,-8.769429854902771,-1.1915580722689632
SEG_008,2021-03-26,-1.613134078288528,-7.189123247081842,-0.6023126459570971
SEG_008,2021-04-25,-0.8459077479108061,-8.729507246072162,0.3022720897128661
SEG_008,2021-05-25,-0.7340443945606396,-3.683464903412135,-0.531537372132143
SEG_008,2021-06-24,-1.062728993869027,-0.6971171818796602,0.10815292391476494
SEG_008,2021-07-24,-1.1548726940641367,4.468619346421908,0.437450443493391
SEG_008,2021-08-23,-0.33269090379169947,-1.1165944862442174,-0.40874182909835577
SEG_008,2021-09-22,0.3161338028622568,-3.862876146326478,-0.5013935694220795
SEG_008,2021-10-22,-0.8747004525215043,3.8058827671744364,-0.1165822682037847
SEG_008,2021-11-21,-1.2034265346668251,-0.2950022802489354,-1.4114066129443008
SEG_009,2020-01-01,-0.6885381825256454,-4.132987469837458,0.04468446492486411
SEG_009,2020-01-31,-1.5854294053059612,-5.3216448415368784,-0.5893347295482458
SEG_009,2020-03-01,0.4778636975883625,-0.28045124083429407,-0.14572133421823197
SEG_009,2020-03-31,-1.462658245667355,-0.3928168500988285,-0.635731095141435
SEG_009,2020-04-30,-1.8511923236280776,-8.473719269092864,0.2439586600197703
SEG_009,2020-05-30,-0.3252495110500768,-4.781130438448685,0.19103560533911845
SEG_009,2020-06-29,-1.5123148965768414,0.4015481257466824,-0.47835026102567824
SEG_009,2020-07-29,-0.5946240856292369,-7.895551973533044,-0.8708399706783114
SEG_009,2020-08-28,0.04043654021371005,-3.7655434708883213,0.17978360420244544
SEG_009,2020-09-27,0.1983457648334907,1.4887933241553597,-0.40054763092389734
SEG_009,2020-10-27,0.7858962975773391,-8.463753416837525,0.16014143308507944
SEG_009,2020-11-26,-1.463450322311113,2.160540752591153,-0.32415220604637884
SEG_009,2020-12-26,-1.226362426592794,-1.91847180928543,-0.8526927682906367
SEG_009,2021-01-25,0.6577573052632966,4.887293384670116,0.23409518086755687
SEG_009,2021-02-24,-1.2766967240074054,-3.7866236595244356,-0.5960165548992713
SEG_009,2021-03-26,-2.0204033133592243,1.6120293565653991,-0.03455194692102603
SEG_009,2021-04-25,-1.2007225536627497,2.425154255732119,-0.8244896896584253
SEG_009,2021-05-25,-1.6955436549181253,2.8647739989292074,-0.6174281022471468
SEG_009,2021-06-24,-0.04942741548201901,-6.2441608217633675,-0.7563124647064685
SEG_009,2021-07-24,-0.6395240123697152,-8.0095031194002,-1.047618277081188
SEG_009,2021-08-23,0.09347465434548581,-8.4635924432574,-0.8732970451181876
SEG_009,2021-09-22,-0.06325398364520066,-3.398508688302222,-0.05513594727135529
SEG_009,2021-10-22,-1.2778855342717128,4.448730658298961,-0.8709926636356613
SEG_009,2021-11-21,-0.3247878233574949,-5.475259996342022,-0.46450174440552505
SEG_010,2020-01-01,0.9493732322691862,4.008866025113239,-1.236034238534596
SEG_010,2020-01-31,-1.2897167623033574,-9.402597070942154,-1.3790622808235886
SEG_010,2020-03-01,-1.20913999223386,-5.351396715750371,-0.47739060340933714
SEG_010,2020-03-31,0.1264457075592987,2.6970217271116432,-1.3841881119537391
SEG_010,2020-04-30,0.07356982728424534,-7.542510535968887,0.4060324035093952
SEG_010,2020-05-30,-1.9246243072297018,2.1066176998605464,-0.9560388099572925
SEG_010,2020-06-29,-1.2801715346507085,-8.456426274671955,-0.352175389615887
SEG_010,2020-07-29,0.7071873819812952,2.862277966219585,-0.394270423008271
SEG_010,2020-08-28,-0.5355028321713834,3.5291151388740705,-1.1413112994553887
SEG_010,2020-09-27,-2.0226018971193223,-6.989932698205663,-0.3723865183516262
SEG_010,2020-10-27,-1.5112997147976939,-9.90433175872294,-0.6799277808679602
SEG_010,2020-11-26,-2.1636480730170424,-2.052782664099812,-1.0236648109582687
SEG_010,2020-12-26,-0.9290373969568018,4.618321852523767,-1.330195164967021
SEG_010,2021-01-25,-1.111755326599646,2.012252329992428,-0.09854878735691575
SEG_010,2021-02-24,-0.622105925317938,-3.9023117213617935,-0.42815090181995274
SEG_010,2021-03-26,-1.8910019313095492,2.538871264819793,-0.8444126822304161
SEG_010,2021-04-25,-0.711114829495719,1.2211767081306384,-1.0002947435568978
SEG_010,2021-05-25,-0.19214458737799017,-0.32972476437247344,-0.3353523971718737
SEG_010,2021-06-24,-1.095599934436498,-9.359555213643539,-0.5780101559961186
SEG_010,2021-07-24,-1.1633845664578577,3.251356983404392,-1.4307011125369882
SEG_010,2021-08-23,0.598888682154497,-2.1127891262083045,-0.23849122235048914
SEG_010,2021-09-22,-0.8707673872758555,-7.302761894531962,-0.8622448653412409
SEG_010,2021-10-22,-2.1953626498004124,-0.14703367935648615,-0.9669459978686339
SEG_010,2021-11-21,0.42595691407688,-7.358494486300149,-0.31496098163717456
SEG_011,2020-01-01,-1.1291516726327433,-2.6434536980878116,-1.3194852462981943
SEG_011,2020-01-31,0.44106264072088747,-5.1461678304274425,-1.4561742075128554
SEG_011,2020-03-01,-1.7829704361170962,-5.473522694117964,-1.22709666228502
SEG_011,2020-03-31,0.2960573512222492,-6.651441790290363,-0.3220996884337928
SEG_011,2020-04-30,0.8226687252690528,-9.514258856093688,-0.2952226650980576
SEG_011,2020-05-30,-1.590006529100673,3.279803800927059,-1.3225479748597473
SEG_011,2020-06-29,-2.0226777715722175,-4.210943530698851,-0.034831011002462775
SEG_011,2020-07-29,0.006878815883497889,-7.560152323772674,-1.3525812208772516
SEG_011,2020-08-28,0.6869524791832544,-8.6034297192897,-0.31193891189581024
SEG_011,2020-09-27,-1.446546946711035,0.45795055711035637,-0.055923790848648736
SEG_011,2020-10-27,-0.7419998491821145,-5.581758265506778,-0.1759595479802647
SEG_011,2020-11-26,-0.6786152966610821,-0.08439917880992631,-1.3177262448986415
SEG_011,2020-12-26,-2.0379695264169313,1.283527131729306,-0.16506308173086315
SEG_011,2021-01-25,-0.4524294082935713,3.0034102055834353,-0.5503512237561601
SEG_011,2021-02-24,-0.210611226865127,-8.1957718786685,0.014377511278386823
SEG_011,2021-03-26,-0.13093996316666037,2.5116217801400627,-0.9842272800244469
SEG_011,2021-04-25,0.3199164170476118,-0.6541310711678783,-0.4548759791003816
SEG_011,2021-05-25,-1.2175591766391503,-1.9654977828112496,-0.8122616428450711
SEG_011,2021-06-24,-1.887398969604386,3.3436132087138617,-0.8370118485314586
SEG_011,2021-07-24,0.08652524516559738,-8.52673914590888,0.23780005019839723
SEG_011,2021-08-23,0.4449663046645457,1.1141719838001194,0.018986590452513274
SEG_011,2021-09-22,-1.944267831368334,-7.108548297526626,0.16585986615310255
SEG_011,2021-10-22,-1.9806983959379183,-9.541552114270097,-0.7550664769293856
SEG_011,2021-11-21,-1.3196718215180416,-4.2015149388852295,-1.174185188802759
SEG_012,2020-01-01,-0.059890573224880186,-0.9828707425819925,-1.4830725457702574
SEG_012,2020-01-31,-0.6641799846373693,0.15794234580969935,0.14862164294132718
SEG_012,2020-03-01,-1.7600148032510474,-9.042444191543352,0.47672193164353427
SEG_012,2020-03-31,0.32705208813249603,2.035456166792173,-0.29993339770885674
SEG_012,2020-04-30,0.02445996816978374,-1.4193634894473828,-1.1201696791772986
SEG_012,2020-05-30,0.538831702475826,-7.282962132939988,-1.3047938723745813
SEG_012,2020-06-29,0.21432295232716453,-5.3937209300168725,0.07618087361519854
SEG_012,2020-07-29,0.6212245276440955,-2.492839382609435,0.23499550939645997
SEG_012,2020-08-28,-0.6410222267326886,-5.254248135269367,-0.06866308777992791
SEG_012,2020-09-27,0.2300013115220067,-2.6563436405497534,0.027138334210998538
SEG_012,2020-10-27,-2.4404325638911204,-5.1668029922789644,0.16645733313312805
SEG_012,2020-11-26,-1.8457018117802704,2.357657445116155,-0.9035954930117225
SEG_012,2020-12-26,-1.8787089202459126,4.22126530560414,0.33641081768286685
SEG_012,2021-01-25,-1.9613173788533662,3.148162063992144,-0.9884216521494142
SEG_012,2021-02-24,-0.42350960765329876,-2.884054925083942,-1.1937458037511273
SEG_012,2021-03-26,-1.7515055858885988,0.7814933677425184,-1.2645308631255214
SEG_012,2021-04-25,-1.908082268675667,-2.55467929947861,-1.08461203145677
SEG_012,2021-05-25,-0.5555719635330026,0.8534542534771834,-1.2974190428140853
SEG_012,2021-06-24,0.3583605723477273,-5.309393395558536,-0.022919608415647552
SEG_012,2021-07-24,0.5690911094433366,-8.605730268438666,0.1299285790729927
SEG_012,2021-08-23,-1.699401879842993,0.44254810285692336,-1.3827072086696452
SEG_012,2021-09-22,-1.993777789690845,0.2669620007220921,0.17707295309422344
SEG_012,2021-10-22,-0.171855368807094,1.5129307743486553,-0.346701983753241
SEG_012,2021-11-21,-1.224303125239826,0.14443352536161846,-0.7302467651865714
SEG_013,2020-01-01,0.8252480312055939,-9.244739282101841,-1.054586953662402
SEG_013,2020-01-31,-0.5880060845731692,-0.19940495292442328,-1.2947133570396951
SEG_013,2020-03-01,-0.04599721526871168,4.2553269499004855,-0.773315044860378
SEG_013,2020-03-31,0.21598405626964262,-6.673793382697149,-0.8172857708463226
SEG_013,2020-04-30,0.09446768102794931,-8.395577417207216,-0.2782964677226325
SEG_013,2020-05-30,0.43425667209451924,-1.16783338153148,0.044290347274457575
SEG_013,2020-06-29,-0.6010869736024824,-2.3750065139217504,0.3423246280876022
SEG_013,2020-07-29,0.8997617226930625,3.7386536254564877,0.024749312523585365
SEG_013,2020-08-28,0.09114574812054556,2.9106131919373706,-0.07625128720970986
SEG_013,2020-09-27,0.8459214088676643,-2.4415984143512546,-0.11137605254534733
SEG_013,2020-10-27,-1.4275351564504588,2.709516371308233,0.11660955865339195
SEG_013,2020-11-26,0.4181942347631553,0.35892275546015107,-0.909718868076788
SEG_013,2020-12-26,-1.7212312691285918,1.7646075930632996,0.09764350497914087
SEG_013,2021-01-25,-1.3416468118842655,-0.6915745658222647,0.0618497857517708
SEG_013,2021-02-24,0.828106230823092,-5.587334172932627,-1.1451482030234736
SEG_013,2021-03-26,-1.2726713783079986,-5.041558168865964,-0.08062140736737189
SEG_013,2021-04-25,-1.018981422065901,1.7604717285575209,-0.864281989255621
SEG_013,2021-05-25,-1.0459425796650978,-4.5880326300590095,-1.0631094284309706
SEG_013,2021-06-24,-0.2570100285791466,-0.6830245356454903,0.417793632147867
SEG_013,2021-07-24,-0.9137134669924669,2.0422510626244073,-0.608886204856564
SEG_013,2021-08-23,-1.898405715653682,0.055026892145850326,0.047164532738553255
SEG_013,2021-09-22,0.1703981903960325,-7.693681341735317,-0.5815495294799167
SEG_013,2021-10-22,-0.3883903087815419,-3.5046244804109365,-1.4662180633917175
SEG_013,2021-11-21,-2.0595736727376712,1.8033784649385485,-0.8972985803102578
SEG_014,2020-01-01,-1.5814115336575052,0.15933568257593755,0.32833783276923567
SEG_014,2020-01-31,-0.44389627311304497,4.204690838433077,-0.8906176953009832
SEG_014,2020-03-01,-1.4816145043170323,-7.2796302283952485,0.09932010721106277
SEG_014,2020-03-31,0.1306412516334616,-2.692143847993772,-0.8382981366345532
SEG_014,2020-04-30,-0.33750206054870047,-1.5167198814233522,-0.7710131286427415
SEG_014,2020-05-30,0.1767658168335922,3.168287442619423,-0.5743032478487795
SEG_014,2020-06-29,-1.270958814826336,3.2950374811834333,-1.3470752428855692
SEG_014,2020-07-29,-0.42778107729503734,4.980922625177776,-0.5557920984341482
SEG_014,2020-08-28,-0.5668208737219975,-0.05982265931955055,0.19596368020773314
SEG_014,2020-09-27,0.16313738212057316,-2.747448764088536,-0.7824089223083881
SEG_014,2020-10-27,-0.6574738710346584,-9.303438137482328,0.46117956412620464
SEG_014,2020-11-26,-1.3215457991355537,-0.19995180164725213,0.17093813535328906
SEG_014,2020-12-26,-0.6709380504676375,-7.915475393843051,-1.1687883551420157
SEG_014,2021-01-25,0.12454468220333785,-2.777250259157708,-0.5423707145598358
SEG_014,2021-02-24,-0.2875065354421229,-9.161319937593337,-0.983480707966583
SEG_014,2021-03-26,-0.6542519187053536,4.891637355619682,0.23460479798418876
SEG_014,2021-04-25,-1.0540314943320543,-3.197947822898623,-0.3188080181353854
SEG_014,2021-05-25,-0.6583516127326288,-0.7787774577944955,-1.4219268727637435
SEG_014,2021-06-24,-0.06533767875811472,-2.169336555076687,-0.7592450995024398
SEG_014,2021-07-24,0.011167250957304795,-8.534246374798261,-1.2322337887507973
SEG_014,2021-08-23,-0.3537151939179839,-8.232570940282734,-1.485611895098837
SEG_014,2021-09-22,-0.9185455747467661,-5.866591856800168,-0.13878858987310316
SEG_014,2021-10-22,-0.06862266052631799,1.0367364590691608,0.20999784564719381
SEG_014,2021-11-21,0.010274667319312591,0.6018490029930472,-1.1785239817335655
SEG_015,2020-01-01,-0.1802802523118096,-2.184916851691616,-0.07678833658203765
SEG_015,2020-01-31,-1.9430691506653484,-1.007276306612658,-0.46837273689434333
SEG_015,2020-03-01,-0.8145993760318436,-1.2087975218545228,-0.46451459802141026
SEG_015,2020-03-31,-0.2638862562681734,-7.082122103710584,0.35942768162424055
SEG_015,2020-04-30,0.6211005416765306,2.197210244095613,-0.3502122424521821
SEG_015,2020-05-30,-1.9936952359084457,-8.255975478386162,-1.3648914786774928
SEG_015,2020-06-29,-1.2868002413166602,-8.604858547568623,-0.15260416643637242
SEG_015,2020-07-29,0.6944285843420465,-2.515009894544754,-1.1006669218113816
SEG_015,2020-08-28,0.0024668312348838477,-0.04863882519324925,-0.27234604944849505
SEG_015,2020-09-27,-0.5896506926635365,4.765920240163318,0.3320136593451146
SEG_015,2020-10-27,-0.34061901929882205,-7.377994568214264,0.45301439047408354
SEG_015,2020-11-26,-0.45968599171315805,-6.442912712386821,-0.5573092705230891
SEG_015,2020-12-26,-1.9569388139119785,-1.3616090618805679,-1.0428665010006628
SEG_015,2021-01-25,-1.508266508244308,-2.50603260832224,0.49112354059920316
SEG_015,2021-02-24,-1.8498942850432951,2.2072710381026948,-0.5469211512957259
SEG_015,2021-03-26,0.546070748440984,4.446748413768711,-1.1020837787262536
SEG_015,2021-04-25,-0.8922979086005519,-5.702146351663163,-0.23657561903306212
SEG_015,2021-05-25,-1.3784735226689637,-5.246826374566582,-0.9172872944111603
SEG_015,2021-06-24,-1.5346220510545483,-9.653483615252386,-0.044455167135191154
SEG_015,2021-07-24,-1.9375963064052422,-4.044812188597458,0.02999274426719145
SEG_015,2021-08-23,-1.6947157998290483,2.5777666833931185,-1.4428574139601742
SEG_015,2021-09-22,-0.0046295238228673125,-7.344450400304319,-0.30483160232687867
SEG_015,2021-10-22,-0.9941832076258027,-4.513250170774333,-0.9803859121245513
SEG_015,2021-11-21,-0.7407412472706256,-9.863011006355002,-0.6391293734615331
SEG_016,2020-01-01,-0.7496088012719508,-6.406572775921592,0.02907658815322911
SEG_016,2020-01-31,-1.2055067913392588,-0.4466093567747986,-0.2645411721949693
SEG_016,2020-03-01,0.14062461941151544,0.9066060567130254,-1.0343790040880891
SEG_016,2020-03-31,0.45069266261062857,4.274660625989119,-1.3879233111962144
SEG_016,2020-04-30,-1.3372668472723237,1.5683799954100177,-0.6140781157141599
SEG_016,2020-05-30,-1.0829243465570098,-0.5625361880395108,-1.4156281688105379
SEG_016,2020-06-29,-0.12114546547500592,-5.132297685548548,-1.1652792871834279
SEG_016,2020-07-29,-1.7357596286530863,-7.634523157039373,-1.317196895391574
SEG_016,2020-08-28,-1.3079536205927518,4.725135664457504,0.07712365157374701
SEG_016,2020-09-27,-0.7564249855332267,-5.579281053386546,-0.10592445000869044
SEG_016,2020-10-27,-1.6725857972031708,-5.5649100818389785,-0.973301462209136
SEG_016,2020-11-26,0.07024354300319469,-0.12565873930270044,-0.4220869568131904
SEG_016,2020-12-26,-2.1064800918864663,2.5279003684743717,-1.2404514673555078
SEG_016,2021-01-25,-1.2892856271335358,-4.504689698585557,-0.28809275153509994
SEG_016,2021-02-24,0.7257548405832355,-3.760701959353703,-0.761862698283053
SEG_016,2021-03-26,0.1684769854665422,-2.0250842289629114,-1.1210791737866486
SEG_016,2021-04-25,-0.6987576585126141,-0.02136467839684464,0.26564803874645215
SEG_016,2021-05-25,0.9585713262644476,-5.130188370698614,-0.7565609751292575
SEG_016,2021-06-24,0.8286408566135748,-3.2875031650262594,-0.7058188766211924
SEG_016,2021-07-24,-2.0342370865826553,2.3290988367067165,-0.12056163218114602
SEG_016,2021-08-23,-0.2690043595422654,-6.505087771686484,0.12214847356531666
SEG_016,2021-09-22,-0.3436606673443573,3.6148346322064153,-0.3095375948808399
SEG_016,2021-10-22,0.5755319364420013,3.0467977118182983,-1.0465646572756968
SEG_016,2021-11-21,-0.6840386497509332,-6.688042377695723,-1.398960371708345
SEG_017,2020-01-01,-0.841858341746981,-8.72381518797647,-0.49635376878841075
SEG_017,2020-01-31,-1.310048588459094,-8.925340294883727,0.05354379758336725
SEG_017,2020-03-01,-1.1278975175973847,4.814778754455938,-0.2675580110909932
SEG_017,2020-03-31,-1.7447019696578687,-9.181929799573686,0.3978818300515776
SEG_017,2020-04-30,-0.45536314878465367,-6.942979706850922,-0.4534682370669374
SEG_017,2020-05-30,-1.5589165820665352,-5.739796884280139,0.07837698901484424
SEG_017,2020-06-29,-1.9816295429211153,3.011156642817218,-0.20117771049554323
SEG_017,2020-07-29,-0.657586810487536,3.8952495953965034,-1.457023083571309
SEG_017,2020-08-28,0.9190322766745557,-2.48122808234264,0.12378572019949097
SEG_017,2020-09-27,-0.03215131299668285,-8.683074742940478,-0.7355857562911834
SEG_017,2020-10-27,-0.493479150467611,-6.8986408800848595,-1.2228469464029268
SEG_017,2020-11-26,-1.9171110092150148,3.9954491963436016,0.3342242413468348
SEG_017,2020-12-26,-0.9166783283365718,-3.83122355080976,-0.613991025900696
SEG_017,2021-01-25,-1.2773229494838407,-1.4943536059153804,-1.038177302533974
SEG_017,2021-02-24,0.5087280753923368,-2.628316044004979,-1.2249745553167706
SEG_017,2021-03-26,-1.8285768975599501,3.906548092666908,0.47125527917273624
SEG_017,2021-04-25,-1.0859859098516662,-0.8274268799492202,-0.015064290584110518
SEG_017,2021-05-25,-0.4959569513598399,-4.0658320504616245,-0.029659836899465164
SEG_017,2021-06-24,-0.7617313888720886,-0.8029858113416122,-1.390906666368947
SEG_017,2021-07-24,-1.6663446565781956,-3.7966104235357507,-0.5982282903058513
SEG_017,2021-08-23,0.10965583839095425,-8.146836747468498,-1.2716701223518445
SEG_017,2021-09-22,0.22567431192946252,3.683791682331986,-0.3690168429716618
SEG_017,2021-10-22,-0.4766651949552234,-8.236690323962803,-1.2368579363758285
SEG_017,2021-11-21,-0.6611185466565882,-2.8643201529526916,-0.6796972685772873
SEG_018,2020-01-01,-0.003902251155718084,2.57021653688909,-0.9031169067157645
SEG_018,2020-01-31,-1.5349512474951021,-3.169932579696015,-0.3420674151154066
SEG_018,2020-03-01,-1.6342565679248928,0.4192915774220154,-0.9511629144965332
SEG_018,2020-03-31,0.05503261131940281,4.008375121822748,0.4725568846882229
SEG_018,2020-04-30,-0.20392961106524693,-2.6124331942222607,-1.1401855366876175
SEG_018,2020-05-30,0.9945623419985747,-3.7893829071344225,-0.8324154861323529
SEG_018,2020-06-29,-2.0097688830191753,0.28753682970436856,-0.8172768295399946
SEG_018,2020-07-29,-0.09609482121557639,-2.77756715319459,-0.24559902458462224
SEG_018,2020-08-28,-1.0948867822233395,-1.961717864269195,-1.0834750596076603
SEG_018,2020-09-27,0.43025599556399824,-1.4352753826578244,-0.7208674522134826
SEG_018,2020-10-27,-0.8015307103585274,4.260901246513653,-1.0677202414706288
SEG_018,2020-11-26,-1.8860418872978866,3.8545515183514283,-0.03511786648811266
SEG_018,2020-12-26,-1.0329640271393368,0.7051608560394715,-0.45531025356298716
SEG_018,2021-01-25,-1.0712651890954987,-1.3366024838581154,-0.8757142031364018
SEG_018,2021-02-24,-1.986144826578979,-0.6558255598367282,-0.47187867608107203
SEG_018,2021-03-26,-1.0542186920245662,-3.3452854248814834,-1.23985199587058
SEG_018,2021-04-25,0.0554499253505254,-0.7552699347260248,-0.8751186976979362
SEG_018,2021-05-25,0.6616989374423012,-2.975861419298165,-0.5888316585065174
SEG_018,2021-06-24,0.07646441785559877,-0.02229072187156156,0.07755741269575922
SEG_018,2021-07-24,-1.6529620760978474,-8.45601684536569,0.13510578445007027
SEG_018,2021-08-23,0.8684006370680516,-4.242753118344404,-0.8185716836416999
SEG_018,2021-09-22,0.7138571001701531,-1.3871756378470153,-0.5267393870007566
SEG_018,2021-10-22,0.22594313551172102,-4.316334799594256,-0.5114097052069142
SEG_018,2021-11-21,-0.857860539130751,-4.150260096538199,-0.3441371702081
SEG_019,2020-01-01,0.9157922421357964,-3.9370387590337454,-1.2448886058851305
SEG_019,2020-01-31,-1.3646119010512274,0.53332823405011,-0.7114633526621119
SEG_019,2020-03-01,0.4536393041488936,-7.685990636594124,0.4949120860209417
SEG_019,2020-03-31,-0.14540522449213292,-3.76216800583682,-0.5879426912429562
SEG_019,2020-04-30,-0.23722171947451312,-1.330922488329156,0.1936077733473982
SEG_019,2020-05-30,-0.5920982764522209,0.3574589729379607,-1.2158250401886483
SEG_019,2020-06-29,0.17856469928857538,4.4061657043602835,-1.3438361632216869
SEG_019,2020-07-29,0.16708902523695393,-3.68475839276822,0.4211626049542503
SEG_019,2020-08-28,-1.5677048050748343,-9.225701728129401,0.4807296587788046
SEG_019,2020-09-27,0.5230155413089759,-9.78695484905364,-1.276901191416062
SEG_019,2020-10-27,0.1821229384211589,-4.8572800698796295,-1.3311970685817953
SEG_019,2020-11-26,-1.864222544977082,1.0154166640899724,-0.8098485610734556
SEG_019,2020-12-26,-1.059970018920199,0.5841170687307216,-0.5508208384718725
SEG_019,2021-01-25,0.7082543608224365,-0.4386377311690062,0.4123673117792499
SEG_019,2021-02-24,0.22056395370631826,1.0147018363948739,-0.32255141779039387
SEG_019,2021-03-26,-1.7430394012075598,-3.3108669499103263,-1.061167348545035
SEG_019,2021-04-25,0.030374770715625332,-8.200343353332613,0.21288164861032044
SEG_019,2021-05-25,0.7118296288599495,-0.4182923823471647,0.34539078168939596
SEG_019,2021-06-24,-1.0343762020607141,-9.099120282578625,0.4112113984346517
SEG_019,2021-07-24,-1.4058706939024075,-0.349927495466579,0.3252184456822529
SEG_019,2021-08-23,0.7736215355678141,-0.03091245250957364,-0.9671270377694448
SEG_019,2021-09-22,0.26215400795042476,-1.8980692447148062,-1.4933852794107219
SEG_019,2021-10-22,0.40895056683884945,-8.639995377657335,-0.4307474068799306
SEG_019,2021-11-21,-0.23624945008193032,3.446910467755199,-0.23876588510211438
SEG_020,2020-01-01,-0.4574744025542363,2.513754384045834,-0.6013854449007789
SEG_020,2020-01-31,0.029952016994724197,3.1138308945925584,-1.2020927408180908
SEG_020,2020-03-01,-1.6737699520499312,-7.416264865622508,-1.400084005226756
SEG_020,2020-03-31,-1.397386676200222,2.066802963909634,-0.647577072123541
SEG_020,2020-04-30,0.1950983201589495,-1.1037212043872877,-0.8289925446626263
SEG_020,2020-05-30,0.48675935775103557,-0.8133774202915607,0.05532327529420944
SEG_020,2020-06-29,0.30877400157871304,0.38537496256371107,-1.0876795628206752
SEG_020,2020-07-29,-0.17947883672801102,1.7387454548328858,-0.8042928663077076
SEG_020,2020-08-28,0.30142546383664454,-0.11009262411571719,-0.9471468321521728
SEG_020,2020-09-27,-1.1922477239443527,-3.4799253659641254,-0.8314107415554026
SEG_020,2020-10-27,0.2228068518431422,0.8210462083839865,-0.3145866754686568
SEG_020,2020-11-26,-1.262890475846611,-6.690058625467527,-0.5580194803313576
SEG_020,2020-12-26,0.6991722376648575,-6.966836638462767,-1.2455764706120702
SEG_020,2021-01-25,0.32278300256933135,-0.43001179179994864,-0.2769438191417144
SEG_020,2021-02-24,-1.2481847413529852,0.9502663196746663,-0.02764228176178829
SEG_020,2021-03-26,-1.9390011237621663,-2.9402105435569252,0.03721278167093289
SEG_020,2021-04-25,0.11322971962432798,4.249008434043059,-1.234575996422683
SEG_020,2021-05-25,-0.6659612672395884,1.5775251170945062,0.24839807604454278
SEG_020,2021-06-24,-1.965197704064596,-3.611466204424797,-0.9604212388686095
SEG_020,2021-07-24,0.0158629956090897,3.319668589334478,-1.2780669125474247
SEG_020,2021-08-23,-1.3399809297292373,-8.29663481760341,-0.5430130699667326
SEG_020,2021-09-22,-1.2430656694822655,-9.049462299106965,-0.8095468364296758
SEG_020,2021-10-22,0.4969418210311214,2.131938149565954,0.3817517740000833
SEG_020,2021-11-21,-0.3577265973802196,-2.555068975258835,0.24998627907419424
SEG_021,2020-01-01,-1.3474018146762878,4.211730679827237,-0.21065593755427958
SEG_021,2020-01-31,-1.6634729696194812,1.8402239277767016,-1.156525749128048
SEG_021,2020-03-01,0.13070462339457992,-5.721301267041211,0.44641217850684134
SEG_021,2020-03-31,-1.4703007831888324,-1.5626913636400133,-1.43062182269166
SEG_021,2020-04-30,-1.5801081009954003,-3.129388958832851,-0.8595641381136587
SEG_021,2020-05-30,-0.34936238697836175,-7.79374787961213,-0.36953697013044695
SEG_021,2020-06-29,0.4326133017024866,-3.310409632616466,-1.3150377373938789
SEG_021,2020-07-29,-0.0788931787299996,-8.68934594364768,-0.4764249564048111
SEG_021,2020-08-28,-0.9723512420811078,-5.730244516031421,-0.7972899331437746
SEG_021,2020-09-27,0.8666599833892138,-3.6425170233169,0.29285765311410694
SEG_021,2020-10-27,0.03103559563402819,-8.673275820171217,-0.6810787224947514
SEG_021,2020-11-26,-2.2509231305795794,2.3937245795867845,0.16917040326011556
SEG_021,2020-12-26,-0.03978442087226847,3.3902978846083247,-0.6656864556763724
SEG_021,2021-01-25,-0.33099793449863424,3.0251887728920064,-0.2440079050375099
SEG_021,2021-02-24,0.5774254245914118,-7.96753909170045,-1.173382296370144
SEG_021,2021-03-26,-1.4792431275181346,-8.58237021430256,0.005257012950419027
SEG_021,2021-04-25,0.4398372195959585,-9.806535042418231,-0.46365850744519
SEG_021,2021-05-25,-0.16995670760295659,2.471242727990658,-0.44869435062900576
SEG_021,2021-06-24,-1.1113287383202541,-4.561471513768959,0.13407740655448874
SEG_021,2021-07-24,-1.6439114791626257,-6.601383539949174,-1.2493116377317757
SEG_021,2021-08-23,0.3713920152000028,-2.2978121124383613,-1.381469525857533
SEG_021,2021-09-22,-1.521109553410474,-4.72699500293369,-1.3184413739210818
SEG_021,2021-10-22,-1.7829616141975637,-1.3279948275636109,-1.472031376826186
SEG_021,2021-11-21,-0.14529497234536654,-4.503054615318823,-0.321238857729349
SEG_022,2020-01-01,0.2755364902884541,0.5709637278621553,-0.385735754338852
SEG_022,2020-01-31,-1.1882709757889098,2.830485004331358,-1.122430028665457
SEG_022,2020-03-01,-0.042284938482363574,-8.724911348609123,-1.2132648766813956
SEG_022,2020-03-31,0.8741986229717341,-8.158567484520045,0.17621826268291763
SEG_022,2020-04-30,-0.21780098173926676,-3.933346012138963,-0.5309342814771159
SEG_022,2020-05-30,-1.8450413586845809,0.17161161006415782,0.44414510099732407
SEG_022,2020-06-29,-1.4038380995044737,-0.06860150047774916,-0.5194992794872113
SEG_022,2020-07-29,-1.1515804560316627,-4.354951555741264,-0.5806875223520231
SEG_022,2020-08-28,-1.7424599417287767,0.12536870210100481,-0.1798428214522616
SEG_022,2020-09-27,-0.9923771940630781,4.666744167108558,-0.8590344330456261
SEG_022,2020-10-27,-1.3355994844149568,-4.639508789934636,-0.7974614790611083
SEG_022,2020-11-26,-1.476843995838335,-3.086359203856315,0.22673704359640223
SEG_022,2020-12-26,0.13098508830336952,-8.499149751939182,-0.1497774093462778
SEG_022,2021-01-25,0.29996603873380556,2.60570733066659,-0.42833195307731486
SEG_022,2021-02-24,-1.0120744142112317,-8.990953352328955,0.10237134294306705
SEG_022,2021-03-26,-0.823281834249717,-0.6255418603827181,-0.5935427893465721
SEG_022,2021-04-25,-0.6843850405130241,4.0574438837833355,-0.4345613299469133
SEG_022,2021-05-25,-0.00675593696086077,-5.495864878134206,-0.629222431626018
SEG_022,2021-06-24,-0.8236460202279929,-8.296621350575732,-1.116167977039454
SEG_022,2021-07-24,-1.2684227486937674,2.053072744358925,-0.1826585747196361
SEG_022,2021-08-23,0.699733780769502,-3.8948972266048303,-0.7731315095473519
SEG_022,2021-09-22,0.47288873283308075,4.245117505093944,0.36311125047892534
SEG_022,2021-10-22,-1.695529385285116,-3.6569650227567125,-1.2114441825924216
SEG_022,2021-11-21,-1.0233965225771096,0.24107671301961098,0.4266306799312496
SEG_023,2020-01-01,0.30582665883984295,-6.404862561861103,-0.3945441933767466
SEG_023,2020-01-31,-0.8332786721808383,4.669892816013844,-0.9889326199756838
SEG_023,2020-03-01,-0.8701582249110231,-9.491774781714769,0.2328891766085408
SEG_023,2020-03-31,0.011330216002747473,-2.4049822911954797,-0.7962873068322163
SEG_023,2020-04-30,-1.5944584195835154,-3.9900722503577937,-0.24340745351392723
SEG_023,2020-05-30,0.2809604260436737,-5.209013061431435,-0.5432690400852884
SEG_023,2020-06-29,0.7543185977329121,3.2651214566518245,-1.0510257330427375
SEG_023,2020-07-29,-0.887579744718116,-3.5664494782247322,-0.9796844400577069
SEG_023,2020-08-28,-1.7163212953443225,0.7034556794701547,-1.1189116694621397
SEG_023,2020-09-27,0.018546020425547857,-3.7250351331714686,-0.6829517961671423
SEG_023,2020-10-27,-2.054049309416328,-5.151310305178259,-0.11395288411446347
SEG_023,2020-11-26,0.5965668151257724,4.951091551002985,0.37864388034927154
SEG_023,2020-12-26,0.7773449899584564,-1.606594170504252,-0.33902618021708397
SEG_023,2021-01-25,-1.8807054689035938,-8.081927578984505,0.24335911830323154
SEG_023,2021-02-24,0.5903217909383013,-5.266856208048474,0.4891301317702945
SEG_023,2021-03-26,-1.2991501275698403,0.5894429386183067,-0.6271402669545407
SEG_023,2021-04-25,-1.6999402121251268,-8.596331826925237,0.2363462192433543
SEG_023,2021-05-25,-0.37672601882075696,-3.753715129150466,-1.3463290744102385
SEG_023,2021-06-24,0.4428003912603973,-7.693367969743032,-1.337873526510102
SEG_023,2021-07-24,-1.0846740210320462,0.9731782600083676,-0.031360880928064105
SEG_023,2021-08-23,-0.9201916132170138,-4.017122545633775,-1.1439783984410745
SEG_023,2021-09-22,-1.6544881160796459,-2.6373235358558125,-0.6352831611649801
SEG_023,2021-10-22,-0.903441088219118,-1.554143845996924,-0.653858839121128
SEG_023,2021-11-21,-0.154298941832537,-7.673954487144842,-0.5093554924833967
SEG_024,2020-01-01,-1.8695941516417893,-8.85201220393531,-1.4098101926831228
SEG_024,2020-01-31,-1.7150413480381221,-0.07632514876735108,-1.14089560827349
SEG_024,2020-03-01,-1.2345415823712313,4.500794401553861,0.24268963649877917
SEG_024,2020-03-31,-1.5719555258746294,-2.8432018913146466,-0.1163875400261345
SEG_024,2020-04-30,-0.8768582244768073,-5.460150120299109,-1.249821020139546
SEG_024,2020-05-30,-0.20772374963844936,1.850173049261704,-1.1181710945651897
SEG_024,2020-06-29,0.5627787870042565,-1.2216059592407582,-1.0973231599505038
SEG_024,2020-07-29,-0.27552233630066625,-1.6854321212664587,-0.9184509361234723
SEG_024,2020-08-28,-0.8018531490959023,-5.262247746446467,-1.3729788621090522
SEG_024,2020-09-27,-1.5172925551004461,-4.8422891529525804,-1.0357937737161527
SEG_024,2020-10-27,0.458176537550864,2.4962111869302,-0.15378541272133317
SEG_024,2020-11-26,-1.712468520810172,-0.91376489115666,-1.29819254884895
SEG_024,2020-12-26,0.4603213971760451,3.416862059773381,-1.4360599844632218
SEG_024,2021-01-25,0.6107313776197324,-5.987631466651221,-1.1976432524113634
SEG_024,2021-02-24,-1.7749876316612183,-0.8414118428167878,0.06431251553278261
SEG_024,2021-03-26,-0.7384388813816898,-2.4115507492731156,-0.034896211765815144
SEG_024,2021-04-25,0.3425761379361224,-4.880198953290475,-0.48995454354194123
SEG_024,2021-05-25,0.33880651043298377,-3.798858718795323,-0.6813813612153343
SEG_024,2021-06-24,-1.74864164910724,-5.277931421810665,0.46388984877426376
SEG_024,2021-07-24,-0.08306168010574008,-2.2033245519554834,-0.9085511502727077
SEG_024,2021-08-23,0.6870820247323507,0.5044259582390715,-0.6076218985933164
SEG_024,2021-09-22,-1.1651528595513274,-9.44544741465522,-0.8310141505301962
SEG_024,2021-10-22,-1.6618819090470824,-9.581631620565132,0.09319739848274944
SEG_024,2021-11-21,-1.4300573124080767,-9.284006905940181,-0.1980751612582352
SEG_025,2020-01-01,-1.0055483175356679,-5.731967575819526,0.0695785256487016
SEG_025,2020-01-31,-1.7307998379384202,0.6746063112123455,0.1568752588637612
SEG_025,2020-03-01,-0.8602689831835247,-6.04459435668173,-0.502345388584418
SEG_025,2020-03-31,-1.7091716843664413,0.5678702719344351,0.22654331518919912
SEG_025,2020-04-30,-1.7318076718385873,-1.4235286836038643,-1.419435716826059
SEG_025,2020-05-30,0.6341662311009619,3.335858093591291,-1.0688370885986518
SEG_025,2020-06-29,0.2570053929645466,-2.871586773418638,-0.05993300924176781
SEG_025,2020-07-29,-0.05148600187863146,-3.8555750935634467,-1.0343554332815943
SEG_025,2020-08-28,0.3148850648630255,0.6109827356988262,-0.37791128985345845
SEG_025,2020-09-27,0.6329072824137708,-8.195752353416264,0.37236361998110157
SEG_025,2020-10-27,-1.147415255403367,-9.32524534037638,0.22394867142809605
SEG_025,2020-11-26,-1.7265884588882232,-6.166682120229525,-1.320742873039434
SEG_025,2020-12-26,-0.924176912096857,-5.1367331380470524,-0.7489736833933367
SEG_025,2021-01-25,-1.876706973974703,-3.0276470013200036,-0.6858470728180079
SEG_025,2021-02-24,0.32872658611317324,-5.430807370516028,-0.686508157164123
SEG_025,2021-03-26,0.6971476734534855,-3.2238699821615127,-1.497997882773821
SEG_025,2021-04-25,-0.8595937498531634,-4.728731195356101,-0.23558611850806876
SEG_025,2021-05-25,-0.38687091328598416,-5.808125524415156,-0.636075135903803
SEG_025,2021-06-24,0.9148023158415984,-4.875552928750527,-0.5804013168961901
SEG_025,2021-07-24,0.685599780295723,0.5494951258201191,0.024930482995377146
SEG_025,2021-08-23,0.4352489899089342,2.412002526370159,-0.7840685190744545
SEG_025,2021-09-22,-1.2028658017172293,3.8209803449956077,-0.7843579621387768
SEG_025,2021-10-22,0.0037750477196376586,-6.863705179787942,-1.1078264119585823
SEG_025,2021-11-21,-0.5515849594671429,-9.019590624999488,-1.2435072102252627
SEG_026,2020-01-01,-0.38744993994389465,-3.1911081446012526,0.37578073780409205
SEG_026,2020-01-31,-0.9588392878522237,1.3853257198033475,0.26760488333136245
SEG_026,2020-03-01,0.21181660844160652,4.671434166604536,-0.6523594862554121
SEG_026,2020-03-31,-0.18370814366152194,-4.9854619606762105,-0.9991810583002334
SEG_026,2020-04-30,0.25893686588886916,-0.6197686366972128,-0.34213106148203654
SEG_026,2020-05-30,-1.180355992444757,-0.6072218233526883,-1.3684194817866746
SEG_026,2020-06-29,-1.977763388317052,-4.241199627793311,0.09032935542025755
SEG_026,2020-07-29,-0.29276759075149167,-8.986832917531599,0.07883284748762032
SEG_026,2020-08-28,-1.8606271517656572,-5.32499712878589,-0.6283037437032799
SEG_026,2020-09-27,-2.053304039400225,-1.2034013132367125,-0.14339925133287346
SEG_026,2020-10-27,-1.1863747991907696,0.017902084707287713,-0.11043684643743945
SEG_026,2020-11-26,-0.11395828378350409,-9.367117751844525,-1.061188237071729
SEG_026,2020-12-26,-1.5035604390459911,-7.236332316761727,0.4797560871649591
SEG_026,2021-01-25,-1.9400009017189757,-7.032625084657124,-1.1517067817010727
SEG_026,2021-02-24,0.01450299391248697,-4.316158631272333,0.07482816107588297
SEG_026,2021-03-26,0.5640426081710987,3.1758175467262575,-1.3692449611649913
SEG_026,2021-04-25,-1.8992339758588992,-0.7595798834421625,-1.1217956713671173
SEG_026,2021-05-25,-1.4518484715082625,-8.778884472176596,-0.5586654127985655
SEG_026,2021-06-24,-0.9428709924123186,0.41764510608803995,-0.06870025462281881
SEG_026,2021-07-24,-0.8706983358352823,-5.41001445520414,0.27741785909359096
SEG_026,2021-08-23,-0.6176736983535889,-0.6831127029239425,-0.6477953128345133
SEG_026,2021-09-22,-1.7909815595963476,2.6390508378034347,-0.47441802104336195
SEG_026,2021-10-22,-1.1275275904274318,2.233471695536693,-0.13292134038436076
SEG_026,2021-11-21,0.09073488922271394,1.7469238113808245,-0.6923777171102912
SEG_027,2020-01-01,0.3181734162203065,1.3643194886377064,-0.0549792973041876
SEG_027,2020-01-31,-0.9529126046399947,-1.3373732707928632,-1.2433087184194933
SEG_027,2020-03-01,-0.42117020505396624,-5.108807282117558,-1.4535203193489101
SEG_027,2020-03-31,0.9074912934536976,-6.936930721771792,-0.7187277069135123
SEG_027,2020-04-30,-1.9489760703181913,0.33536824621601724,-0.5227733548456654
SEG_027,2020-05-30,-1.5078267920672472,2.895610210651059,-0.6782775313987544
SEG_027,2020-06-29,-0.7102742700667009,0.645074210851563,-0.5504399514379912
SEG_027,2020-07-29,-0.8707728492569168,2.113487487305715,-0.4482869903908453
SEG_027,2020-08-28,0.06121472990460737,-5.538269088667963,-0.2739449765767217
SEG_027,2020-09-27,-0.8926704425161589,4.185310420803479,-1.0206094848283855
SEG_027,2020-10-27,0.5190209988669339,-1.707641580563342,0.49063276303905345
SEG_027,2020-11-26,-0.14201084938312586,1.2460421169441886,-0.737688864117001
SEG_027,2020-12-26,-1.8526298448957796,-1.7735718946506154,-1.015412781930245
SEG_027,2021-01-25,-0.844510403115224,-8.836220502325281,0.027178093958059035
SEG_027,2021-02-24,0.4310909932803705,-0.384817161127188,-0.06717913359343419
SEG_027,2021-03-26,-1.2848456040390537,-8.629203548725124,-0.656634538949368
SEG_027,2021-04-25,-1.5209150199877992,-3.7647998505271865,-1.2846323428209971
SEG_027,2021-05-25,-1.5333055920490823,-3.967907653675293,-0.8675195572975074
SEG_027,2021-06-24,-0.2683872100983776,4.7465373937570625,-1.2963728202502265
SEG_027,2021-07-24,0.8211970880981141,0.4058111607579242,-0.8359069053034329
SEG_027,2021-08-23,-0.12643717364452478,-6.513617839282002,-0.3250629051830005
SEG_027,2021-09-22,-0.9073139773865061,-5.55077904440331,-1.1966588292159448
SEG_027,2021-10-22,-0.19145660179138707,-2.1869071060665224,0.4551350089146702
SEG_027,2021-11-21,-1.4206209873185216,0.3102475810361689,-0.06099556055003341
SEG_028,2020-01-01,-0.24135459109149418,2.4683131793774393,0.36362538046201065
SEG_028,2020-01-31,-0.7273537994666118,-0.46594341828662955,-0.9562784304853451
SEG_028,2020-03-01,0.44203481982798254,1.9033790173382368,-1.4603778457354115
SEG_028,2020-03-31,-0.6987090185585807,-4.37279672598741,-0.2879492866867135
SEG_028,2020-04-30,0.758110632352847,4.104274778960237,0.4409852734535036
SEG_028,2020-05-30,-1.4581941574785664,-3.455530819621286,-0.9894831661690717
SEG_028,2020-06-29,-1.3417903319272504,-9.482386419012933,0.12625282051286524
SEG_028,2020-07-29,0.8292016664689064,2.62273849860885,-1.4753252250443305
SEG_028,2020-08-28,0.43063265221714836,-6.206931469011666,-0.8955608680747924
SEG_028,2020-09-27,0.2889124454360874,-4.834107814629226,-1.2145730365958611
SEG_028,2020-10-27,-0.9186267803137929,-0.18218212332499206,-0.03391552819386745
SEG_028,2020-11-26,-1.914045970898566,-7.259059010910397,0.01832936990089462
SEG_028,2020-12-26,-1.4819241193071786,-4.867721233926716,-0.32870719977050844
SEG_028,2021-01-25,-0.5081762367499008,-9.891070644296803,-0.2940302562702579
SEG_028,2021-02-24,0.4168385793146038,4.114865701035852,-0.1698434293497899
SEG_028,2021-03-26,-1.5934286543970346,-0.9713623535378435,0.23801056341274585
SEG_028,2021-04-25,0.896709046852598,4.363207140036415,0.12523809555446452
SEG_028,2021-05-25,-1.788444826176696,-3.5812557929287028,0.3629669389348864
SEG_028,2021-06-24,-0.35774989935681245,2.8520391564815064,-0.490726768497441
SEG_028,2021-07-24,-0.0669483346992599,-6.386475796622486,-1.0767183576459736
SEG_028,2021-08-23,-1.410448410700241,-6.135571859859004,-0.547395364172699
SEG_028,2021-09-22,0.22647071944435396,-0.9898086937516535,-0.21202691878041957
SEG_028,2021-10-22,-1.9739812055201191,-8.684794890353547,-1.321721146401199
SEG_028,2021-11-21,-1.99821370313711,-1.9659543942819173,0.19423719328858735
SEG_029,2020-01-01,0.8064555703089538,2.5582498184111966,-0.5003346699479085
SEG_029,2020-01-31,-1.7097371374250763,4.952729066573372,-0.08695546427410927
SEG_029,2020-03-01,0.16030344514114747,2.1562797827726303,-0.09918517268112947
SEG_029,2020-03-31,-0.3953520577628425,-4.93884778517066,-0.14420262763766045
SEG_029,2020-04-30,-1.635601936712717,1.2839971994546193,-0.33923264047718904
SEG_029,2020-05-30,-1.3619600276994737,1.2257377649458192,-0.02936220688763269
SEG_029,2020-06-29,0.6791075913842872,-8.559284021453875,0.4483175199311338
SEG_029,2020-07-29,-1.3367729757238014,-2.6706115935717225,-0.12403178816802107
SEG_029,2020-08-28,-1.2538844002043688,-0.20206789168138606,-0.7653538881003497
SEG_029,2020-09-27,0.18510303468381012,1.9151557154445715,-1.1378068121677656
SEG_029,2020-10-27,0.3888831841916683,-9.703804173268765,-0.38787967238630605
SEG_029,2020-11-26,0.6046823613811747,3.4640344735971915,-1.1386716535388912
SEG_029,2020-12-26,0.49282766684617546,-9.474920807263592,0.459856869648652
SEG_029,2021-01-25,0.2538826235709674,-0.11263632765758125,-0.610159424843564
SEG_029,2021-02-24,-1.3239106457711411,-7.17889523413025,-0.9005815408217137
SEG_029,2021-03-26,-0.8905595770361482,3.554899002982605,-0.6998812488307395
SEG_029,2021-04-25,-1.4757081708091602,-4.417866107414423,-0.1853638939891591
SEG_029,2021-05-25,-1.725381227466225,-8.350148012789424,-0.40326243032841
SEG_029,2021-06-24,0.8789951574209611,-4.320514729047248,-1.2899945410678744
SEG_029,2021-07-24,-0.42750762900350964,-0.8879958354980353,0.2931404865974676
SEG_029,2021-08-23,-0.6435441076073859,-8.08641695316199,-1.4810050623616824
SEG_029,2021-09-22,-1.3262073546058781,-0.8694551417704215,-0.08642647478302434
SEG_029,2021-10-22,-1.2223491934642379,2.8688221149454574,0.3949092970141992
SEG_029,2021-11-21,-0.702497190469886,-2.6072420021503886,0.24870592371664446
SEG_030,2020-01-01,0.1489437287198737,0.7124010948440684,-0.09481657245271191
SEG_030,2020-01-31,0.8116058119064584,0.1178325262127835,0.2638611311273342
SEG_030,2020-03-01,-1.7116679208088916,3.7106776251341973,-1.0004695529978513
SEG_030,2020-03-31,-1.1148951056536145,3.9966716571675533,-0.21405272907720496
SEG_030,2020-04-30,-2.033363412742202,3.3529441493489127,-1.1276845872094023
SEG_030,2020-05-30,-0.08153152197187213,-6.608571506586074,-0.7092823479427477
SEG_030,2020-06-29,-0.7089890352003743,-4.611448807614715,0.24102814062266686
SEG_030,2020-07-29,-0.07866371262323313,-6.013005697862175,-0.6578093545277741
SEG_030,2020-08-28,-0.9098937502785084,-8.354008239767113,-1.284240830053196
SEG_030,2020-09-27,-0.720664948706515,-5.6580005643267155,-0.5281415122357773
SEG_030,2020-10-27,0.33709485565801983,-7.023813112762627,-0.0870782020283205
SEG_030,2020-11-26,-2.3811765395540823,4.855981937666691,0.3581966630549598
SEG_030,2020-12-26,-0.7660628823819491,-2.3520446091436416,-0.21225368899620345
SEG_030,2021-01-25,0.19245669275687582,-6.820336734654349,-0.5558836716389755
SEG_030,2021-02-24,0.5495646861009001,-5.031823997135978,-0.01741579458064968
SEG_030,2021-03-26,0.1627374759160775,-8.194684791448832,-0.3268770878265772
SEG_030,2021-04-25,0.8763837812326871,-6.97001324591515,-0.058461067770833486
SEG_030,2021-05-25,-0.7422608739610137,0.7598881182181376,0.3216983591932916
SEG_030,2021-06-24,-0.30366318474943466,1.915855702661796,-0.11239333167387677
SEG_030,2021-07-24,-0.8946069634396095,-5.927587165654683,-1.131867319291822
SEG_030,2021-08-23,-1.4180557046993711,0.6238205658474545,-0.39569815815831144
SEG_030,2021-09-22,-0.08757457475463779,-6.264878885127278,0.1468205334242043
SEG_030,2021-10-22,-0.9595264342969184,-0.8277694923920187,-0.8507297190239835
SEG_030,2021-11-21,-0.14805575328166937,1.7076977994212363,-1.2871145349353226
SEG_031,2020-01-01,-1.5551394722928,-6.524152860438985,-0.04742775210881889
SEG_031,2020-01-31,-0.07580998715331437,-9.684290441480254,-1.1741627024821484
SEG_031,2020-03-01,-0.4268692190257136,0.901469374125174,0.11598545330447729
SEG_031,2020-03-31,-1.6484377582911893,-0.5892343521523653,-1.4730061919629511
SEG_031,2020-04-30,-0.7008603970622813,-7.552833373764345,-0.8364873606129233
SEG_031,2020-05-30,0.4971426028291377,-7.872474603219658,0.3243339244173875
SEG_031,2020-06-29,-1.6853624248259318,-7.456614078122969,-1.2797286924045912
SEG_031,2020-07-29,-1.4776317667228291,-2.0427903903822546,-0.30077703026882596
SEG_031,2020-08-28,0.7168892478011724,2.1607912227866777,-0.07738663556153269
SEG_031,2020-09-27,-0.6302893725835504,-8.990295479465571,-0.344314241000218
SEG_031,2020-10-27,-0.8491031309853374,1.9025238569756056,-0.8330697098639419
SEG_031,2020-11-26,-0.5056593352899739,-3.672388584135555,-0.34424712096761834
SEG_031,2020-12-26,0.7612792494060778,-9.106339151632572,-0.8013049310317855
SEG_031,2021-01-25,0.4690513990092003,-9.16201501186989,-1.2243973744327457
SEG_031,2021-02-24,0.4158202643640789,3.057154658232614,-1.4396285392807922
SEG_031,2021-03-26,0.014320650731383097,-5.507384560609107,-0.6769550335026173
SEG_031,2021-04-25,-1.9829860047759715,2.4902014162712653,-0.14019291180011706
SEG_031,2021-05-25,-0.4856841094637108,4.668894255653736,-1.249733287943382
SEG_031,2021-06-24,-1.1350305925272324,-0.37163748535142815,0.15450735957130868
SEG_031,2021-07-24,-1.164219293908468,-1.876481275283039,-1.3693616656674454
SEG_031,2021-08-23,-0.37262093002675695,1.8533855472289371,-1.408638774632679
SEG_031,2021-09-22,0.8933120108595247,0.5398521581314224,-1.305240328143266
SEG_031,2021-10-22,-1.2047351861609048,-7.726932836803723,-0.5737875539250248
SEG_031,2021-11-21,-0.8548356247238316,0.9308095956674496,-0.19721016998161267
SEG_032,2020-01-01,-1.864073125997404,-7.713978897754008,-0.24442070730917864
SEG_032,2020-01-31,-1.1135575046956574,4.010839569822867,-1.177055030045482
SEG_032,2020-03-01,-0.12631780187481523,-7.893291346002802,-1.2520675514387989
SEG_032,2020-03-31,0.7704347802621712,-4.394753565994217,-0.1355982063234713
SEG_032,2020-04-30,-2.038232534632508,2.795896765436753,-0.9186787996318686
SEG_032,2020-05-30,-0.6516688662734474,-8.712661804973331,-0.036443753416116165
SEG_032,2020-06-29,-0.604213657703011,-5.824374058703485,-1.4234353222685872
SEG_032,2020-07-29,-0.7128031079701975,-2.8988554090163685,-1.391844969816612
SEG_032,2020-08-28,0.07305137765893495,3.06933694553247,-0.4504441139980422
SEG_032,2020-09-27,-0.8328609399346837,-2.8675087315395906,-0.12233901345942333
SEG_032,2020-10-27,-0.19068151843577485,-0.7523143874909106,-0.8525348504772345
SEG_032,2020-11-26,-1.8174370164501887,4.549641870775666,-0.6872267236888008
SEG_032,2020-12-26,0.8742373641269229,-3.697358366499162,-0.4078275445940436
SEG_032,2021-01-25,0.5927902903626368,-2.4687219985889453,0.2355162966958484
SEG_032,2021-02-24,-1.5077797070618562,-3.5742457911608945,-1.1462096787578826
SEG_032,2021-03-26,0.5021367358390019,4.930448318379391,0.11187952514342236
SEG_032,2021-04-25,-0.3059397470756059,-9.510466940584392,-0.920191081587892
SEG_032,2021-05-25,-0.7807517972711742,2.306269628352606,-0.0923300864601857
SEG_032,2021-06-24,-0.784210868975956,-6.37668341351775,0.30037450654892695
SEG_032,2021-07-24,0.8968166734141313,-6.372533303975363,0.44698064612392163
SEG_032,2021-08-23,0.6547287554402988,-2.2408438296865327,-0.6251968259964957
SEG_032,2021-09-22,0.7676727818549622,-6.94356134981799,-1.31346918604314
SEG_032,2021-10-22,-1.9621439115821842,-3.194406073414183,-0.23699641559139284
SEG_032,2021-11-21,-0.2899355237557131,-5.875527625944835,0.36995178675308105
SEG_033,2020-01-01,0.4867013461717805,-4.137996870949301,-0.5179260850631975
SEG_033,2020-01-31,-1.5293143335411385,-9.84789562557211,-1.142645855848992
SEG_033,2020-03-01,0.12571652925628946,3.8987476887099746,-1.114309480695266
SEG_033,2020-03-31,0.09654427124795374,4.097721553584215,-0.964818935488664
SEG_033,2020-04-30,-1.4502693727346134,-7.405607268451552,-0.12588508656567687
SEG_033,2020-05-30,0.5719271136799106,-3.6439401734996837,-0.005841459755988154
SEG_033,2020-06-29,-1.9554341708198135,-2.329647848040203,-0.3262615142791232
SEG_033,2020-07-29,-0.961991783260377,-8.91039503196059,-0.1860907767465667
SEG_033,2020-08-28,-0.31616835201512894,-4.216136751665073,-0.2963961778257018
SEG_033,2020-09-27,0.1802675979202541,-5.233250579231105,-0.8597571820296286
SEG_033,2020-10-27,-0.4813771694587426,-5.724446287247954,-0.21266678298554376
SEG_033,2020-11-26,-0.4864944326476001,-8.958188280102608,-1.3097603644452958
SEG_033,2020-12-26,-0.11080135470616159,-3.1812738820906787,0.19734462560858024
SEG_033,2021-01-25,0.05986791737644846,-3.464763064718852,-1.159617094874133
SEG_033,2021-02-24,-1.766545711878568,4.207172912093634,-1.349915649537338
SEG_033,2021-03-26,0.2420706179730968,3.3169761877678727,0.431672526828603
SEG_033,2021-04-25,-1.380296917054017,-6.042819496296126,-0.9075316233727131
SEG_033,2021-05-25,-2.034142507419657,-6.757967978550079,0.13702288843781085
SEG_033,2021-06-24,-1.5907676883635806,-2.432328860574163,0.3282505293199496
SEG_033,2021-07-24,-1.1299060647623114,3.047470701177671,-0.20323407497906176
SEG_033,2021-08-23,-1.292673629456059,3.9039157946002785,-1.331866467678147
SEG_033,2021-09-22,-0.7375505906517744,-5.589911581264851,-0.6946157935761645
SEG_033,2021-10-22,-2.233516389870973,-6.007326330382325,-1.36830522817177
SEG_033,2021-11-21,-1.5788379176211014,1.7859147716584225,-0.8047337735161304
SEG_034,2020-01-01,-1.4684991828262095,3.4980383279043785,-1.2163326894902733
SEG_034,2020-01-31,0.8822413737577548,-1.252617128080896,-0.5233853180226902
SEG_034,2020-03-01,-1.817311013706688,-5.430965929788432,-0.027627075676957658
SEG_034,2020-03-31,0.6254679175327678,1.6178944331337153,0.2139123211075027
SEG_034,2020-04-30,-1.6479221768110757,-2.532516528192386,-1.0112643900873632
SEG_034,2020-05-30,0.01702036591384194,3.488320735736613,-0.6014613064031056
SEG_034,2020-06-29,-1.9654995582593164,-2.1988340055381173,-0.8134511137877172
SEG_034,2020-07-29,-0.6802816338235929,-7.746583723665831,0.43334293797286993
SEG_034,2020-08-28,-1.9203986597386997,-5.412677488652218,-0.6393543429336621
SEG_034,2020-09-27,-1.7703161577801039,-5.939966573270682,0.4918285121478607
SEG_034,2020-10-27,0.6641315612645529,-8.527919550273534,-0.9774781775445622
SEG_034,2020-11-26,-0.4983886428447113,-5.484066012688419,-1.3288041457931081
SEG_034,2020-12-26,0.36667870460870616,0.6889775794996673,-0.5632422513634885
SEG_034,2021-01-25,-1.14872095467706,-6.360315168612925,-0.4755864087773689
SEG_034,2021-02-24,0.549199100356654,-3.0966887057723804,-1.3913075315258043
SEG_034,2021-03-26,0.21167891227944505,0.11619499074155826,-0.021273155257830467
SEG_034,2021-04-25,-1.1168579783753616,4.837379448473214,-1.4870983987209672
SEG_034,2021-05-25,0.4378002913998335,-3.342761875236718,-1.3886936765008504
SEG_034,2021-06-24,-0.23269652586566852,-3.5146945178978486,-0.2276056703678091
SEG_034,2021-07-24,0.8031077712500729,-2.6055379546426902,-0.16460068113831672
SEG_034,2021-08-23,-1.1341985859913086,-0.32336518349994137,0.28644194688188196
SEG_034,2021-09-22,0.5207280046852234,-2.451915680157379,-0.8023318364836198
SEG_034,2021-10-22,-1.340913068302601,1.4391138022889134,-0.8941402297693948
SEG_034,2021-11-21,-0.6595744343492603,-8.058670457701902,-0.8518467755786763
SEG_035,2020-01-01,0.9343311447553624,2.1283322480248206,-0.03470589525096224
SEG_035,2020-01-31,0.4648241710102028,-8.906774583288083,0.026703899716170154
SEG_035,2020-03-01,-1.3123877456161523,-3.4372771890257656,-0.9278213348165671
SEG_035,2020-03-31,0.41079696054075576,3.3993651723753224,-0.7808779958727112
SEG_035,2020-04-30,-0.3618875035125553,-2.894006948823079,-0.7957878953742208
SEG_035,2020-05-30,-1.1480702255651953,-8.231087569291267,-1.0388529889065177
SEG_035,2020-06-29,0.8121171204849491,-8.878343157348358,-0.3492882513791562
SEG_035,2020-07-29,-1.2165056041993063,-9.55032955494433,-0.8239095148234712
SEG_035,2020-08-28,-1.347857129581354,-8.906321472786882,0.39599519318127907
SEG_035,2020-09-27,-0.44382984839947426,4.1990101482120785,-0.9589831870298122
SEG_035,2020-10-27,-2.0496881392578397,1.604198640043574,0.1227263390447837
SEG_035,2020-11-26,-0.9957472353611285,-7.933443548278898,-0.6240942907632507
SEG_035,2020-12-26,0.024164652814513632,3.3250300743879784,0.08636168444480852
SEG_035,2021-01-25,-1.0322597965481903,-0.17186572137199008,-1.0115113109634994
SEG_035,2021-02-24,-0.9368054413401878,3.726512960205989,-1.059425421900424
SEG_035,2021-03-26,-1.9033717847206761,3.5063806635328216,-0.08899664952511421
SEG_035,2021-04-25,0.351545287756031,-7.870581518575438,0.4558194016680901
SEG_035,2021-05-25,-1.7964108646249204,-5.813612767915327,-0.28050454878902054
SEG_035,2021-06-24,-0.3959255117844329,-4.78293192343147,-1.4480157954982817
SEG_035,2021-07-24,-0.7787963381268455,-3.586762162005976,-0.04154773162951364
SEG_035,2021-08-23,-0.35432204332639794,-1.4754541848958649,-0.4621742776021256
SEG_035,2021-09-22,-1.263389425551546,-1.8579316553669152,-0.8249352936285343
SEG_035,2021-10-22,-1.428244969386728,-6.032236831531748,-1.1424312078385253
SEG_035,2021-11-21,-1.4107669415156447,-0.8450721705576925,-0.8719469315812993
SEG_036,2020-01-01,0.03863397339756488,2.9085541636096917,-0.3402185690800186
SEG_036,2020-01-31,0.12905241650842852,-0.9913174173202162,-0.8005406989281851
SEG_036,2020-03-01,0.5949805102662488,-7.85380776695595,-0.8469189165984581
SEG_036,2020-03-31,0.7438570399280023,3.678089893373931,-1.4489294274712787
SEG_036,2020-04-30,-1.95301964139319,0.8938964251512296,-0.7378206735460189
SEG_036,2020-05-30,0.17667888184776048,2.7139261974185267,-0.44448720219425053
SEG_036,2020-06-29,0.2760119707355044,-4.570525635306833,-0.5883576525030081
SEG_036,2020-07-29,-0.12803289583719576,-0.9217212464269444,-0.602063957060812
SEG_036,2020-08-28,-1.2729247289667023,-5.696722156378799,-0.8723113221233485
SEG_036,2020-09-27,-1.7008964399417292,-6.049358163158274,-0.39084244204488594
SEG_036,2020-10-27,0.54015907758755,3.563905889804513,-0.7912644575915786
SEG_036,2020-11-26,-2.3130000657670213,1.0812263474677177,-0.7900847353053235
SEG_036,2020-12-26,0.6043799711874737,4.049321693484558,-1.3324210174045505
SEG_036,2021-01-25,-1.7472416515294693,-5.539772008363888,-0.8177655779080399
SEG_036,2021-02-24,0.399292587538304,1.0193862262052473,0.47841074661888006
SEG_036,2021-03-26,0.6461008360477367,-5.672817684053831,0.3353861310992987
SEG_036,2021-04-25,0.6935235948088578,4.3978505459402975,-0.4203405002070082
SEG_036,2021-05-25,0.47279935205999296,-5.57587628237957,-1.280770246442394
SEG_036,2021-06-24,-0.9651421651077504,-8.813993810384252,0.0866405102974439
SEG_036,2021-07-24,0.711127548229086,-3.4993356354044245,0.3647360012695742
SEG_036,2021-08-23,-0.9591301824619148,4.147435525828175,-0.15330473787071863
SEG_036,2021-09-22,0.22007796190223117,-9.952034342923897,-1.3654774652318487
SEG_036,2021-10-22,-0.16071400749447545,-7.299034981665427,-0.8997988575593852
SEG_036,2021-11-21,0.44658053958068855,1.324416521631548,-0.9254572925032076
SEG_037,2020-01-01,-0.602173724298422,-3.8199562183892057,-1.0302799190735439
SEG_037,2020-01-31,-0.6802256873296791,-4.019807324480335,0.3247374602352584
SEG_037,2020-03-01,-0.1549915486113491,4.218166914014786,-0.27339205725861504
SEG_037,2020-03-31,-0.42155871650222293,-0.1760262568427038,-0.4627020029654594
SEG_037,2020-04-30,-1.4391269900867982,1.0000152418803872,0.3800275923854244
SEG_037,2020-05-30,0.27744116324987794,-6.29036891827978,-0.955083508045742
SEG_037,2020-06-29,0.2131054029632679,-3.76929964644974,-1.4705164321861868
SEG_037,2020-07-29,-0.542195107107329,-9.648520726469833,-0.9519005200429911
SEG_037,2020-08-28,0.6938734059459339,-2.0019414454780335,-1.0107719245194147
SEG_037,2020-09-27,-1.3583114983901532,-4.452675602196941,-0.3736934645630652
SEG_037,2020-10-27,-1.6237028209183926,-0.7526729436885127,-0.5529706847160212
SEG_037,2020-11-26,-0.4300748438368665,-3.9019857490702075,-1.4888564606287347
SEG_037,2020-12-26,0.4194506424614586,4.891330383688507,-1.3371313822086097
SEG_037,2021-01-25,-1.899023468013744,-3.637266625257076,-1.1585558261548743
SEG_037,2021-02-24,-0.009891086724422508,-2.162798458071113,-0.26979902551255996
SEG_037,2021-03-26,-0.6318056862684339,4.043037481253277,0.354159187477294
SEG_037,2021-04-25,0.8479876001881079,-5.322392355486979,-1.1246511459459718
SEG_037,2021-05-25,-0.16040415106011185,3.918192482662274,-0.9508387702079479
SEG_037,2021-06-24,-1.8300217159001644,-7.713672954256504,-0.03868384336767394
SEG_037,2021-07-24,-1.2270191927589953,2.1094937328918473,0.24267316782306403
SEG_037,2021-08-23,0.5249335466257947,-5.1499318617074845,0.2919066841876814
SEG_037,2021-09-22,-0.8761193604135668,-2.8828299766415775,-0.8764763349495914
SEG_037,2021-10-22,-0.796222465173287,-2.6485974309854496,0.0779301114460682
SEG_037,2021-11-21,-1.371307895199557,-1.6030896593300827,0.4958002257437435
SEG_038,2020-01-01,0.7641304059353815,-0.8983837880535628,-1.4329436175939723
SEG_038,2020-01-31,0.7574207222835009,4.958473660895182,-0.23551983454107184
SEG_038,2020-03-01,0.12784543872128612,3.063698319823642,-1.2367035883244184
SEG_038,2020-03-31,-0.16422117590205965,-9.749883189872095,0.17454705643640334
SEG_038,2020-04-30,0.4544652725082172,0.044617622511468724,-1.370090198622049
SEG_038,2020-05-30,0.1961453975880238,2.5678954580154194,-1.4935512347345872
SEG_038,2020-06-29,0.11902191304149763,-7.215116659086055,-0.3177029397096496
SEG_038,2020-07-29,-0.11050078137265651,3.5221879777967082,-1.1178278811662135
SEG_038,2020-08-28,0.6329053332640049,-7.343318688205085,-0.9101353100038456
SEG_038,2020-09-27,-1.92469263842882,2.5208628831680464,-0.7286386168643204
SEG_038,2020-10-27,0.08411888695051117,1.9144254478383935,-1.3184849990416698
SEG_038,2020-11-26,-0.9408008498490352,-4.331347645263583,-0.3232184365201758
SEG_038,2020-12-26,0.7354973181682702,-5.405865554204698,-0.5663175352397845
SEG_038,2021-01-25,-0.9379521851735122,-4.931826090526851,-0.14288831649492528
SEG_038,2021-02-24,-0.8878361702968217,-9.571672436145027,-0.47559129943870415
SEG_038,2021-03-26,0.8598936823476171,4.554876918762771,-0.8814529211392488
SEG_038,2021-04-25,-1.291533572916495,-6.95017027446454,-1.3196662109474184
SEG_038,2021-05-25,0.6907647289409102,0.02655275646130484,0.16269398426240644
SEG_038,2021-06-24,0.11481189299021043,-3.6311134028875607,-0.7122992793602472
SEG_038,2021-07-24,0.4475450211481434,-0.8415021450254869,0.003368920060705438
SEG_038,2021-08-23,-1.1662308618196668,-4.197767264179186,0.14255002857226207
SEG_038,2021-09-22,-1.7640186882326683,2.936997198068374,0.10710051368051188
SEG_038,2021-10-22,-1.3184824938390458,-6.120264260985143,-0.23176564103426922
SEG_038,2021-11-21,0.7054298811866612,-2.0243255690175177,-0.7330563534749406
SEG_039,2020-01-01,-0.6038986415152878,-4.493438186115752,0.27833186983061164
SEG_039,2020-01-31,-1.108019284228258,-0.4602595006359653,-0.30844218862528683
SEG_039,2020-03-01,-1.1843159855703989,4.577791630256645,-0.12201607797680603
SEG_039,2020-03-31,0.8781741232762021,-0.43278275290767,0.264073775725405
SEG_039,2020-04-30,-0.11624039860176962,3.243880429783829,0.17370663452664958
SEG_039,2020-05-30,-0.9076109814759353,-2.9062239957739493,0.02143809103188299
SEG_039,2020-06-29,-0.8455955884096416,-9.719215767601442,-0.6713503203211311
SEG_039,2020-07-29,-1.1683220038207092,0.6805040623228411,0.15394995302921743
SEG_039,2020-08-28,-0.7071446142546669,1.1385673469649227,-1.0787252108418888
SEG_039,2020-09-27,-1.4625755623958905,4.773029073654682,-0.7616170897478949
SEG_039,2020-10-27,-2.242206316726679,4.6003560294085375,-0.3871210255615114
SEG_039,2020-11-26,-0.5913258240100936,-7.320663422544306,-1.1817649637628402
SEG_039,2020-12-26,-2.058724128575419,3.2713679991860545,0.42047880043272046
SEG_039,2021-01-25,0.6858260130854624,-7.335600584739333,-0.9231843798855339
SEG_039,2021-02-24,-0.18147746341458953,-0.716860492803983,-1.2228559164746693
SEG_039,2021-03-26,-1.821649580797144,-4.445561317050513,-0.014069250206014905
SEG_039,2021-04-25,0.7263917606104677,3.820785269117202,-0.8545515964530401
SEG_039,2021-05-25,-0.5238598797040384,-8.332640550618585,-0.291986408265301
SEG_039,2021-06-24,0.8903562478992595,2.932534558920068,-1.3592687728547643
SEG_039,2021-07-24,0.10043559982375122,-5.605553931184591,-0.7032065268113057
SEG_039,2021-08-23,-1.2636586709998965,2.378428866693225,0.007155713314094259
SEG_039,2021-09-22,-1.869088792425251,3.4879296692925923,-0.5168461389466752
SEG_039,2021-10-22,-1.9496150512982178,-5.673543547175026,-1.057956920859656
SEG_039,2021-11-21,0.15204827585649439,0.42623774653893776,-1.2069477199398069
SEG_040,2020-01-01,-0.17056214315000312,-7.443848106369007,-0.8115729146621895
SEG_040,2020-01-31,0.6048599507436816,-9.786511063343495,0.3938965062015145
SEG_040,2020-03-01,0.6603060807513709,3.594530412428167,0.17995427170778178
SEG_040,2020-03-31,-1.81865981684577,-1.7007327867683575,-0.4304922543971894
SEG_040,2020-04-30,-0.10424856900965465,-6.323694225958743,-0.12072509948342569
SEG_040,2020-05-30,-0.4414628182800745,-9.087023302048589,-1.0448275023111613
SEG_040,2020-06-29,-1.827982632644481,-7.039056371911329,-0.4152623327169438
SEG_040,2020-07-29,0.3311836832336991,-0.783800770840454,-0.5874911249840604
SEG_040,2020-08-28,0.5841297124602358,-6.264669968805207,-0.9494233030402282
SEG_040,2020-09-27,-1.6051770819860143,-9.016607877563185,-0.6359701652381393
SEG_040,2020-10-27,-0.7639560363823725,-5.1997620873428305,-0.43920096051878277
SEG_040,2020-11-26,-0.2469291364707834,-7.643010132869938,0.4134139644573076
SEG_040,2020-12-26,-1.6997320107792666,-4.994167529786791,-0.7921328570063222
SEG_040,2021-01-25,0.37439990579503485,4.624786390761626,0.03409719875763817
SEG_040,2021-02-24,-0.3495629032418454,-7.008217819317288,-1.070040291286173
SEG_040,2021-03-26,-1.8945484536036934,-0.10872646532248709,-0.12439806819361898
SEG_040,2021-04-25,0.7333163808790912,-8.334538138824605,-1.231430532323573
SEG_040,2021-05-25,-1.2794972524335144,-1.4090024814100772,0.02557432145909644
SEG_040,2021-06-24,0.48308991422279335,3.57655243270505,-0.6083192564953388
SEG_040,2021-07-24,-1.9638862855664545,-8.212143446254705,-0.6784420992831748
SEG_040,2021-08-23,-0.5786635434606796,1.9741736717972902,0.08027500717057867
SEG_040,2021-09-22,0.48236734453770097,-8.68404616706909,0.34499376220176803
SEG_040,2021-10-22,-0.26414227051727157,-8.904613198897934,-0.20432027317250134
SEG_040,2021-11-21,-2.159583635025358,-6.621550956101981,-0.6457007057891053
SEG_041,2020-01-01,0.2615321617746036,-6.907837430929952,-1.1368265583977626
SEG_041,2020-01-31,-1.4275858635436571,-5.4560573961635415,-0.6514327229409871
SEG_041,2020-03-01,-0.6818738288072157,1.1591356829764052,-0.02017447041594478
SEG_041,2020-03-31,0.13550453178932387,-8.17444371101823,0.013212713742821958
SEG_041,2020-04-30,-1.2658343480177745,-8.320114618737605,-0.5860925016381524
SEG_041,2020-05-30,-1.1333847973343938,4.995598461614616,-1.3310970567102338
SEG_041,2020-06-29,-0.33373386744514905,-8.080775456284506,-1.1884833702412194
SEG_041,2020-07-29,-1.569374539331142,4.044373801194094,0.43060037719280264
SEG_041,2020-08-28,0.7160034004272466,-6.022279826337818,-0.8578545297909055
SEG_041,2020-09-27,-0.511589019039373,-7.627411324517961,-1.470123077203834
SEG_041,2020-10-27,-0.4280313983853259,-0.4471714421300277,-0.8771382350289305
SEG_041,2020-11-26,0.37311405118752955,-7.055693552736233,-1.061377741176873
SEG_041,2020-12-26,-1.4935143267254771,-0.10945961239470492,-0.8427484823694757
SEG_041,2021-01-25,-0.3502526053595664,4.019366150805549,-1.4315493740448961
SEG_041,2021-02-24,-1.0506201123170156,-1.4186990096297443,-0.5323102793443137
SEG_041,2021-03-26,-1.2072948271996409,1.5276657992404967,0.3477712621890059
SEG_041,2021-04-25,-0.4915167487309185,-9.053233439256893,-0.7691555108649357
SEG_041,2021-05-25,-1.1246521273651224,-3.4575383864382054,0.4686233988337014
SEG_041,2021-06-24,-2.0439672566393847,1.001184852189846,-0.7921270053748088
SEG_041,2021-07-24,-0.9566096386094858,-8.497928900972354,-1.1687289679809312
SEG_041,2021-08-23,0.8619651858013642,4.233486622669492,-0.9070071370933595
SEG_041,2021-09-22,-1.0787959355554757,3.845782287433053,-0.2737654657068116
SEG_041,2021-10-22,-0.05228207708744309,-0.30873062994227496,-0.718000671395415
SEG_041,2021-11-21,-1.6825703304464141,-3.3492796708932033,-0.15552386231019666
SEG_042,2020-01-01,-1.8548339441653088,4.684894392741871,0.3210123288632454
SEG_042,2020-01-31,-0.014800905652544202,1.9168342076954357,0.016919065879388517
SEG_042,2020-03-01,0.8298285589435953,-3.674888231979402,-0.22388018510952468
SEG_042,2020-03-31,-1.7758870000038165,-8.483035261210546,0.11198297866506501
SEG_042,2020-04-30,-0.8829295253742246,-2.2154982160337138,0.3504861841731821
SEG_042,2020-05-30,-0.07757896543995897,3.5568441007814293,-0.6563413468706081
SEG_042,2020-06-29,-0.2008682557412631,1.6644615790021433,-0.16186326879141766
SEG_042,2020-07-29,-1.2493377436210285,2.2755264881638837,-0.8119005508366459
SEG_042,2020-08-28,0.26660625577373975,-1.7908342575706264,-0.8562376984848863
SEG_042,2020-09-27,-1.4029518653399091,2.4302466555500573,-1.2974036646757825
SEG_042,2020-10-27,0.3245964268969376,3.43670346157214,0.009541692722102368
SEG_042,2020-11-26,-1.2605014659289027,0.4345413009750114,-1.1027607754861761
SEG_042,2020-12-26,-1.82080694316219,4.341124378474319,0.12914617175555887
SEG_042,2021-01-25,-1.2785790014520655,-2.582606089360797,0.16649592958508563
SEG_042,2021-02-24,0.4921953499489425,-3.7821123872337115,-0.39754769208472096
SEG_042,2021-03-26,0.8830230648395496,2.0513912813803525,-0.9728853191239433
SEG_042,2021-04-25,-1.2950213478582566,-1.925868625310235,-1.2424706504252345
SEG_042,2021-05-25,-0.09645059392602562,-1.6889076134848384,0.4701541695589393
SEG_042,2021-06-24,-0.37272517016733864,-9.136813518124637,-0.8047937977816695
SEG_042,2021-07-24,-0.5994574303561373,0.5632672940602728,0.3854963054263112
SEG_042,2021-08-23,-1.6347675564256712,-1.905810797939612,-0.13735654075633796
SEG_042,2021-09-22,0.1553060764437682,0.9883450561708536,-1.00240093499747
SEG_042,2021-10-22,-0.6026948382081634,4.2354483550809015,-0.7250977187616536
SEG_042,2021-11-21,-1.494232508347042,-3.978583678535303,-1.0467195905566116
SEG_043,2020-01-01,-0.5108381116239535,-9.930084609218726,-0.7304929598232526
SEG_043,2020-01-31,-1.059827283221051,3.0814564246514156,0.3252292596499795
SEG_043,2020-03-01,-1.9716443506726566,-1.9361522918678595,0.4160627393968026
SEG_043,2020-03-31,-0.22439529227126678,4.960128584488288,0.33999828006918253
SEG_043,2020-04-30,-1.3264394902679322,2.263782526265995,-1.1233196289233274
SEG_043,2020-05-30,-0.5215593286715428,-0.047311001851694456,-0.8588938726206568
SEG_043,2020-06-29,0.7781037287019043,-3.6052120025189884,-0.6297223511775294
SEG_043,2020-07-29,0.03573863749553082,-2.0867480526204565,-1.4167349161493943
SEG_043,2020-08-28,-1.1454409365552047,-7.176414837863415,0.42837422397380576
SEG_043,2020-09-27,-1.7564462401957872,4.24946451772437,0.2847121539945474
SEG_043,2020-10-27,0.4527261373759545,-9.92891823078739,-1.019225229925004
SEG_043,2020-11-26,-1.6747666168875597,0.02799208367451378,0.2638895798054006
SEG_043,2020-12-26,-0.8547760322650645,-3.7954021941350664,-0.9438266330564882
SEG_043,2021-01-25,-1.3937299352711383,-0.43604417357068037,-1.269443196670356
SEG_043,2021-02-24,-0.48557005610087817,-5.729427614565035,-0.35978333262355355
SEG_043,2021-03-26,-0.6881499429955404,-8.359841580159221,-1.042709841757547
SEG_043,2021-04-25,-1.9010194640976532,4.004233871059785,0.03358036241691709
SEG_043,2021-05-25,-1.4929110475672978,-0.33797244842035923,-0.7173762711877474
SEG_043,2021-06-24,-1.28210554516769,-2.0716509646393515,-0.386293736679882
SEG_043,2021-07-24,-0.929875976864358,-7.847702849486513,-1.2924148040366679
SEG_043,2021-08-23,-1.855097505430247,-0.26706056773680587,0.32162291521472075
SEG_043,2021-09-22,0.918965318196033,-3.175235784151136,0.33885304478670286
SEG_043,2021-10-22,-1.214312319796328,-9.685943115681047,0.11090095788028331
SEG_043,2021-11-21,-0.8500708404397914,-3.7341156087165857,-0.033101417834880964
SEG_044,2020-01-01,-0.1650671771244278,3.505314938356271,-0.4035889675849873
SEG_044,2020-01-31,0.30959983515224965,-0.6460586474704186,-1.3982285827486256
SEG_044,2020-03-01,-0.050769473807185966,-5.900200271945534,-0.00805660068049785
SEG_044,2020-03-31,0.7739764298870162,-5.2567809510575945,0.36604043488789517
SEG_044,2020-04-30,0.4791065503903105,-5.300591781933312,0.30360751385534335
SEG_044,2020-05-30,0.07451564418770962,-5.6538842652096815,-1.2970010220656407
SEG_044,2020-06-29,0.8966785419932057,0.349455682336691,0.307303223749843
SEG_044,2020-07-29,-2.0157049927518647,0.32182246309962714,0.13590340856290184
SEG_044,2020-08-28,0.562442445462404,-8.966650123458116,-1.2301131989951268
SEG_044,2020-09-27,0.7671885696328458,-8.753909578020291,-0.29437488341970885
SEG_044,2020-10-27,0.6632450885156171,-2.6558642478397996,0.3116333062482166
SEG_044,2020-11-26,-1.9757422780245717,-1.7308882961376977,-1.2387002874606845
SEG_044,2020-12-26,-0.09976728241440191,-4.965476315454332,0.10629206169522121
SEG_044,2021-01-25,0.6457814262434743,3.7816417223000425,-1.3304093956131464
SEG_044,2021-02-24,-1.6190571248317225,2.0218558501763617,0.0577533556131582
SEG_044,2021-03-26,-0.7047269679448189,3.1010215354227224,0.07226326562371943
SEG_044,2021-04-25,0.3001717810641735,-6.503863795449692,-1.4000027370903019
SEG_044,2021-05-25,0.008748026971611388,2.975123397361367,-1.377467312775309
SEG_044,2021-06-24,-1.7870499977709513,-7.194279188444879,-0.857189107592609
SEG_044,2021-07-24,0.14617406637284036,-2.0417373247091035,-0.19031566544538636
SEG_044,2021-08-23,-1.766423462534601,1.4665071180432676,-0.06778057745200394
SEG_044,2021-09-22,-1.3043214254826374,2.595877645805178,-0.5984260982556266
SEG_044,2021-10-22,-1.0980524423998692,-3.025827756526919,-0.5767195623462236
SEG_044,2021-11-21,-2.3761053242691683,-7.90851960462347,-0.8665530028722086
SEG_045,2020-01-01,-1.04734806195896,-9.674789924473789,-0.715536204601581
SEG_045,2020-01-31,0.8586462649456048,-9.103593749548935,0.4228788332046791
SEG_045,2020-03-01,-1.099492210577059,-7.620964049706552,-0.23908192946595075
SEG_045,2020-03-31,0.8831024042253152,-9.053125118720184,-0.6058435831962747
SEG_045,2020-04-30,-0.4222001341580109,-1.3417030356282726,-0.8378785595546732
SEG_045,2020-05-30,-0.6313498079869452,-2.9537118721130806,-1.4612054182073468
SEG_045,2020-06-29,-1.2101088080715183,-3.2577261265840605,0.0548664360222475
SEG_045,2020-07-29,-0.5582427618037241,-7.808197053110122,-0.9544848657150922
SEG_045,2020-08-28,0.11784610972267334,1.03242321514767,-1.110113836474684
SEG_045,2020-09-27,-0.12695375497121578,1.4356044405799242,-1.3425806556845956
SEG_045,2020-10-27,-1.4497838317241307,0.5944509737054773,-0.5933330314641778
SEG_045,2020-11-26,-0.783487491956899,-0.5666449180700326,-0.20734336489611538
SEG_045,2020-12-26,0.010356232367346174,-8.02199864797183,-1.3722441952385198
SEG_045,2021-01-25,0.22905071898954826,-2.613164476987734,-0.40977723803892063
SEG_045,2021-02-24,-1.3000205213335077,-6.4110193710944605,-0.2104828404855441
SEG_045,2021-03-26,-0.5024878594714447,-5.155746185683617,0.011926153813758278
SEG_045,2021-04-25,-1.4404543793421705,-1.2589122178258325,-1.4856952525767457
SEG_045,2021-05-25,-1.172166472992137,-1.6560592084042085,-0.4782407523927126
SEG_045,2021-06-24,-0.22260223617098102,-0.22887073399353497,-0.476389784067621
SEG_045,2021-07-24,0.42450775411681113,0.11309499453854777,0.27330430736032363
SEG_045,2021-08-23,-1.407413994522833,-7.286212795187756,-0.8321359722859756
SEG_045,2021-09-22,0.34593408778430745,0.005364700111638143,0.3756503499823576
SEG_045,2021-10-22,0.16123066675476522,4.418125952722935,-1.3055346600184168
SEG_045,2021-11-21,-1.8261809321634428,-7.87242875292238,-0.586144701687608
SEG_046,2020-01-01,-0.7222953243831469,3.2966000862170386,-0.11016284588806613
SEG_046,2020-01-31,-0.771717580586492,-3.0144762531938865,-1.1499542150958313
SEG_046,2020-03-01,-0.07390990415360749,4.447844125925551,-1.1238603705939876
SEG_046,2020-03-31,0.0903867741065505,1.1378894799159305,-0.9269657825822415
SEG_046,2020-04-30,-0.11938419212026105,-3.894975314964049,-0.3395764171812059
SEG_046,2020-05-30,-1.8079291155093182,-6.201995400551072,-1.2247170160292973
SEG_046,2020-06-29,-1.6328822882477194,-4.875251813954372,-0.2346051062343555
SEG_046,2020-07-29,0.8922840199140428,-1.8400489491993461,-0.4608623071936473
SEG_046,2020-08-28,0.43543522706673093,-4.400168111720976,0.37385613314748567
SEG_046,2020-09-27,0.4622479946393399,3.428515280036507,-1.1233377349942641
SEG_046,2020-10-27,0.40351809315242015,-1.8704967605044764,-1.3068255491323686
SEG_046,2020-11-26,-0.8271044759393072,-4.637285657794955,-0.6939983813379937
SEG_046,2020-12-26,-0.7402615314616898,-9.527229424566606,-0.8607363052443124
SEG_046,2021-01-25,0.8601853197631666,-2.6453730469973786,-1.4453437420730697
SEG_046,2021-02-24,-0.6903149028841523,1.2357833240981417,-1.017242720669378
SEG_046,2021-03-26,0.5026858425185692,1.7125235902036433,0.37107636788926324
SEG_046,2021-04-25,0.05583187319396555,-2.633514980906398,0.3045234896499802
SEG_046,2021-05-25,-1.9938899577168354,1.6361017239686966,0.11360531529592754
SEG_046,2021-06-24,0.068333037626496,3.6748279388348983,-1.296924558811884
SEG_046,2021-07-24,0.03762654032744713,-0.4775200176814991,-1.287343778928748
SEG_046,2021-08-23,0.7513058194590476,3.59924360303593,0.25106595661531794
SEG_046,2021-09-22,0.3253842793613813,-7.2173472215845615,-0.6734884662054506
SEG_046,2021-10-22,-0.3530033744699681,-1.2164072472021772,-1.482285018215416
SEG_046,2021-11-21,-1.2370400313115337,-0.49905155297035897,-0.4171943387583972
SEG_047,2020-01-01,-1.0135686307730778,-6.619869266304117,-0.9750630944014869
SEG_047,2020-01-31,0.5980397548891793,1.2291275979028526,-1.2453472989892096
SEG_047,2020-03-01,-0.7773184348945998,-9.536289824100237,-1.367332047794958
SEG_047,2020-03-31,-1.12646144717012,-1.9706356966537388,-0.8458244663577261
SEG_047,2020-04-30,-0.10408942793684162,-1.3901783372535554,-0.5613437989789956
SEG_047,2020-05-30,-0.5225828559902813,-5.304225505126286,0.3116216409826926
SEG_047,2020-06-29,-0.10524013540477677,1.5247107982323005,0.28110079149742995
SEG_047,2020-07-29,-1.5159018652113512,0.8688904780234239,0.25229134099872574
SEG_047,2020-08-28,-1.206086302483645,-1.4771592103973905,-0.42518276957572354
SEG_047,2020-09-27,0.7021056788422051,-3.178591511985175,0.48170750663644335
SEG_047,2020-10-27,-0.8648424450409629,-8.208328395367337,-1.13779054398959
SEG_047,2020-11-26,-0.07850519779279236,-6.92660890073284,0.28262307733739833
SEG_047,2020-12-26,-1.3383795720230003,-1.7107630870992576,0.18153599256816988
SEG_047,2021-01-25,-1.8070377780714568,1.1068416328130954,0.4573449935627878
SEG_047,2021-02-24,-1.69993662025554,-6.418438851330997,-0.8830115283251811
SEG_047,2021-03-26,-0.8566100994718753,-0.7742061744599606,-0.7396747317459198
SEG_047,2021-04-25,0.43569808333407156,-0.9016909593191471,-0.7540778943223398
SEG_047,2021-05-25,-1.206770555265567,-6.5365678392972,-0.2991287279467201
SEG_047,2021-06-24,-0.9268452930822009,-2.635637920019197,-0.05164302221942618
SEG_047,2021-07-24,-0.1016326318655199,-1.0134216922219963,0.1202843069391284
SEG_047,2021-08-23,-1.7712311662357216,3.980151406133025,-0.5937983371462028
SEG_047,2021-09-22,-1.8664692589873024,-0.18067131380356116,0.06852590846758888
SEG_047,2021-10-22,-0.33342086136705873,-8.989268454964872,-1.2969793935262544
SEG_047,2021-11-21,-2.3541906640531995,2.8311099304029206,0.03269926119353528
SEG_048,2020-01-01,-1.2758623373460776,-7.372824917337763,-1.2802476329590426
SEG_048,2020-01-31,-0.8526917492050172,-1.8779656969493335,-0.6922030763507978
SEG_048,2020-03-01,-0.8375168387372837,-2.4527117768756863,-0.5005466025137926
SEG_048,2020-03-31,-1.086208676173455,-7.01945728618897,-1.467916917568886
SEG_048,2020-04-30,-2.0299182971892127,-6.593927714564241,-0.6219479254943141
SEG_048,2020-05-30,0.7219102478832979,-5.568728703181932,-1.393761316678597
SEG_048,2020-06-29,0.5460634649703546,-2.8081223292921873,-0.7950351337872092
SEG_048,2020-07-29,-0.4513208073424883,-9.637902291675061,-0.6931758920246225
SEG_048,2020-08-28,0.28582730786347793,-9.45766117427647,0.05861575227960558
SEG_048,2020-09-27,-1.2919772122101252,-7.866831373932724,0.32998962992927794
SEG_048,2020-10-27,0.32631122427763354,-7.725303199859915,-0.40588805722911925
SEG_048,2020-11-26,0.5141714809692,3.8723267621485657,-0.5130355341101138
SEG_048,2020-12-26,0.17778184278249382,2.2157064164554328,-0.838800271875791
SEG_048,2021-01-25,0.3858176061113977,-3.4918995033879616,-0.9556229363656996
SEG_048,2021-02-24,-0.3400864081407669,2.6673229169260466,-1.0620948839076438
SEG_048,2021-03-26,-1.8108333194486932,-7.563317870006918,-0.5376526572035012
SEG_048,2021-04-25,0.769219722379355,-8.226603942959674,-1.0286353605014094
SEG_048,2021-05-25,-1.5629557687719473,-5.092856519656699,-0.7463047079265328
SEG_048,2021-06-24,-0.11012776186459688,4.877559064107887,-1.4958254773734787
SEG_048,2021-07-24,0.6100730101577476,-5.047873917970287,-1.4221155047965717
SEG_048,2021-08-23,-0.23911434489987035,-0.7684737253729459,-0.4478250135230526
SEG_048,2021-09-22,0.041097861046729106,-9.519493945681289,0.2043128660121203
SEG_048,2021-10-22,-1.5490626824678995,4.76898009111615,-0.8813478102347947
SEG_048,2021-11-21,-1.5917460982580847,-8.898367663941318,0.04073341686618637
SEG_049,2020-01-01,-1.9537036365293716,-7.652035647169395,-1.1170227923231477
SEG_049,2020-01-31,-1.0479175003797945,-8.006451187754289,-0.846183631639462
SEG_049,2020-03-01,-0.8092537716564864,-2.6965869357227223,0.47673768303627173
SEG_049,2020-03-31,-0.20109237615468856,0.670478270534014,0.10041725061650464
SEG_049,2020-04-30,-0.5351642698037121,-2.0369635085735274,0.2791727413048617
SEG_049,2020-05-30,-0.4786049364712594,1.3366036627184261,-1.4109726803826441
SEG_049,2020-06-29,-1.3546160475439337,-5.272306781098004,-0.3182126697465846
SEG_049,2020-07-29,-1.9013148531425033,4.280128831584802,-0.6015001350793248
SEG_049,2020-08-28,0.8304282825047116,1.9194458164400512,-0.2199606927038158
SEG_049,2020-09-27,0.9464897924190052,-1.5886792847080642,-0.8428252312952771
SEG_049,2020-10-27,-1.5488418349305562,-0.13814248603024204,-0.15637826536458022
SEG_049,2020-11-26,-1.843032845511057,4.742204080026815,0.2464423197722565
SEG_049,2020-12-26,-2.032896130366882,1.489996891676407,0.05907505057143991
SEG_049,2021-01-25,0.826495343559994,0.8797286471233736,0.32183986773907924
SEG_049,2021-02-24,0.9571113933590083,1.3597153833028202,-0.7972348327966168
SEG_049,2021-03-26,0.26914816559461613,1.2160151486122626,-1.3661988679150157
SEG_049,2021-04-25,-1.9235436331227969,-3.206358717223944,-1.4925565187493073
SEG_049,2021-05-25,0.4875137851607708,-1.0802726238391358,-0.37717542400769677
SEG_049,2021-06-24,-1.1213896389159983,-5.319127343176135,0.144329151893267
SEG_049,2021-07-24,-1.0765842150943676,-3.819552513065532,-1.3512054983507165
SEG_049,2021-08-23,0.7919577261227984,-0.9564038441092606,0.20313978344384753
SEG_049,2021-09-22,-1.25929614587059,2.622007887136311,-0.3995832241350319
SEG_049,2021-10-22,0.3972964977905087,1.2845289629832681,-1.4185251398102614
SEG_049,2021-11-21,-0.5950954701071328,-2.961653231512691,-0.777743601709773
SEG_050,2020-01-01,-1.409594932985085,0.6224224485451089,-1.161260832281982
SEG_050,2020-01-31,-1.4378787919147515,-1.786543439562056,-1.3812566782575382
SEG_050,2020-03-01,-1.2873347570334863,2.84209969150659,-1.2507023855014987
SEG_050,2020-03-31,-0.11809281720564818,-8.200341466757541,-0.15795245395928426
SEG_050,2020-04-30,-0.34940107687389066,-0.22220504914913874,-0.06552699043192978
SEG_050,2020-05-30,-0.7810578501114611,-0.10719658596076798,-0.1393709439774664
SEG_050,2020-06-29,0.8121112093544921,-3.4382377137690687,-0.9957774728081019
SEG_050,2020-07-29,-1.2244939141563365,-7.344098825810223,0.0381071271563711
SEG_050,2020-08-28,0.8602049612057187,-5.955407601543708,-0.5392994251762979
SEG_050,2020-09-27,-1.2354307871919818,-4.4374888179419685,-0.9903776393844508
SEG_050,2020-10-27,-1.4455610668735157,-6.335587081566054,0.41535792750786116
SEG_050,2020-11-26,-1.4787837101965715,0.3445666771031757,-0.3922552254836835
SEG_050,2020-12-26,-0.26662789772882595,0.04754422328360519,0.4213079750772166
SEG_050,2021-01-25,-0.4915677467301553,-2.6027417673642557,-0.6383536166324946
SEG_050,2021-02-24,-1.805318551013083,0.21441127990647146,0.45185453517091356
SEG_050,2021-03-26,-0.08062794013159655,3.347023477759608,0.2862054736775821
SEG_050,2021-04-25,-0.5969942697295537,-5.8437774843266075,-1.1659245393082944
SEG_050,2021-05-25,-1.411238012069484,-1.364878049753239,-1.4998141761555417
SEG_050,2021-06-24,-1.4387955590075647,2.3347103771143587,-1.0315608868379147
SEG_050,2021-07-24,0.14773153655706503,0.8609283943657129,-0.7667151745091296
SEG_050,2021-08-23,-1.963403193706556,-7.373563868801337,0.18581542213112678
SEG_050,2021-09-22,0.0996616389911473,3.2574295636797412,-0.4382683940236738
SEG_050,2021-10-22,-1.518261887746601,-3.264121402999053,-1.1557299701728114
SEG_050,2021-11-21,-0.14543235495957718,-3.026974172080207,-1.317950503904749
SEG_051,2020-01-01,-1.8975113898073799,-7.303111083169426,0.2515981678932968
SEG_051,2020-01-31,-1.773757467489447,-6.082897111914026,-0.40218514001101346
SEG_051,2020-03-01,-0.686928304031352,-3.6681638597414086,-0.2322910495590229
SEG_051,2020-03-31,-0.10462878057414275,-9.636891834860394,0.11919496540859376
SEG_051,2020-04-30,0.29236499275845723,-1.9145299143104584,-0.7569210073762005
SEG_051,2020-05-30,-1.2292549012433418,-5.617931046247029,-1.1814510958635742
SEG_051,2020-06-29,-1.161786796486882,-0.6751755489062674,-1.415080334035849
SEG_051,2020-07-29,-1.0354537318558965,-4.577998885076581,-0.46821859069050387
SEG_051,2020-08-28,-0.9162953805133024,2.3236732002611067,0.07027981544770578
SEG_051,2020-09-27,-0.1510303674298675,1.7978483437084805,-1.4660112742727032
SEG_051,2020-10-27,-0.9173535280260297,2.523473225002265,-1.2514710889726135
SEG_051,2020-11-26,0.6633685437289624,-2.265049756259897,-0.7438241583379896
SEG_051,2020-12-26,-1.56481706180669,-1.4286935725972718,-0.16100964446397192
SEG_051,2021-01-25,-1.4003570159030654,-5.356224481674994,0.05658968168273448
SEG_051,2021-02-24,0.5005995240601715,-9.36521207691106,-0.6934416325590163
SEG_051,2021-03-26,-0.8975699111519666,-3.83212561248685,-0.9404247125523659
SEG_051,2021-04-25,-0.5888956505507865,-7.323180567799253,0.46459988170017574
SEG_051,2021-05-25,0.5527431525793745,-6.417743429023043,0.3329718145151952
SEG_051,2021-06-24,-1.6015234726732088,-8.4673650834645,-1.310850222240306
SEG_051,2021-07-24,-1.4604673328033826,-6.748266130532292,-0.6900109850760068
SEG_051,2021-08-23,0.20285897983177653,-5.0883840034058,-0.7213186607463988
SEG_051,2021-09-22,0.9053877419204573,-9.559026667540117,-1.2865084210844566
SEG_051,2021-10-22,-1.6705017895905425,-5.74526226263036,0.45800348514425915
SEG_051,2021-11-21,-2.136693921769444,-5.331582173292555,-1.358174624912238
SEG_052,2020-01-01,-1.5359326227713808,0.8443107632187861,0.3832002761302231
SEG_052,2020-01-31,0.5383127120018917,-5.590774253377417,-0.4606395134910193
SEG_052,2020-03-01,0.29439389297416974,-9.30462395556205,-0.11262734091303761
SEG_052,2020-03-31,-0.8324466340310415,3.2680940189317695,-1.323240506378229
SEG_052,2020-04-30,0.6604430558351373,-4.663069912934445,0.13479535922100294
SEG_052,2020-05-30,0.867016461677472,2.470873064970567,-0.9191983528485397
SEG_052,2020-06-29,0.5091199140886916,3.6908641327494607,-0.026683764253186082
SEG_052,2020-07-29,-2.0072883237551125,2.333852952065831,-0.4852010552846966
SEG_052,2020-08-28,0.36456580146122947,-3.9571740005665976,-0.30429926952478836
SEG_052,2020-09-27,0.19767692732323147,1.190285168188602,-0.14818276944340347
SEG_052,2020-10-27,-1.6317949688179114,-1.5199019272315528,-0.9111849960495031
SEG_052,2020-11-26,-0.007185076468650742,-6.654581357415955,0.06105622859734616
SEG_052,2020-12-26,-0.10666784905463156,-3.1422775502735814,-0.6645926837274052
SEG_052,2021-01-25,-0.06853599464224926,3.61790020336975,-0.19962082439717976
SEG_052,2021-02-24,-0.7793333949278966,-0.0462567302057213,0.4631961009272376
SEG_052,2021-03-26,-1.6406217238490317,-0.08622084565029908,-1.313005212193715
SEG_052,2021-04-25,0.3994964113391316,3.2343031628859276,0.03298200950453589
SEG_052,2021-05-25,-0.24918495816247438,1.597172764399204,0.19952707751141863
SEG_052,2021-06-24,-0.21524722185598943,3.6100853106268236,-0.7214274248092629
SEG_052,2021-07-24,0.44976848330977287,-9.617720054695441,0.3906870345208411
SEG_052,2021-08-23,-1.5314185796078883,-0.5569414583808499,-1.1082009692215824
SEG_052,2021-09-22,-0.7449128057087138,-5.777485699496646,-1.1753754309090676
SEG_052,2021-10-22,-2.155299592526511,3.0867251558707025,-0.05002366564587235
SEG_052,2021-11-21,0.5270127484374056,0.11948628725886579,-0.9744018455273198
SEG_053,2020-01-01,0.6884393112385844,-3.0361744749574306,-1.090165915346958
SEG_053,2020-01-31,0.9222943559948517,-5.233660921563625,-0.5645445809401859
SEG_053,2020-03-01,0.1332109978517881,-7.469596319136251,-0.3423869561698636
SEG_053,2020-03-31,-0.03559991239811368,2.480006303818758,-0.7032808442354497
SEG_053,2020-04-30,-0.13277843587042432,3.172722253006919,0.28853246302358593
SEG_053,2020-05-30,-0.5780249024918299,0.9684279210991296,-0.28701182547314463
SEG_053,2020-06-29,-1.0986110925601975,-9.562645665727041,-1.0421834204729594
SEG_053,2020-07-29,-0.6981399925015579,0.5016731911624515,-0.6946813186868426
SEG_053,2020-08-28,-1.7615969002938159,2.610209901363433,-1.139102053286013
SEG_053,2020-09-27,0.7433015750896758,0.3012124000015035,-0.6901306276108057
SEG_053,2020-10-27,-0.2538631418807611,-9.408477743246435,-0.3187345782777742
SEG_053,2020-11-26,-2.031037634902129,-5.036775417806384,-1.4321779317945245
SEG_053,2020-12-26,-2.0975401473431488,3.2373675263223376,-0.8245580815354656
SEG_053,2021-01-25,0.7103995574468408,0.4292054461128494,-0.6171888844420657
SEG_053,2021-02-24,-0.1923010028283364,-5.876499334672658,0.06049585458624129
SEG_053,2021-03-26,0.6964650031056293,-2.4129175584138105,-0.06292051307095181
SEG_053,2021-04-25,-2.0474268384548893,-0.34675812130005923,-0.1353225465834118
SEG_053,2021-05-25,-1.0707262175726477,-3.150468256042136,-1.4233684088195244
SEG_053,2021-06-24,-0.6925898302605631,-4.088994913238223,-1.219291681751312
SEG_053,2021-07-24,0.39576112244880796,-6.667042724830048,0.3812104492570132
SEG_053,2021-08-23,0.24400451777295482,0.8363126206451437,0.3643222225204532
SEG_053,2021-09-22,-0.19337300058690776,0.2965621318726104,-1.2955585535831207
SEG_053,2021-10-22,0.6641155173440625,-1.619726457702777,-1.4687351791577958
SEG_053,2021-11-21,-0.5751727598221261,-1.3455312988337536,0.3526372437536287
SEG_054,2020-01-01,-1.051175419974291,-3.1948490320679594,-0.8464643384873967
SEG_054,2020-01-31,-1.3741633782165914,-3.606248783246407,0.20311865683377128
SEG_054,2020-03-01,-1.9641360220121202,-4.692107381970651,-0.5867340507666412
SEG_054,2020-03-31,-1.2322426913171172,-8.053361635467791,0.18940437606358174
SEG_054,2020-04-30,-1.8385774986958447,-5.1331724378428145,0.04585110520671476
SEG_054,2020-05-30,0.19254061500172012,0.03972138609145759,-0.41730107915144576
SEG_054,2020-06-29,0.8422826317279547,3.6573012678315227,0.4352687907662669
SEG_054,2020-07-29,-1.3963811490061266,-0.28989923614177293,-1.035820870507536
SEG_054,2020-08-28,-1.0629183103888167,-9.493160450258825,-1.0918174589661085
SEG_054,2020-09-27,0.9549750217927707,-2.640558912149925,-0.5008310681120267
SEG_054,2020-10-27,-2.299564767667682,-4.5055883922468976,-0.46937195979371715
SEG_054,2020-11-26,-0.03027771575162591,1.0556926355204475,-1.1191525632688604
SEG_054,2020-12-26,-1.7339891996583656,-6.328772744309009,-0.9752192573318206
SEG_054,2021-01-25,0.3442629297472692,3.49777456560221,-0.5398408403357651
SEG_054,2021-02-24,-0.19254878940332293,-2.336077487096043,0.051036072595106896
SEG_054,2021-03-26,-1.7101663229909845,-2.9684128043559586,-1.373356126887102
SEG_054,2021-04-25,-1.1151116737058813,-7.411842068077068,-0.3467038578511359
SEG_054,2021-05-25,-0.1744616627729339,-6.455919047467068,-0.3986821451206066
SEG_054,2021-06-24,-1.1002678713098197,-3.7318690729711337,-0.5217935483934573
SEG_054,2021-07-24,-1.319135438699137,2.1614519454252807,0.049861915381511634
SEG_054,2021-08-23,-1.8728394761571712,-9.168437160800057,-1.0070212980103417
SEG_054,2021-09-22,-0.33631455364831453,3.724711483599048,-1.0139456073840212
SEG_054,2021-10-22,-1.8768178266970987,3.250572202108682,-0.9693768656105286
SEG_054,2021-11-21,-0.03936863754389397,0.5742934210429294,-0.7556142260529415
SEG_055,2020-01-01,0.6678794151707905,-0.3188973573584253,0.12934545535841435
SEG_055,2020-01-31,0.5192590452248245,-9.657391297190097,-1.2015692495865873
SEG_055,2020-03-01,0.16994161209271905,-7.107230865580369,-0.27583964432404695
SEG_055,2020-03-31,-1.8757923220754067,-7.7360241787408945,-1.1964252275890173
SEG_055,2020-04-30,0.19202874808983456,-8.661451177753445,-1.2745808305951647
SEG_055,2020-05-30,0.20768890015571653,3.986036171988454,-1.1040973376410756
SEG_055,2020-06-29,0.5874726888343915,2.1688882970957266,0.05329751254607307
SEG_055,2020-07-29,-1.016978170892145,-9.868867630910552,-0.17015303184629582
SEG_055,2020-08-28,0.08072347685071085,2.5946909328150305,-1.367964851700297
SEG_055,2020-09-27,-2.015429441092894,-8.542479102068034,0.4377710141798008
SEG_055,2020-10-27,-2.0821930132191473,4.122689896257482,0.2762045970953315
SEG_055,2020-11-26,-2.030303001869477,-1.013997910236034,-1.3769628786576604
SEG_055,2020-12-26,0.692169804982457,-4.864145146373454,-0.9778762913806074
SEG_055,2021-01-25,-0.17377208531319968,3.6197076259288483,-0.68891999190168
SEG_055,2021-02-24,0.9048143630133003,-4.420453017386392,-0.6496597849800392
SEG_055,2021-03-26,0.2237936017999048,1.958885801985927,-0.4716339540088652
SEG_055,2021-04-25,-1.5697612639633514,-2.255801292960707,-0.41125473360525056
SEG_055,2021-05-25,-0.624447209432496,-7.067713717926695,-1.4150987504633243
SEG_055,2021-06-24,-1.181327384120063,-5.49645145988153,0.10205329061474089
SEG_055,2021-07-24,-0.729717839109991,-6.1935901832385944,-1.440631908110352
SEG_055,2021-08-23,-0.7687881016119772,-6.186683009751436,-0.6250502483600899
SEG_055,2021-09-22,0.8870068577971928,-3.955234913363604,-0.6488729104374771
SEG_055,2021-10-22,-1.6406018245681193,-9.705282142495067,-0.1897936126188311
SEG_055,2021-11-21,-2.3483707110309564,-6.26064214843776,0.4949700043757097
SEG_056,2020-01-01,0.8860805810889595,-0.4167760658620985,-0.2039461722207272
SEG_056,2020-01-31,-1.7394918301327462,-6.755746213537967,-0.9266899384178764
SEG_056,2020-03-01,-0.008225035691963967,-1.0731798832372714,-0.33427212285306274
SEG_056,2020-03-31,-0.09018180492188674,-9.60539573270728,-0.56546305044024
SEG_056,2020-04-30,0.4008462350088819,-0.5834489770801952,-1.3098439000603652
SEG_056,2020-05-30,0.6313318456874503,1.700591398557231,-0.6028394713873795
SEG_056,2020-06-29,-0.5484431765379063,2.229782993385406,0.202801169017097
SEG_056,2020-07-29,-0.47438804286520886,3.9065343774636627,-0.3578247430495025
SEG_056,2020-08-28,-0.597431733507062,-8.594543953000311,0.18518524139866166
SEG_056,2020-09-27,0.013871017656963257,-1.1435508798342813,0.08292657383306956
SEG_056,2020-10-27,-0.36935244105691134,-9.249619364686184,-1.4137306125634659
SEG_056,2020-11-26,-0.4680778648417653,-7.344560717697429,-0.9317650694520407
SEG_056,2020-12-26,-0.2127999452273241,-0.38234642913659833,-1.1365494982473572
SEG_056,2021-01-25,-0.19289218705582584,-9.615684457237496,-0.59388046694248
SEG_056,2021-02-24,0.46633844712641054,-3.9005356346945588,-0.4147606857610957
SEG_056,2021-03-26,0.6188025704110629,-7.938109153694016,-0.9829368383409305
SEG_056,2021-04-25,-1.414219632824381,2.4454438067539996,-0.3270041213026684
SEG_056,2021-05-25,-1.7360876132999588,-6.799843071947577,-0.06057109821390383
SEG_056,2021-06-24,-1.9596586346782183,-7.516399581695031,0.31285816365701336
SEG_056,2021-07-24,-1.92497125923483,-1.4917099755565602,-0.6958705060909995
SEG_056,2021-08-23,0.18427230293549696,-0.5426961881856371,-0.40659124343034914
SEG_056,2021-09-22,0.9307139262498376,1.8091529860877422,0.17946926245760952
SEG_056,2021-10-22,0.6528099330828802,-4.06258649790891,-0.2629098065264208
SEG_056,2021-11-21,-0.4665417878736895,-8.340310291485846,-0.27260578967977045
SEG_057,2020-01-01,0.010149175641518689,-9.071993206396414,0.16504804188022804
SEG_057,2020-01-31,-1.25172277869205,-4.414174377974811,-1.388377273395912
SEG_057,2020-03-01,-1.1501611897287818,-4.354967251572013,-0.7499106573699652
SEG_057,2020-03-31,-2.0004255703282348,1.8575445858455701,-0.8785158348866164
SEG_057,2020-04-30,-1.4270483346734637,1.7188924371922596,0.11052925301508187
SEG_057,2020-05-30,-0.823691080741001,0.5089763130087892,-1.391615195447226
SEG_057,2020-06-29,-1.4806461799476158,-5.588315109046854,0.4265579396789754
SEG_057,2020-07-29,-1.7364259428819002,-7.346837265685506,-0.08171805763998741
SEG_057,2020-08-28,0.1858242980256053,4.691432811712895,-1.469971983010354
SEG_057,2020-09-27,0.7261420266271514,-3.3386749106580167,0.07118695821263454
SEG_057,2020-10-27,-0.012933757629551124,3.7928262536924944,-1.3930575668232004
SEG_057,2020-11-26,-1.9697069103377243,-1.6883855294040142,0.44740582732857725
SEG_057,2020-12-26,0.48106838163506227,-4.569562323736112,0.004842906891528553
SEG_057,2021-01-25,-1.4401223244425083,3.200817116726613,-1.2771926799424933
SEG_057,2021-02-24,-0.21460499505257025,2.2339835744301997,-1.3302664242573066
SEG_057,2021-03-26,0.5734825218715187,-1.6736673333984662,-0.7409860538678916
SEG_057,2021-04-25,-1.3246915576918834,-9.374461778819944,-0.8420973760670696
SEG_057,2021-05-25,-1.3346426698522849,2.7165569249002317,0.2621931479213191
SEG_057,2021-06-24,-1.2142134269164353,3.575044728848434,0.18512033559359087
SEG_057,2021-07-24,-0.4903105027893329,-4.575523545395506,-1.3680852282775726
SEG_057,2021-08-23,-1.2787862616273058,-1.063653701171333,-1.2058328757192065
SEG_057,2021-09-22,-0.5300567180616114,-7.674946686089127,0.2734496260335173
SEG_057,2021-10-22,-1.876796711907979,-4.34736752146283,-1.4271416245367554
SEG_057,2021-11-21,-0.24457680937710308,-1.1141065750795835,-1.1745319288750968
SEG_058,2020-01-01,-0.487946407431311,-2.279740915728313,-1.4012477887914974
SEG_058,2020-01-31,-0.0066265295865583496,-4.210902736189687,-0.6320589575260518
SEG_058,2020-03-01,-2.0335350546506086,-8.74582892457062,-0.9090565861858304
SEG_058,2020-03-31,-1.7683660315042453,-2.3449787398669333,-1.405270639268029
SEG_058,2020-04-30,0.4320211247728639,1.8515822773044714,-1.4302615820817663
SEG_058,2020-05-30,0.8170628602428999,-1.1751056038749148,-0.6249302501366862
SEG_058,2020-06-29,-0.15532990329508906,3.74209810468947,-0.9018183668329756
SEG_058,2020-07-29,-0.18012404475244465,3.8359223957703836,-0.3170374293794549
SEG_058,2020-08-28,-1.6548204207599748,-1.985562511650965,-0.3650638973027214
SEG_058,2020-09-27,-1.6978556119350547,-2.0629206305362473,-0.1357436081705714
SEG_058,2020-10-27,0.2889511759242617,-9.649395529939222,-0.3105968052633472
SEG_058,2020-11-26,0.11111078503668131,-7.198420459761423,-1.4706149205159298
SEG_058,2020-12-26,-1.4418179672533986,-5.284681248868024,0.4146738218930146
SEG_058,2021-01-25,0.005125841817826993,2.521785234471526,-0.39714836858729385
SEG_058,2021-02-24,-0.28066961469711904,-3.260813498490167,0.12232552032370769
SEG_058,2021-03-26,-0.5683204069086008,2.525124852959598,-0.8620791072380893
SEG_058,2021-04-25,0.11849558995946335,-9.049460034953253,-0.7014031228489088
SEG_058,2021-05-25,-1.5130598419001076,-7.555674994042995,-0.3800199834849456
SEG_058,2021-06-24,0.05764597532827544,0.7561513914865223,-1.0192590491460345
SEG_058,2021-07-24,-1.0381227855698003,-1.5631260005965366,-0.10397009919497213
SEG_058,2021-08-23,-1.8025208955470466,-7.211053323663361,-1.3382583447168541
SEG_058,2021-09-22,-1.8667539895703862,-3.547180489415478,-0.8721797960924293
SEG_058,2021-10-22,-1.5123007165599047,-5.604466472528502,0.12145633467822847
SEG_058,2021-11-21,0.5831074849514877,1.4898666123562023,-0.6731607938359325
SEG_059,2020-01-01,-1.3076428946627048,-9.318940957591414,-0.7964099828201057
SEG_059,2020-01-31,-0.7332760208930036,-2.1397312994367397,0.26261789834285354
SEG_059,2020-03-01,-1.4592947439949693,-1.7806946613979289,0.479452874030885
SEG_059,2020-03-31,0.33866463149262505,-0.5406703462026439,0.19961931255333543
SEG_059,2020-04-30,-0.18492772113486988,-4.713411732011108,-0.7715558415514092
SEG_059,2020-05-30,-0.5792531394702886,0.4975575927056326,-0.03876025933688387
SEG_059,2020-06-29,0.9505071800973719,-9.713550901898271,-0.8429320781612202
SEG_059,2020-07-29,-1.3688461934948986,2.2635895669367656,0.36433506411387384
SEG_059,2020-08-28,-0.31059837784359584,3.078844095987707,-1.3809579311225464
SEG_059,2020-09-27,0.6276293732905597,4.4991861803026065,-0.1906472789289746
SEG_059,2020-10-27,0.09655811156896965,2.667872137852214,-0.5726088196790151
SEG_059,2020-11-26,-2.1539104981292425,-4.109943737702935,0.41478524621633306
SEG_059,2020-12-26,0.28984594490310317,-3.5738763534716753,-0.48703542930521593
SEG_059,2021-01-25,-0.21656522908467585,3.3786033288682695,0.41968870975737804
SEG_059,2021-02-24,0.8345540979998672,-1.459082744206837,-0.34478193502056276
SEG_059,2021-03-26,-1.9501582862426943,0.43177771144791777,-1.0167281777245416
SEG_059,2021-04-25,0.7938987980624359,-4.3754704078412034,-1.049943402103913
SEG_059,2021-05-25,-1.7970819462368386,-6.812251472618261,-0.7410341156556666
SEG_059,2021-06-24,0.05364545965059056,-7.758225550632723,0.07855365010086235
SEG_059,2021-07-24,-0.9346863480230861,-9.915721009983862,0.028610854731131008
SEG_059,2021-08-23,-1.6069034355866982,3.912775852512034,-0.9368202254714861
SEG_059,2021-09-22,0.49620588726651066,2.910556292466973,-1.3245463196785463
SEG_059,2021-10-22,0.36880541525737637,3.27116437564211,-1.2170693955187035
SEG_059,2021-11-21,-1.9591813202314436,-4.836216251344935,-1.1757947172872758
SEG_060,2020-01-01,-0.5057937990685787,3.6479123483039064,-0.054421201284588605
SEG_060,2020-01-31,-0.2846895061543539,-5.305789720009076,-0.0007506837882103046
SEG_060,2020-03-01,-1.3466017567770616,-1.975329991550609,0.11659167258984149
SEG_060,2020-03-31,-1.265927568229741,4.421673925452071,-0.8780165185595656
SEG_060,2020-04-30,-0.4654355426527169,-0.6209191389432664,0.17736531763348484
SEG_060,2020-05-30,0.22017579192585007,-2.126490576441663,-1.2805875231915864
SEG_060,2020-06-29,-1.9112812658248732,-6.882135311662161,-1.3985846597403555
SEG_060,2020-07-29,-1.3405961858115982,0.7677849971461992,-1.417142333112491
SEG_060,2020-08-28,-0.9714004374666054,1.895707912169856,-1.0383817563220454
SEG_060,2020-09-27,-1.5238979994439,-1.026775677912811,-0.6685788529718486
SEG_060,2020-10-27,-0.5964022672033702,-8.210025473224476,0.07031638963776277
SEG_060,2020-11-26,-1.4243682398899382,-8.222268363110771,-0.5263042447866186
SEG_060,2020-12-26,0.25215493077707335,-4.252529304414853,-0.09914758214352704
SEG_060,2021-01-25,-0.06808579115205446,-3.385370936396087,-0.6370296419931019
SEG_060,2021-02-24,-0.6616259559052963,-8.057863431441483,-1.162113392571504
SEG_060,2021-03-26,-0.984117803000343,-0.18180960176826488,-0.10914732038138197
SEG_060,2021-04-25,0.7874898074053347,-0.7345112303548191,-0.020189410108705452
SEG_060,2021-05-25,-1.4790264710188266,-4.917467854358486,-1.0211561189985043
SEG_060,2021-06-24,-1.422672292286395,-6.08886931658888,-1.0953862376605892
SEG_060,2021-07-24,0.0728585352349586,-4.453075990427237,-0.5661910358315407
SEG_060,2021-08-23,-1.2283290260610695,1.5813302557253923,0.30297556394616665
SEG_060,2021-09-22,-0.25313017908982605,-2.4581536968453506,0.4245502621962618
SEG_060,2021-10-22,0.6042503295357524,4.052697489223483,0.3341300627573742
SEG_060,2021-11-21,0.2347462234553334,-7.274142155851237,0.20689712349530986
SEG_061,2020-01-01,0.8344013219785424,-0.24002270276154647,-0.33295757777373014
SEG_061,2020-01-31,-0.33038600414788294,-6.699839235344662,0.0406397798344158
SEG_061,2020-03-01,0.7058418500160792,-7.868668779888617,-1.2595054942458745
SEG_061,2020-03-31,0.6606983609260694,-3.5058164347879437,0.31168711938688065
SEG_061,2020-04-30,-0.12355701363480878,2.2380182530774313,-1.4493698523714993
SEG_061,2020-05-30,-1.0505150375536148,-7.175495863521935,-0.563938841172974
SEG_061,2020-06-29,-1.8876737966326638,3.9135735783037777,-0.7650247167723829
SEG_061,2020-07-29,-1.0558324810791044,-0.06147896721789259,0.39072607748013066
SEG_061,2020-08-28,-0.1865903988241612,-8.697331045451337,0.48690919823167333
SEG_061,2020-09-27,-0.23230729279140194,-7.20269453798084,-0.04749130262184731
SEG_061,2020-10-27,-1.7792862457231382,-7.46536063207951,-0.22012673775516456
SEG_061,2020-11-26,-0.18062801522596406,3.4160292649692625,0.16319330367534635
SEG_061,2020-12-26,0.6747315652842827,-9.316574873985651,-1.1251248957352347
SEG_061,2021-01-25,-1.5479267350859889,-8.503349793603189,-0.2103876792591548
SEG_061,2021-02-24,-0.06911516766812383,2.627217728301904,-0.6305163961195517
SEG_061,2021-03-26,0.8617460710740605,-6.749635862318543,-0.11829665329349615
SEG_061,2021-04-25,0.9076945491168336,2.870965049479162,-0.3678529537575992
SEG_061,2021-05-25,-0.16406652699945062,4.895871207587476,-1.0778729264201132
SEG_061,2021-06-24,-0.48431765814081135,-5.926659658906638,-0.1326515854450645
SEG_061,2021-07-24,-1.059648928623051,-9.79671919102088,-0.1800173212328986
SEG_061,2021-08-23,-0.9823294629926492,-9.051136786435064,-0.03900485818313304
SEG_061,2021-09-22,0.08121143419724997,-8.91968677816989,-0.36754712810475954
SEG_061,2021-10-22,-1.5035509540340661,-1.7931737195717758,-0.7844945966474184
SEG_061,2021-11-21,-0.1707235470114083,-8.558590247934099,-0.04207172003936188
SEG_062,2020-01-01,-0.4706938402546671,-6.765708430760353,-1.1700526263361806
SEG_062,2020-01-31,0.8003823585720301,0.4317930985363887,0.42766945854452065
SEG_062,2020-03-01,0.010784757250296262,-5.368489190599103,-1.2694237291422799
SEG_062,2020-03-31,-1.7213136473078599,-9.314789679809712,-1.2578972341702357
SEG_062,2020-04-30,-0.5979997702432109,0.664496688165702,-1.4976187774497203
SEG_062,2020-05-30,0.7035336014052994,3.272202753386992,-1.3219462272556188
SEG_062,2020-06-29,0.0937173071211518,-2.9461034164749265,-1.4247298897972211
SEG_062,2020-07-29,-1.6842290471383263,0.4391815565701851,-1.0545196783379285
SEG_062,2020-08-28,-1.3988144267879525,-5.504355031836324,0.47489628312532783
SEG_062,2020-09-27,-0.8141165957724474,-3.480632016657255,-0.9029257897678817
SEG_062,2020-10-27,-0.5367043819037567,-4.067171077871457,0.35600606506288957
SEG_062,2020-11-26,0.20235785171772697,-6.043084671663918,-0.44835092486336126
SEG_062,2020-12-26,0.7816656556644914,4.824907583253774,-0.1619842824701605
SEG_062,2021-01-25,-0.31394002343227523,-8.063668601825395,-0.11745610574875642
SEG_062,2021-02-24,-0.9782916991049664,-2.91073551770081,-0.3287897686375427
SEG_062,2021-03-26,-0.1949985167855795,-1.5013970373636845,0.14592102210798585
SEG_062,2021-04-25,-0.42518483474454044,-1.0764160687171316,-1.119370828110466
SEG_062,2021-05-25,0.7776077770617671,-6.083628083860546,-0.7790075756229391
SEG_062,2021-06-24,-1.1185939828790834,-7.24649237202551,0.15762714158588165
SEG_062,2021-07-24,-1.9633405747058188,-6.520139500876626,-0.5984755051999449
SEG_062,2021-08-23,0.9261052434927172,-0.23312341640227707,-0.07848875659933108
SEG_062,2021-09-22,-0.6340396828245358,3.3390285766921615,-1.3711774130789012
SEG_062,2021-10-22,-1.53911410712914,2.2260010494758795,-0.2809960999441139
SEG_062,2021-11-21,0.6171324925414003,-0.6458727501472996,-1.0324537603658546
SEG_063,2020-01-01,-0.010963395364700337,-3.5833557564787712,-0.5874115025222288
SEG_063,2020-01-31,-1.8778422112784159,-5.83008982519564,-0.7596097855179105
SEG_063,2020-03-01,-1.2456124179467283,3.7684970294044913,0.0848075171084699
SEG_063,2020-03-31,-0.7172988377888114,-7.554336008696426,-1.1731868287635239
SEG_063,2020-04-30,-0.6937225706795266,1.6428186698006186,-1.2968194211766566
SEG_063,2020-05-30,0.7509329143892001,-9.249303409496246,-0.7804784828451461
SEG_063,2020-06-29,-1.6011083110939148,-1.0180419638637552,0.10532890194334699
SEG_063,2020-07-29,-0.5717713842090208,-0.5919842212319573,-0.5972609732537952
SEG_063,2020-08-28,0.08207195805038646,4.7378031933710005,-0.3944021699439191
SEG_063,2020-09-27,-0.016841932249961666,1.969066220813934,0.3650648031463515
SEG_063,2020-10-27,-1.7977336709592282,-8.469645063653944,-1.1489942201658343
SEG_063,2020-11-26,-1.9398175373685385,-7.357786479195488,-0.14174559234823714
SEG_063,2020-12-26,-1.8925509675525785,4.642429607722548,-0.9111447140270186
SEG_063,2021-01-25,-1.9894278149052793,-7.506848386266337,0.22036280295537436
SEG_063,2021-02-24,-0.18946560599384055,3.5566062310702353,-0.7054780956039031
SEG_063,2021-03-26,0.352717969343644,-7.599730389708819,-0.7826145504826498
SEG_063,2021-04-25,0.7739678499015253,-7.7363593586687935,-0.928324936076617
SEG_063,2021-05-25,-0.8151670486214014,-3.4616253251920934,-0.5734552939478299
SEG_063,2021-06-24,-1.066598488687947,-6.111865830775085,-0.47125588317114353
SEG_063,2021-07-24,-0.40739883532599064,2.7648717788364205,-0.09125504112930338
SEG_063,2021-08-23,-0.021197282224045245,3.251536687387457,-0.07754240375027854
SEG_063,2021-09-22,-1.1189935382732357,-1.6559197153262364,-1.3830247165342657
SEG_063,2021-10-22,-0.5069959438931768,-0.4257857958505973,-0.539116915396572
SEG_063,2021-11-21,-1.9626470760515577,-3.4698338369778767,-1.2413976458056044
SEG_064,2020-01-01,-0.4226095561000432,1.9375652789227935,-1.2744642007141636
SEG_064,2020-01-31,0.389959818207118,-3.9062309352911067,-0.2811792702367686
SEG_064,2020-03-01,0.6094617884204105,-3.6662749488106368,-1.4581264594569734
SEG_064,2020-03-31,0.5252799061642038,-9.942267314892396,-0.23638339271525677
SEG_064,2020-04-30,-0.769704783168655,2.154750743800154,-1.1581678143145926
SEG_064,2020-05-30,0.5199855216716573,-7.34034391002695,-0.3883799911596859
SEG_064,2020-06-29,0.1736339857499672,-2.4151272696007995,-0.2300005240135683
SEG_064,2020-07-29,0.8186003632148012,-8.370097577480173,0.4462949942705867
SEG_064,2020-08-28,0.8898884892443389,-4.760085765528139,-1.126330070777437
SEG_064,2020-09-27,-0.6239892528561096,-4.215358820374469,-0.1987147622786649
SEG_064,2020-10-27,-1.2039338542171956,1.554867931648383,-0.25766017843133726
SEG_064,2020-11-26,-0.3218294799815665,-1.884733249309015,-0.9021828420468643
SEG_064,2020-12-26,-1.2131929976071603,-4.23291682112373,-1.158370143001742
SEG_064,2021-01-25,-1.0419631247241625,-0.9648404338029728,-0.15767505116529312
SEG_064,2021-02-24,0.28084617401729894,-3.8199140031205836,-0.3194686623146721
SEG_064,2021-03-26,-0.009296120763330584,-6.176348489617933,-0.7961133318307412
SEG_064,2021-04-25,-0.6647758982461581,-5.66537110072795,-0.5833289098890493
SEG_064,2021-05-25,-1.2851794301217387,-5.259443557648773,0.08467047817897799
SEG_064,2021-06-24,-1.6140437246333572,-3.1197860793302388,-0.7065847605434841
SEG_064,2021-07-24,-2.01627984462835,3.1588973708030537,-0.3537312067218945
SEG_064,2021-08-23,0.43354694308602004,1.1526924738485498,-1.288027382592377
SEG_064,2021-09-22,-0.05704200051700778,0.8030577440236506,0.019544581753390355
SEG_064,2021-10-22,-0.6486502052729964,1.5088117754459276,-1.1168362077255842
SEG_064,2021-11-21,-2.1574795712793593,-8.225272648317423,-0.5557918226421554
SEG_065,2020-01-01,-1.6177074074775102,-1.0704098711003578,-1.4134682805330359
SEG_065,2020-01-31,-1.6676224222622413,1.671781404992121,-1.2663416963278165
SEG_065,2020-03-01,-0.20457740254328183,-5.023221719721873,-1.0690902928729336
SEG_065,2020-03-31,-1.0728494838895952,-1.0406841461169734,-0.2984354579884798
SEG_065,2020-04-30,0.16344005176306126,-6.7275795972018635,-1.1675517156494144
SEG_065,2020-05-30,0.11195480841864253,-2.9154786202875655,0.34627142218948803
SEG_065,2020-06-29,-1.1142850383369143,0.1266014934959525,-0.39171230309122795
SEG_065,2020-07-29,-1.0515523213612563,-4.476349098799998,-1.3319332085754474
SEG_065,2020-08-28,-0.5898685793978279,1.4702865145491213,-0.2227428523477326
SEG_065,2020-09-27,-1.0051136370269553,-5.4957961623749325,0.11155530780527423
SEG_065,2020-10-27,-1.727151970779673,-6.733401407902842,-1.333708228560583
SEG_065,2020-11-26,-0.8543784032133548,-7.373761332174571,0.32721737856889344
SEG_065,2020-12-26,-1.460203511833691,-3.3224448906433395,-0.8885408728034243
SEG_065,2021-01-25,-1.7261232995427809,-3.6271632814155073,-0.5432676495910955
SEG_065,2021-02-24,-1.8483560905860357,-5.344125454371732,-1.080199706351271
SEG_065,2021-03-26,-0.33756380097474903,1.8544492157913517,-0.12101253812117574
SEG_065,2021-04-25,-1.5665664502687544,0.5640761276689599,-0.41939484187288634
SEG_065,2021-05-25,0.2237668244429149,3.5141601233973194,-0.16001611031484386
SEG_065,2021-06-24,-1.0420957354783444,-2.201510690925449,0.39089571711887006
SEG_065,2021-07-24,0.49307431145817776,2.578874648434521,0.14000337030975496
SEG_065,2021-08-23,-1.1474392149013217,4.482293791624768,0.35088107479708586
SEG_065,2021-09-22,-1.8006334433658373,0.8917917926949777,-0.22360935762994139
SEG_065,2021-10-22,-0.44072670972586625,-5.8734663637064415,0.3328711887681388
SEG_065,2021-11-21,0.17183795465259638,-3.3205766452837375,-0.34581561316558607
SEG_066,2020-01-01,0.2546894729356216,-3.0298082573877867,-0.0019954888241182633
SEG_066,2020-01-31,-1.970691820448291,4.377889207487813,-0.4347234796635775
SEG_066,2020-03-01,-0.4381585408053242,2.3952767105785924,0.09520219417012221
SEG_066,2020-03-31,-1.0581788809267014,0.45739994888098146,0.07403559283807315
SEG_066,2020-04-30,-1.3809292097539734,-6.37008263187716,-0.2626360943860764
SEG_066,2020-05-30,-0.7465689337115748,-6.3053461440710485,-0.19867695369851224
SEG_066,2020-06-29,-0.8399315891128069,0.18264002503204857,-1.4148253253098633
SEG_066,2020-07-29,-0.9110626233610484,-9.929710215727006,0.32822518422266844
SEG_066,2020-08-28,0.9906591348946359,-3.0725921736397277,0.39757937674715826
SEG_066,2020-09-27,-1.9794843760373682,0.03918229343926605,-0.4062741249617574
SEG_066,2020-10-27,-0.3085691915957343,0.14648313864188545,-0.5934247208228822
SEG_066,2020-11-26,-1.6828993180788032,1.3425719582174267,0.33488545804136427
SEG_066,2020-12-26,-0.7238159573881651,-5.955663673076544,-0.860197890484351
SEG_066,2021-01-25,-0.7161536658944114,3.323989756019337,-1.4574540310829358
SEG_066,2021-02-24,0.21811621246065094,-9.473278164517685,-0.8898662485612776
SEG_066,2021-03-26,-1.3820076780293908,-6.489453627044441,-0.6905940430765647
SEG_066,2021-04-25,-1.4927418549574143,2.388569858325523,0.24669531612293616
SEG_066,2021-05-25,-1.5152936748540633,3.0483608207826034,0.2888773543386536
SEG_066,2021-06-24,0.06766886076213645,2.5829848689013524,-0.9557772114916925
SEG_066,2021-07-24,-1.7876468218179744,-0.4856232639107567,-1.2111142852276806
SEG_066,2021-08-23,-0.35052910249814817,-6.929708512500051,-1.1450878624142065
SEG_066,2021-09-22,-0.7713132150647235,-8.38176557419046,0.15687444242621895
SEG_066,2021-10-22,-0.26039542058369586,-7.452471734275237,0.3685002316529611
SEG_066,2021-11-21,-1.5284412202809112,4.376542703475954,-0.3332152212980797
SEG_067,2020-01-01,-1.8113684183939467,1.289528583589087,-1.4307854227073715
SEG_067,2020-01-31,-0.5512246901469827,-7.2154319524820565,-1.4500965505202865
SEG_067,2020-03-01,0.3488810884779595,4.466195598438679,-0.5520780111218306
SEG_067,2020-03-31,0.6093373386618786,-7.2449931099400775,-1.211550621795014
SEG_067,2020-04-30,0.13250478076983332,-1.2498843738886887,-0.8898181804730325
SEG_067,2020-05-30,-1.7785822766148487,3.844238832281901,-0.5593504844758617
SEG_067,2020-06-29,-0.9251397583187579,-1.899251526137192,-1.2761064859887223
SEG_067,2020-07-29,-0.47403046004837346,-3.9309487871787265,0.01489612017748776
SEG_067,2020-08-28,-1.6671918192052733,-3.045865478437114,0.4982545384583983
SEG_067,2020-09-27,0.927798501719148,-8.35696810053061,-1.4349419997528838
SEG_067,2020-10-27,0.2837987591030114,4.13581482780933,-1.0967999787175937
SEG_067,2020-11-26,0.6706290570045117,-9.4139095577408,-1.1845593285967655
SEG_067,2020-12-26,0.13669511755214142,-2.624980358073203,0.3776008448383752
SEG_067,2021-01-25,-1.2748132683060909,-5.624637855912366,-0.0713654757430564
SEG_067,2021-02-24,-1.6942829402799005,1.974818259773789,-1.453714689915701
SEG_067,2021-03-26,0.163716115651881,-1.270415968456776,-0.4361349203426994
SEG_067,2021-04-25,0.814044174147478,4.142041227359677,0.23320156201334252
SEG_067,2021-05-25,0.047824547849956676,-6.264382403206598,-1.2625186012637821
SEG_067,2021-06-24,-0.9014720549391992,-6.112931482897019,-0.4975029954087493
SEG_067,2021-07-24,-1.0470854466831296,-6.41239733125261,-0.6742541132701068
SEG_067,2021-08-23,-1.5802287510037145,-9.194972280916884,-1.382879621527546
SEG_067,2021-09-22,-0.11277921430410823,-2.299916098258829,-0.3070729833477366
SEG_067,2021-10-22,-1.096084187197215,-7.9608523323123555,-1.0451969684709814
SEG_067,2021-11-21,-1.9971064001769665,-8.579481319432293,0.04317905843278291
SEG_068,2020-01-01,0.5981325978755468,-8.28366608731044,-1.436585708546158
SEG_068,2020-01-31,-1.9134790147556737,0.8510942621877806,-0.008724780270824573
SEG_068,2020-03-01,-1.2990471454203352,-2.0147259479019652,-0.7514774797629067
SEG_068,2020-03-31,0.0947286140979835,4.559675701929546,-0.8890769980089135
SEG_068,2020-04-30,-1.086524141234218,-9.897346343925118,-0.5015588295582163
SEG_068,2020-05-30,-0.5756747028754288,-3.8525153471427362,-1.161846143555911
SEG_068,2020-06-29,0.49602730563356545,0.5538856024935637,-0.725146294609496
SEG_068,2020-07-29,0.9803671635590725,2.7845185487468846,-0.6160043252909673
SEG_068,2020-08-28,-1.9734886465199972,4.624508388264035,-1.2822937994260135
SEG_068,2020-09-27,-1.0928417565999984,-3.71085790410208,-0.022158596606552283
SEG_068,2020-10-27,-1.324563339712213,-1.3775192440687078,-1.1558649239362493
SEG_068,2020-11-26,-1.8224858224679887,-1.7435314416541345,-0.43760716696453517
SEG_068,2020-12-26,0.3062010025056357,0.860234804239818,-0.4435298216817203
SEG_068,2021-01-25,0.9383747600410886,-7.273827445755748,-1.1780042675856124
SEG_068,2021-02-24,-1.1473486500882986,1.159612679972705,-0.4442148294466146
SEG_068,2021-03-26,-1.885552147520173,0.48301039654512934,-1.289930856307231
SEG_068,2021-04-25,0.7520008921797732,-2.8773419022607003,-1.2664471083774886
SEG_068,2021-05-25,-0.1556406140564502,-4.180693639355963,0.35462570422273987
SEG_068,2021-06-24,0.4610774258932897,-0.458011873067246,0.14295121317928272
SEG_068,2021-07-24,-1.952701852308033,3.8393596745805194,-0.3837765823530477
SEG_068,2021-08-23,0.8227200498325102,-8.413245667507653,-1.445019251815605
SEG_068,2021-09-22,0.9480695317656843,-6.230286827558082,-0.5191799882815193
SEG_068,2021-10-22,0.17110233322705726,-1.794551758290341,-0.1525271725238142
SEG_068,2021-11-21,0.1449570118513565,-7.975698387627982,0.252677923370322
SEG_069,2020-01-01,-2.016572531844989,2.0127052935753778,-0.13551947947384302
SEG_069,2020-01-31,-1.658857777937697,-5.172189058186259,-0.028400240608452698
SEG_069,2020-03-01,0.8645323216324755,-0.2683339801413869,0.03368750599067871
SEG_069,2020-03-31,0.4963545513693551,-2.449161738236426,-1.0592187043490249
SEG_069,2020-04-30,-0.976046079938736,-8.930976162434707,-0.5474576544807084
SEG_069,2020-05-30,0.5584251310643294,-6.5099118303666055,-0.40009876950509526
SEG_069,2020-06-29,0.4331749493922744,-1.22188294821553,-0.6510274282764983
SEG_069,2020-07-29,-0.7273256797616912,-2.6098106060718242,0.114360006130942
SEG_069,2020-08-28,0.27743545457872143,2.1814726962027606,-0.576280442464707
SEG_069,2020-09-27,-0.6557852191488921,-7.879803623630278,-0.7837939103743754
SEG_069,2020-10-27,0.7528011490583455,1.2895772490516464,-0.5376911213311633
SEG_069,2020-11-26,0.40747442200857525,-2.4511769957829834,-0.8513647510755387
SEG_069,2020-12-26,0.5143434459181477,-7.2109526148065335,-0.4676111663296003
SEG_069,2021-01-25,-1.7982351658160358,2.5225226252980697,-1.0869455346006285
SEG_069,2021-02-24,0.12434978665922725,2.538433910368026,-0.28523707312169355
SEG_069,2021-03-26,-0.01008712418217983,1.702581461949233,0.05484155171091909
SEG_069,2021-04-25,0.7875548962803038,-5.089421727190034,0.20750883891242777
SEG_069,2021-05-25,0.5798838817800096,-2.502828198222823,-0.8219981440266684
SEG_069,2021-06-24,-1.372588452273487,-3.9633819740735934,0.17458670035359125
SEG_069,2021-07-24,0.396027586226379,-0.23126759897836813,-0.5198084946583754
SEG_069,2021-08-23,0.43350535950071156,-3.9377752791578535,-0.3930820788042404
SEG_069,2021-09-22,-1.5173099567007595,-3.8018699368571722,0.4221622047416409
SEG_069,2021-10-22,-0.49396898609677337,3.025273018120176,-0.5988461007989481
SEG_069,2021-11-21,0.015560122820063194,4.120434489052533,-0.9175894024476035
SEG_070,2020-01-01,0.9253505061469629,3.7381968522675724,-1.4893412509570831
SEG_070,2020-01-31,0.9274124035545747,-5.124250153967101,-0.10223836297358369
SEG_070,2020-03-01,-1.7455118142744281,-4.185749565563127,-0.8038766435948401
SEG_070,2020-03-31,-1.4976074443920901,2.94518953184088,-0.39407046668944856
SEG_070,2020-04-30,-0.43649712620759773,-5.479710606925429,-1.4944215652540946
SEG_070,2020-05-30,0.8773215466011265,2.6666358677771704,-0.309956281684973
SEG_070,2020-06-29,-0.37718269518256253,-9.48107820919362,-1.0496588919557226
SEG_070,2020-07-29,0.7169485454275283,2.0804098246304044,-0.8118950746430904
SEG_070,2020-08-28,-0.819304083926098,-2.435595376809011,-0.3912320016542665
SEG_070,2020-09-27,-1.5879423443099399,-3.5986789540652904,-1.4855150757454973
SEG_070,2020-10-27,-2.0511571364862387,3.1955573610723977,-1.384935581023529
SEG_070,2020-11-26,-0.8166253462143707,-7.0286812549173145,-0.5377557656200866
SEG_070,2020-12-26,0.5130957421160043,-4.87153258672348,0.47196735138937607
SEG_070,2021-01-25,0.5420047047911918,-5.888957849876672,-0.8629961587318069
SEG_070,2021-02-24,-0.6645819467587419,1.4967881771067493,-1.4471005945725819
SEG_070,2021-03-26,-1.8384741736206553,0.36624858866688115,0.22011968987978836
SEG_070,2021-04-25,-0.46168322977408444,-3.3757510239130495,0.33465079354166516
SEG_070,2021-05-25,-0.40166759834022403,0.6229397451846115,-0.991255318697057
SEG_070,2021-06-24,-0.5811555630988721,-3.5286691234213157,-0.2319052907496124
SEG_070,2021-07-24,-0.16448189340996064,-9.142603036098649,-0.8194133867730209
SEG_070,2021-08-23,-0.49712761845931586,2.443134941773561,-0.41702826065128695
SEG_070,2021-09-22,-1.6375096959253153,-1.2324840450005272,-1.163436496817878
SEG_070,2021-10-22,-1.8178561968943994,-4.7445540865559686,0.009963975940488812
SEG_070,2021-11-21,-1.6367586651224957,1.407185634816292,0.2616237726849331
SEG_071,2020-01-01,-0.8740827873854157,2.4721291691389737,-0.6132319563663386
SEG_071,2020-01-31,-1.834009187304683,2.5393080657393092,-0.20596818567308617
SEG_071,2020-03-01,-1.6050338788071705,-5.531820561399246,-0.5726392851226607
SEG_071,2020-03-31,-1.892862089580855,-4.000386229047187,-0.6995334459707547
SEG_071,2020-04-30,0.720617202061214,-9.845149478160737,-0.3551141869192658
SEG_071,2020-05-30,0.5194238067836766,-7.026589164156388,-0.6792668087085159
SEG_071,2020-06-29,-0.9624172007175864,3.49892282677375,-0.9245891404702635
SEG_071,2020-07-29,-1.9945377399985988,2.879795882017893,-1.0831435205036535
SEG_071,2020-08-28,-0.49295315173687715,-3.379295503373502,0.49601081142638104
SEG_071,2020-09-27,-1.1070206140719894,1.572434410525755,-1.344461176267528
SEG_071,2020-10-27,0.5942344064575096,-7.517383058488138,0.24829294224712095
SEG_071,2020-11-26,-0.5212546505584605,1.009133127268159,-0.9675591727611532
SEG_071,2020-12-26,-1.7272866715720872,-4.137777530463823,-0.9429457450739172
SEG_071,2021-01-25,-1.1439809919291364,2.696449568220606,-0.2298179803704441
SEG_071,2021-02-24,-0.42555841035296715,-3.229416030283123,-0.1963496064689927
SEG_071,2021-03-26,0.3806702106509331,4.470135284455326,-1.3657128756084593
SEG_071,2021-04-25,0.7217555106630875,-7.495942572854684,0.1862465904652557
SEG_071,2021-05-25,-0.8292888613449745,3.234536546662973,-1.4334676066419345
SEG_071,2021-06-24,-0.04486486335279788,-9.666202461262417,-0.6908969659953834
SEG_071,2021-07-24,-0.09118440024451721,1.6415228412988334,-0.2713832703807253
SEG_071,2021-08-23,-0.609618415653322,-6.921307008045787,-0.6705799221344244
SEG_071,2021-09-22,-1.1421079716706413,4.913853105643442,-0.8546943091130179
SEG_071,2021-10-22,-0.11923519491030077,1.472634979830998,-0.40986991130830996
SEG_071,2021-11-21,0.7930624530392147,3.4447030961133365,-1.4703399319266295
SEG_072,2020-01-01,0.05061874305407968,4.486632557612204,0.038928780020378806
SEG_072,2020-01-31,-0.8765300783415944,-5.620949101701186,-1.4395859508775648
SEG_072,2020-03-01,0.8714536803273357,-0.9774391696979503,-1.4614446295357537
SEG_072,2020-03-31,-0.6851107919948971,-9.970123614982022,-0.9830729067886748
SEG_072,2020-04-30,0.0008779189648573382,1.7421500241270564,-0.11252433540978246
SEG_072,2020-05-30,-1.2339096774177907,-6.673090009637086,-1.2722044386902478
SEG_072,2020-06-29,0.6709103544276858,-0.12745334112083206,0.30250501409055874
SEG_072,2020-07-29,-0.1850387804925942,-9.362030724480764,0.2596710033405436
SEG_072,2020-08-28,-1.5930122135929916,4.188037710035491,-0.39946442583422015
SEG_072,2020-09-27,-0.5096978299015268,-1.3081956320322128,-0.8222418732731125
SEG_072,2020-10-27,-0.23810859438627446,3.415193824270194,0.2171591238704127
SEG_072,2020-11-26,-0.10973891983152928,2.0669699283574055,0.48853079859659476
SEG_072,2020-12-26,-1.1071473707860136,-2.1711899324729886,0.14264051429994318
SEG_072,2021-01-25,-0.9077185298219455,-3.8826721984888524,-1.462865284300344
SEG_072,2021-02-24,0.42422278433769295,0.5632393872885508,-1.0001488237076273
SEG_072,2021-03-26,-1.9032784824701887,-4.67710287619689,-0.10319759303184939
SEG_072,2021-04-25,0.5771503360669771,2.406035740116952,-0.9560454660594442
SEG_072,2021-05-25,0.06521561401487637,-3.8332918861206453,0.49812546666838986
SEG_072,2021-06-24,-1.6583159710610826,-1.2778476278768558,-0.3661047694594175
SEG_072,2021-07-24,-1.516132147543963,-3.8390655185644844,-0.260234801041918
SEG_072,2021-08-23,0.8626585596286209,3.6302170779206815,0.39596606196191786
SEG_072,2021-09-22,0.5003490197972275,-4.0027412895883,-0.4704642375708923
SEG_072,2021-10-22,0.6256671815709918,2.1121911985578397,0.290425607681404
SEG_072,2021-11-21,-2.006806812992447,3.452072262745185,-0.9208142713086183
SEG_073,2020-01-01,0.6054117087801871,0.9663378375526843,-0.37195400788311717
SEG_073,2020-01-31,-0.2752604364860585,-1.897807147192351,-0.21114524711333238
SEG_073,2020-03-01,-0.14708861124317713,-9.165831932583057,-1.134697091079768
SEG_073,2020-03-31,0.674569603938704,-3.989818454708642,0.3307473948254078
SEG_073,2020-04-30,0.5401405567772396,-8.72237405100561,-0.1822364872024158
SEG_073,2020-05-30,0.2833934393619552,3.7302788793153763,-0.21608942801379594
SEG_073,2020-06-29,-1.8763098356186598,-7.087432539221436,-0.1790476945240378
SEG_073,2020-07-29,-1.372319567669286,-8.70758510110125,-0.3488025253743656
SEG_073,2020-08-28,-0.6093636340967745,-6.850492008817735,-1.4193704397994682
SEG_073,2020-09-27,-0.7337504268262147,-3.3410281222545652,0.41753799519755086
SEG_073,2020-10-27,-0.12932600612322664,-0.8754878038958722,0.07285519646431493
SEG_073,2020-11-26,-0.8728554204059503,-4.7933007689054685,-0.9640309162188285
SEG_073,2020-12-26,-0.09241292392890665,2.116407501932553,-0.8580781087994944
SEG_073,2021-01-25,-0.5912168880760675,-2.908076755401548,-1.3988431500635081
SEG_073,2021-02-24,0.25227028141945845,-0.9368952077121211,0.07692421543364625
SEG_073,2021-03-26,-1.9011838722468497,-2.2938772248014754,0.33067710430573993
SEG_073,2021-04-25,-1.1042494744213731,-0.8787925506590479,-0.8241077200987486
SEG_073,2021-05-25,-1.854183345206629,-7.1518979663139515,0.4709072629872373
SEG_073,2021-06-24,-0.18998483643711558,-2.7554810800701155,0.4376424855375307
SEG_073,2021-07-24,0.8673154785106264,2.9847907895994776,-1.3422784642595722
SEG_073,2021-08-23,-1.5209978759929346,-4.009889523576704,-1.1270585558095636
SEG_073,2021-09-22,-0.24362309772462087,-2.944243921549557,-1.4859791476123216
SEG_073,2021-10-22,-0.04547800821328202,3.778008107904988,0.2908000081283795
SEG_073,2021-11-21,-0.033420628689531884,2.0585974366388378,0.4956043423440166
SEG_074,2020-01-01,-1.7084026759821926,-2.70757282380523,-0.3889519735095508
SEG_074,2020-01-31,-0.731146264859345,-9.87454477277049,-1.4119664113332973
SEG_074,2020-03-01,-0.2666732024575531,-1.1145221309812054,0.47687323637170786
SEG_074,2020-03-31,-0.6333214479044241,-4.434588450742101,-0.5650181964618892
SEG_074,2020-04-30,-1.6195234589859617,4.505121200919358,-0.8023662430460534
SEG_074,2020-05-30,0.1603678207336001,4.439664587934489,-0.9369682268278929
SEG_074,2020-06-29,-0.9504560520863878,-6.829579403617212,0.27263004837881977
SEG_074,2020-07-29,-0.6015708890541542,-5.276540104365571,-0.6851975563185488
SEG_074,2020-08-28,0.5070425831309476,-7.686049480985542,-0.6568012550205349
SEG_074,2020-09-27,-1.9931846926588015,-3.381713826537193,-0.14121851733571744
SEG_074,2020-10-27,-1.444643192889675,-8.87420029835528,-1.009410089392504
SEG_074,2020-11-26,-0.4011247628569602,4.812709605459224,-0.5649235012602116
SEG_074,2020-12-26,0.8532955188419473,4.050941165575113,0.19522480247176954
SEG_074,2021-01-25,-0.04371496174340446,-3.0999089707447522,-0.40612275965741906
SEG_074,2021-02-24,-0.3981060870237978,-6.334590182951985,-1.4880416571243005
SEG_074,2021-03-26,-0.23213549295871003,-2.8141302377691764,0.07226795975286282
SEG_074,2021-04-25,0.44243963931310853,4.021569803792348,0.29153904265389885
SEG_074,2021-05-25,0.1462563638450415,3.011992872299375,-0.19658887176675566
SEG_074,2021-06-24,0.36999252704298147,-2.2560146139301027,-0.9133298376455887
SEG_074,2021-07-24,-1.08928075901331,-8.738444410831965,0.18548225266827645
SEG_074,2021-08-23,0.8339383462894777,-8.135243464694792,-1.4924396467712373
SEG_074,2021-09-22,0.7253603291989299,-2.608552971921827,-0.5651211669018548
SEG_074,2021-10-22,-2.2650902621709257,2.0398251089770163,-1.4931019811729287
SEG_074,2021-11-21,-2.05273830125345,2.361373756556983,-0.21937363635127616
SEG_075,2020-01-01,-0.9335734774964018,3.890055865319857,0.1837147165230888
SEG_075,2020-01-31,0.38823404619410007,-3.9469000082792904,0.41039906137382265
SEG_075,2020-03-01,-1.373958556269747,-1.1938811429981726,0.0401493097950949
SEG_075,2020-03-31,-0.8024633720262387,-1.160840346653817,-0.25955829190099156
SEG_075,2020-04-30,-1.4306088364385587,-8.023178903911088,-1.055136531958585
SEG_075,2020-05-30,-0.09026143143872536,3.653442573286153,-0.8409113941204869
SEG_075,2020-06-29,0.5570527038181107,-7.937939959434525,-1.1137828854229983
SEG_075,2020-07-29,-0.6467316640741587,-2.4397642132546817,-0.5166096528736654
SEG_075,2020-08-28,-0.04108333871168156,4.587966857234395,-0.9197538037986677
SEG_075,2020-09-27,0.22278735688950663,-1.3756839633593287,-0.42703969817658494
SEG_075,2020-10-27,-1.6792637002722062,0.17406130674220144,-1.0171162490387975
SEG_075,2020-11-26,-0.9459432225746693,-4.237133741292051,-1.2351830600588172
SEG_075,2020-12-26,0.49887389274319927,-5.16289450290297,0.0032157563961896507
SEG_075,2021-01-25,-1.012741109609362,1.8034474338548225,-0.6701501934475211
SEG_075,2021-02-24,0.5432522413831073,-6.099818415711326,0.03968045878845672
SEG_075,2021-03-26,-2.033837315780243,1.6329725347512802,0.17299479720409816
SEG_075,2021-04-25,-1.2924896624897892,3.744604499507034,-0.47461091513950016
SEG_075,2021-05-25,0.6130998028805501,1.2006137224841638,-1.0748176683617412
SEG_075,2021-06-24,-0.3547980452166544,-2.69532001000686,0.18139927495622588
SEG_075,2021-07-24,-1.4249921798641,1.302665148311183,-0.7447183616192332
SEG_075,2021-08-23,-2.0007881184471654,-4.948264332360256,0.1567740533938602
SEG_075,2021-09-22,-1.8839733426826475,-6.50097575380129,-1.3199534512493876
SEG_075,2021-10-22,-2.0175762707232616,-8.55446440389141,-0.011796438097678275
SEG_075,2021-11-21,-1.0287490671068997,-5.990427993972248,0.3181068254520867
SEG_076,2020-01-01,-0.35248416134078864,-7.612397419881907,-0.2065943216315944
SEG_076,2020-01-31,-0.7760894451761711,-2.791516636401168,0.3561835812979002
SEG_076,2020-03-01,0.005751564495785053,-4.427043002962391,0.463452023446018
SEG_076,2020-03-31,-1.030408058506093,-5.313860951253833,-0.25428491013110643
SEG_076,2020-04-30,-0.5055910312272416,-1.3109272315753788,0.46139204727864813
SEG_076,2020-05-30,0.6151721442305792,0.7170103723726591,-0.24462523106094824
SEG_076,2020-06-29,-0.83628526445824,-5.290597046106175,-1.0949499071635542
SEG_076,2020-07-29,-1.0042044328078068,-9.027970546438665,-0.5117749929051376
SEG_076,2020-08-28,-1.2854869255404073,-2.3241034772291176,-0.6779501705562618
SEG_076,2020-09-27,0.7671031809364447,1.7952690274901784,-0.29474551934216464
SEG_076,2020-10-27,-1.1125117391935033,-0.16505102245457692,0.024835886035732058
SEG_076,2020-11-26,-2.134283374132904,-8.223674552842008,-0.5906368108669462
SEG_076,2020-12-26,-0.2055502607490779,2.743060302360975,-0.1772941156657315
SEG_076,2021-01-25,0.3443979110326233,2.9754687724955122,0.49308744034788576
SEG_076,2021-02-24,0.5953314403477955,-8.497749344679944,-0.8414608040412723
SEG_076,2021-03-26,-0.06400125005655853,1.0872604574237403,-0.46684342214690977
SEG_076,2021-04-25,-0.6007182583273799,-9.228906074382287,0.3394924506777628
SEG_076,2021-05-25,-0.14891477402245396,-4.096840640254078,0.3687876578635627
SEG_076,2021-06-24,-1.3914718506547996,4.602840986388156,0.10859311786260784
SEG_076,2021-07-24,0.3605756541278261,-3.6511234500673533,0.21244955699552515
SEG_076,2021-08-23,0.5923408716601132,-4.673991473508013,0.3898065760466376
SEG_076,2021-09-22,0.25513359095444754,-6.8743403951819575,-1.4245082715644666
SEG_076,2021-10-22,-2.059533693078191,2.8180465466527505,-0.027223983811612618
SEG_076,2021-11-21,-1.4166281024538188,-4.235490167898048,-0.5581145925966058
SEG_077,2020-01-01,-0.8180734580143179,-3.370698243051315,-0.8266597835253489
SEG_077,2020-01-31,-1.7438033325424396,1.8160345885762794,-0.900296213659985
SEG_077,2020-03-01,-1.981588511300702,4.9433572361388975,-0.3170173345451819
SEG_077,2020-03-31,0.7855375210500314,-0.48377651558657675,0.43848884005581645
SEG_077,2020-04-30,-1.7125741505575696,1.1938232977934824,0.4798953595085125
SEG_077,2020-05-30,-1.6713787157767577,2.7354444382660397,-1.2439881245249584
SEG_077,2020-06-29,-1.3418401616359292,-3.6853596395005876,-0.7838331517994857
SEG_077,2020-07-29,-1.952034447078614,-7.536931237806892,-1.009373534070491
SEG_077,2020-08-28,-1.705918636133311,-4.244048493392816,-0.5207674838362948
SEG_077,2020-09-27,-0.2877269111551763,-7.630739103329319,-1.1345845984523357
SEG_077,2020-10-27,0.2937446820645876,-5.1493544128745645,0.44560547439605913
SEG_077,2020-11-26,-1.3366891763423179,-1.7601025403294503,-0.5377777197855438
SEG_077,2020-12-26,-1.100499359398104,1.0840567233886382,-1.3326159063906766
SEG_077,2021-01-25,-0.2403432118873835,-5.247772461139829,-1.3729446808395822
SEG_077,2021-02-24,0.07070917741155797,2.0658674509051362,-0.4959030888736502
SEG_077,2021-03-26,-1.3220575320109689,-2.7792837245545527,-0.6748944048459793
SEG_077,2021-04-25,-1.0475111177947016,-5.482115507624234,-0.8386630302520679
SEG_077,2021-05-25,0.4256767671568636,-8.91847002815965,0.3841314057004146
SEG_077,2021-06-24,-0.07737284858060198,4.1357136147250095,0.31990722857973863
SEG_077,2021-07-24,-1.96408549770912,-5.274443580725655,-0.9878108900821434
SEG_077,2021-08-23,-1.633129195748268,-7.950548871098979,-1.4252834911419876
SEG_077,2021-09-22,-0.07671926841236261,-0.7907616618080056,-1.407285841549391
SEG_077,2021-10-22,-0.9753162706037422,4.592862589293388,0.09321414254124827
SEG_077,2021-11-21,-1.3106571176804023,2.0623586659821544,-0.28117618795158816
SEG_078,2020-01-01,-0.06290538132461655,-0.6234643342073198,0.2339392128727551
SEG_078,2020-01-31,-1.0139096624933888,-7.336545326119794,-0.7327033284032873
SEG_078,2020-03-01,0.5902612214531764,-2.3365448347577464,-0.26082295304354464
SEG_078,2020-03-31,0.5975234314998744,1.6618204480889478,0.3979444544135766
SEG_078,2020-04-30,0.25186157584587654,3.210441742003601,-0.3468265302264055
SEG_078,2020-05-30,-1.7813050512555475,-2.8776839656610544,-1.1866915428496356
SEG_078,2020-06-29,-1.2146370755885303,-1.7720685532103921,-0.49957742170865993
SEG_078,2020-07-29,-0.19159629082543694,1.2807613487637255,0.017833986079379693
SEG_078,2020-08-28,-1.4771784738504847,-3.07143042738909,-1.441546138452841
SEG_078,2020-09-27,-0.4382366271948783,-3.6458156837688875,-0.5360528832834088
SEG_078,2020-10-27,-1.171262068944322,-7.053110309822122,0.03642747249976108
SEG_078,2020-11-26,-0.3115704930012055,-4.8329098801330534,-0.6890810250473796
SEG_078,2020-12-26,-1.279139036912929,-1.4101384287031955,-0.4887457810866751
SEG_078,2021-01-25,-0.7157580965934761,0.08352395432905979,-0.6766121732901331
SEG_078,2021-02-24,-1.9206664634475277,-3.9797184121529767,-0.06316938628407565
SEG_078,2021-03-26,-0.010479727101941306,2.4984613972192076,-0.186417075990027
SEG_078,2021-04-25,0.8604811819711614,2.9746283703476593,-0.5127523899004545
SEG_078,2021-05-25,-0.03728968196311409,1.5748859224746319,-1.4048787079986815
SEG_078,2021-06-24,-0.8024571918325707,-1.8356313557268908,-1.4340392388702972
SEG_078,2021-07-24,0.7891669621704553,-5.464548779258442,-0.9777337329364544
SEG_078,2021-08-23,0.7782896280698405,-8.504659957579275,0.34156140004910807
SEG_078,2021-09-22,0.04608693648060559,-1.2554984150254924,-0.8811258535649953
SEG_078,2021-10-22,-2.069708753866936,-8.619765402462583,-1.2349599772634694
SEG_078,2021-11-21,-0.8129788593913901,-2.348853792790056,-0.5182810071026624
SEG_079,2020-01-01,-0.3171456659875737,-5.705979261250877,-1.0009928101090269
SEG_079,2020-01-31,-0.7237194449514514,-0.07165590090161977,-0.7229278822775289
SEG_079,2020-03-01,-1.6155254484605812,-4.550737855993692,-0.5268823993107092
SEG_079,2020-03-31,-0.25695158179386374,-2.3997464511305377,0.463949605072113
SEG_079,2020-04-30,0.6520027178734876,-6.876891773311014,-0.7718766662732224
SEG_079,2020-05-30,-0.9789392699089666,-4.495625083235243,-0.9820188971939448
SEG_079,2020-06-29,0.36933319072668014,-2.3613396680039935,0.4114417129906771
SEG_079,2020-07-29,0.39368447257390043,-3.8623288786230194,-0.3009898802787889
SEG_079,2020-08-28,-1.6795955344176738,-4.732384696209994,0.08548721163870265
SEG_079,2020-09-27,-0.4775801244205835,-4.631262049087466,-0.28800862146831663
SEG_079,2020-10-27,-0.030388738749793753,0.5679657811814405,0.37202500173858843
SEG_079,2020-11-26,-0.1677344483696251,-1.1192698630036428,0.34707152583661727
SEG_079,2020-12-26,-1.074920332132875,-6.396038678004148,-1.2447484891618157
SEG_079,2021-01-25,-0.22241268031314632,3.0738053201572164,-1.2475046696269017
SEG_079,2021-02-24,-1.6421126141782483,-9.453810247560646,-1.329995101071009
SEG_079,2021-03-26,-1.9473888453434047,4.930801603273803,-0.5706816977514155
SEG_079,2021-04-25,-1.3474129602014915,0.8074488568116855,-0.3074773762269476
SEG_079,2021-05-25,-0.4573028845386,-5.826139652739562,-0.34817487158190086
SEG_079,2021-06-24,-0.43409763960116726,-9.77840981886586,-1.3666448186652702
SEG_079,2021-07-24,-0.7431365168408556,-8.601498686547188,-1.0546585855148034
SEG_079,2021-08-23,-0.8185965373208807,-0.7932908280869189,-0.2197045294512867
SEG_079,2021-09-22,-1.203937136084078,-7.237214493708133,-0.012106729435345631
SEG_079,2021-10-22,-0.9899308338549122,4.134452589575821,-0.7033594459242734
SEG_079,2021-11-21,-1.3418731000098632,-7.5677270132060634,-1.1709155534368365
SEG_080,2020-01-01,0.7357560976997526,-7.910507597920216,-0.72625025769532
SEG_080,2020-01-31,-1.7416046936978646,-5.5676382089467555,-1.1860513746702854
SEG_080,2020-03-01,-1.5258785999806208,-3.908196905726597,-0.29175278231626667
SEG_080,2020-03-31,-0.25351188936282965,-2.4983249554234366,-0.8958592931682048
SEG_080,2020-04-30,-1.4068594082333636,-0.7150723532930492,-0.5211819469303591
SEG_080,2020-05-30,0.5066783320208098,-4.3514060919498565,-0.06411675100005731
SEG_080,2020-06-29,0.5985717376165784,-6.596432551689022,-0.9286906600904195
SEG_080,2020-07-29,-0.4200094081695807,-8.867968512527963,-0.8370046857469609
SEG_080,2020-08-28,-0.23540073764406289,3.686569195733602,0.3399934035581267
SEG_080,2020-09-27,-0.7885296757020707,-8.124675785023417,0.06750702225414873
SEG_080,2020-10-27,-1.8775837070476458,-8.96128788495372,-1.2722456247986618
SEG_080,2020-11-26,-1.7193322506627946,-2.7055841546761785,-0.42169784969485224
SEG_080,2020-12-26,-2.007044230482367,-5.708994994409037,-1.1955561845559772
SEG_080,2021-01-25,0.6782359943364089,-7.772460184205159,-1.0134205713415294
SEG_080,2021-02-24,-0.629627253843395,4.466626368690948,-0.07278877112485915
SEG_080,2021-03-26,-0.4698947505344952,-9.381338198380815,-1.3032763186254617
SEG_080,2021-04-25,0.614106350324705,3.0725681656026342,-0.7623995086012236
SEG_080,2021-05-25,-0.016618959943242882,-5.289769515728321,0.0027418641135521504
SEG_080,2021-06-24,0.0951228688952058,2.456914609705702,-1.4566395535047794
SEG_080,2021-07-24,-1.6833900471634111,2.2763514897414847,-1.3915267606620787
SEG_080,2021-08-23,-0.7266700250283776,1.6643924879481116,-0.9851987408874212
SEG_080,2021-09-22,0.33215012136058625,-5.60938881043573,-0.5131446054358919
SEG_080,2021-10-22,-0.9740379026204867,3.1583093632318455,-0.7528393847313912
SEG_080,2021-11-21,-0.059903007689575904,4.202513315947009,0.4700884066149187
SEG_081,2020-01-01,0.11921555480978226,-9.823739260946496,-1.1057392745167594
SEG_081,2020-01-31,0.3005248302541819,-7.7267697423249535,0.1434121124319485
SEG_081,2020-03-01,-0.4209268434434375,-6.931108535135026,0.005476135201994525
SEG_081,2020-03-31,0.09234661809539475,-0.42793820584632947,-0.10537627031139296
SEG_081,2020-04-30,0.8643795719952202,3.7584032586931997,-0.9401365284881109
SEG_081,2020-05-30,-1.9124076818104734,-0.20374186682067297,0.2799978833588912
SEG_081,2020-06-29,-1.8674762309478075,3.1666258777068066,-1.066525728230795
SEG_081,2020-07-29,-1.8119490875517674,-3.91499675233341,0.28724963231341816
SEG_081,2020-08-28,-1.1042741984774338,-2.414712453267871,-1.1058300131251995
SEG_081,2020-09-27,-1.2449840078493077,-8.631842736668894,0.35428280544576674
SEG_081,2020-10-27,-0.09721901744780537,-3.4610282152806793,-1.2865938191739674
SEG_081,2020-11-26,-1.1424540267809031,1.037647356779141,-0.45736747679167045
SEG_081,2020-12-26,-1.790934640122008,-4.651943932068667,-0.42176295717099554
SEG_081,2021-01-25,0.2744294252884564,-2.3623020764707263,-0.9354226714488514
SEG_081,2021-02-24,-1.2669859719358845,-3.620163862285356,-0.40389398507956575
SEG_081,2021-03-26,-1.4643374769254995,1.309246799079549,-0.6400049985568679
SEG_081,2021-04-25,-0.9252474654535741,-5.5026367202621955,-1.2870093141752361
SEG_081,2021-05-25,0.4355837033923929,-0.41637147329599067,0.03105145437495982
SEG_081,2021-06-24,0.5571233826306071,-2.481059771870515,-1.2195828956508723
SEG_081,2021-07-24,-1.800291879146992,2.4092049309860197,-0.06734402690009045
SEG_081,2021-08-23,-0.013626127549526468,-3.2944710941476076,-0.5606978819677881
SEG_081,2021-09-22,0.0358624876865052,-3.4824626129269225,0.04376146791519142
SEG_081,2021-10-22,-2.3134813926237414,-0.7751010306105126,-0.7667090125033389
SEG_081,2021-11-21,0.534331812662942,-7.265515499504195,0.17557715011005826
SEG_082,2020-01-01,-0.12620481108832876,-8.285659058099686,0.31574579990929585
SEG_082,2020-01-31,-0.8669067802796754,-1.5921242641113036,-0.06446438716448988
SEG_082,2020-03-01,0.054838300238679444,-4.627650511414193,0.28886179758994013
SEG_082,2020-03-31,-0.7696261363250514,-0.49644547842384057,0.20612754350351037
SEG_082,2020-04-30,-0.7393140688511705,-7.806209536789338,-0.4631046482624559
SEG_082,2020-05-30,0.3423678419478479,0.3380915016583792,-0.03072511143533463
SEG_082,2020-06-29,-0.3519843985854352,-4.931193558893724,-1.0830570187583342
SEG_082,2020-07-29,0.6228380058461704,2.6752362015233935,0.3191524776379826
SEG_082,2020-08-28,0.46097984296549155,-1.1703357583139677,-1.3680670029961415
SEG_082,2020-09-27,-1.3934378949897592,0.48530466316334575,-0.9426419129301764
SEG_082,2020-10-27,-0.4413997396442418,-3.7426140802319123,-1.3229590767258184
SEG_082,2020-11-26,-0.6961840405620289,-4.768148155542146,0.46828415789033495
SEG_082,2020-12-26,-1.9072668768765575,2.42313137611346,0.49573075902874675
SEG_082,2021-01-25,-0.2639946410847784,-0.7189919236483231,-0.9195681664536599
SEG_082,2021-02-24,-0.9460583159611384,-9.568275575622756,-0.04305344665280275
SEG_082,2021-03-26,0.3805653924126017,-6.748840204346884,0.35367389375250813
SEG_082,2021-04-25,0.7641771035766856,-7.421536528454213,-1.1821693899620258
SEG_082,2021-05-25,-0.8155987470482,2.255342937059474,-1.1619838448276922
SEG_082,2021-06-24,-0.39994386102659796,-8.407412901269751,-0.8530823090464117
SEG_082,2021-07-24,-0.3891950717234768,4.393879965922094,-0.43559782170300587
SEG_082,2021-08-23,-0.5805530492825188,-1.2593149183164183,-0.35668566718740746
SEG_082,2021-09-22,-1.744287994616536,4.654934179973214,-0.44883575396939346
SEG_082,2021-10-22,0.4844827952972251,-1.5823279132764068,0.2779872341644063
SEG_082,2021-11-21,-1.5585536946899037,-0.49569863678595816,-1.3723842852749526
SEG_083,2020-01-01,-0.8400898705861596,-6.8376907906487805,-1.2618675435485256
SEG_083,2020-01-31,-1.576939313380062,-4.226579332589181,-0.07882868612595595
SEG_083,2020-03-01,-1.0670626819883635,3.261943733158848,-0.11924089354244338
SEG_083,2020-03-31,-1.947004011263496,-4.293558797677962,0.306436233117384
SEG_083,2020-04-30,-0.3749677307895516,-1.9531122599549597,0.14544252185274775
SEG_083,2020-05-30,0.79256930224463,-4.702394270720244,-0.405934766758979
SEG_083,2020-06-29,0.5386123842829653,2.17106068067884,-0.554475465939662
SEG_083,2020-07-29,-1.3690411287936957,2.436811176929016,-0.996355499315768
SEG_083,2020-08-28,-1.0763398452663606,-9.106399227547108,0.4890522170175755
SEG_083,2020-09-27,0.20119322186896255,1.3773086141218638,-0.3657108836519958
SEG_083,2020-10-27,-0.07007632803626873,4.542406836780728,-1.4904256427036358
SEG_083,2020-11-26,-2.481806686340943,4.8868575331006205,-1.4536807290027496
SEG_083,2020-12-26,-0.42535224168543634,-6.511894484121633,-1.052406165739942
SEG_083,2021-01-25,-0.35143535945249804,-5.87843157420769,0.237874525291768
SEG_083,2021-02-24,-1.722107570377819,-9.233311616975154,-0.7730452493442568
SEG_083,2021-03-26,0.3653034260620426,2.356957373267827,-0.24838073431221153
SEG_083,2021-04-25,-0.7310495327027946,-9.531240509025048,0.029737597970351803
SEG_083,2021-05-25,-1.75937277169036,-5.238092299872413,-0.5487445984102519
SEG_083,2021-06-24,-1.30348934952455,-8.222075680885762,0.4514136878182904
SEG_083,2021-07-24,0.36437776006651984,-6.476929419903403,-0.2630670875651706
SEG_083,2021-08-23,-1.6025604529716284,2.3133348440799146,0.3287590694007221
SEG_083,2021-09-22,-0.501717002377293,-1.6591984930717238,0.414539456940864
SEG_083,2021-10-22,-1.2263031112963931,2.885315196162674,-1.2104945249411905
SEG_083,2021-11-21,-2.0439202029281005,0.7750331235567565,-0.9143908084858943
SEG_084,2020-01-01,-1.910468905318975,-0.20239094021688508,-1.186433707707041
SEG_084,2020-01-31,-0.6289709067844601,-8.10239418709723,0.30649995479374015
SEG_084,2020-03-01,-1.8554467898418052,-2.448704039025479,-1.0428239729986053
SEG_084,2020-03-31,0.27732212440781207,-8.29137476836785,-1.4461899644287697
SEG_084,2020-04-30,-0.9448666083740853,-7.052548782175814,-0.9914089251434202
SEG_084,2020-05-30,-0.23885794030111132,3.3058153330959676,-0.010447801051556072
SEG_084,2020-06-29,-1.2336980492953213,-0.9311953059355425,-0.06234681921185481
SEG_084,2020-07-29,-0.4046491440205093,-8.55612597860543,-1.3489660488267867
SEG_084,2020-08-28,-1.7031966846485331,-5.342434328829898,-1.20220549400267
SEG_084,2020-09-27,0.6208469401255358,0.08177564144904537,-0.4540562462574471
SEG_084,2020-10-27,-0.6821271650319106,-6.317004851444139,-0.7392487734521529
SEG_084,2020-11-26,-1.4721084767427834,0.7590707130420746,0.0610866554134204
SEG_084,2020-12-26,0.379352480468557,-5.190384935118307,-1.1393932816879215
SEG_084,2021-01-25,-1.2994829345806964,-4.549470608646155,-0.2889841575531522
SEG_084,2021-02-24,-0.006937985762679157,-8.255064708579491,0.010497475798869615
SEG_084,2021-03-26,0.7125343977931613,-3.390710255812542,-1.062482626140779
SEG_084,2021-04-25,-1.556827266486666,-7.903152121147283,-0.12521884359006963
SEG_084,2021-05-25,-1.3925041768523225,-6.723814792836256,-0.906286270150124
SEG_084,2021-06-24,-1.3881271272281939,-0.985517681004616,0.48069994944131755
SEG_084,2021-07-24,-0.2232555989372019,3.535910898786364,0.3539453152097385
SEG_084,2021-08-23,-0.7981370049791106,-6.594802362088645,0.1858785909229208
SEG_084,2021-09-22,-0.6302836663303387,-9.13523364253695,-0.8403388917697949
SEG_084,2021-10-22,-1.98656596934521,-7.646827144835241,-0.5403715204585016
SEG_084,2021-11-21,-1.287697038463524,-3.2770061650328035,-0.27435604141506076
SEG_085,2020-01-01,-1.6897117534942196,-5.812609767956444,0.20733461393742214
SEG_085,2020-01-31,-0.7572835149695925,-2.6122598113947397,-0.2363148808361788
SEG_085,2020-03-01,0.9188840773387317,-4.502149690001863,-0.7952018015290598
SEG_085,2020-03-31,-1.7936284728991438,2.5877030072700578,-1.07748169413871
SEG_085,2020-04-30,-1.3838107318445338,2.3494727924057894,-0.500817834185664
SEG_085,2020-05-30,-1.6555710442699543,2.563678500288381,-1.346236519959473
SEG_085,2020-06-29,-1.5947618804902666,-4.641142776265546,-0.9082929287616683
SEG_085,2020-07-29,0.18513269868363802,-8.145064694455051,-0.5363418184129687
SEG_085,2020-08-28,-1.8818580637226636,-0.9970167241360386,-0.02046666764831384
SEG_085,2020-09-27,-1.559633039508104,4.025874783057013,0.13780097221158472
SEG_085,2020-10-27,0.1263370614702073,0.8499183251589937,-0.390282552664144
SEG_085,2020-11-26,-0.31712129272927037,-4.934876400027045,0.4158663246298191
SEG_085,2020-12-26,-2.344633293948471,4.7790723386323055,-0.27744208864343656
SEG_085,2021-01-25,-0.5645367065496929,-9.001861638127476,-1.0876084980995562
SEG_085,2021-02-24,-2.014206412063535,3.7982245363585303,-0.8887401799469574
SEG_085,2021-03-26,0.4187285022076826,-3.8230795405384885,0.3247254378442994
SEG_085,2021-04-25,-1.1198217981071645,4.5803600794911645,0.24523031492541159
SEG_085,2021-05-25,-0.7102963133931672,-4.734440740024478,0.2888911804255829
SEG_085,2021-06-24,-1.7888370156798394,-2.575108071615583,-1.1151889768094247
SEG_085,2021-07-24,0.021139695265952295,-0.6461621758562472,-0.48285825685712047
SEG_085,2021-08-23,-1.5342743609772114,-1.3313919759952686,0.48015314602000103
SEG_085,2021-09-22,-1.534517597658456,-4.795388404235881,-1.0365743855050287
SEG_085,2021-10-22,-0.03221145331410391,1.751624695285198,-0.8889124970612443
SEG_085,2021-11-21,0.20554034086354162,0.11818731398049565,-0.42240408652263994
SEG_086,2020-01-01,0.3455531597337195,-7.364081969379024,-1.0018212686857821
SEG_086,2020-01-31,-0.3001237425837375,-4.789058175337776,0.4481624328958731
SEG_086,2020-03-01,0.49801680659836856,-6.268919903488657,-0.6461599945028336
SEG_086,2020-03-31,-0.6585511310867338,2.038516426397253,-0.4539326399354764
SEG_086,2020-04-30,0.20507824520863321,-0.8421907970618978,-0.6960696925675571
SEG_086,2020-05-30,0.4989285611172858,-0.3628334005643783,0.24436516856089785
SEG_086,2020-06-29,-0.4913241376124441,1.941765951148918,0.4021826046083008
SEG_086,2020-07-29,0.1480643210833252,-3.6643375519272547,-1.4599943952824925
SEG_086,2020-08-28,-0.24023166228483278,-0.4050813261364343,-0.6301253352242162
SEG_086,2020-09-27,0.08980798016410729,1.8648171739717956,-1.0413477050591626
SEG_086,2020-10-27,-0.520968572699565,-7.482720475698786,-0.8377338081369208
SEG_086,2020-11-26,0.9691273494164512,-3.5825114237627194,-1.1551406717960553
SEG_086,2020-12-26,-0.038369714913301045,-3.891941548200168,-0.38142465251427327
SEG_086,2021-01-25,-0.6840696880533887,-1.328415977503452,-0.2978356430908513
SEG_086,2021-02-24,0.09494453448732652,-3.1050031613247686,-0.45163827574181803
SEG_086,2021-03-26,-1.1708913614698204,-0.5669796174242983,-0.9836700498615751
SEG_086,2021-04-25,-0.7040296388537631,-3.674816032263198,-0.546444420306915
SEG_086,2021-05-25,-0.7283802641139396,0.12803067417551794,0.2803843786702285
SEG_086,2021-06-24,0.43703795773349524,-6.025508293857058,-0.5084094708235789
SEG_086,2021-07-24,0.5213822400322535,-3.308123117323454,-0.5806084008930403
SEG_086,2021-08-23,0.5923553571348869,-9.662089166235448,0.23315276920822958
SEG_086,2021-09-22,0.31089505101798487,-9.10907537244369,-0.32327888819293915
SEG_086,2021-10-22,-1.642732946441717,-5.642428950702606,-0.9732168861716202
SEG_086,2021-11-21,-1.820932174908137,-3.825732496026461,0.4677066658719131
SEG_087,2020-01-01,-0.3452110401411509,1.3019648565733632,-0.7766537692476536
SEG_087,2020-01-31,-1.7513627120153241,3.300971945928211,-0.4952351567888793
SEG_087,2020-03-01,-0.07914146660902771,-0.2813533237171164,-0.4777565376928332
SEG_087,2020-03-31,0.08451984953290828,-9.76265928815595,-0.7542721076009453
SEG_087,2020-04-30,0.07328870029744985,-9.945866570249759,-1.1390386883280943
SEG_087,2020-05-30,0.7123227435266541,-8.993719974155333,-1.390409702739815
SEG_087,2020-06-29,-1.7599666646753551,-3.193255729984604,-0.018700934941430214
SEG_087,2020-07-29,0.6787540498275101,3.1064197427255316,-1.1670330924343482
SEG_087,2020-08-28,-0.8168731105204811,-5.348593042157088,0.23412816024612693
SEG_087,2020-09-27,-0.9702031839628578,-5.986963819633948,0.3893527831210921
SEG_087,2020-10-27,-2.1186509977588233,-1.74433984581559,-0.8442632951777103
SEG_087,2020-11-26,0.84208305410341,4.688091767032606,-0.8394158428757499
SEG_087,2020-12-26,-1.9390551292135636,-6.694911273824166,-0.43501304444365796
SEG_087,2021-01-25,-0.9176955076926421,-6.113264322973572,-0.09284514774828723
SEG_087,2021-02-24,0.480148403856428,2.6062473193886593,-0.02898894364027771
SEG_087,2021-03-26,-1.2709434500185912,-5.014897747041231,-0.21777335768403927
SEG_087,2021-04-25,-1.7400464512692768,0.6831505633676347,0.2874066687740777
SEG_087,2021-05-25,-0.7338311825262144,1.2396855429060842,-0.8891464423308326
SEG_087,2021-06-24,-0.22452283545629345,-4.8813519828728325,-1.3898472127768988
SEG_087,2021-07-24,-0.08814836860213153,0.35032580970147364,-1.3134331104566253
SEG_087,2021-08-23,-0.8391500991359587,-7.879069661639269,0.14845367526200115
SEG_087,2021-09-22,-0.3301417123935879,-4.278121968216807,-1.207978799485013
SEG_087,2021-10-22,0.04475069686218591,-0.49971391381877517,0.3739651135680646
SEG_087,2021-11-21,-0.2449080283542755,3.6930349668806617,-0.9653372681311256
SEG_088,2020-01-01,-0.0042905667520244314,-2.324205240094958,0.3510108858770391
SEG_088,2020-01-31,0.3222839069810888,2.476302964455879,-0.9757051913023931
SEG_088,2020-03-01,0.10893579828182963,-9.650593296754103,0.24124932413446265
SEG_088,2020-03-31,-0.15819929520264886,-4.68371293342689,0.11051827869619757
SEG_088,2020-04-30,-0.20425247924387163,2.4438188490631045,-1.3518622188865606
SEG_088,2020-05-30,0.08800016783627297,-7.097054955808904,-0.7356188742947354
SEG_088,2020-06-29,-1.9946926822387547,-5.060935379424707,0.019855971947773998
SEG_088,2020-07-29,-1.1524105318785585,-1.1631800184438497,0.00697121205978446
SEG_088,2020-08-28,0.848602460887187,-3.867409213531899,-1.0698942744790805
SEG_088,2020-09-27,-0.5218117693614066,2.220387417091743,-0.442558933076044
SEG_088,2020-10-27,-0.08397576019008984,3.0895640946074625,-1.18229944220875
SEG_088,2020-11-26,-0.5255318039711825,-4.857279238057072,-0.429644335396691
SEG_088,2020-12-26,-0.664577112281113,-2.8055499896147094,-0.9623983542015251
SEG_088,2021-01-25,-0.9740961698596768,1.809374098753846,-0.8404939383313019
SEG_088,2021-02-24,-0.145404369365096,4.560987151402609,-0.728456576408383
SEG_088,2021-03-26,-1.2405143736300432,-6.639703817491887,-0.27374290814609603
SEG_088,2021-04-25,-1.3308344880116894,0.8393855401802366,0.327029910816907
SEG_088,2021-05-25,0.25743425341786375,-5.090784738703758,-0.5492000333635856
SEG_088,2021-06-24,-1.525897471883449,-4.276443972042597,-0.3934055708524604
SEG_088,2021-07-24,-1.9806114838614324,-6.940280884891555,0.31997867375630284
SEG_088,2021-08-23,0.1967491007084849,-8.435096897720111,-0.8081588845506906
SEG_088,2021-09-22,0.7787608485964397,2.370431124109377,-0.6941988224835389
SEG_088,2021-10-22,-1.7818484783145898,0.36310916615541977,-0.07880530460602642
SEG_088,2021-11-21,0.297036607317187,4.238773587057381,0.4396999526170242
SEG_089,2020-01-01,-1.498219866183873,-6.102675845748472,0.384786078443228
SEG_089,2020-01-31,0.4508656109119123,-8.767208829562694,0.06255321046278772
SEG_089,2020-03-01,-1.148802486512031,1.9019816786220982,-0.2919693621880928
SEG_089,2020-03-31,-0.1297128934049419,-0.05554617527523931,-0.5482625324709223
SEG_089,2020-04-30,-0.14386252479475387,0.6254476543791778,-0.22270591802381912
SEG_089,2020-05-30,0.12850903643543835,2.451026430233858,-0.9687370245504121
SEG_089,2020-06-29,-0.6695297408784256,4.911640217634275,-0.17201967466266943
SEG_089,2020-07-29,0.3700607676835469,-0.11105195480418217,-0.11153121983171088
SEG_089,2020-08-28,0.14363841465088242,-2.683030108844421,-1.3095386416687385
SEG_089,2020-09-27,-1.0179648047189738,-9.735205750839057,0.05049398055897747
SEG_089,2020-10-27,-1.091546483470291,-7.669240744328333,0.2958524660758457
SEG_089,2020-11-26,-0.182457445557544,-3.3394061399384274,-0.8988339749240446
SEG_089,2020-12-26,-0.7548748080112524,2.1403623901274393,0.14103014310500583
SEG_089,2021-01-25,-0.9386006466474429,1.4987483325327133,-1.425840778311175
SEG_089,2021-02-24,-1.6932028281019884,1.2455700004770467,0.3802344260099173
SEG_089,2021-03-26,-1.7606992285671998,3.557980921525763,-1.1878084225976175
SEG_089,2021-04-25,-0.9961459575773921,-7.030872875013943,-0.6431274341522599
SEG_089,2021-05-25,-0.43772618559180504,-5.9486405425790245,-1.329250500097295
SEG_089,2021-06-24,-1.1315467656092693,-2.612516473764231,-0.8804879937234422
SEG_089,2021-07-24,0.6219519737339643,4.260410781335542,-0.9639397484040253
SEG_089,2021-08-23,-0.974140204329507,-0.5666451412864504,0.1869618052953097
SEG_089,2021-09-22,0.09094833305214753,2.1466718157340736,0.39195152021075086
SEG_089,2021-10-22,-0.36513623130528156,4.353711030944146,0.09352779093783092
SEG_089,2021-11-21,-0.4398706682005952,2.0904313003774675,-1.2065065526529868
SEG_090,2020-01-01,0.39400461110317636,-5.797539470373445,0.3490686577023703
SEG_090,2020-01-31,-1.5222594525130337,4.495566787379641,-0.12570110949684055
SEG_090,2020-03-01,-1.1073020206990298,-8.504245072186981,0.05718865838362186
SEG_090,2020-03-31,-1.2846557128850498,-5.995555485623602,-1.3806699529379578
SEG_090,2020-04-30,-1.1656771130487569,3.619064630892641,-1.40758024554976
SEG_090,2020-05-30,-0.8913111253781728,-2.7522572404443046,-0.1915886181178641
SEG_090,2020-06-29,-1.901921547535182,-5.502934593374503,-0.49799225643379996
SEG_090,2020-07-29,-0.7279843534298819,-5.52234082193804,-0.3223553357590083
SEG_090,2020-08-28,-0.31568550289684205,4.4788417106002285,-0.061363731180800185
SEG_090,2020-09-27,-1.7112865955327914,-8.962730124139085,0.22675271889215232
SEG_090,2020-10-27,-1.29344704694159,-6.30095715817235,-0.30327777193534056
SEG_090,2020-11-26,-0.27138872666857694,1.3509687436838345,-0.3991941108131558
SEG_090,2020-12-26,-1.7400485027842612,-2.4477163894970637,-0.9039149553757291
SEG_090,2021-01-25,0.7099653716179145,-4.3392732470583,-1.0646556798891973
SEG_090,2021-02-24,-1.2745183085071357,-8.698291714710356,-0.8391618971877794
SEG_090,2021-03-26,-0.5228476793045698,-2.6058367176228128,0.21404059955377042
SEG_090,2021-04-25,0.005185674430892739,-9.927809313316688,-1.3135546600345323
SEG_090,2021-05-25,0.21263443911819044,-3.196817141328304,0.16545667355823257
SEG_090,2021-06-24,0.7548820222421386,1.985571427193749,-0.5899069655489577
SEG_090,2021-07-24,-0.7866453001706295,2.4307581099751214,-0.04941117091195646
SEG_090,2021-08-23,-0.4994666323846011,-9.352162191273795,-0.8930588558180703
SEG_090,2021-09-22,-1.5675463211411738,-9.228034490159063,-0.3112970176421035
SEG_090,2021-10-22,-0.9925352505546696,4.8984419080760695,-0.5546870620220199
SEG_090,2021-11-21,-1.0469603286783384,-1.3507718730619196,-0.907913423971684
SEG_091,2020-01-01,-0.9316598152170172,-1.1480086599759147,-0.3050817522109106
SEG_091,2020-01-31,0.2807408104461884,-3.3571104090863537,-0.6185854689721668
SEG_091,2020-03-01,-0.6152044861701996,-7.243935591056004,-0.009141611935241878
SEG_091,2020-03-31,-0.8363063002124926,-7.188529782665276,0.08594755876782556
SEG_091,2020-04-30,-1.590879037003003,-0.7482610729277202,0.35814762457885196
SEG_091,2020-05-30,-1.3131895779043377,-6.6015132501664455,0.3342604935512856
SEG_091,2020-06-29,-0.5362236332676701,-6.363398490578586,-0.06919509418838765
SEG_091,2020-07-29,-1.0311781291093778,-8.400492804149401,0.4236931440034104
SEG_091,2020-08-28,-1.0447214267661211,4.616398004151849,-0.6796058303097989
SEG_091,2020-09-27,-0.7080767320293467,-4.046688784575498,-0.14252888887485482
SEG_091,2020-10-27,0.781963297779773,3.5535047195138603,-0.37963468728536753
SEG_091,2020-11-26,0.4281401007680942,-2.2090811844472187,-1.0940346147661455
SEG_091,2020-12-26,-0.2840929139318631,-4.115472438591402,-0.8991658819488397
SEG_091,2021-01-25,-0.46944269864006544,-5.316708124599379,-0.13045051575767985
SEG_091,2021-02-24,0.7757379572060593,-8.997651405817027,-0.9491464416708457
SEG_091,2021-03-26,0.13231996793236395,1.6987840940440293,-0.788976562453549
SEG_091,2021-04-25,0.21848277166398616,-5.614680267690363,-0.41429416936629426
SEG_091,2021-05-25,-0.4460427319525282,-0.3360380220637804,-0.6475106768462904
SEG_091,2021-06-24,-0.9886306972981183,0.5554222054469964,-0.2580784017701774
SEG_091,2021-07-24,-0.1909530458022314,-4.74403663647019,-0.35708543463504605
SEG_091,2021-08-23,-2.024030606587311,-5.97021245486858,-0.20510956867044206
SEG_091,2021-09-22,-1.1228073215384171,-8.12660574048847,-0.6412873738658749
SEG_091,2021-10-22,-1.1743250518949655,2.888170902881704,0.48983804571205947
SEG_091,2021-11-21,-0.8619685161268973,-1.818795997157551,-0.11379875138268081
SEG_092,2020-01-01,-1.3187514951331578,-7.1309597452704185,-0.8885667890674924
SEG_092,2020-01-31,-1.0392138603145629,-3.9084909015130256,-0.077992054053998
SEG_092,2020-03-01,0.7007955699127442,-0.2908888438236552,-0.21858517383293874
SEG_092,2020-03-31,0.03435673013294384,-2.7560616402267097,-0.544235491526132
SEG_092,2020-04-30,-1.9977416687228968,-3.8111291696999103,-0.3008092905442583
SEG_092,2020-05-30,-1.3578379931804043,4.163340968349328,-1.272702220795421
SEG_092,2020-06-29,0.6105435608732863,-0.4879838154716065,-0.4565932860092041
SEG_092,2020-07-29,-0.3354562523710491,-0.43942810121658127,0.16812821915649256
SEG_092,2020-08-28,-0.982808779504675,2.9456688011208705,-1.4602418275230538
SEG_092,2020-09-27,-1.6167487148755622,-1.558485737156209,-0.3507012868235173
SEG_092,2020-10-27,-0.736618070196496,2.6305203218995388,-0.08867020420899929
SEG_092,2020-11-26,0.027970328398989386,-9.082522608186228,-0.6342641198206749
SEG_092,2020-12-26,-1.4794565859424496,2.8050746260596444,-0.021316546531426228
SEG_092,2021-01-25,0.4642546954981403,2.3899311770805642,-1.302784012378206
SEG_092,2021-02-24,-0.7555534320490707,-8.477937037669065,-1.1425732500474597
SEG_092,2021-03-26,-1.0133511252922096,-5.13705001221733,-1.3547541737592053
SEG_092,2021-04-25,-0.5068648449058117,2.059577247622453,0.41204434583125016
SEG_092,2021-05-25,-1.8759168328991112,-1.094031003789997,-1.1874611322382729
SEG_092,2021-06-24,0.4533630882734988,2.3344330836743588,-0.034479916487373474
SEG_092,2021-07-24,-0.223511415943552,3.117292724972158,-1.2798496286096936
SEG_092,2021-08-23,-0.11671680540314526,-8.028086090759013,-0.9446656940940086
SEG_092,2021-09-22,0.6619191315838505,0.7417841366576319,-1.0251069170841167
SEG_092,2021-10-22,-0.8803418699905717,2.1301353005877903,-0.16471075039906746
SEG_092,2021-11-21,-0.10743057959899527,-1.107089962295218,-1.2813914262632828
SEG_093,2020-01-01,-1.933764510899507,1.9887303159174952,0.2916624306252473
SEG_093,2020-01-31,0.4111374613528398,-4.701683007263037,-0.6590718339240003
SEG_093,2020-03-01,-0.6022820935034421,-2.139918912096899,-1.4759369570140928
SEG_093,2020-03-31,-1.6008184813077058,-7.102668606702083,-1.0784433282657728
SEG_093,2020-04-30,-0.7408582778364935,3.2646190956714207,0.020470106578097225
SEG_093,2020-05-30,-1.254031029605192,-2.7879104096328318,-0.3714026952487439
SEG_093,2020-06-29,-0.7622977040251487,-4.685148697595226,-1.4091323710814971
SEG_093,2020-07-29,-0.713680378320569,-1.1714309157433753,-1.2069007155856863
SEG_093,2020-08-28,-0.596519319335535,-6.370686998393925,-0.14598624110128178
SEG_093,2020-09-27,-1.617179665552401,2.7817087736163018,-1.2128453662600938
SEG_093,2020-10-27,-2.0744555081336387,4.9029179749312775,-0.06015761142256837
SEG_093,2020-11-26,-1.4937488482554864,-8.539049209088708,-1.0708897707881095
SEG_093,2020-12-26,-1.914058051931569,-5.391798993372026,0.3736768100563497
SEG_093,2021-01-25,-0.8038313927901869,-4.187710938684205,-0.47603069813255616
SEG_093,2021-02-24,-1.8706988282735908,-7.5109961859068175,-1.0003765964902196
SEG_093,2021-03-26,-1.837918285048934,-4.4655618236969685,-0.3722759673509175
SEG_093,2021-04-25,-0.8089593632754007,-9.34833220657283,-0.4154700666511342
SEG_093,2021-05-25,-0.9104803840102194,-7.094485862223336,-1.3342047881128636
SEG_093,2021-06-24,0.31653238568970665,-6.107175868666205,-0.3893572069827429
SEG_093,2021-07-24,0.8046341794296319,2.5639724920213673,0.24297508761103082
SEG_093,2021-08-23,-1.3175206732012896,-1.393702394280858,-1.487197765957791
SEG_093,2021-09-22,0.32537656313663793,-0.7654211157715398,-0.03272461421298378
SEG_093,2021-10-22,-1.5757973340281497,4.53233585267512,-1.0591110995138642
SEG_093,2021-11-21,0.790899831636892,-4.872909644063955,-1.3281522885351245
SEG_094,2020-01-01,0.41616122832699753,3.541024072437578,-0.5935293123112992
SEG_094,2020-01-31,-1.1868792844987348,-2.8929811576221223,0.39273187167302503
SEG_094,2020-03-01,0.7330213460604513,-6.017130360945551,-0.2635262366028486
SEG_094,2020-03-31,0.9023798616353038,-5.666041848552052,-1.1283557442453453
SEG_094,2020-04-30,-1.8055892498340125,-0.31144344547526437,-1.4090534396814862
SEG_094,2020-05-30,-0.7826094727792228,-8.58068360026066,-0.8557616736611813
SEG_094,2020-06-29,-0.9083681598631078,-0.4663357545268152,-0.3322436091853891
SEG_094,2020-07-29,0.7628478213122667,-3.1600764619634614,-0.5629293769012584
SEG_094,2020-08-28,-1.416225595904621,4.853456273775402,-1.4260554694510816
SEG_094,2020-09-27,-1.986495282200611,3.828704591038697,-0.9639009492603836
SEG_094,2020-10-27,-1.3868448191930454,-1.5303305092739414,-0.6856857987504166
SEG_094,2020-11-26,-1.4122399078536014,3.603072576365877,0.25286815966368414
SEG_094,2020-12-26,-1.7550516748475198,1.095487841973851,-0.544754942542397
SEG_094,2021-01-25,-0.5708627055133472,0.8416162601377621,0.3581889110542624
SEG_094,2021-02-24,0.544665025173691,-0.1172038750272133,-0.7239594228057844
SEG_094,2021-03-26,0.656337078681078,-4.142246122622668,0.37445117582944243
SEG_094,2021-04-25,-1.722965901025802,-7.956287673972415,-1.4510047675192137
SEG_094,2021-05-25,0.04478552053048317,-3.2820937020060965,-1.2967513510782793
SEG_094,2021-06-24,-0.5741819687028595,2.5989196802141645,-1.3018874418094963
SEG_094,2021-07-24,-1.9435308186173268,3.8587482467630405,-0.7211397143466467
SEG_094,2021-08-23,-1.8605029200410406,-8.943802098249499,-0.32916035563240786
SEG_094,2021-09-22,-1.921712313182072,1.098004082892965,-0.47601242154938506
SEG_094,2021-10-22,0.5518826001178624,2.2987787679600267,0.20539479560969776
SEG_094,2021-11-21,-0.7332364282503185,-0.5785444477559594,-0.24374070775723533
SEG_095,2020-01-01,-1.3672135191056978,-8.775831700160808,-0.04552993202136024
SEG_095,2020-01-31,-1.2775739920810363,-8.25447294597202,-0.244417243654103
SEG_095,2020-03-01,-1.3294942916712142,-6.620077254449685,-0.34518965085707376
SEG_095,2020-03-31,-0.8273727521215485,-3.186790468747617,-1.2966020975291004
SEG_095,2020-04-30,-1.5295441719999123,-0.7764888836658415,0.02322064723466344
SEG_095,2020-05-30,-0.5582566086447436,3.0816227538877836,0.26758746975879055
SEG_095,2020-06-29,-1.7702317005373347,-4.990844765611289,-0.09503897506415848
SEG_095,2020-07-29,-0.26173513369615525,-7.424043462914117,-0.7873384717534886
SEG_095,2020-08-28,0.8608599096174483,-4.070953086967107,-1.4550253418629748
SEG_095,2020-09-27,-0.5315537334404858,1.5434282154640364,-0.05703214622478314
SEG_095,2020-10-27,-0.5578766971533091,-7.809268319436624,-0.06037668211103986
SEG_095,2020-11-26,-2.0485665486146107,-4.672804617180132,0.4156835325499775
SEG_095,2020-12-26,-0.6486841068934515,-4.577593796187333,0.41248135640091754
SEG_095,2021-01-25,0.8680329320170778,2.578407026584596,-1.1574328869674948
SEG_095,2021-02-24,0.2672178041237748,-5.640879659566817,-0.8021285809673981
SEG_095,2021-03-26,-1.8764311201251298,0.2281760107505999,-1.1796684639147412
SEG_095,2021-04-25,0.02066897691414804,-9.707737227717,0.4139901155744816
SEG_095,2021-05-25,0.01646848668240638,-9.807026437319374,-0.6633168308327297
SEG_095,2021-06-24,-0.026173674601189564,3.1573298744046916,-0.2205101061663326
SEG_095,2021-07-24,-0.2796271138481966,3.068001540252139,-0.08107156460888265
SEG_095,2021-08-23,0.5358334706775107,-6.186412717348004,-0.9431036575156209
SEG_095,2021-09-22,0.1767520549583061,-1.715214472919408,-1.3002952437222328
SEG_095,2021-10-22,-2.185007503996724,-4.6200281747351015,-0.8642977354211157
SEG_095,2021-11-21,0.020259340366320877,0.6252242622617583,-0.7550442791015324
SEG_096,2020-01-01,0.70887680347062,1.1025500361546072,0.4092939749276141
SEG_096,2020-01-31,-1.7731673801480294,3.7195316697968597,0.05258698998626099
SEG_096,2020-03-01,-1.7989325947687766,-3.322866937924881,-0.4369515689080796
SEG_096,2020-03-31,-0.667570621051209,2.5515505906457356,-0.6364671428888
SEG_096,2020-04-30,0.05860030683567086,-5.57475056565357,-0.03832520001433237
SEG_096,2020-05-30,-1.7915631541591306,0.20929141212629965,0.07050899340529648
SEG_096,2020-06-29,0.22530327566571817,0.2424307656377458,-1.3244737089079568
SEG_096,2020-07-29,0.5377856254043496,-0.11053667273001722,0.4285212482197096
SEG_096,2020-08-28,-0.7616423914984545,1.2250000317038552,-1.2401905853805093
SEG_096,2020-09-27,0.19869260229015864,1.2155162073392525,-0.03895475213078359
SEG_096,2020-10-27,-1.2409785538321227,-9.27042071755618,0.06629152381868297
SEG_096,2020-11-26,-0.5128387799100409,4.150772790702597,0.22156056187703554
SEG_096,2020-12-26,0.006191468537836808,3.448175963216224,-1.482894172593208
SEG_096,2021-01-25,-1.2679427372163024,-3.061677960605432,0.30131011668697316
SEG_096,2021-02-24,-1.6899879086577696,-0.3962572174685093,0.3525038114690753
SEG_096,2021-03-26,-1.3508944879036906,-1.3039138556726932,0.33920637541104215
SEG_096,2021-04-25,-0.35415881043555214,-3.5621005262575007,-0.48743687786054557
SEG_096,2021-05-25,-1.1046964679186904,2.3571689670623304,0.4819650695708846
SEG_096,2021-06-24,0.7722967879437116,-8.591208508592686,0.34241173693660176
SEG_096,2021-07-24,-1.4081476330958556,0.6739903056304151,-0.8569063204151215
SEG_096,2021-08-23,-1.3613818008601255,1.47468954321125,0.42401059177882394
SEG_096,2021-09-22,-0.17665325680612282,-7.661872439554145,-0.31152894064825887
SEG_096,2021-10-22,-1.5145724781329544,-4.645976500887799,-0.7637111046213436
SEG_096,2021-11-21,-1.0908695736830714,4.05526730418365,0.08593382478432621
SEG_097,2020-01-01,0.29081939595267814,2.641083272376205,-0.8501445348610921
SEG_097,2020-01-31,-0.9209094809891679,-5.559405801823357,-0.661507329978686
SEG_097,2020-03-01,-0.813301902976977,0.5853918939266674,-0.6425921915975668
SEG_097,2020-03-31,0.9273305370119611,-1.3516246464280588,-0.298787950549775
SEG_097,2020-04-30,0.3894232938532181,-7.868244989062828,0.4197817060960658
SEG_097,2020-05-30,-1.7024163725411314,1.5988839349328163,-1.4257475669433783
SEG_097,2020-06-29,-1.469263239022507,-5.359919263616048,-1.4336707970932752
SEG_097,2020-07-29,0.4354605944515854,-1.1775070352824333,-0.22961379803466309
SEG_097,2020-08-28,-0.6371678412687838,-7.605768795311118,0.3392885389611573
SEG_097,2020-09-27,-1.8886676220346077,-5.708921258847133,-0.38068040722384344
SEG_097,2020-10-27,-0.4646306612945476,2.4589218601996023,-0.005418676994703997
SEG_097,2020-11-26,-0.7786524410391864,-5.139340482202821,-0.018696712239992364
SEG_097,2020-12-26,-1.8794107126193818,-0.5855922858711757,0.3336317362870218
SEG_097,2021-01-25,-0.7220211331447746,2.1569526229289853,-0.10185050061351375
SEG_097,2021-02-24,-0.644004954687606,3.8191958315469137,-0.4084882392538354
SEG_097,2021-03-26,0.18800345386620698,-6.1426374182634405,-0.6249063159995409
SEG_097,2021-04-25,-2.0624272142181477,-6.981028459116365,-0.12005259336039487
SEG_097,2021-05-25,-1.5142700259761652,-8.151839761422877,-1.1515996342752952
SEG_097,2021-06-24,-1.8440756954767212,-0.9410460197627657,0.4542082342029341
SEG_097,2021-07-24,-0.8919376806359627,3.0833390241576826,-1.2944565509703896
SEG_097,2021-08-23,-0.36156590663035315,-4.40514861807121,-0.6147308409645769
SEG_097,2021-09-22,-0.2963740079962272,-9.992443317408677,-0.14742883341041457
SEG_097,2021-10-22,-0.9425903081736589,0.29116344778998204,0.36058043877359824
SEG_097,2021-11-21,-0.12321103757733398,-2.899434759948731,-0.20315554051529783
SEG_098,2020-01-01,-1.0470609137475742,-4.2463322360321945,-0.14359735428606135
SEG_098,2020-01-31,-1.152965887563601,4.117366573960913,0.07380930602452751
SEG_098,2020-03-01,-0.7746124945959386,1.273913390428163,-0.01688279847161933
SEG_098,2020-03-31,-1.043839102077428,1.5023265877817114,0.11666899615101589
SEG_098,2020-04-30,-0.19300406170604667,-2.2673791581788594,-1.0771222270130727
SEG_098,2020-05-30,-0.27183683957055804,-3.4490545977913154,-1.134685303890153
SEG_098,2020-06-29,0.04428738685925657,-4.420827910227981,-0.11403696445223321
SEG_098,2020-07-29,-1.55333334678297,-6.3585570055657055,0.15350558723323027
SEG_098,2020-08-28,-2.0204536053506144,1.390393641578017,0.269499483051846
SEG_098,2020-09-27,-1.2072604429340388,2.393515463616554,0.14527192077705742
SEG_098,2020-10-27,-1.5864842618968058,4.576142096864688,-0.9892304150931504
SEG_098,2020-11-26,0.669300261618738,0.23289387760009994,0.4733332960963499
SEG_098,2020-12-26,0.24702101590627973,-7.286062081475936,-0.6079715361554552
SEG_098,2021-01-25,-1.182283760675472,-5.059158707478526,-0.9840351360518091
SEG_098,2021-02-24,0.0642074701142055,-6.804568236773964,0.48944195941867075
SEG_098,2021-03-26,-1.316034304460415,3.437189375891803,-0.4681350200949519
SEG_098,2021-04-25,-0.9802163187965152,-8.217573323720481,0.2741737376139384
SEG_098,2021-05-25,-0.6172293848205691,-0.14153691915211297,-0.829424252908094
SEG_098,2021-06-24,-1.2936493854592719,-6.8023026171702865,-0.6200147426095315
SEG_098,2021-07-24,-0.72113918909871,3.115066478268494,-0.6632603825918881
SEG_098,2021-08-23,-0.556160591807975,1.3744420704930604,-1.4050278528605298
SEG_098,2021-09-22,-1.083947904856682,2.5007105204967903,-1.3401902538108033
SEG_098,2021-10-22,-0.4671268353284679,-3.5081307682395337,-1.4169927550653787
SEG_098,2021-11-21,-1.9922139225659419,0.39018580772339995,-0.43476867690461174
SEG_099,2020-01-01,0.18245774159529926,-7.486194795786422,-0.00841569663074515
SEG_099,2020-01-31,-0.40822769724145086,-7.957239624767477,0.38948214861122565
SEG_099,2020-03-01,0.9355472554596307,-2.75324317267137,-0.3779237385616201
SEG_099,2020-03-31,-0.999793791610019,3.0512904101303526,0.013491421619490351
SEG_099,2020-04-30,-0.6837799252437885,-0.3352499327990728,0.034206897564987404
SEG_099,2020-05-30,-0.15031603976636818,2.3737125985209406,-1.1595694489665203
SEG_099,2020-06-29,-1.0380151111213096,-4.933732715582055,0.31648360804534814
SEG_099,2020-07-29,-1.745101199802604,-3.766464388741988,0.44213197466608256
SEG_099,2020-08-28,-0.8908406701252429,1.8015620842383768,0.24750708555086987
SEG_099,2020-09-27,-1.4454330379553608,0.6751324435676409,-0.2528006457069407
SEG_099,2020-10-27,-0.9064027897553637,-7.574786703383337,-0.14521958507656874
SEG_099,2020-11-26,-0.47404800873640174,-5.1545357473572,-1.3816862093635909
SEG_099,2020-12-26,-2.014608082580497,1.388101955047384,-1.2124385007574894
SEG_099,2021-01-25,0.7508280274431586,-4.5103702151839276,-1.0630806653692417
SEG_099,2021-02-24,-1.7894843020958948,-5.218448013886568,-0.738056788357879
SEG_099,2021-03-26,-0.22332037431487092,-4.437196629912117,-0.7643108960178786
SEG_099,2021-04-25,-0.9450226462439095,3.351374189228123,0.17968205044008756
SEG_099,2021-05-25,0.7301178571120995,4.136063209153448,0.2884401480665062
SEG_099,2021-06-24,-1.4525084775823478,-5.50945876178547,0.31535515746862974
SEG_099,2021-07-24,-0.1515674602904342,-6.068843998399071,-1.0950376238566544
SEG_099,2021-08-23,-1.7441695267329493,-7.472029767428338,0.4840328735785686
SEG_099,2021-09-22,-1.953871518911744,-6.242282604025211,-1.1479451239523752
SEG_099,2021-10-22,-0.29302039555675047,-5.765303158193124,0.13459888813574405
SEG_099,2021-11-21,-0.33530302860764855,4.3221775032433705,0.0634569691695761
SEG_100,2020-01-01,0.6706156057479178,-3.5872154816763793,-0.667978523862597
SEG_100,2020-01-31,-1.400200829711343,-8.746254929088202,-1.0524233573759574
SEG_100,2020-03-01,-1.851099839936027,-4.302307813157094,-0.6756628408727263
SEG_100,2020-03-31,-1.4910302221385476,-4.111673686926184,-0.3768242340227954
SEG_100,2020-04-30,0.845360172794801,0.6728723138566259,-0.10845480873418434
SEG_100,2020-05-30,0.21910775886934425,-5.641566920753787,-0.8578811166712577
SEG_100,2020-06-29,-0.8986531025675851,-9.582760822979775,-0.5138145375756449
SEG_100,2020-07-29,0.4963523483835202,-3.1115456500622827,-1.0478126991504195
SEG_100,2020-08-28,-0.12655567230526527,2.7916464215335868,-0.01129363512094228
SEG_100,2020-09-27,-0.9603082754131228,1.5722920230523787,-1.3791460927646526
SEG_100,2020-10-27,-0.3266795535728606,2.9194523448921856,-1.2261503638801736
SEG_100,2020-11-26,-0.5676152316566656,3.6960724814647463,-0.9513034722810334
SEG_100,2020-12-26,-0.6349859240854698,-5.72028753738646,-0.10831054237915061
SEG_100,2021-01-25,-1.5979186681882684,2.7637701357910966,-0.8499550087253123
SEG_100,2021-02-24,0.27412140569623195,3.412480679464524,0.409630707216718
SEG_100,2021-03-26,-0.3730969268569687,-2.664414026351417,-0.7072414773995515
SEG_100,2021-04-25,-1.0680965920043628,-3.683625545510724,0.09912653674885652
SEG_100,2021-05-25,-0.667184174987225,-4.821892132208337,-1.1626860860722155
SEG_100,2021-06-24,-1.7917774669145996,-3.40881431345687,-0.41189974378437055
SEG_100,2021-07-24,0.5719738055268123,3.1617596047057326,-1.347743986706049
SEG_100,2021-08-23,-1.2586716384278216,1.1227773947533066,-0.49844753787254326
SEG_100,2021-09-22,0.3429795547188223,-7.023931038744622,0.25457001923465494
SEG_100,2021-10-22,0.5536288785750765,2.768402332764083,-1.3145683318231454
SEG_100,2021-11-21,-1.2737509117816654,-8.114385080658025,-1.3020306728536928
