segment_id,observation_date,rainfall_30d_mm,wind_speed_ms
SEG_001,2020-01-01,25.26776440516812,2.212287757470909
SEG_001,2020-01-31,7.773974990589077,9.65770457765425
SEG_001,2020-03-01,27.60203156366135,8.635237314023959
SEG_001,2020-03-31,13.898680155504605,7.0854755541152015
SEG_001,2020-04-30,18.97277208788239,9.916186805092762
SEG_001,2020-05-30,47.145485716752724,9.010941011781352
SEG_001,2020-06-29,44.891144180123845,5.195204041123178
SEG_001,2020-07-29,19.08096432532684,9.968971041920774
SEG_001,2020-08-28,21.73826253345525,5.6297896506336516
SEG_001,2020-09-27,7.64196342748174,8.10008640060121
SEG_001,2020-10-27,302.8962583247094,9.024076793632325
SEG_001,2020-11-26,343.6216520542629,5.385103521607095
SEG_001,2020-12-26,311.23486685157786,4.704684497179643
SEG_001,2021-01-25,33.44888891481403,3.713894458963509
SEG_001,2021-02-24,23.35123340183375,7.832606795678805
SEG_001,2021-03-26,13.927257233347024,3.998451583056804
SEG_001,2021-04-25,8.3155555301957,5.885129003605748
SEG_001,2021-05-25,49.771134474635694,6.446146587244946
SEG_001,2021-06-24,42.635994602414264,3.259461823515866
SEG_001,2021-07-24,30.969075516605155,5.35379932268698
SEG_001,2021-08-23,37.59322462072011,2.5803449159452585
SEG_001,2021-09-22,7.8873416178615985,8.669959637118456
SEG_001,2021-10-22,305.7714335209551,7.856287821675341
SEG_001,2021-11-21,304.61492338563664,5.388606180509811
SEG_002,2020-01-01,41.72975099430084,6.660076531918352
SEG_002,2020-01-31,39.00581209357213,9.07307761160807
SEG_002,2020-03-01,16.609273397321434,9.446527088386604
SEG_002,2020-03-31,23.015161733947103,4.4415269387088046
SEG_002,2020-04-30,49.057484359913005,6.289725859829775
SEG_002,2020-05-30,30.310442665307164,6.091384477355825
SEG_002,2020-06-29,18.211073589063208,2.5597904890104815
SEG_002,2020-07-29,6.36438995295766,5.363570670183266
SEG_002,2020-08-28,32.73528118515358,5.719905521976114
SEG_002,2020-09-27,40.92117322683321,8.009105100325858
SEG_002,2020-10-27,309.7217618369855,7.570834003924039
SEG_002,2020-11-26,325.89788752218703,2.4017470811251274
SEG_002,2020-12-26,335.96369806379835,6.038225318595216
SEG_002,2021-01-25,31.337421849089065,4.196779575340306
SEG_002,2021-02-24,20.379968483329336,6.340889124031323
SEG_002,2021-03-26,17.587940133591236,8.027801000475087
SEG_002,2021-04-25,16.80647718491912,7.433135080226798
SEG_002,2021-05-25,6.784974361528212,5.693587552412094
SEG_002,2021-06-24,0.9691643525005345,6.31535238338027
SEG_002,2021-07-24,6.311048743710312,7.355670756959285
SEG_002,2021-08-23,5.404937482880329,2.205427403979728
SEG_002,2021-09-22,42.514661954439816,6.803292918534753
SEG_002,2021-10-22,305.27694353219994,9.68630053771663
SEG_002,2021-11-21,321.7787246501947,7.848209714440978
SEG_003,2020-01-01,39.89161784140482,4.722710745314269
SEG_003,2020-01-31,32.295144987047614,5.926570680628689
SEG_003,2020-03-01,16.539564859796506,7.6228395374861515
SEG_003,2020-03-31,36.22925005465258,9.812856183064454
SEG_003,2020-04-30,27.667948339930415,7.579339143281556
SEG_003,2020-05-30,23.886459363284384,8.576925162395444
SEG_003,2020-06-29,30.31588256214814,8.325926638747355
SEG_003,2020-07-29,47.3795100162689,3.6623032465884107
SEG_003,2020-08-28,35.34779149395166,7.623900464749737
SEG_003,2020-09-27,45.4205722606303,8.613049277200478
SEG_003,2020-10-27,325.02360885589627,5.950361754760674
SEG_003,2020-11-26,349.9786208438726,7.378252674425914
SEG_003,2020-12-26,304.56212031469136,4.783688450357204
SEG_003,2021-01-25,15.725857858508396,4.586190290207957
SEG_003,2021-02-24,31.270437107250448,8.079924288488137
SEG_003,2021-03-26,27.541950350133497,6.418011272429864
SEG_003,2021-04-25,41.736197278834716,9.841957060827003
SEG_003,2021-05-25,46.712419684126004,6.061901406477252
SEG_003,2021-06-24,27.171503147933652,5.642756934932009
SEG_003,2021-07-24,19.303937624549118,7.309510635876277
SEG_003,2021-08-23,22.84640372371211,7.779550620565141
SEG_003,2021-09-22,42.967109208413326,5.0400751801812405
SEG_003,2021-10-22,321.6985735961563,2.7875450110655837
SEG_003,2021-11-21,326.558315907438,6.5274244953274945
SEG_004,2020-01-01,45.06047117994415,7.420887085592636
SEG_004,2020-01-31,24.160403052960806,3.897645615420597
SEG_004,2020-03-01,2.452212538799997,6.851251944611796
SEG_004,2020-03-31,32.959077015837686,8.706696935700133
SEG_004,2020-04-30,8.782003522215332,3.0572783819742684
SEG_004,2020-05-30,16.935762690094315,2.9213576595980753
SEG_004,2020-06-29,0.6959327550450589,6.292578466152473
SEG_004,2020-07-29,28.070369112493943,9.322047269945276
SEG_004,2020-08-28,4.85959993109108,9.098074468228019
SEG_004,2020-09-27,24.467351889480724,5.264927085581604
SEG_004,2020-10-27,317.9336920606159,5.185117141954985
SEG_004,2020-11-26,306.29619426540216,11.516623807263706
SEG_004,2020-12-26,307.2343990160254,3.0399370515474944
SEG_004,2021-01-25,37.08590284770747,6.208684212782937
SEG_004,2021-02-24,26.072560735654204,5.664340176781456
SEG_004,2021-03-26,3.2841116660056957,4.200127996463626
SEG_004,2021-04-25,32.54583324406527,8.151701840837909
SEG_004,2021-05-25,18.715051171776842,3.22111139814979
SEG_004,2021-06-24,16.482299070810253,2.9778502828364743
SEG_004,2021-07-24,32.836815149407606,3.7939589528605246
SEG_004,2021-08-23,32.13495819149157,2.210030651628667
SEG_004,2021-09-22,20.039217199975777,3.1349972332101492
SEG_004,2021-10-22,304.24785199885895,2.4208706114041743
SEG_004,2021-11-21,321.4956816698945,4.265971760643595
SEG_005,2020-01-01,37.35070617148839,3.4055584150067384
SEG_005,2020-01-31,43.10550068060332,6.606073285894649
SEG_005,2020-03-01,4.406494064894234,8.755874878517576
SEG_005,2020-03-31,25.4976031161486,9.247381852640403
SEG_005,2020-04-30,8.857306447361458,8.182784713980482
SEG_005,2020-05-30,7.547870069653845,2.5462900679660487
SEG_005,2020-06-29,43.21250169626196,8.842346971648723
SEG_005,2020-07-29,23.781451397153475,3.2068886135651082
SEG_005,2020-08-28,26.13740176327728,3.269969663852331
SEG_005,2020-09-27,14.207348693905686,7.789869240019694
SEG_005,2020-10-27,329.75206140757876,14.504017596526086
SEG_005,2020-11-26,321.1703183161052,4.894624770774277
SEG_005,2020-12-26,338.5437360181551,8.680958613076449
SEG_005,2021-01-25,8.276958287202934,5.501387241106774
SEG_005,2021-02-24,23.450780251612635,8.680907141805658
SEG_005,2021-03-26,6.919926730171561,4.0000256927120565
SEG_005,2021-04-25,7.3674327995802145,5.499780481559847
SEG_005,2021-05-25,1.409377276407503,9.446607237999626
SEG_005,2021-06-24,0.2625599152808966,2.6338061701657702
SEG_005,2021-07-24,39.694955431971906,5.656908933091589
SEG_005,2021-08-23,20.82837976042699,7.314970413936073
SEG_005,2021-09-22,49.051971127578014,4.029202088553702
SEG_005,2021-10-22,340.6754432778044,3.4007130164136674
SEG_005,2021-11-21,309.9734916857594,2.335247535443056
SEG_006,2020-01-01,44.47432585061407,7.94646164415697
SEG_006,2020-01-31,30.122664941511363,8.578730236319092
SEG_006,2020-03-01,43.50185875281961,4.8204744824678585
SEG_006,2020-03-31,7.138973418127486,6.860583226566843
SEG_006,2020-04-30,18.600668923534187,8.104675774388635
SEG_006,2020-05-30,13.08883382937479,4.082318169119227
SEG_006,2020-06-29,4.389537055236553,7.455434082005097
SEG_006,2020-07-29,39.68481919225014,6.070045961394406
SEG_006,2020-08-28,4.310774082596636,4.474325740227697
SEG_006,2020-09-27,17.225739035134985,9.023681213203293
SEG_006,2020-10-27,316.1330375577278,7.674657060233967
SEG_006,2020-11-26,325.1286572370631,8.349087213981655
SEG_006,2020-12-26,332.072686691218,6.614169851819033
SEG_006,2021-01-25,34.249542059783835,4.3794709714379385
SEG_006,2021-02-24,48.76870639574401,3.0461292124190917
SEG_006,2021-03-26,12.41351401905933,8.922460013765741
SEG_006,2021-04-25,47.261640203461866,6.043555704190172
SEG_006,2021-05-25,21.546388467377025,9.059645847348744
SEG_006,2021-06-24,13.9860338811991,9.91272560496578
SEG_006,2021-07-24,25.003895178532193,2.362426819736598
SEG_006,2021-08-23,36.96596802868021,4.393874740226546
SEG_006,2021-09-22,39.83774069650735,7.8025937004148425
SEG_006,2021-10-22,331.4512620572682,6.957886444008715
SEG_006,2021-11-21,320.51887046613524,8.199778414456727
SEG_007,2020-01-01,17.71434943224064,8.175918273189925
SEG_007,2020-01-31,14.450206870176247,3.658222358837122
SEG_007,2020-03-01,40.918873006528116,9.63687090713169
SEG_007,2020-03-31,46.65119668916539,7.569370405174581
SEG_007,2020-04-30,5.027245238867395,8.166128464786233
SEG_007,2020-05-30,32.294895894513495,9.263495669884978
SEG_007,2020-06-29,49.8585901544255,5.175956594226397
SEG_007,2020-07-29,49.45497350443617,6.346403868455799
SEG_007,2020-08-28,36.83089477461285,8.326141315402046
SEG_007,2020-09-27,7.030593781714922,4.588813360680662
SEG_007,2020-10-27,303.1062165900268,2.9457987824317806
SEG_007,2020-11-26,310.9564300467672,3.068550257574433
SEG_007,2020-12-26,337.7369774862433,8.985080467901867
SEG_007,2021-01-25,16.405881887110326,6.162732329478296
SEG_007,2021-02-24,23.118915286946184,8.45532282043514
SEG_007,2021-03-26,3.4509573080156897,9.470204500679445
SEG_007,2021-04-25,45.338365576228625,5.005164270415901
SEG_007,2021-05-25,0.17366474724538894,2.1818826185757327
SEG_007,2021-06-24,5.642231938323866,8.475825468313555
SEG_007,2021-07-24,37.02705392399308,5.2181228064872505
SEG_007,2021-08-23,33.626595071845685,4.565320923143865
SEG_007,2021-09-22,21.360029114727176,5.964966299944168
SEG_007,2021-10-22,342.467046613002,4.405891350361182
SEG_007,2021-11-21,346.1113052255611,13.777067087356894
SEG_008,2020-01-01,16.648215540941063,9.656158084213384
SEG_008,2020-01-31,27.603964627390727,8.204111056510161
SEG_008,2020-03-01,45.71652494487445,4.9656393714500675
SEG_008,2020-03-31,18.991988737057707,8.666901722295881
SEG_008,2020-04-30,8.463285543009086,7.76250824609675
SEG_008,2020-05-30,20.619611120779634,8.740357734602789
SEG_008,2020-06-29,0.3306178496079448,6.413148487290055
SEG_008,2020-07-29,4.815694512570423,3.191179885922004
SEG_008,2020-08-28,34.202081273519276,8.782936816252285
SEG_008,2020-09-27,21.695482598583116,8.27501048632089
SEG_008,2020-10-27,303.71740299628254,9.404678480647386
SEG_008,2020-11-26,303.8468745720673,3.299602005717647
SEG_008,2020-12-26,348.71616637179983,2.4295714555791488
SEG_008,2021-01-25,24.530172805539664,4.846489581646783
SEG_008,2021-02-24,35.58385773893084,7.0712070557044076
SEG_008,2021-03-26,27.737000030443387,5.2643534006651
SEG_008,2021-04-25,45.26037871566794,9.825384512111098
SEG_008,2021-05-25,3.8460680697578575,4.013597902311223
SEG_008,2021-06-24,16.47708581396301,4.677889789975656
SEG_008,2021-07-24,14.572407579002661,7.55966214137688
SEG_008,2021-08-23,34.08563165650438,6.400793255979782
SEG_008,2021-09-22,31.66680198268318,3.9361693413663907
SEG_008,2021-10-22,327.1822601693739,8.325767336394073
SEG_008,2021-11-21,349.1804102975991,7.419775166913485
SEG_009,2020-01-01,29.42949782700736,6.003726252957876
SEG_009,2020-01-31,10.343366310415725,5.863407990235108
SEG_009,2020-03-01,8.217704642535162,9.871203764706223
SEG_009,2020-03-31,1.459613717119529,6.912855498975358
SEG_009,2020-04-30,9.34799178160467,4.607879292790548
SEG_009,2020-05-30,30.868133966821247,8.509906034087471
SEG_009,2020-06-29,20.91195531056293,3.10293838827646
SEG_009,2020-07-29,22.550048537332557,2.4288901010466946
SEG_009,2020-08-28,24.43497559698428,2.661365006291735
SEG_009,2020-09-27,5.660549764601158,2.9136532108717503
SEG_009,2020-10-27,337.5672747371836,4.381671480823149
SEG_009,2020-11-26,317.5315420556995,7.686031675950396
SEG_009,2020-12-26,335.20268808775944,4.314665947719549
SEG_009,2021-01-25,6.344408430690512,8.928630359929254
SEG_009,2021-02-24,31.681388167514886,9.041000650458589
SEG_009,2021-03-26,36.54659687435265,5.667594053437742
SEG_009,2021-04-25,28.896682013047574,6.529136887337122
SEG_009,2021-05-25,0.033796575605210544,9.664254154431777
SEG_009,2021-06-24,45.190013441782895,3.3242006332747502
SEG_009,2021-07-24,33.999136256078955,2.0742955808676813
SEG_009,2021-08-23,44.04944974901353,3.097034357948365
SEG_009,2021-09-22,31.404001917045125,3.210993046754248
SEG_009,2021-10-22,306.9915094404617,9.215741255558763
SEG_009,2021-11-21,325.47612830573564,7.9827491278499965
SEG_010,2020-01-01,43.04070019683737,6.5470431101836875
SEG_010,2020-01-31,39.46449994965457,6.052884834199416
SEG_010,2020-03-01,10.159874697891391,8.464480647765226
SEG_010,2020-03-31,4.3106399195744665,5.475868708848153
SEG_010,2020-04-30,26.15026813642041,8.263896812349966
SEG_010,2020-05-30,3.1935994561574033,7.698585985603963
SEG_010,2020-06-29,36.13891866629332,3.8272353852260084
SEG_010,2020-07-29,45.69738347605645,7.925326624852615
SEG_010,2020-08-28,40.216900972937836,9.85131091153196
SEG_010,2020-09-27,15.195465363404148,6.981740191136836
SEG_010,2020-10-27,311.64988709298717,4.771389581915249
SEG_010,2020-11-26,324.60144384249486,7.479160605225517
SEG_010,2020-12-26,304.77885026686926,3.0681108020076557
SEG_010,2021-01-25,36.7676434391184,4.544461754128805
SEG_010,2021-02-24,48.231736112511435,3.6610898048828284
SEG_010,2021-03-26,4.56064518956743,3.9857503156900407
SEG_010,2021-04-25,23.102162443811945,8.431174027550801
SEG_010,2021-05-25,12.941032617326293,8.501976732908915
SEG_010,2021-06-24,8.399460436452822,6.591073598453782
SEG_010,2021-07-24,30.95882744229479,3.9662782339619636
SEG_010,2021-08-23,40.108404138556374,8.358769954414962
SEG_010,2021-09-22,10.951009403654727,9.16611825291451
SEG_010,2021-10-22,340.81425808043673,14.338075860563524
SEG_010,2021-11-21,340.31051126796945,7.58101250879664
SEG_011,2020-01-01,11.631167904161954,3.750471533532618
SEG_011,2020-01-31,29.330458754560475,9.337793179848948
SEG_011,2020-03-01,7.875194300842292,9.589548256210588
SEG_011,2020-03-31,8.76758149951104,4.454585834383664
SEG_011,2020-04-30,46.05191082090397,9.740253484927484
SEG_011,2020-05-30,35.448290657261225,7.112821503239032
SEG_011,2020-06-29,48.45509125528426,9.07641598069782
SEG_011,2020-07-29,42.288124201228015,4.359268904929041
SEG_011,2020-08-28,30.682236288944694,5.861894291907825
SEG_011,2020-09-27,36.498700283514495,4.1221181547998125
SEG_011,2020-10-27,330.0107764006884,3.5973984060875708
SEG_011,2020-11-26,327.20630146098404,3.479049764336378
SEG_011,2020-12-26,304.28536559199586,4.7503310923683735
SEG_011,2021-01-25,44.08269347088114,5.810098248651749
SEG_011,2021-02-24,8.643948640324723,9.874943921993063
SEG_011,2021-03-26,45.540224286579715,9.313391495188693
SEG_011,2021-04-25,20.979691711261435,5.31553919015183
SEG_011,2021-05-25,20.544501864961024,5.064347783016423
SEG_011,2021-06-24,11.878964695815359,7.965998558713089
SEG_011,2021-07-24,6.7192760484220235,9.793755396826484
SEG_011,2021-08-23,43.35944852751128,8.568139139187682
SEG_011,2021-09-22,41.848833880434746,3.9959220905942345
SEG_011,2021-10-22,329.70217967260754,3.4206695533108933
SEG_011,2021-11-21,328.61290305101505,9.71934087361804
SEG_012,2020-01-01,12.619522068032573,8.44068455356389
SEG_012,2020-01-31,19.85762699860601,2.8184968237488013
SEG_012,2020-03-01,32.02973728073279,8.891932802014644
SEG_012,2020-03-31,33.02651618405645,7.446046003099054
SEG_012,2020-04-30,36.327493829045174,3.7789055518101513
SEG_012,2020-05-30,6.397206984802667,4.069214804481663
SEG_012,2020-06-29,16.565856848538825,4.084473883245629
SEG_012,2020-07-29,19.083460990279356,4.386846030539706
SEG_012,2020-08-28,38.94705887169073,5.90064676598486
SEG_012,2020-09-27,4.40206718795223,6.915837909800494
SEG_012,2020-10-27,309.5288354970202,12.41398513341688
SEG_012,2020-11-26,314.54138959047435,7.8226552915745025
SEG_012,2020-12-26,320.1695822250563,8.827346278686605
SEG_012,2021-01-25,26.736671709692022,2.388695692653898
SEG_012,2021-02-24,34.759601461045456,7.042490721303495
SEG_012,2021-03-26,5.700627634212396,2.85010966645116
SEG_012,2021-04-25,46.656217232593875,4.644828929573611
SEG_012,2021-05-25,12.794605137533244,3.8492822919339673
SEG_012,2021-06-24,4.749923516529014,8.065632038729905
SEG_012,2021-07-24,9.143471015182136,5.206220114246023
SEG_012,2021-08-23,47.123349399995,3.2751631798573193
SEG_012,2021-09-22,48.67222901126846,3.045242636387327
SEG_012,2021-10-22,328.2506112843696,9.823164460406389
SEG_012,2021-11-21,341.9516510614894,6.466753893617503
SEG_013,2020-01-01,32.16586574116259,5.226215947693783
SEG_013,2020-01-31,20.616927383777472,6.457048091238665
SEG_013,2020-03-01,2.713760665278392,3.7833449151705167
SEG_013,2020-03-31,41.49419428172006,9.715469467634719
SEG_013,2020-04-30,9.377170026580167,9.441730073225163
SEG_013,2020-05-30,22.525229847948204,7.267653560001621
SEG_013,2020-06-29,8.86012192510728,6.628435085633413
SEG_013,2020-07-29,13.679793997805561,9.708748301438021
SEG_013,2020-08-28,46.775603873126784,7.060666276058111
SEG_013,2020-09-27,16.11906987069276,2.9232420182690033
SEG_013,2020-10-27,326.1364993104601,2.2021771300357766
SEG_013,2020-11-26,337.6796974022582,2.258451065938617
SEG_013,2020-12-26,314.381932725361,12.315948548732988
SEG_013,2021-01-25,43.50590461606675,8.639867855641157
SEG_013,2021-02-24,34.13294258507676,3.4958126522585893
SEG_013,2021-03-26,7.740284889914312,3.229627068557038
SEG_013,2021-04-25,10.998100771377873,3.4709527802828717
SEG_013,2021-05-25,37.63278447772584,6.243991164854597
SEG_013,2021-06-24,34.127568038426396,4.567496084056652
SEG_013,2021-07-24,2.192583045525087,9.186252871246825
SEG_013,2021-08-23,43.24754278563156,5.393675615529125
SEG_013,2021-09-22,16.58576877336439,2.7001671834735888
SEG_013,2021-10-22,333.66493661638566,6.278674960488017
SEG_013,2021-11-21,304.32526107188966,8.1221939281637
SEG_014,2020-01-01,39.75085611162296,7.834596612926758
SEG_014,2020-01-31,37.41482933663967,9.228371007796367
SEG_014,2020-03-01,42.61255638837378,8.811101779403794
SEG_014,2020-03-31,6.410757329797578,7.243783845575622
SEG_014,2020-04-30,15.816657974816456,5.426459143676729
SEG_014,2020-05-30,17.937080105679836,4.443774371562682
SEG_014,2020-06-29,3.7699978396688314,2.149042358969883
SEG_014,2020-07-29,38.75986194187141,4.926549040824076
SEG_014,2020-08-28,40.32700284639492,6.912287812481025
SEG_014,2020-09-27,10.940955862951418,5.901137186989183
SEG_014,2020-10-27,316.20355550319886,7.6298900227809785
SEG_014,2020-11-26,325.83314487769695,10.010630248348361
SEG_014,2020-12-26,303.85441128706236,7.147816019106478
SEG_014,2021-01-25,10.535197552588171,3.289970078901006
SEG_014,2021-02-24,9.001876978814854,9.66590669187643
SEG_014,2021-03-26,8.528339199484813,8.642908597634246
SEG_014,2021-04-25,11.490689358938988,5.0836950619347805
SEG_014,2021-05-25,39.19341174193842,6.026633665107676
SEG_014,2021-06-24,2.171914166824074,6.238532151517645
SEG_014,2021-07-24,23.857061850227,3.8601031249812454
SEG_014,2021-08-23,32.72730604015987,7.502133894222209
SEG_014,2021-09-22,37.74859503049167,5.305825266367491
SEG_014,2021-10-22,332.9641424563101,7.982513560639101
SEG_014,2021-11-21,348.2285125687259,2.0423250677805758
SEG_015,2020-01-01,29.873628190704814,9.565726862764862
SEG_015,2020-01-31,11.58354864090308,3.3558631345048173
SEG_015,2020-03-01,36.84627700731975,2.5489373754964717
SEG_015,2020-03-31,28.745336087290735,4.088860045375513
SEG_015,2020-04-30,34.709593073565,9.728443645064846
SEG_015,2020-05-30,31.683089877909428,9.953584266923805
SEG_015,2020-06-29,41.05373447462651,2.6082305642695127
SEG_015,2020-07-29,36.771453262141534,8.981939987266383
SEG_015,2020-08-28,38.21221063177635,6.331791636824196
SEG_015,2020-09-27,14.013331159159353,3.7767422646385063
SEG_015,2020-10-27,334.91222840480697,5.68056472037144
SEG_015,2020-11-26,330.6542021569224,4.927393208975414
SEG_015,2020-12-26,304.99348704547265,4.159592855220293
SEG_015,2021-01-25,42.469495769833024,6.136055799364005
SEG_015,2021-02-24,31.49311061810772,5.598838552510334
SEG_015,2021-03-26,28.794722873667432,7.1930476151966
SEG_015,2021-04-25,7.242416913903371,3.3406042838442707
SEG_015,2021-05-25,13.373619543531895,7.157154345241506
SEG_015,2021-06-24,33.101127390431984,9.523498698703964
SEG_015,2021-07-24,4.162560069534332,4.099618114119897
SEG_015,2021-08-23,33.17745676519023,8.88295053930714
SEG_015,2021-09-22,31.552376132052984,7.0868090914066855
SEG_015,2021-10-22,315.17864577865447,2.0007387711594244
SEG_015,2021-11-21,314.6461306501194,3.8497231481532683
SEG_016,2020-01-01,45.49772017196425,8.460599523420605
SEG_016,2020-01-31,13.606706522581202,6.982030242204428
SEG_016,2020-03-01,7.534184684874429,5.9486364255659625
SEG_016,2020-03-31,38.78264553562617,2.5710775579924547
SEG_016,2020-04-30,36.88095062767543,2.2680823325622006
SEG_016,2020-05-30,46.87104618161169,6.167410023340077
SEG_016,2020-06-29,13.805002191922389,2.9571967360859093
SEG_016,2020-07-29,30.932242921897057,9.446790276149017
SEG_016,2020-08-28,37.834876160069456,8.444203012692686
SEG_016,2020-09-27,9.488791810982573,3.4930138315928305
SEG_016,2020-10-27,318.355635350227,2.0057586297939958
SEG_016,2020-11-26,319.37454200903676,6.1925581504836185
SEG_016,2020-12-26,343.67463887902863,3.616632229510257
SEG_016,2021-01-25,3.5436980475060995,9.441688294472408
SEG_016,2021-02-24,35.421689248941846,8.589143730219204
SEG_016,2021-03-26,26.309601089684854,3.990104232432107
SEG_016,2021-04-25,8.340465945177373,3.4431723088005457
SEG_016,2021-05-25,38.20921839521856,5.444704581865964
SEG_016,2021-06-24,36.31566391686458,9.863651769428383
SEG_016,2021-07-24,13.797856837180284,6.429305226282565
SEG_016,2021-08-23,4.595256064268632,5.198385987822111
SEG_016,2021-09-22,15.019662692163733,7.846314895650218
SEG_016,2021-10-22,332.63895915801754,6.81841307453234
SEG_016,2021-11-21,336.57892867824705,5.143061636152281
SEG_017,2020-01-01,38.69125682781283,3.043001399161393
SEG_017,2020-01-31,16.170582057810563,9.393104647160662
SEG_017,2020-03-01,49.507959113566585,5.537680841874012
SEG_017,2020-03-31,46.33648475545535,8.950018813159748
SEG_017,2020-04-30,12.932900171279925,5.864210642757534
SEG_017,2020-05-30,30.89823881956989,2.4246819892502316
SEG_017,2020-06-29,11.558431006890851,5.045609623702783
SEG_017,2020-07-29,12.369606987487563,6.235322910840959
SEG_017,2020-08-28,31.289618185788154,9.029418193529283
SEG_017,2020-09-27,48.03028467222858,6.899587146800844
SEG_017,2020-10-27,327.06769134255075,8.400840473312748
SEG_017,2020-11-26,315.87481054209695,6.45872238474855
SEG_017,2020-12-26,346.68842621955963,9.15304074507042
SEG_017,2021-01-25,11.609126713466782,7.499023081426888
SEG_017,2021-02-24,9.662991473925509,2.2578364258163663
SEG_017,2021-03-26,43.35645013193017,5.919543188086909
SEG_017,2021-04-25,29.690290069639452,6.201844253623117
SEG_017,2021-05-25,27.885047490670473,6.129013464758388
SEG_017,2021-06-24,25.8484825133069,3.137916950200733
SEG_017,2021-07-24,8.94392894718078,6.722523802317232
SEG_017,2021-08-23,22.46992090123609,4.903547113258036
SEG_017,2021-09-22,32.976517030102194,3.200717876084094
SEG_017,2021-10-22,310.1425852639723,6.980482623898733
SEG_017,2021-11-21,303.9702458684208,11.800816834364714
SEG_018,2020-01-01,46.01923491347681,2.3922509019903924
SEG_018,2020-01-31,46.57399096930028,2.7450103025741566
SEG_018,2020-03-01,26.35263667023104,6.19716967402967
SEG_018,2020-03-31,14.359365190213024,6.870756855475781
SEG_018,2020-04-30,30.470287886530766,7.6686965400271445
SEG_018,2020-05-30,28.02077524589133,7.100028348704453
SEG_018,2020-06-29,36.21983214055059,6.927946743971874
SEG_018,2020-07-29,44.602916339495906,6.295740359778916
SEG_018,2020-08-28,34.27466501732144,8.396282667886403
SEG_018,2020-09-27,29.75959335149997,8.916749524017806
SEG_018,2020-10-27,315.11591493152554,2.897850178135376
SEG_018,2020-11-26,326.1813980752076,13.204265673597929
SEG_018,2020-12-26,300.2054934617062,14.458698752166626
SEG_018,2021-01-25,44.60677922138783,4.56704295876953
SEG_018,2021-02-24,10.328868978667522,4.802545103392938
SEG_018,2021-03-26,23.53677895042762,7.403967502740383
SEG_018,2021-04-25,40.872098951841565,7.703189477825316
SEG_018,2021-05-25,34.22389874026872,7.681727216630786
SEG_018,2021-06-24,44.12019451139908,5.6262645415965755
SEG_018,2021-07-24,39.83788866809804,4.606957826384893
SEG_018,2021-08-23,40.69578524457658,6.727761592337399
SEG_018,2021-09-22,29.608156754104602,5.703267474495059
SEG_018,2021-10-22,333.008237951056,2.724264038658843
SEG_018,2021-11-21,309.7833310088745,12.45213430389317
SEG_019,2020-01-01,14.70923314333355,4.953783148591262
SEG_019,2020-01-31,15.906365480934697,5.062316918732682
SEG_019,2020-03-01,33.503304096143374,3.0742195851566043
SEG_019,2020-03-31,39.44642122663204,6.835436101574362
SEG_019,2020-04-30,11.837498363900927,6.013830439403679
SEG_019,2020-05-30,36.56465915084185,9.86863278504316
SEG_019,2020-06-29,31.684383205770406,8.38478592512777
SEG_019,2020-07-29,39.91116110034955,4.313667545766124
SEG_019,2020-08-28,40.444788983978356,6.994536043840532
SEG_019,2020-09-27,8.730692382950888,6.7341610037664905
SEG_019,2020-10-27,307.25351258946364,14.471534837587104
SEG_019,2020-11-26,332.113054865746,13.043871451588334
SEG_019,2020-12-26,307.257491547779,8.962221886797806
SEG_019,2021-01-25,21.589293930860443,9.344336131338235
SEG_019,2021-02-24,9.746284231525776,4.699252824647316
SEG_019,2021-03-26,14.164850954672731,3.5446362515712835
SEG_019,2021-04-25,6.495362660273324,7.251157031289205
SEG_019,2021-05-25,13.819178107887181,5.41586719108948
SEG_019,2021-06-24,13.233242622736647,5.524598662221341
SEG_019,2021-07-24,35.77001588754216,2.82629692762261
SEG_019,2021-08-23,35.00275996693628,9.236940347631595
SEG_019,2021-09-22,47.707767296307274,8.54381327508866
SEG_019,2021-10-22,348.0462761000033,7.643654277395104
SEG_019,2021-11-21,317.9630560750155,2.678899877382168
SEG_020,2020-01-01,49.79168140009727,2.296341439442939
SEG_020,2020-01-31,28.967285615572948,9.398526494028179
SEG_020,2020-03-01,15.3668667453301,8.349576836663022
SEG_020,2020-03-31,40.57605148698983,9.857542022343182
SEG_020,2020-04-30,6.037274477591126,3.1298944209545896
SEG_020,2020-05-30,0.781516313413877,5.895739798588908
SEG_020,2020-06-29,31.991285186614743,6.184694913054653
SEG_020,2020-07-29,0.228502064090369,3.8851120586337364
SEG_020,2020-08-28,9.685949650659825,8.372903773141946
SEG_020,2020-09-27,40.257683727919904,8.067264166661955
SEG_020,2020-10-27,316.29861571604994,8.59001116437237
SEG_020,2020-11-26,324.220385795213,9.123910751096311
SEG_020,2020-12-26,334.61052647555834,2.477213757074127
SEG_020,2021-01-25,8.496774203375518,9.761086735293604
SEG_020,2021-02-24,12.332708853420405,4.618367578640504
SEG_020,2021-03-26,1.6810277200108914,6.248973810334214
SEG_020,2021-04-25,14.789521410711998,7.18112158769081
SEG_020,2021-05-25,20.2680186126179,8.318869702312458
SEG_020,2021-06-24,47.30477467645006,6.339480851604304
SEG_020,2021-07-24,18.27954294731947,6.953067603163381
SEG_020,2021-08-23,46.957396623595486,6.6409550828415975
SEG_020,2021-09-22,24.311345257405225,6.213460792872895
SEG_020,2021-10-22,303.28137956125795,9.135225706337629
SEG_020,2021-11-21,326.034381967822,12.018209577959196
SEG_021,2020-01-01,20.584586478287203,4.742339828953773
SEG_021,2020-01-31,13.000372881733602,5.873944900745291
SEG_021,2020-03-01,41.96658384357063,7.542874151749083
SEG_021,2020-03-31,15.84718822614199,4.750776120897783
SEG_021,2020-04-30,0.21471529087057628,7.90795985139284
SEG_021,2020-05-30,45.34403939630542,5.536844273727204
SEG_021,2020-06-29,2.75168180769354,7.130501222321375
SEG_021,2020-07-29,9.72250196727565,4.542062497328035
SEG_021,2020-08-28,48.87618141084016,8.994413886131824
SEG_021,2020-09-27,6.978384344097793,6.697440540667516
SEG_021,2020-10-27,345.72052481521996,5.316112111502469
SEG_021,2020-11-26,315.1957189642267,6.4742484533700955
SEG_021,2020-12-26,324.594325165001,7.50274548797523
SEG_021,2021-01-25,23.802035664863414,7.553960789339589
SEG_021,2021-02-24,13.633517682985751,5.3561120412497
SEG_021,2021-03-26,27.185616762417126,8.979545075667525
SEG_021,2021-04-25,18.65070975527459,5.8791921980377735
SEG_021,2021-05-25,26.60478268286106,6.408902627364688
SEG_021,2021-06-24,44.486319269084085,6.781189115233487
SEG_021,2021-07-24,6.510912619944498,2.6288396969321406
SEG_021,2021-08-23,5.946110899943596,4.0240997697878775
SEG_021,2021-09-22,42.29307612262592,9.534759836040475
SEG_021,2021-10-22,310.8499037905826,3.5323801615395425
SEG_021,2021-11-21,321.9832914596519,9.661981887061863
SEG_022,2020-01-01,2.0304281570940996,4.624923258645105
SEG_022,2020-01-31,3.4804578478465356,8.728466200973774
SEG_022,2020-03-01,20.031214391826506,6.724457858656099
SEG_022,2020-03-31,36.26002501663197,4.228146658230841
SEG_022,2020-04-30,13.944531659548765,8.143996444620772
SEG_022,2020-05-30,19.131649138250918,7.433634896692984
SEG_022,2020-06-29,13.083263688697706,4.748925197689628
SEG_022,2020-07-29,1.6429898056645575,6.453332403863133
SEG_022,2020-08-28,34.268708355498454,6.577681867469452
SEG_022,2020-09-27,1.4073493296144213,2.3609476165889536
SEG_022,2020-10-27,333.0620002911347,3.9809114476813123
SEG_022,2020-11-26,328.40247024400526,14.211278761695183
SEG_022,2020-12-26,316.7983731242759,6.022148180690835
SEG_022,2021-01-25,14.367777952982147,2.3802508889031566
SEG_022,2021-02-24,23.763418356741177,3.677913269240646
SEG_022,2021-03-26,38.17211074663791,3.444806807094608
SEG_022,2021-04-25,30.721114893546194,8.1529533211491
SEG_022,2021-05-25,15.932659007678158,8.641715044447052
SEG_022,2021-06-24,12.279330490918738,8.617830593022141
SEG_022,2021-07-24,8.799261094739219,8.820168140067599
SEG_022,2021-08-23,32.8715301624385,2.7224503396090887
SEG_022,2021-09-22,12.59040292220231,9.076518898621128
SEG_022,2021-10-22,308.757712771784,14.759387807521065
SEG_022,2021-11-21,343.9716770441358,9.495778330857249
SEG_023,2020-01-01,15.46342508455703,9.66786889437537
SEG_023,2020-01-31,4.512516385436949,8.58166180590796
SEG_023,2020-03-01,41.159889019823325,9.523963361483327
SEG_023,2020-03-31,30.105797100525937,8.507424387200338
SEG_023,2020-04-30,15.686090132523084,2.6578564113872165
SEG_023,2020-05-30,36.758605440523404,4.085439036695899
SEG_023,2020-06-29,47.40546085796136,9.384898815067409
SEG_023,2020-07-29,4.453063368064486,4.943361232884102
SEG_023,2020-08-28,43.096836214293695,8.25697554744499
SEG_023,2020-09-27,7.29714260577154,4.321543692119608
SEG_023,2020-10-27,334.34262246348624,12.706687592476335
SEG_023,2020-11-26,348.36049221539815,6.785856527660248
SEG_023,2020-12-26,313.0145826078454,6.029973774721611
SEG_023,2021-01-25,41.74020189084137,7.982586941754353
SEG_023,2021-02-24,38.18377068268161,3.2101179692551316
SEG_023,2021-03-26,49.76008716790945,9.41765072911446
SEG_023,2021-04-25,9.032748205570002,3.346360012885132
SEG_023,2021-05-25,38.41267134923889,7.415268128770901
SEG_023,2021-06-24,41.53496127862731,7.2763145852002555
SEG_023,2021-07-24,47.87013895699138,6.553267486650955
SEG_023,2021-08-23,48.252465490578665,8.924124085838631
SEG_023,2021-09-22,40.3176597959175,4.4808104576906125
SEG_023,2021-10-22,337.8245321745188,8.487954876913786
SEG_023,2021-11-21,331.4779790666794,6.197422271011478
SEG_024,2020-01-01,5.381608572099944,5.399308169664109
SEG_024,2020-01-31,9.11040672768273,5.143658700302763
SEG_024,2020-03-01,9.359586690019206,3.480699126614363
SEG_024,2020-03-31,43.43902604941915,9.726430460467746
SEG_024,2020-04-30,0.6937959010906825,2.895300019739164
SEG_024,2020-05-30,15.045893479034728,5.707404443512299
SEG_024,2020-06-29,28.471523087267116,8.670708262427652
SEG_024,2020-07-29,24.374825656294956,5.8888076849791835
SEG_024,2020-08-28,44.643859806768695,5.337099664756095
SEG_024,2020-09-27,10.985117252043896,9.272561233340149
SEG_024,2020-10-27,336.7292316109894,13.367781309624007
SEG_024,2020-11-26,320.799218096977,9.950137883050743
SEG_024,2020-12-26,303.18327931230317,5.444963700411873
SEG_024,2021-01-25,34.506779117023825,6.123099541919796
SEG_024,2021-02-24,47.36917469720097,8.588881824163966
SEG_024,2021-03-26,4.964711947104234,7.176743767484242
SEG_024,2021-04-25,4.261693084990837,4.9794908592223965
SEG_024,2021-05-25,22.937653195798596,8.819123835334498
SEG_024,2021-06-24,8.21623408573578,2.491746627883092
SEG_024,2021-07-24,20.100140901574058,7.446965259360694
SEG_024,2021-08-23,10.25667856916031,6.355402328035812
SEG_024,2021-09-22,36.25493411678096,7.92041777848456
SEG_024,2021-10-22,329.62518008749566,3.9307182331221684
SEG_024,2021-11-21,306.23749026981625,9.383688901211933
SEG_025,2020-01-01,35.74272341011678,7.379470416305749
SEG_025,2020-01-31,4.097358171734439,2.4975493803552817
SEG_025,2020-03-01,21.171109749567425,5.520639639438262
SEG_025,2020-03-31,5.902907883551234,3.7011403116841537
SEG_025,2020-04-30,7.665225534790087,4.971738833482538
SEG_025,2020-05-30,40.956253461413205,5.910349249964103
SEG_025,2020-06-29,30.285485510829684,8.095609851987497
SEG_025,2020-07-29,19.769856460019152,6.327955606330615
SEG_025,2020-08-28,6.189080567625976,6.474822585889818
SEG_025,2020-09-27,8.987170071295186,2.15178866833225
SEG_025,2020-10-27,301.1631624176936,5.4961393583123686
SEG_025,2020-11-26,315.33971091813027,5.258211474335704
SEG_025,2020-12-26,341.38706993293073,2.9677301080154246
SEG_025,2021-01-25,24.208575497905326,5.2599503179515175
SEG_025,2021-02-24,4.195417779042515,7.086391955639861
SEG_025,2021-03-26,23.232602686105086,8.6349742782551
SEG_025,2021-04-25,29.257958323018325,6.082627372819858
SEG_025,2021-05-25,30.52226547331372,9.659337389591727
SEG_025,2021-06-24,29.975683364442453,2.126996929288997
SEG_025,2021-07-24,26.906572685073606,8.298441879553812
SEG_025,2021-08-23,8.85933184591896,8.143726754896026
SEG_025,2021-09-22,4.498325964913075,6.9075416699192855
SEG_025,2021-10-22,341.05617353261863,5.168689436372907
SEG_025,2021-11-21,303.25246607044,4.076995845649445
SEG_026,2020-01-01,32.04831431549034,9.544593790175322
SEG_026,2020-01-31,11.227410304160657,4.223464245700328
SEG_026,2020-03-01,3.722018345071082,3.99987329225998
SEG_026,2020-03-31,5.392032665601565,3.9068737005473766
SEG_026,2020-04-30,4.276734953569461,2.485495562357567
SEG_026,2020-05-30,33.8782228737287,6.474064412844368
SEG_026,2020-06-29,43.99690837420921,6.953844434099073
SEG_026,2020-07-29,9.680727088589213,6.585697062372065
SEG_026,2020-08-28,47.98706756968236,8.034989080294586
SEG_026,2020-09-27,2.865882306317741,6.056862939547526
SEG_026,2020-10-27,349.0961627913275,6.798098426605096
SEG_026,2020-11-26,300.1848536129173,8.784200709654126
SEG_026,2020-12-26,318.14085729788695,2.5898492549590264
SEG_026,2021-01-25,44.269111477583216,7.750693391220839
SEG_026,2021-02-24,5.5484504768190055,9.488912833347165
SEG_026,2021-03-26,7.221612290562357,9.393243737864177
SEG_026,2021-04-25,26.773417105593804,8.316702315125877
SEG_026,2021-05-25,33.17510992843153,2.518984327759357
SEG_026,2021-06-24,24.739601267039085,4.14668366796891
SEG_026,2021-07-24,28.568519337925807,9.483991255905128
SEG_026,2021-08-23,23.377549436876794,5.271622202844139
SEG_026,2021-09-22,32.18271996012293,8.286986367489394
SEG_026,2021-10-22,313.7232278252551,7.645141101123931
SEG_026,2021-11-21,320.2879241935392,6.63963024364746
SEG_027,2020-01-01,23.070056863374845,8.335319106929056
SEG_027,2020-01-31,47.167700058894255,2.0774492323279503
SEG_027,2020-03-01,39.26789053984321,9.377153524108811
SEG_027,2020-03-31,26.724529037786215,3.5067094251380952
SEG_027,2020-04-30,9.334605261310463,2.5559282846060576
SEG_027,2020-05-30,7.8517727515083235,2.8859515863143006
SEG_027,2020-06-29,30.185472434420653,9.51323403777562
SEG_027,2020-07-29,45.51512694702635,9.033915131745257
SEG_027,2020-08-28,40.49923824140574,3.401010299626157
SEG_027,2020-09-27,43.52697959465244,4.190210216197719
SEG_027,2020-10-27,303.8266818059224,7.841796487831761
SEG_027,2020-11-26,337.2978718576363,8.846185159349655
SEG_027,2020-12-26,347.5009212038382,3.122046081470711
SEG_027,2021-01-25,33.86915708826939,3.227971818486332
SEG_027,2021-02-24,44.85049400582659,5.1249471122233095
SEG_027,2021-03-26,49.46453124827145,4.696933139593991
SEG_027,2021-04-25,16.35707330803557,6.496432937788154
SEG_027,2021-05-25,19.45933297752139,5.670207453971874
SEG_027,2021-06-24,26.809076514564367,9.924250300063127
SEG_027,2021-07-24,31.767672584100172,9.071736257530755
SEG_027,2021-08-23,49.419043218080574,3.8608472359903674
SEG_027,2021-09-22,10.21926650480885,2.303253724459646
SEG_027,2021-10-22,332.40232125398165,9.307640835675652
SEG_027,2021-11-21,330.4031598838813,5.051887364475245
SEG_028,2020-01-01,11.815506408894267,2.625316108837116
SEG_028,2020-01-31,39.06444627090197,2.6401277751334415
SEG_028,2020-03-01,19.070965583397925,8.832337682439855
SEG_028,2020-03-31,3.596982484025557,3.093250794104538
SEG_028,2020-04-30,18.657244884981743,5.916408914793182
SEG_028,2020-05-30,45.65429976268761,7.777962347780387
SEG_028,2020-06-29,31.5476356843706,7.411404790178303
SEG_028,2020-07-29,38.54860927622981,7.155179125762549
SEG_028,2020-08-28,48.384171550423396,7.267888479629211
SEG_028,2020-09-27,37.436503622504155,9.440134927528515
SEG_028,2020-10-27,308.5317128063743,9.997211109781267
SEG_028,2020-11-26,312.967595824207,9.218186311222048
SEG_028,2020-12-26,323.8948559333363,7.382436738046025
SEG_028,2021-01-25,49.34484212177168,8.090911761870133
SEG_028,2021-02-24,18.92178491160611,2.4579323515477807
SEG_028,2021-03-26,13.973376509197777,7.594116970982536
SEG_028,2021-04-25,0.831515205568556,4.881644897069602
SEG_028,2021-05-25,46.542225210414045,9.894971707960307
SEG_028,2021-06-24,6.393067724229784,8.374566083376997
SEG_028,2021-07-24,37.6626260370798,7.277960819000542
SEG_028,2021-08-23,44.8755441869055,2.984784881202958
SEG_028,2021-09-22,18.85051612189677,7.739541872916687
SEG_028,2021-10-22,337.02906094200927,9.497685205230496
SEG_028,2021-11-21,348.9924749075243,4.557143912987763
SEG_029,2020-01-01,22.789226527298002,6.81172330876546
SEG_029,2020-01-31,23.914137345208626,8.629498435002866
SEG_029,2020-03-01,2.6283152115187947,8.923455165388509
SEG_029,2020-03-31,49.515714998657685,8.06171348043458
SEG_029,2020-04-30,40.25358932246391,8.798477764998403
SEG_029,2020-05-30,0.4566257306284349,7.807660094269591
SEG_029,2020-06-29,8.981643969216641,2.419776923498323
SEG_029,2020-07-29,47.727768187406284,7.222375735354437
SEG_029,2020-08-28,6.0000192808462804,2.6610959244997234
SEG_029,2020-09-27,24.209573864919758,7.156773191853581
SEG_029,2020-10-27,326.8208394883106,8.497570069437483
SEG_029,2020-11-26,329.95513032943603,3.4395004514052863
SEG_029,2020-12-26,325.30741553700636,4.908477125541935
SEG_029,2021-01-25,28.853573460296843,7.5608119555077575
SEG_029,2021-02-24,41.631390234534784,9.659383424175262
SEG_029,2021-03-26,4.162703806437729,4.033435146601538
SEG_029,2021-04-25,41.02541041054854,6.839557538273517
SEG_029,2021-05-25,3.2979679589560273,7.121419911919483
SEG_029,2021-06-24,46.28179301452022,3.405850978283624
SEG_029,2021-07-24,8.537370830027902,9.572082445137077
SEG_029,2021-08-23,25.678270948388672,3.2439302597977475
SEG_029,2021-09-22,9.155226289838552,9.889970204472625
SEG_029,2021-10-22,320.3257392237255,4.501895299270487
SEG_029,2021-11-21,348.1083165661978,5.391868989290777
SEG_030,2020-01-01,37.48339762727194,3.9538099762333596
SEG_030,2020-01-31,26.17582079164632,3.8005486234911796
SEG_030,2020-03-01,26.955981124481948,8.131311288941273
SEG_030,2020-03-31,41.28636937343249,2.2834330162652954
SEG_030,2020-04-30,17.72661619218578,2.8107022303821925
SEG_030,2020-05-30,14.964247630721218,5.426731758844458
SEG_030,2020-06-29,9.92323089788319,3.516536550813899
SEG_030,2020-07-29,27.506183644968118,8.398560683830766
SEG_030,2020-08-28,1.0576103352470612,3.244335910327467
SEG_030,2020-09-27,38.0449948567718,3.981978393650839
SEG_030,2020-10-27,340.49762342239353,7.6091596323523945
SEG_030,2020-11-26,321.3151488518943,11.93173886535427
SEG_030,2020-12-26,315.2144994996693,4.153968713496694
SEG_030,2021-01-25,45.42409874741801,2.806093599254341
SEG_030,2021-02-24,18.069248178203406,8.230466460520688
SEG_030,2021-03-26,45.60884158463827,7.234841276252815
SEG_030,2021-04-25,2.1905553072064876,3.533653820646557
SEG_030,2021-05-25,3.3854247938173323,5.3520332887031286
SEG_030,2021-06-24,37.03575984184947,5.179950624407881
SEG_030,2021-07-24,8.000152771136898,3.7424617762632817
SEG_030,2021-08-23,8.555454844210091,2.3648997267225855
SEG_030,2021-09-22,26.72974620617361,2.011199691810935
SEG_030,2021-10-22,302.8631715573204,8.527377248430739
SEG_030,2021-11-21,337.2884894490672,10.055847820380706
SEG_031,2020-01-01,18.432000334685362,9.21734514707368
SEG_031,2020-01-31,8.886713466606732,5.153578680000711
SEG_031,2020-03-01,30.164675824243552,5.02300103807393
SEG_031,2020-03-31,48.31803813926733,9.660941528776926
SEG_031,2020-04-30,7.7256661816719365,2.4470040526107804
SEG_031,2020-05-30,1.2000434945058591,5.417083465181771
SEG_031,2020-06-29,5.086812733287544,9.646792547810929
SEG_031,2020-07-29,33.971665585504674,3.201760285682532
SEG_031,2020-08-28,3.818474631330415,2.0174301184245325
SEG_031,2020-09-27,47.979265722151,4.227809139768351
SEG_031,2020-10-27,340.1070464193934,7.231633777714068
SEG_031,2020-11-26,334.674947638546,7.986267996986745
SEG_031,2020-12-26,342.43757495631615,8.934180067696982
SEG_031,2021-01-25,48.10259926907,7.631702848856245
SEG_031,2021-02-24,18.262210913478395,2.6319463399079916
SEG_031,2021-03-26,16.866849528243254,8.251175263216922
SEG_031,2021-04-25,43.79882568653542,6.433247370207712
SEG_031,2021-05-25,10.59321217253894,6.952350083350946
SEG_031,2021-06-24,8.241217976313697,8.426714084832557
SEG_031,2021-07-24,29.855537791169063,8.052171522956312
SEG_031,2021-08-23,15.729014610205189,9.548073131358912
SEG_031,2021-09-22,20.364328062724756,7.931610733483934
SEG_031,2021-10-22,344.2601936407211,2.7463269205581122
SEG_031,2021-11-21,346.51136017167426,9.731322315185082
SEG_032,2020-01-01,24.87614121191428,8.437811554368839
SEG_032,2020-01-31,14.005866116475918,4.906626126370935
SEG_032,2020-03-01,28.436672496892136,2.316741130558974
SEG_032,2020-03-31,25.29712149876813,4.102619461858786
SEG_032,2020-04-30,7.910290200313074,5.194243362774205
SEG_032,2020-05-30,45.87301759404992,9.379925989922576
SEG_032,2020-06-29,7.787055875559773,5.759740361303913
SEG_032,2020-07-29,43.40103008707714,9.62116007558205
SEG_032,2020-08-28,33.4822199840372,4.075577806477444
SEG_032,2020-09-27,8.034457998569987,7.573520686434745
SEG_032,2020-10-27,349.31839735191454,9.511752470395361
SEG_032,2020-11-26,326.03458491052913,2.0294151299142005
SEG_032,2020-12-26,308.3050514016089,5.020452571877079
SEG_032,2021-01-25,34.965857304308805,7.191293418350706
SEG_032,2021-02-24,29.74459050694746,6.34210303043581
SEG_032,2021-03-26,5.190601978316134,7.1969966898218685
SEG_032,2021-04-25,21.0320428803083,3.783034966998115
SEG_032,2021-05-25,37.0576528444173,2.060841079927492
SEG_032,2021-06-24,20.72783300007679,2.124240519180704
SEG_032,2021-07-24,9.633020168642664,7.15547486503826
SEG_032,2021-08-23,4.978896196940857,8.409375794311181
SEG_032,2021-09-22,21.871051941639973,7.031153009535803
SEG_032,2021-10-22,317.90606758987724,3.9177750737978645
SEG_032,2021-11-21,331.37190044788304,7.107092558431496
SEG_033,2020-01-01,1.0978484204952121,2.5886077574799824
SEG_033,2020-01-31,28.36469249099992,6.8532388719802455
SEG_033,2020-03-01,1.4777621388264661,2.184305400728876
SEG_033,2020-03-31,24.07874360652176,9.625834887741199
SEG_033,2020-04-30,44.365744559986936,4.248662111870724
SEG_033,2020-05-30,40.7946099783289,6.983287698481029
SEG_033,2020-06-29,14.673677311793748,8.613491349056488
SEG_033,2020-07-29,18.598214218407744,8.23611642804461
SEG_033,2020-08-28,26.363118073889396,2.8233615494345843
SEG_033,2020-09-27,9.85616261126836,8.421801536913769
SEG_033,2020-10-27,342.8051533459718,9.903638124742926
SEG_033,2020-11-26,340.12566410566825,12.786029356777565
SEG_033,2020-12-26,348.35762638988786,2.971303572838046
SEG_033,2021-01-25,9.557984666566515,9.218211878078101
SEG_033,2021-02-24,16.466448712319725,6.902005063988437
SEG_033,2021-03-26,20.664695887604225,5.574237922920897
SEG_033,2021-04-25,4.139713701981934,6.468121876450901
SEG_033,2021-05-25,9.395871493088293,2.8362777436047875
SEG_033,2021-06-24,10.939241542181833,4.909150265787586
SEG_033,2021-07-24,7.364486702141954,9.009569889734589
SEG_033,2021-08-23,21.573681835854806,3.204960369880676
SEG_033,2021-09-22,29.702458260925745,6.23650202795554
SEG_033,2021-10-22,305.05159954557547,3.81172012583019
SEG_033,2021-11-21,314.3996274865617,6.770507174013771
SEG_034,2020-01-01,0.6367413945612965,5.796805526490363
SEG_034,2020-01-31,12.375521463367434,2.875087979148418
SEG_034,2020-03-01,22.63081762591818,7.878520032810035
SEG_034,2020-03-31,45.10834136742991,6.76594832446306
SEG_034,2020-04-30,37.050621470736736,9.786324705524475
SEG_034,2020-05-30,47.915306268666995,6.215255032476916
SEG_034,2020-06-29,30.61837148776697,5.467676984985643
SEG_034,2020-07-29,31.18975667586209,7.314562568819929
SEG_034,2020-08-28,33.012665746402014,2.005133691424253
SEG_034,2020-09-27,9.83637065889343,6.6817986916458505
SEG_034,2020-10-27,315.10113276430917,4.485886405307172
SEG_034,2020-11-26,328.3332545038755,7.026550618478916
SEG_034,2020-12-26,321.38345854973517,10.364045319643433
SEG_034,2021-01-25,6.36374302986627,6.346156412357831
SEG_034,2021-02-24,2.7346377336140093,8.639154314170689
SEG_034,2021-03-26,2.6510133227604094,3.640515596643926
SEG_034,2021-04-25,24.24775720524189,7.502197575610868
SEG_034,2021-05-25,6.090570725472178,5.236458688003988
SEG_034,2021-06-24,9.240392648311769,8.548400804078488
SEG_034,2021-07-24,19.559461022101633,7.581221628180455
SEG_034,2021-08-23,30.99382312762714,2.3410543744628622
SEG_034,2021-09-22,35.311230840182176,5.124994606557199
SEG_034,2021-10-22,319.6964364752956,9.329280188043445
SEG_034,2021-11-21,347.7597298401314,4.784761761694742
SEG_035,2020-01-01,11.830859298047347,9.198354475543226
SEG_035,2020-01-31,30.32666505548881,8.725434841481414
SEG_035,2020-03-01,10.05963710775744,3.296716656331003
SEG_035,2020-03-31,20.40136850189232,6.372646740942666
SEG_035,2020-04-30,30.923943184225166,6.469578495825624
SEG_035,2020-05-30,30.074479259750998,4.647358359249978
SEG_035,2020-06-29,42.659760831952,9.45447239942833
SEG_035,2020-07-29,13.044055253457742,4.6763299636857525
SEG_035,2020-08-28,45.21619327738944,7.624726643264499
SEG_035,2020-09-27,2.0870488524665,2.2848006782887404
SEG_035,2020-10-27,326.7092930555861,8.882355772220397
SEG_035,2020-11-26,344.857336437573,9.860276454898791
SEG_035,2020-12-26,328.4024305812194,9.927509892092175
SEG_035,2021-01-25,14.620636079354671,6.848990762103715
SEG_035,2021-02-24,35.65669294547994,9.53141590159736
SEG_035,2021-03-26,31.09358902506817,4.23827076425827
SEG_035,2021-04-25,34.917096957667695,7.199264691125868
SEG_035,2021-05-25,24.76787493335026,8.90218248263527
SEG_035,2021-06-24,30.436964614122385,9.145354887021679
SEG_035,2021-07-24,36.770724412948155,2.4569487456915793
SEG_035,2021-08-23,8.127443477625029,5.050328282554893
SEG_035,2021-09-22,19.730060189443154,6.924377994195812
SEG_035,2021-10-22,323.13621342825394,5.519274235300463
SEG_035,2021-11-21,303.2021743954865,3.438431278348383
SEG_036,2020-01-01,2.0977793460368046,7.738861574408556
SEG_036,2020-01-31,3.8739571373678503,5.550501472543631
SEG_036,2020-03-01,39.408223092662894,4.6798862800061
SEG_036,2020-03-31,30.451907296284897,8.464273709839926
SEG_036,2020-04-30,49.8910425786719,2.627559778403005
SEG_036,2020-05-30,2.571575197242948,5.778633276176318
SEG_036,2020-06-29,37.409413968174476,2.9233353551073744
SEG_036,2020-07-29,20.9425114951146,6.554738034476107
SEG_036,2020-08-28,4.075297865458872,5.368180722297783
SEG_036,2020-09-27,46.50625827530781,7.942831939518175
SEG_036,2020-10-27,320.11587533985403,6.455526247110063
SEG_036,2020-11-26,322.444767099125,10.27099780028057
SEG_036,2020-12-26,344.77995857886367,6.748426293912427
SEG_036,2021-01-25,28.20656691405089,9.178413005184748
SEG_036,2021-02-24,10.534034457258002,6.15307976473905
SEG_036,2021-03-26,49.440278711233354,8.027750438816515
SEG_036,2021-04-25,39.949600098704046,2.0533208542088204
SEG_036,2021-05-25,35.31610999971019,8.757952995296751
SEG_036,2021-06-24,36.368079511206716,4.616925725741814
SEG_036,2021-07-24,39.70986996639401,4.540217589759747
SEG_036,2021-08-23,13.264302339447815,3.211464851171205
SEG_036,2021-09-22,27.886858065134728,3.668375772833258
SEG_036,2021-10-22,311.59466686660016,4.3369273345456
SEG_036,2021-11-21,348.46810715167703,4.603176370107904
SEG_037,2020-01-01,14.546511794598349,6.059899223751197
SEG_037,2020-01-31,13.415861683154622,7.82549477928568
SEG_037,2020-03-01,16.484208825683343,6.83968964456125
SEG_037,2020-03-31,18.104887580675133,3.587518512321549
SEG_037,2020-04-30,1.8037486245788492,2.16022698611747
SEG_037,2020-05-30,6.182141532374858,8.272428892723127
SEG_037,2020-06-29,41.51257594738079,6.838974888263617
SEG_037,2020-07-29,10.133334658920473,4.11415964181795
SEG_037,2020-08-28,0.8606266204841229,5.976279123279896
SEG_037,2020-09-27,32.14092825003334,4.659483798967078
SEG_037,2020-10-27,336.15162068592383,6.533113644157743
SEG_037,2020-11-26,334.5198669318945,8.040303442621797
SEG_037,2020-12-26,305.25219381813037,7.59404451116946
SEG_037,2021-01-25,40.15768152646314,5.897547014943682
SEG_037,2021-02-24,18.581590638984135,7.20176572596703
SEG_037,2021-03-26,36.006512864003525,8.819169397821526
SEG_037,2021-04-25,34.70225859204227,6.301851955568408
SEG_037,2021-05-25,41.03772152644049,8.944745267997124
SEG_037,2021-06-24,13.999276674660017,4.10350093624948
SEG_037,2021-07-24,33.42484567658221,5.787254703599614
SEG_037,2021-08-23,2.6094593617971675,6.09364210410323
SEG_037,2021-09-22,26.0992852289125,6.245484058749655
SEG_037,2021-10-22,334.2683792562186,11.463240677104123
SEG_037,2021-11-21,346.9703574445039,5.059659324539057
SEG_038,2020-01-01,13.74757090273278,5.829878950017333
SEG_038,2020-01-31,24.515024264816553,5.787587329741477
SEG_038,2020-03-01,20.978629154735962,8.76642508026521
SEG_038,2020-03-31,42.41150129574034,4.531842285259751
SEG_038,2020-04-30,41.2523771678258,6.012205549926397
SEG_038,2020-05-30,13.688156962603099,4.805478222233925
SEG_038,2020-06-29,48.28827977929539,8.133780549129
SEG_038,2020-07-29,37.79162717540207,3.061878520875398
SEG_038,2020-08-28,34.877908021061984,4.116361146713022
SEG_038,2020-09-27,26.89743919995103,3.6853023763749375
SEG_038,2020-10-27,338.6704497824319,9.065710796013768
SEG_038,2020-11-26,301.69248928218036,7.610306269205389
SEG_038,2020-12-26,309.30803632439864,2.173999752939266
SEG_038,2021-01-25,15.008664891171813,9.766125376760336
SEG_038,2021-02-24,46.117679886737,9.092761969378659
SEG_038,2021-03-26,38.291155599601915,8.411916991835978
SEG_038,2021-04-25,12.236626131138923,7.477708611211074
SEG_038,2021-05-25,35.311205030509086,8.10444938641487
SEG_038,2021-06-24,3.5828397970151804,5.906474630229274
SEG_038,2021-07-24,45.72930003600926,7.1646181482120435
SEG_038,2021-08-23,1.7413330305440289,9.66810196369988
SEG_038,2021-09-22,0.6112244579508042,4.552206225916118
SEG_038,2021-10-22,330.1818023648579,8.419347161544017
SEG_038,2021-11-21,333.7359454780851,3.203097761091991
SEG_039,2020-01-01,34.31938192594663,4.018614436727913
SEG_039,2020-01-31,17.862224106454967,2.2928988058131052
SEG_039,2020-03-01,12.20503520919946,8.604571277116566
SEG_039,2020-03-31,19.09564976119707,9.842131896340792
SEG_039,2020-04-30,21.671764167085307,2.9314034458187095
SEG_039,2020-05-30,21.8472817073713,7.974958341649966
SEG_039,2020-06-29,6.488347155887131,4.136426237967087
SEG_039,2020-07-29,29.395708225952376,7.078181302263186
SEG_039,2020-08-28,34.88626821712158,7.383887612227276
SEG_039,2020-09-27,14.591152128151624,4.522704687803935
SEG_039,2020-10-27,324.53784383448965,3.877748511748572
SEG_039,2020-11-26,338.87623398914286,7.875685690575629
SEG_039,2020-12-26,338.0876565859513,4.54220077409176
SEG_039,2021-01-25,26.63328529516842,4.672438786204749
SEG_039,2021-02-24,30.99601473784493,9.991279070407497
SEG_039,2021-03-26,44.175624024078196,7.2329283588730915
SEG_039,2021-04-25,14.64909578294039,9.155565263681993
SEG_039,2021-05-25,16.562961739333517,9.361246520810045
SEG_039,2021-06-24,20.854480548789656,4.080233984193625
SEG_039,2021-07-24,41.11578789545243,8.150092127317574
SEG_039,2021-08-23,5.589186669138896,3.3516277293243704
SEG_039,2021-09-22,12.236422209806951,4.0799964274432
SEG_039,2021-10-22,318.5425559295488,4.901793880093284
SEG_039,2021-11-21,314.6166439574762,5.073813394147501
SEG_040,2020-01-01,7.7938428473232015,8.820883780783134
SEG_040,2020-01-31,17.118349755117734,4.474466276552037
SEG_040,2020-03-01,42.28729673433917,8.264699506025636
SEG_040,2020-03-31,37.06289438073676,8.980924909081892
SEG_040,2020-04-30,22.803302547868594,2.3218623387442516
SEG_040,2020-05-30,29.283869550258103,6.650163500147003
SEG_040,2020-06-29,10.749697163065436,5.897845345733223
SEG_040,2020-07-29,0.02475613793275211,8.03648200077825
SEG_040,2020-08-28,28.06321587527628,4.470432139988048
SEG_040,2020-09-27,15.232048963966955,9.402362696053379
SEG_040,2020-10-27,305.1458558755913,4.400491352531403
SEG_040,2020-11-26,349.05772040552466,7.227925038053372
SEG_040,2020-12-26,337.26069678192835,5.597663003684096
SEG_040,2021-01-25,0.9739811787504937,7.6347112776168045
SEG_040,2021-02-24,25.147171109953202,8.851227538225832
SEG_040,2021-03-26,45.444367344114426,5.896330788722403
SEG_040,2021-04-25,37.49131041541276,4.596364139150307
SEG_040,2021-05-25,13.035956605030009,6.248219836789965
SEG_040,2021-06-24,44.22926091209531,3.4731202317039447
SEG_040,2021-07-24,19.815399052971898,5.890860247498572
SEG_040,2021-08-23,24.60047352412582,6.598523755893264
SEG_040,2021-09-22,30.501574147557463,9.94359780495688
SEG_040,2021-10-22,316.9904859565374,6.221711741752202
SEG_040,2021-11-21,312.9426475076283,3.7831198921428006
SEG_041,2020-01-01,1.3112245252065502,6.815371748476906
SEG_041,2020-01-31,13.55389700568424,9.490418131344214
SEG_041,2020-03-01,19.020828250502902,5.574499096783808
SEG_041,2020-03-31,6.017916254958422,5.912867411413312
SEG_041,2020-04-30,0.3627797141779687,8.42729338526809
SEG_041,2020-05-30,32.17909776053183,5.117489688154567
SEG_041,2020-06-29,34.75351053096827,8.098302724301266
SEG_041,2020-07-29,37.0983335410869,8.48255739621328
SEG_041,2020-08-28,39.16344494589792,4.652656378060393
SEG_041,2020-09-27,44.859434747211516,2.7369911920954504
SEG_041,2020-10-27,323.47434904409533,9.223063603452541
SEG_041,2020-11-26,306.4903806170253,9.53831303969595
SEG_041,2020-12-26,348.6978372417946,7.346850907253304
SEG_041,2021-01-25,45.30072651794977,5.080240108482851
SEG_041,2021-02-24,17.19508848627964,7.029703370900502
SEG_041,2021-03-26,16.862729563074446,9.140214752335513
SEG_041,2021-04-25,32.114634672334034,9.718028398950027
SEG_041,2021-05-25,4.148362191875482,8.935739932756409
SEG_041,2021-06-24,30.046814970648917,3.2141695358087414
SEG_041,2021-07-24,31.71563105990768,6.945474101677983
SEG_041,2021-08-23,45.04783098464778,9.77607091792012
SEG_041,2021-09-22,47.96378764018968,2.473777816007707
SEG_041,2021-10-22,309.6685648890485,13.674632212543925
SEG_041,2021-11-21,338.0292297629526,2.0861522934887766
SEG_042,2020-01-01,17.068859515799385,4.176822301714891
SEG_042,2020-01-31,11.231670723423104,2.824401324306306
SEG_042,2020-03-01,43.25836217773914,4.241628518243133
SEG_042,2020-03-31,12.137210959860722,5.95980866082836
SEG_042,2020-04-30,19.129361227937498,6.813298470246653
SEG_042,2020-05-30,19.687254994470248,7.95447820662647
SEG_042,2020-06-29,1.2820285618452443,6.535439978881937
SEG_042,2020-07-29,48.67897814720444,3.9896086619277282
SEG_042,2020-08-28,20.066043642654698,4.788313137350572
SEG_042,2020-09-27,36.09703335554617,7.11561390197666
SEG_042,2020-10-27,347.965416747534,4.582078219409426
SEG_042,2020-11-26,304.527110871548,11.783755058926182
SEG_042,2020-12-26,344.3725551659194,4.351298070753814
SEG_042,2021-01-25,49.163114733612225,3.9628139063796963
SEG_042,2021-02-24,28.404285085290336,5.298588525417926
SEG_042,2021-03-26,18.51142509449814,9.200422878593553
SEG_042,2021-04-25,49.05055124963799,8.27374887380029
SEG_042,2021-05-25,23.26432178509736,6.594073226250017
SEG_042,2021-06-24,43.37885741379448,3.183040980325748
SEG_042,2021-07-24,49.31032970407829,3.7216331161141882
SEG_042,2021-08-23,15.722929635172362,2.0542027336888617
SEG_042,2021-09-22,30.076273446431085,8.070568024491678
SEG_042,2021-10-22,320.3787093539874,7.571320442820046
SEG_042,2021-11-21,349.2818011519407,7.064058606718087
SEG_043,2020-01-01,1.3826779276274737,9.241160367016711
SEG_043,2020-01-31,29.985915263804902,6.591880093629854
SEG_043,2020-03-01,47.03520056615884,8.45763867701578
SEG_043,2020-03-31,46.89091311941559,9.428851762919901
SEG_043,2020-04-30,20.214234680529824,4.8665712510719406
SEG_043,2020-05-30,26.366874412818508,6.600694340598935
SEG_043,2020-06-29,4.119444448674225,2.1906732017540573
SEG_043,2020-07-29,47.33899276300799,4.456958645110877
SEG_043,2020-08-28,2.621762761379076,8.60315404439958
SEG_043,2020-09-27,35.620528951402946,2.5837078520080192
SEG_043,2020-10-27,340.681887386458,8.650432308360976
SEG_043,2020-11-26,321.1420300157352,11.564317864785934
SEG_043,2020-12-26,345.0537902077647,8.533797131730637
SEG_043,2021-01-25,45.110857036408056,5.908294443279523
SEG_043,2021-02-24,5.424602613221586,2.9552056428734206
SEG_043,2021-03-26,41.654736693227235,3.475826626039029
SEG_043,2021-04-25,9.448471206631215,3.683450861269841
SEG_043,2021-05-25,7.654875869609895,4.334444791412031
SEG_043,2021-06-24,7.168172503681236,9.71341230377874
SEG_043,2021-07-24,11.683098228984178,5.049707114900407
SEG_043,2021-08-23,46.86054683159734,7.158321224811956
SEG_043,2021-09-22,7.656895911031658,6.291637413468617
SEG_043,2021-10-22,307.1991887102108,5.679456556461539
SEG_043,2021-11-21,322.19464441849817,5.107542840452024
SEG_044,2020-01-01,38.19882899227675,5.265664719034232
SEG_044,2020-01-31,10.858906931312063,6.413544588680544
SEG_044,2020-03-01,28.16820024298132,3.246845462396034
SEG_044,2020-03-31,30.616244871388414,7.882540978675223
SEG_044,2020-04-30,10.150353514993304,3.2048234914515366
SEG_044,2020-05-30,28.09437780075237,9.20653646472462
SEG_044,2020-06-29,48.80623635402338,7.31095271977197
SEG_044,2020-07-29,46.54710905288775,6.6791296346134095
SEG_044,2020-08-28,15.005227058147325,5.148926014707327
SEG_044,2020-09-27,39.96588345421474,2.1276442779220455
SEG_044,2020-10-27,302.60055350117574,3.910431426794224
SEG_044,2020-11-26,348.9124331349675,6.993357241790168
SEG_044,2020-12-26,342.6813330477674,8.272962833912029
SEG_044,2021-01-25,33.31112970163736,4.548911384432264
SEG_044,2021-02-24,43.184519959766995,2.077161951250262
SEG_044,2021-03-26,5.291636888893386,2.975827160845185
SEG_044,2021-04-25,3.970597828515227,4.563239611712201
SEG_044,2021-05-25,9.24639236464515,2.050507132980722
SEG_044,2021-06-24,49.59902064044607,3.299388610998867
SEG_044,2021-07-24,48.4069521291297,4.0133453775315955
SEG_044,2021-08-23,0.5999471907197129,7.954149584442444
SEG_044,2021-09-22,37.109632347138735,5.843590460446083
SEG_044,2021-10-22,346.1723010228022,8.77185284764845
SEG_044,2021-11-21,349.4881066941658,12.057544299923414
SEG_045,2020-01-01,15.176106553442088,9.641566089023033
SEG_045,2020-01-31,3.3453039649688874,4.58626000321055
SEG_045,2020-03-01,34.2028784075678,5.431979454256699
SEG_045,2020-03-31,20.85002893437067,3.6756479111061537
SEG_045,2020-04-30,9.718888588941027,3.0170627811833555
SEG_045,2020-05-30,25.54802331355518,2.764661275395354
SEG_045,2020-06-29,39.56407896054748,4.209682924265123
SEG_045,2020-07-29,16.001783491931,9.882276553760068
SEG_045,2020-08-28,39.942424932170375,4.259650066389231
SEG_045,2020-09-27,23.246974041982327,9.278452992020831
SEG_045,2020-10-27,308.1450546482505,3.0282854630234066
SEG_045,2020-11-26,319.77688490524827,9.612883723561886
SEG_045,2020-12-26,303.39473267641347,3.2125594080837496
SEG_045,2021-01-25,26.23396717621122,7.134549664838832
SEG_045,2021-02-24,27.884228909099544,2.4198648120702835
SEG_045,2021-03-26,33.513150139081766,2.154045850649293
SEG_045,2021-04-25,35.09121055924424,6.652665727236685
SEG_045,2021-05-25,7.993166087129095,3.6126873346669353
SEG_045,2021-06-24,20.284541027467718,3.4786562986787253
SEG_045,2021-07-24,40.893014633421075,4.887506572233424
SEG_045,2021-08-23,24.979635680763074,7.759536825929386
SEG_045,2021-09-22,3.88370626284566,2.858092718387386
SEG_045,2021-10-22,318.40248823736187,7.1661769265404605
SEG_045,2021-11-21,346.61228205537867,9.866264510187907
SEG_046,2020-01-01,13.656727697725158,2.1804715813920925
SEG_046,2020-01-31,0.663453182861462,9.179264905693156
SEG_046,2020-03-01,34.48376001715255,8.482831418630397
SEG_046,2020-03-31,4.420799984801215,4.938377228752224
SEG_046,2020-04-30,18.605495790945053,9.868102332796878
SEG_046,2020-05-30,46.235953777532536,7.163713125381181
SEG_046,2020-06-29,37.23969465472845,8.808782863541577
SEG_046,2020-07-29,28.773229570701904,4.037737306028918
SEG_046,2020-08-28,26.156051329110518,8.554887198972686
SEG_046,2020-09-27,0.0298060078857576,8.348751960353878
SEG_046,2020-10-27,340.72471752427765,2.1880449066293233
SEG_046,2020-11-26,334.8909257343266,4.401723822544192
SEG_046,2020-12-26,301.5520160107993,7.60505202255234
SEG_046,2021-01-25,1.933578760463095,5.899587199631301
SEG_046,2021-02-24,49.200012337148,2.2747371985240283
SEG_046,2021-03-26,22.2214985896273,6.016580890490608
SEG_046,2021-04-25,14.669473787231391,3.301969470966845
SEG_046,2021-05-25,45.2704981627433,8.179701350731825
SEG_046,2021-06-24,6.960265387594328,7.922851144003685
SEG_046,2021-07-24,23.68290015814336,4.231217648761935
SEG_046,2021-08-23,6.050543868582425,3.2959625772462795
SEG_046,2021-09-22,27.98332908740482,3.8579863430528203
SEG_046,2021-10-22,344.01923224756933,3.0964943361001724
SEG_046,2021-11-21,340.19349778850324,8.168899158661505
SEG_047,2020-01-01,2.983650845427416,5.454968276197248
SEG_047,2020-01-31,30.74478877685513,8.323740751120287
SEG_047,2020-03-01,4.242133239088341,9.13320373159933
SEG_047,2020-03-31,15.407093187935239,9.58796754300069
SEG_047,2020-04-30,4.549384747231033,5.91740429253737
SEG_047,2020-05-30,45.36088155188217,6.528119396642838
SEG_047,2020-06-29,6.963883639218066,8.159272234936486
SEG_047,2020-07-29,31.929767968888257,3.645870602019503
SEG_047,2020-08-28,7.316995879533033,6.8478700561553385
SEG_047,2020-09-27,29.17918034686082,4.216733307309055
SEG_047,2020-10-27,318.06674665217264,8.410398304116129
SEG_047,2020-11-26,328.3283669724613,2.078848785843374
SEG_047,2020-12-26,307.5851447965779,6.429681991584301
SEG_047,2021-01-25,13.486457917671773,5.890056617531972
SEG_047,2021-02-24,28.981878556644634,6.797730675315234
SEG_047,2021-03-26,27.06323108265394,4.173786413975284
SEG_047,2021-04-25,35.17281937500721,6.807628383454069
SEG_047,2021-05-25,23.485651225095644,2.1942078284318542
SEG_047,2021-06-24,45.45940176551708,2.7156872413970436
SEG_047,2021-07-24,42.29512737553317,9.833291970577484
SEG_047,2021-08-23,14.657640509916108,8.86800202345215
SEG_047,2021-09-22,47.6919441919055,9.532070263689455
SEG_047,2021-10-22,340.86448802916095,8.429844768879015
SEG_047,2021-11-21,325.66229545075663,2.1657436788626363
SEG_048,2020-01-01,12.410739869656744,7.121088958144829
SEG_048,2020-01-31,26.2525392571912,9.696839192351892
SEG_048,2020-03-01,40.24193623528505,3.6551440997968356
SEG_048,2020-03-31,21.77687688733341,7.107629403492659
SEG_048,2020-04-30,24.33879166813164,5.730792386108057
SEG_048,2020-05-30,23.25447086594702,5.0924547843364785
SEG_048,2020-06-29,9.673965092875719,9.375882298154686
SEG_048,2020-07-29,39.92555872087406,5.682327768023356
SEG_048,2020-08-28,36.433222051314004,6.530804604646429
SEG_048,2020-09-27,4.659480086294693,5.071116285071362
SEG_048,2020-10-27,312.75739408672837,9.32857008043623
SEG_048,2020-11-26,303.99847651623827,10.676850248079882
SEG_048,2020-12-26,333.2470749789972,11.213673243260283
SEG_048,2021-01-25,46.99700232924335,4.404551595382355
SEG_048,2021-02-24,47.808839845932276,5.714780623029152
SEG_048,2021-03-26,46.420492478788766,2.5305647715905923
SEG_048,2021-04-25,43.955292179360434,5.934886212815971
SEG_048,2021-05-25,4.143918715663192,2.656758909363165
SEG_048,2021-06-24,8.8786535086798,3.0678664023532285
SEG_048,2021-07-24,29.143175140897103,9.905477347344977
SEG_048,2021-08-23,41.5901108133558,4.275558837569713
SEG_048,2021-09-22,33.25042879686002,7.559270171681661
SEG_048,2021-10-22,316.33048251664167,3.9254502332977506
SEG_048,2021-11-21,334.38629035649836,6.634162440255525
SEG_049,2020-01-01,3.3027675185025416,2.251036098070225
SEG_049,2020-01-31,48.33485584981163,5.378787199163724
SEG_049,2020-03-01,7.4083887197172125,9.0737530076707
SEG_049,2020-03-31,18.651194623552193,2.021898454701736
SEG_049,2020-04-30,49.6815534645646,6.899710293208255
SEG_049,2020-05-30,16.630270338771822,5.2586903923344765
SEG_049,2020-06-29,22.463566908501274,4.402260058612417
SEG_049,2020-07-29,19.849009067658486,5.440086069569811
SEG_049,2020-08-28,15.310206178166291,6.801959792573106
SEG_049,2020-09-27,27.253162732758568,3.60205662335225
SEG_049,2020-10-27,320.77878235349857,9.247636343625151
SEG_049,2020-11-26,342.65151431303576,2.026625749682517
SEG_049,2020-12-26,323.2648612971528,2.9767800856376807
SEG_049,2021-01-25,31.01709850295459,9.755376922685493
SEG_049,2021-02-24,17.009038796091907,5.114225673238355
SEG_049,2021-03-26,49.65111231232109,3.814009596974323
SEG_049,2021-04-25,17.771073064625753,9.901299158607735
SEG_049,2021-05-25,5.824694630833527,3.0861624165433525
SEG_049,2021-06-24,14.672565847239932,8.869255310688867
SEG_049,2021-07-24,26.54811641714917,2.6008932887486838
SEG_049,2021-08-23,18.126608101045406,2.7612581237935476
SEG_049,2021-09-22,27.065316555266527,8.874020640829988
SEG_049,2021-10-22,345.9419156901405,5.361369257746188
SEG_049,2021-11-21,327.0982206265967,4.114258000779565
SEG_050,2020-01-01,47.86457785300002,8.910602371838577
SEG_050,2020-01-31,10.550375883749851,7.335058295037814
SEG_050,2020-03-01,21.011209210380642,7.18670091660356
SEG_050,2020-03-31,6.622428711901673,2.32164956515167
SEG_050,2020-04-30,41.49853538581137,2.110079372725238
SEG_050,2020-05-30,22.17058862116923,3.612391522989048
SEG_050,2020-06-29,21.66466953738872,3.2688407934549204
SEG_050,2020-07-29,23.661698321139518,8.101066680526277
SEG_050,2020-08-28,21.90646451145654,3.0678938637462716
SEG_050,2020-09-27,4.941729929973221,8.896019259589542
SEG_050,2020-10-27,346.568581296488,8.846801257943756
SEG_050,2020-11-26,328.3975531687201,7.011684148372367
SEG_050,2020-12-26,328.26078368873226,4.8551000413948255
SEG_050,2021-01-25,28.121763846438885,7.517834369913833
SEG_050,2021-02-24,22.064058750283333,3.085769964500198
SEG_050,2021-03-26,4.674147941475465,9.388537301821083
SEG_050,2021-04-25,37.866319975208064,7.829316735646522
SEG_050,2021-05-25,34.818954150735884,9.477238616758566
SEG_050,2021-06-24,2.2602084027380567,3.4351325151834518
SEG_050,2021-07-24,37.82946947223185,8.088740843510248
SEG_050,2021-08-23,21.017832721965167,2.6786184766541457
SEG_050,2021-09-22,45.04569282086653,6.733463340936604
SEG_050,2021-10-22,341.8345014731275,5.560606317470991
SEG_050,2021-11-21,329.07012593572864,13.372814398677207
SEG_051,2020-01-01,39.9471447342735,3.923863286256865
SEG_051,2020-01-31,41.40550538089501,2.352148498756927
SEG_051,2020-03-01,4.00784415667545,8.081116755118513
SEG_051,2020-03-31,1.5173703743643296,4.579972873027558
SEG_051,2020-04-30,39.37328928368018,7.9877739529993335
SEG_051,2020-05-30,27.288761665212313,3.18354890348603
SEG_051,2020-06-29,18.97226291480451,2.3230653111424253
SEG_051,2020-07-29,26.501761060192656,5.241466783149312
SEG_051,2020-08-28,18.766276437640073,2.3349852295245714
SEG_051,2020-09-27,31.219907022496233,7.089959797448244
SEG_051,2020-10-27,327.78967206002585,6.234317048699034
SEG_051,2020-11-26,338.1926410599366,6.226570406421575
SEG_051,2020-12-26,336.527588705531,5.261129695033236
SEG_051,2021-01-25,4.108413853483378,8.987553539322546
SEG_051,2021-02-24,11.453952908934696,7.406007252278782
SEG_051,2021-03-26,14.530038279660095,6.605675277708274
SEG_051,2021-04-25,16.57756146993289,9.779808946505419
SEG_051,2021-05-25,10.446858767320172,8.120371450420473
SEG_051,2021-06-24,29.992759397157993,6.209691313889623
SEG_051,2021-07-24,16.15100838223233,3.8057408356196367
SEG_051,2021-08-23,23.08565637496856,6.005468062065748
SEG_051,2021-09-22,38.93165082299064,2.8961170047366878
SEG_051,2021-10-22,305.9850472809257,12.798221105810216
SEG_051,2021-11-21,306.15868228332755,6.207691349940805
SEG_052,2020-01-01,30.32841667606107,6.046820708983082
SEG_052,2020-01-31,20.3623965161546,7.977162542513217
SEG_052,2020-03-01,5.8256323435689925,3.0302915827343453
SEG_052,2020-03-31,43.56175987524397,2.21815618194843
SEG_052,2020-04-30,25.453790854771206,3.4672311804437905
SEG_052,2020-05-30,48.15645293904164,2.926628544455773
SEG_052,2020-06-29,26.43039790410372,5.259657981760536
SEG_052,2020-07-29,49.65952506827629,6.6467490021912585
SEG_052,2020-08-28,28.639368945276573,9.54072759306207
SEG_052,2020-09-27,38.05421999887963,8.833617297184603
SEG_052,2020-10-27,338.6149751024091,9.098707277154523
SEG_052,2020-11-26,338.8134390000664,10.438996756327878
SEG_052,2020-12-26,344.58037466947746,7.1354876424067815
SEG_052,2021-01-25,44.92609499024799,6.16166818967599
SEG_052,2021-02-24,45.11242534784341,6.5301427012686135
SEG_052,2021-03-26,27.530697503102523,6.583306215899951
SEG_052,2021-04-25,40.361623290369145,4.509557460040272
SEG_052,2021-05-25,13.59507278578031,9.191951217684869
SEG_052,2021-06-24,49.92217460839111,2.9342715641087453
SEG_052,2021-07-24,18.7595719575183,2.4478900201360947
SEG_052,2021-08-23,29.12312185370315,5.546508946542335
SEG_052,2021-09-22,35.71576846500148,5.592200689639777
SEG_052,2021-10-22,341.3003014304263,14.38263120558698
SEG_052,2021-11-21,348.5148486477392,3.587513995329525
SEG_053,2020-01-01,49.805543161598564,9.261103341834119
SEG_053,2020-01-31,27.305639376281064,9.811464866695715
SEG_053,2020-03-01,2.3892812955569944,8.912982606624873
SEG_053,2020-03-31,26.709090958640953,9.421471604214503
SEG_053,2020-04-30,29.449653825254735,8.618582259559155
SEG_053,2020-05-30,11.693225710793753,5.408164016400786
SEG_053,2020-06-29,37.513561341778654,9.678139074968424
SEG_053,2020-07-29,46.90971914547101,3.8875993430800744
SEG_053,2020-08-28,31.458746399471092,4.62312481843728
SEG_053,2020-09-27,7.5170258926189115,2.5828973962567714
SEG_053,2020-10-27,338.62854453990684,4.148139848424147
SEG_053,2020-11-26,330.2583264901464,7.837094320642892
SEG_053,2020-12-26,336.7712354696281,11.097645077320388
SEG_053,2021-01-25,17.8468934907203,3.432338370995576
SEG_053,2021-02-24,48.1761819176466,2.50784872289948
SEG_053,2021-03-26,7.6957661051470785,8.672704763977976
SEG_053,2021-04-25,39.620261727825415,4.949447336904527
SEG_053,2021-05-25,33.65056221366878,3.343357281660859
SEG_053,2021-06-24,41.32342108161247,6.891099351296655
SEG_053,2021-07-24,27.309104412970946,9.21214311860628
SEG_053,2021-08-23,8.894928885234087,9.560195108851829
SEG_053,2021-09-22,43.02251003363329,9.516635507612303
SEG_053,2021-10-22,316.0220707789018,5.90214704114218
SEG_053,2021-11-21,305.65984469424205,5.8497387527824065
SEG_054,2020-01-01,16.38830721463903,2.857777787244073
SEG_054,2020-01-31,2.289608499428908,9.678401685999084
SEG_054,2020-03-01,30.78593817696426,9.583801209783166
SEG_054,2020-03-31,26.339154525773527,8.85162715715086
SEG_054,2020-04-30,25.321971779880176,8.33836476530373
SEG_054,2020-05-30,16.976810147198957,6.706569756386555
SEG_054,2020-06-29,40.620894243262796,5.424858211599951
SEG_054,2020-07-29,47.923066182591484,3.049023189702659
SEG_054,2020-08-28,31.650256896645885,6.444368406424231
SEG_054,2020-09-27,42.517102021858335,9.923704381981679
SEG_054,2020-10-27,336.93742294001737,3.3416715812230766
SEG_054,2020-11-26,303.1457793438045,8.601448750888064
SEG_054,2020-12-26,308.0075398847301,7.740356657072662
SEG_054,2021-01-25,16.04244308931405,7.974612770873071
SEG_054,2021-02-24,33.48921155255338,5.628586255455779
SEG_054,2021-03-26,34.37414214576353,3.5865695144473495
SEG_054,2021-04-25,28.343730758742065,6.918473614102512
SEG_054,2021-05-25,11.822736224795339,3.332510609930903
SEG_054,2021-06-24,32.23032447063455,7.896919473627806
SEG_054,2021-07-24,30.56064200233328,7.800238199024135
SEG_054,2021-08-23,45.05362979914836,5.748088107093908
SEG_054,2021-09-22,7.461978878110037,8.498566131306923
SEG_054,2021-10-22,327.7105009142106,6.852639723469784
SEG_054,2021-11-21,325.71672773263015,3.477249636459103
SEG_055,2020-01-01,42.759281320217504,6.5908185434779005
SEG_055,2020-01-31,28.85942204575243,8.23376410763632
SEG_055,2020-03-01,9.816630896797196,2.0392998204558594
SEG_055,2020-03-31,10.362280963884496,2.9446337143618395
SEG_055,2020-04-30,20.134814495036572,3.03601985652955
SEG_055,2020-05-30,31.148700694282756,7.837447477226807
SEG_055,2020-06-29,5.181478392195615,8.11488060861832
SEG_055,2020-07-29,49.09919207343245,3.2010246274663956
SEG_055,2020-08-28,37.10560267268987,7.241251111104254
SEG_055,2020-09-27,5.932516657515991,4.203695487425114
SEG_055,2020-10-27,338.9260531053582,2.205164381316055
SEG_055,2020-11-26,335.94204922078086,9.711952154956673
SEG_055,2020-12-26,343.2027586395288,8.622141115581226
SEG_055,2021-01-25,24.819351570467752,9.31365244200304
SEG_055,2021-02-24,8.624125251833403,3.9687802941370736
SEG_055,2021-03-26,1.9365195956898673,2.213163304692312
SEG_055,2021-04-25,25.8425962542848,8.498689337179844
SEG_055,2021-05-25,22.64815647217126,3.972024026744549
SEG_055,2021-06-24,8.749031318055783,7.632517945561027
SEG_055,2021-07-24,6.024818704000806,2.043733437881631
SEG_055,2021-08-23,19.681203528049902,8.58554459505758
SEG_055,2021-09-22,15.530064316496606,4.642653979470589
SEG_055,2021-10-22,329.27823000995517,6.351023898617785
SEG_055,2021-11-21,303.28894120330585,8.27566153836969
SEG_056,2020-01-01,9.93318910272708,6.722537245691856
SEG_056,2020-01-31,2.4552086312403465,5.839135025204294
SEG_056,2020-03-01,45.59848163796158,9.96536455217279
SEG_056,2020-03-31,25.77856237468935,8.558509820942668
SEG_056,2020-04-30,46.54444191676988,9.492101880654552
SEG_056,2020-05-30,7.330294660272757,2.8956536104381554
SEG_056,2020-06-29,48.525410349152295,9.424605929792026
SEG_056,2020-07-29,22.017679725780763,6.054783902990775
SEG_056,2020-08-28,42.10593819205252,5.041999254431074
SEG_056,2020-09-27,29.9950855487631,5.387796137314373
SEG_056,2020-10-27,317.7320622762059,7.7070559929558025
SEG_056,2020-11-26,344.68814052957293,7.527443561149321
SEG_056,2020-12-26,331.999931128758,9.078139758392979
SEG_056,2021-01-25,15.619683694723768,2.5180794265238298
SEG_056,2021-02-24,6.252884864935016,6.0202627758777885
SEG_056,2021-03-26,23.976180013767884,9.924761592598143
SEG_056,2021-04-25,37.834430111281954,7.798166826265165
SEG_056,2021-05-25,44.72212344423846,4.733832132016442
SEG_056,2021-06-24,13.920833077459205,4.416705339884278
SEG_056,2021-07-24,3.1589796655052185,8.044844015856716
SEG_056,2021-08-23,47.82130528522771,7.835886120966169
SEG_056,2021-09-22,31.127375805641694,9.352933787972905
SEG_056,2021-10-22,322.0173315374612,9.442478329343984
SEG_056,2021-11-21,336.1190794404999,12.436184357439364
SEG_057,2020-01-01,26.890873444343477,8.170339140608274
SEG_057,2020-01-31,24.275406452893588,2.393213810013127
SEG_057,2020-03-01,43.25919534041423,8.2841370643991
SEG_057,2020-03-31,21.179534072122863,4.913500159384566
SEG_057,2020-04-30,1.4445667807577,3.046846642644204
SEG_057,2020-05-30,19.82451924406886,4.672016656616357
SEG_057,2020-06-29,39.90959504691002,5.42545586611831
SEG_057,2020-07-29,4.9957350240275815,4.98007416193002
SEG_057,2020-08-28,23.729266445640445,6.130163012860925
SEG_057,2020-09-27,0.680998687068135,8.415312068056888
SEG_057,2020-10-27,326.4380943966018,3.830460532630429
SEG_057,2020-11-26,331.7779005202664,4.947966276609961
SEG_057,2020-12-26,347.5011811660062,2.3771926183364105
SEG_057,2021-01-25,47.22321673987399,3.233310635963366
SEG_057,2021-02-24,21.919418089527774,8.188429200538634
SEG_057,2021-03-26,8.48579772548666,2.582207733257964
SEG_057,2021-04-25,31.76708228676092,2.2656011215813754
SEG_057,2021-05-25,0.5907651170208694,8.862707788993866
SEG_057,2021-06-24,17.267018924988275,3.3779997991832573
SEG_057,2021-07-24,30.138370252974735,3.7395415574512745
SEG_057,2021-08-23,22.82466626180149,6.018713802843829
SEG_057,2021-09-22,34.52999576883406,2.4873669329926393
SEG_057,2021-10-22,304.4770858667224,7.83119511523817
SEG_057,2021-11-21,311.7732913189632,6.544105398198889
SEG_058,2020-01-01,28.903703226538685,9.392984283691115
SEG_058,2020-01-31,5.730716528486313,9.280326010572939
SEG_058,2020-03-01,18.63356731225397,8.374876683529642
SEG_058,2020-03-31,24.12939230962231,5.3691213001631715
SEG_058,2020-04-30,9.927787159880713,8.184757470761845
SEG_058,2020-05-30,3.726643819886238,2.156361276086532
SEG_058,2020-06-29,4.327087368428245,2.722370189671495
SEG_058,2020-07-29,38.621296219011306,5.755470218775133
SEG_058,2020-08-28,31.091503949931415,3.274444901252643
SEG_058,2020-09-27,32.04193580347861,8.252714253328158
SEG_058,2020-10-27,306.32520989413445,14.546144133029905
SEG_058,2020-11-26,348.8888930822385,6.426368168281351
SEG_058,2020-12-26,323.0285322243936,10.655345218824586
SEG_058,2021-01-25,14.016544108056294,6.868413371608859
SEG_058,2021-02-24,44.08207237560425,9.307303600542514
SEG_058,2021-03-26,38.975114563777154,3.0113523604205925
SEG_058,2021-04-25,46.267038473534114,9.187811395059295
SEG_058,2021-05-25,16.4049177942515,7.768955998747278
SEG_058,2021-06-24,6.812486050160898,5.357482378035067
SEG_058,2021-07-24,47.43956851176986,2.731734580765286
SEG_058,2021-08-23,44.005597026504425,7.950945398970086
SEG_058,2021-09-22,0.7352918403608688,9.655848829976732
SEG_058,2021-10-22,307.0424623032841,11.539895804041802
SEG_058,2021-11-21,336.63512285355137,9.674689330125165
SEG_059,2020-01-01,28.07401704191708,6.886190974907976
SEG_059,2020-01-31,12.097828960938417,8.970856900119557
SEG_059,2020-03-01,49.82279362208058,9.127966004584772
SEG_059,2020-03-31,20.294609634207372,3.103197964441306
SEG_059,2020-04-30,19.853294700181394,3.647919867311182
SEG_059,2020-05-30,33.30412059654029,6.8007072866986205
SEG_059,2020-06-29,14.74659692651018,9.539435830425333
SEG_059,2020-07-29,34.93162987399726,2.6652626206033183
SEG_059,2020-08-28,7.895433850560929,5.341446087333354
SEG_059,2020-09-27,34.31968040324767,4.0770373606773935
SEG_059,2020-10-27,327.53722669538763,9.44600262366924
SEG_059,2020-11-26,331.102034902659,9.758677798751737
SEG_059,2020-12-26,334.9364846841633,8.082536654723366
SEG_059,2021-01-25,17.958708608935837,8.07972155511634
SEG_059,2021-02-24,32.206266008027484,5.18226769990879
SEG_059,2021-03-26,23.94909914618501,4.13644705381323
SEG_059,2021-04-25,0.1389542194569493,5.926212099699751
SEG_059,2021-05-25,12.755193609747245,9.190751575896918
SEG_059,2021-06-24,15.385763470467168,8.848091727212006
SEG_059,2021-07-24,27.05069316766629,9.308195973277362
SEG_059,2021-08-23,33.91691421512951,9.661502181010018
SEG_059,2021-09-22,29.6709543976734,6.748773561183573
SEG_059,2021-10-22,318.50219978158293,6.165286015661872
SEG_059,2021-11-21,335.6847128838056,6.405846119291734
SEG_060,2020-01-01,34.319772707686596,6.524347132114371
SEG_060,2020-01-31,34.513369192485534,5.76356143757578
SEG_060,2020-03-01,30.193694255530872,3.727577809522672
SEG_060,2020-03-31,2.6710222130106875,2.767795860494907
SEG_060,2020-04-30,11.431923186507175,7.2998828855463485
SEG_060,2020-05-30,21.07300906402546,9.627890524659067
SEG_060,2020-06-29,46.85523089557667,7.567028412179213
SEG_060,2020-07-29,38.84230470631422,3.0451422037683793
SEG_060,2020-08-28,41.40884035824625,5.655344454026154
SEG_060,2020-09-27,44.17301968222658,7.486301778452408
SEG_060,2020-10-27,313.18353237507546,8.737174866519027
SEG_060,2020-11-26,325.0543605744381,4.935139918676781
SEG_060,2020-12-26,346.4930777076526,7.672901366372582
SEG_060,2021-01-25,48.98482829196273,7.4788624826770755
SEG_060,2021-02-24,6.734481615513515,9.056513597609001
SEG_060,2021-03-26,13.327752677167254,3.2104446352369695
SEG_060,2021-04-25,46.51525780840363,3.1801512622517363
SEG_060,2021-05-25,6.698895141543976,9.72555005326305
SEG_060,2021-06-24,40.76182620031181,8.471334498496313
SEG_060,2021-07-24,36.38821035266083,9.329100828756626
SEG_060,2021-08-23,31.786391636544298,9.5759155273061
SEG_060,2021-09-22,3.1791070218786635,3.6689739171233633
SEG_060,2021-10-22,315.31747486742046,2.7003068813542095
SEG_060,2021-11-21,311.97645627466824,5.625602654821619
SEG_061,2020-01-01,12.390618694066452,9.178084978903124
SEG_061,2020-01-31,11.300273650977694,9.68840443536403
SEG_061,2020-03-01,18.418016929138247,6.391862359442361
SEG_061,2020-03-31,39.875523917620875,4.078092710200505
SEG_061,2020-04-30,26.45183816959043,8.373061081256694
SEG_061,2020-05-30,5.573755979037781,9.288213912364565
SEG_061,2020-06-29,32.45385792819559,7.2662823786785316
SEG_061,2020-07-29,5.995754683547699,2.211758053554017
SEG_061,2020-08-28,45.421655861691505,3.5876758767141776
SEG_061,2020-09-27,42.797259794413925,8.272744253047183
SEG_061,2020-10-27,338.5428912247276,10.541551543881859
SEG_061,2020-11-26,339.0929350085701,3.804014750075498
SEG_061,2020-12-26,330.35671468743465,8.303297576880986
SEG_061,2021-01-25,47.60751009867587,9.843872460938812
SEG_061,2021-02-24,35.37257342116714,4.09710696543052
SEG_061,2021-03-26,7.63831330151647,9.618272314154256
SEG_061,2021-04-25,35.8677453606154,7.320032417226577
SEG_061,2021-05-25,32.80448580134993,9.201745414114672
SEG_061,2021-06-24,24.588815225578735,2.836331118802616
SEG_061,2021-07-24,10.987577130931747,5.082934270770238
SEG_061,2021-08-23,39.537707893604,2.360263428779371
SEG_061,2021-09-22,45.91559979067386,4.737767298814553
SEG_061,2021-10-22,309.24313815690505,10.817283022608049
SEG_061,2021-11-21,304.4902694037822,4.45984799106667
SEG_062,2020-01-01,24.52747482552989,5.870981826265108
SEG_062,2020-01-31,26.738257937743303,5.801234581991931
SEG_062,2020-03-01,4.58477572722929,8.159707151784374
SEG_062,2020-03-31,3.4626541107791784,8.737319232435166
SEG_062,2020-04-30,21.043244737449875,6.4900992193381315
SEG_062,2020-05-30,40.81078700769927,5.085255377920054
SEG_062,2020-06-29,36.95573895652626,9.800411955857253
SEG_062,2020-07-29,10.294432584026964,7.557771943268879
SEG_062,2020-08-28,42.666268465673014,6.912652152179532
SEG_062,2020-09-27,16.520379019424038,4.093801788965403
SEG_062,2020-10-27,329.4544131474898,8.023851967302617
SEG_062,2020-11-26,333.8010817158116,12.259061318612588
SEG_062,2020-12-26,326.6589301238005,8.164296202798894
SEG_062,2021-01-25,5.757176451541951,5.829897568326218
SEG_062,2021-02-24,42.957175440246615,3.005287530260822
SEG_062,2021-03-26,7.071757278307844,7.898373715558147
SEG_062,2021-04-25,29.117513946213503,7.024035553785611
SEG_062,2021-05-25,14.917231794131014,4.074999254689392
SEG_062,2021-06-24,7.878566508288731,7.3659880602873375
SEG_062,2021-07-24,28.972278317691835,6.035477563229293
SEG_062,2021-08-23,44.85931960525672,6.55264692666265
SEG_062,2021-09-22,13.174798037232321,9.948375942560427
SEG_062,2021-10-22,314.01654609371883,5.126747568746832
SEG_062,2021-11-21,306.8146087289757,3.0755363899582058
SEG_063,2020-01-01,46.64073393336873,2.085649337621902
SEG_063,2020-01-31,2.8025020205385607,9.53249704262683
SEG_063,2020-03-01,2.3333356257735915,6.321470099449462
SEG_063,2020-03-31,39.85343431398375,4.3413926394056785
SEG_063,2020-04-30,45.86721378426517,7.137544908288854
SEG_063,2020-05-30,27.081199447583405,6.294583491825888
SEG_063,2020-06-29,29.24666396600794,7.504740735485679
SEG_063,2020-07-29,38.47104867565952,2.6104731437223645
SEG_063,2020-08-28,40.36712084644034,7.941978252779886
SEG_063,2020-09-27,29.913211670164237,4.820174223397315
SEG_063,2020-10-27,345.26580180683357,9.562771581876898
SEG_063,2020-11-26,334.25496064532877,4.085384642547524
SEG_063,2020-12-26,322.1409309197996,14.238748540491692
SEG_063,2021-01-25,30.69248336669674,5.020185277816965
SEG_063,2021-02-24,31.733041874294216,3.6736245846723508
SEG_063,2021-03-26,7.680547988987291,5.346886878046596
SEG_063,2021-04-25,3.566793472536023,9.392484418433032
SEG_063,2021-05-25,36.0100775258109,3.2333546069712993
SEG_063,2021-06-24,32.31535653353601,6.409798701980259
SEG_063,2021-07-24,7.851696038332706,8.551376381061447
SEG_063,2021-08-23,26.91632030667875,8.95784160109998
SEG_063,2021-09-22,15.465194355257527,4.44475762546519
SEG_063,2021-10-22,341.59541514280374,6.166247804599537
SEG_063,2021-11-21,314.80971487555803,3.4423407978888187
SEG_064,2020-01-01,36.63694615870622,9.501287252371306
SEG_064,2020-01-31,48.83821145183081,4.221480642281014
SEG_064,2020-03-01,34.40944468420969,3.344732028617285
SEG_064,2020-03-31,16.331873018150446,3.4356834453435416
SEG_064,2020-04-30,38.91767060926379,8.138450957027953
SEG_064,2020-05-30,44.476769569072545,9.056113056664508
SEG_064,2020-06-29,44.16364119615627,9.707800599475563
SEG_064,2020-07-29,9.493595792000193,7.310592085471241
SEG_064,2020-08-28,36.85865610841163,7.826583257683415
SEG_064,2020-09-27,21.12459680271061,7.033197326859931
SEG_064,2020-10-27,323.35444413375063,5.556757447512298
SEG_064,2020-11-26,333.0370577042843,3.425560637380137
SEG_064,2020-12-26,343.49388046335497,11.597969164218483
SEG_064,2021-01-25,31.413728980892124,2.072259710073249
SEG_064,2021-02-24,49.850793668818774,2.503433094291081
SEG_064,2021-03-26,30.890346635359606,6.567828612579502
SEG_064,2021-04-25,47.18619459491735,4.746901464835279
SEG_064,2021-05-25,8.333264538229008,7.120077879117111
SEG_064,2021-06-24,14.493899253337434,6.814634496076811
SEG_064,2021-07-24,9.497694624563312,7.325803149014585
SEG_064,2021-08-23,17.381649246809644,9.87398397120796
SEG_064,2021-09-22,20.16485299982969,6.737390988385947
SEG_064,2021-10-22,321.9137459914192,6.330898443756487
SEG_064,2021-11-21,320.7222695939939,7.14191244862353
SEG_065,2020-01-01,24.197398228294674,7.32212122338677
SEG_065,2020-01-31,45.508059614968666,6.8902546523425885
SEG_065,2020-03-01,31.760113555012747,7.279252129488897
SEG_065,2020-03-31,16.31287938755842,2.7711112408699483
SEG_065,2020-04-30,41.44497359613059,9.195766544099572
SEG_065,2020-05-30,32.004625403577975,7.066458640689286
SEG_065,2020-06-29,8.54845947807455,6.67564747742375
SEG_065,2020-07-29,3.328005617387264,4.687905962242898
SEG_065,2020-08-28,17.83110043867575,3.1291685877777997
SEG_065,2020-09-27,28.553803436257812,3.5955103790734686
SEG_065,2020-10-27,339.37576527470634,7.507046711506798
SEG_065,2020-11-26,303.4158689352223,13.355231116657752
SEG_065,2020-12-26,316.335736524959,7.2871506340925025
SEG_065,2021-01-25,14.62686817318809,8.954852246136422
SEG_065,2021-02-24,19.802688858118543,6.701286173141074
SEG_065,2021-03-26,5.608276668274481,6.25812784407004
SEG_065,2021-04-25,20.479937517483204,6.176537769467197
SEG_065,2021-05-25,36.20985726185932,6.662711404008397
SEG_065,2021-06-24,37.09486280052434,8.740696167489038
SEG_065,2021-07-24,14.961986440724234,6.323583256455149
SEG_065,2021-08-23,40.54425921249447,8.319260493867151
SEG_065,2021-09-22,10.496002259911263,6.022219916684568
SEG_065,2021-10-22,328.82188708013166,9.100063730541835
SEG_065,2021-11-21,318.5203262849237,3.1824556923075917
SEG_066,2020-01-01,38.44011010085587,7.351487655545289
SEG_066,2020-01-31,42.641563927197915,9.878070978779231
SEG_066,2020-03-01,42.77926292355674,7.73743087786537
SEG_066,2020-03-31,24.80946749658941,5.0329171870664355
SEG_066,2020-04-30,35.21572537985235,7.013050635687315
SEG_066,2020-05-30,43.03870886036529,8.56329085681281
SEG_066,2020-06-29,6.701196297377033,6.06446480220637
SEG_066,2020-07-29,14.749263292956789,6.169920091760564
SEG_066,2020-08-28,31.730299775169662,3.6379016837335882
SEG_066,2020-09-27,6.768445853298511,9.841033709883284
SEG_066,2020-10-27,326.4434273373253,6.632092906827731
SEG_066,2020-11-26,343.0133531267986,12.013569412540795
SEG_066,2020-12-26,348.0458164031077,2.8950866374777924
SEG_066,2021-01-25,48.39176141650164,8.448352787065254
SEG_066,2021-02-24,10.41322931298897,6.031014368534486
SEG_066,2021-03-26,38.04904687214506,5.596056998606
SEG_066,2021-04-25,48.4662313100666,3.4903176751703677
SEG_066,2021-05-25,30.560655159819945,7.793289402268699
SEG_066,2021-06-24,28.251307537813286,3.276488260669862
SEG_066,2021-07-24,37.53264258691961,6.35188913059938
SEG_066,2021-08-23,3.9064310460745433,5.968071332095975
SEG_066,2021-09-22,2.580884857269389,3.5393512431072445
SEG_066,2021-10-22,307.572321511446,2.2811833042977767
SEG_066,2021-11-21,300.4988198499993,5.718770711171393
SEG_067,2020-01-01,22.573550109440525,3.281981652589094
SEG_067,2020-01-31,41.181371083068036,4.529706828006432
SEG_067,2020-03-01,0.3144332970634711,4.0546825710769445
SEG_067,2020-03-31,32.3972897221563,2.1231740202945906
SEG_067,2020-04-30,41.16464199352175,8.382690420303945
SEG_067,2020-05-30,3.945140410790471,5.724949515025489
SEG_067,2020-06-29,1.85276908107595,2.8461495701253785
SEG_067,2020-07-29,14.276788656602363,6.853202450414523
SEG_067,2020-08-28,45.39273009064481,6.001599104733401
SEG_067,2020-09-27,14.578796036433882,8.770966206029282
SEG_067,2020-10-27,330.39647264851175,7.842898048479988
SEG_067,2020-11-26,311.20007208514374,9.723713608252051
SEG_067,2020-12-26,307.41921993576733,2.116358540015197
SEG_067,2021-01-25,20.1653061261166,3.9141815658654986
SEG_067,2021-02-24,47.74724873001649,8.803157811900691
SEG_067,2021-03-26,38.66671866818132,7.814045516242452
SEG_067,2021-04-25,27.380658472052737,5.840231239794191
SEG_067,2021-05-25,4.839053646852265,8.680261149663837
SEG_067,2021-06-24,37.96147911747214,9.70282201795911
SEG_067,2021-07-24,1.4985663616946698,4.573213122788776
SEG_067,2021-08-23,6.897408987207915,9.04987660908475
SEG_067,2021-09-22,38.35289563573374,9.745167851515328
SEG_067,2021-10-22,345.6371353412088,7.0973878485524065
SEG_067,2021-11-21,347.52088827620787,11.413283747507304
SEG_068,2020-01-01,23.232413307433962,3.383144332114653
SEG_068,2020-01-31,8.78905177135163,9.868873530869454
SEG_068,2020-03-01,24.887924542810218,5.435065772248875
SEG_068,2020-03-31,8.885217790988703,3.154612539915407
SEG_068,2020-04-30,37.176084443386486,7.007372199477883
SEG_068,2020-05-30,47.01006275335338,8.054898387286471
SEG_068,2020-06-29,17.554119576469922,7.590319799373845
SEG_068,2020-07-29,42.81296277206733,4.156499969369585
SEG_068,2020-08-28,25.512994566302023,6.004788372851926
SEG_068,2020-09-27,18.92018487590691,3.2188830344363613
SEG_068,2020-10-27,348.49482789623346,7.279398482498906
SEG_068,2020-11-26,323.17996555904955,7.0201716337904045
SEG_068,2020-12-26,313.8613721678728,8.410966004119839
SEG_068,2021-01-25,43.90813275093956,4.488016676668722
SEG_068,2021-02-24,0.2095642774535833,9.567744686586705
SEG_068,2021-03-26,22.33609056128516,8.624575709833305
SEG_068,2021-04-25,5.346891190935837,7.518870800517916
SEG_068,2021-05-25,38.02798091906861,9.519253990338953
SEG_068,2021-06-24,16.432837719967846,4.917268629149467
SEG_068,2021-07-24,33.799785698662824,8.696967807033097
SEG_068,2021-08-23,34.51297078728143,2.8885455595968503
SEG_068,2021-09-22,6.030723279518568,3.583723872015754
SEG_068,2021-10-22,335.8159015137855,4.930691229365952
SEG_068,2021-11-21,348.2004382409986,3.2981541139053023
SEG_069,2020-01-01,17.825365463753496,5.495445288404449
SEG_069,2020-01-31,41.93647817022066,9.157192963253962
SEG_069,2020-03-01,44.63940180158982,3.2523259688657102
SEG_069,2020-03-31,0.5109449108793462,9.30299777431112
SEG_069,2020-04-30,18.236420588065183,8.460342032570061
SEG_069,2020-05-30,4.673619942046797,4.606813074176071
SEG_069,2020-06-29,47.957810432567996,4.560458390263238
SEG_069,2020-07-29,6.699320388663637,6.738202653653383
SEG_069,2020-08-28,11.354137485605476,5.066819132498549
SEG_069,2020-09-27,22.077147328013787,2.2185317552502486
SEG_069,2020-10-27,336.1330047477787,3.732104247671522
SEG_069,2020-11-26,322.9509374766495,3.448543154199281
SEG_069,2020-12-26,315.0128692377477,2.3655459552225393
SEG_069,2021-01-25,16.91286534378149,7.813033077030768
SEG_069,2021-02-24,20.321848577231478,7.374575417881168
SEG_069,2021-03-26,12.985412033657145,4.774825083506511
SEG_069,2021-04-25,21.45321516377655,4.058979021102885
SEG_069,2021-05-25,12.734552531981919,5.490673533114098
SEG_069,2021-06-24,22.77208333039385,3.6499363887466414
SEG_069,2021-07-24,30.337364271540938,9.74969604562639
SEG_069,2021-08-23,1.619096985011137,3.4057713711259936
SEG_069,2021-09-22,28.431944845137537,6.396744371289859
SEG_069,2021-10-22,344.17690369749783,8.075785697658468
SEG_069,2021-11-21,309.91422541762836,3.477997208432485
SEG_070,2020-01-01,11.114620029145,6.502573134452779
SEG_070,2020-01-31,10.949191353529725,6.837690187982698
SEG_070,2020-03-01,2.387900016630118,9.799521671080832
SEG_070,2020-03-31,15.186119957230131,9.817843926275312
SEG_070,2020-04-30,37.409184312508145,9.949738464557406
SEG_070,2020-05-30,8.295197481725648,8.173177842960019
SEG_070,2020-06-29,44.93761291983628,4.78796726209631
SEG_070,2020-07-29,48.6712720466329,2.9081768165941098
SEG_070,2020-08-28,28.013106914176433,7.561140822372899
SEG_070,2020-09-27,26.870181793962526,4.774556968470254
SEG_070,2020-10-27,339.0037873139008,8.010854756739391
SEG_070,2020-11-26,315.44950030296974,4.973562078348111
SEG_070,2020-12-26,304.88944559766236,3.0595126855857053
SEG_070,2021-01-25,33.38898973652982,6.069567539069372
SEG_070,2021-02-24,28.554094803739893,3.2667135393527005
SEG_070,2021-03-26,17.731286589031324,4.542360430603453
SEG_070,2021-04-25,23.049774258476212,3.117260471637745
SEG_070,2021-05-25,39.894750593381325,4.570688647056339
SEG_070,2021-06-24,41.47574066168856,3.5861941553141126
SEG_070,2021-07-24,35.82058233875844,7.324097352614171
SEG_070,2021-08-23,48.633026247783576,4.565112096039696
SEG_070,2021-09-22,15.257178218654454,3.733651749030562
SEG_070,2021-10-22,326.6641818670001,4.8213500219187795
SEG_070,2021-11-21,332.3059540289314,2.7251173765111947
SEG_071,2020-01-01,6.718943793292842,5.188015341773434
SEG_071,2020-01-31,0.938152789017721,3.8527945646359463
SEG_071,2020-03-01,4.342174883796907,6.735089911353158
SEG_071,2020-03-31,46.1734439004538,7.986898387550432
SEG_071,2020-04-30,11.4134585347134,3.3877132058075183
SEG_071,2020-05-30,0.6215403388865726,9.49485276893164
SEG_071,2020-06-29,45.76965933623381,3.5730191743234805
SEG_071,2020-07-29,12.550392972083824,4.338539909127995
SEG_071,2020-08-28,41.79467217856306,5.955314077122363
SEG_071,2020-09-27,24.810512799105886,3.7521943610112807
SEG_071,2020-10-27,338.63554356100644,4.95778499515994
SEG_071,2020-11-26,332.6418478086918,9.834022817449473
SEG_071,2020-12-26,316.0643543229363,6.719731009209506
SEG_071,2021-01-25,36.85196008304627,4.348800135977803
SEG_071,2021-02-24,42.80695481278103,9.027762139775621
SEG_071,2021-03-26,32.95607838665494,9.058144372344422
SEG_071,2021-04-25,0.5546487037356773,6.13618554520997
SEG_071,2021-05-25,44.97126379478908,3.823148948305123
SEG_071,2021-06-24,35.04215210357996,9.101312154815407
SEG_071,2021-07-24,38.55486792024252,5.616975695376708
SEG_071,2021-08-23,15.233996391198524,8.50565184170961
SEG_071,2021-09-22,1.095364929676984,7.3659654043198
SEG_071,2021-10-22,320.07363613053934,12.78630795733821
SEG_071,2021-11-21,309.582892784292,8.476676021827256
SEG_072,2020-01-01,38.63075070242689,3.867043344000015
SEG_072,2020-01-31,35.8981649188161,6.73086723897232
SEG_072,2020-03-01,14.113849162605602,8.200699363087463
SEG_072,2020-03-31,30.362908739783588,3.299248633300662
SEG_072,2020-04-30,41.1013021098006,2.602757481688762
SEG_072,2020-05-30,44.151409583240685,6.221631501907012
SEG_072,2020-06-29,32.70244729183697,2.745228965793107
SEG_072,2020-07-29,10.179354262012176,6.105419852084152
SEG_072,2020-08-28,32.56409945715918,8.163153725623037
SEG_072,2020-09-27,28.247344934884723,7.132687488010278
SEG_072,2020-10-27,308.57452519230884,5.77798285520938
SEG_072,2020-11-26,321.0639615336874,7.380142682871517
SEG_072,2020-12-26,324.2276485636794,2.0469574380649913
SEG_072,2021-01-25,4.5012388150349025,9.408268461001521
SEG_072,2021-02-24,18.836126345777952,8.088360515168864
SEG_072,2021-03-26,21.245713627279617,6.009857282274916
SEG_072,2021-04-25,43.85905485557818,6.080166372465154
SEG_072,2021-05-25,48.0365105447073,3.8465686695508676
SEG_072,2021-06-24,24.23009349695988,9.29096823068377
SEG_072,2021-07-24,0.5539817302791961,5.335623049626061
SEG_072,2021-08-23,32.865214281201716,3.2345594518177325
SEG_072,2021-09-22,35.50577815451928,5.60751847093791
SEG_072,2021-10-22,340.6549234863443,2.765165169678367
SEG_072,2021-11-21,302.4835171745611,9.831109861029645
SEG_073,2020-01-01,10.886357836618643,2.9456701884676617
SEG_073,2020-01-31,41.64116258597442,5.069955485887687
SEG_073,2020-03-01,16.841680866349794,3.85702002233149
SEG_073,2020-03-31,28.41925171768854,9.814119984345645
SEG_073,2020-04-30,12.300244952718742,9.481941402124056
SEG_073,2020-05-30,38.56220107167202,8.796592882074428
SEG_073,2020-06-29,15.787427071638488,5.23763353210289
SEG_073,2020-07-29,33.162045173100616,9.727985444366247
SEG_073,2020-08-28,14.913499255389867,3.4707879311063925
SEG_073,2020-09-27,20.799140209705147,3.0293663605729853
SEG_073,2020-10-27,331.4937468745247,14.819656367237457
SEG_073,2020-11-26,319.1763330968416,14.77280427550037
SEG_073,2020-12-26,341.7583906843855,4.08457626529029
SEG_073,2021-01-25,0.5653957232207796,3.9666396315253207
SEG_073,2021-02-24,27.29658490032379,3.425688569631272
SEG_073,2021-03-26,27.199408246086136,5.194721560745996
SEG_073,2021-04-25,48.541307040041495,5.057092266230854
SEG_073,2021-05-25,14.999052607881685,8.800033630172313
SEG_073,2021-06-24,29.82904321260288,2.328210173788544
SEG_073,2021-07-24,9.984607875626327,8.849270874885828
SEG_073,2021-08-23,5.965243693976991,6.751996794712411
SEG_073,2021-09-22,23.87035263775772,4.181094548902419
SEG_073,2021-10-22,303.99641299389043,8.00572020194074
SEG_073,2021-11-21,306.6135260733886,10.259561430204032
SEG_074,2020-01-01,22.421217711991687,3.728654617479415
SEG_074,2020-01-31,36.5467017631612,9.09679541832632
SEG_074,2020-03-01,2.93511294033158,7.9262394450460425
SEG_074,2020-03-31,29.872790488104556,3.850121728030927
SEG_074,2020-04-30,40.73637796473591,5.943973477747724
SEG_074,2020-05-30,14.26566463922294,4.635021342344824
SEG_074,2020-06-29,42.26341220847895,8.096712489734369
SEG_074,2020-07-29,0.6035805622986445,9.756059754587271
SEG_074,2020-08-28,46.07527867187002,2.1282834488798272
SEG_074,2020-09-27,31.740419175895934,2.7213290585971137
SEG_074,2020-10-27,316.31986286773935,5.538701091239907
SEG_074,2020-11-26,302.72071187172753,12.78145542503804
SEG_074,2020-12-26,320.23078671870246,3.7184646385720486
SEG_074,2021-01-25,0.3457786046919653,7.493318228048528
SEG_074,2021-02-24,32.11945187310189,6.509295593834435
SEG_074,2021-03-26,6.6630710699905835,6.524179279702394
SEG_074,2021-04-25,23.009466519974936,6.938492110935821
SEG_074,2021-05-25,2.3367047818976197,3.9063877872234887
SEG_074,2021-06-24,10.62089091596281,4.375379472651721
SEG_074,2021-07-24,34.50217781294007,3.014701837104508
SEG_074,2021-08-23,41.61691382279532,8.308819370528816
SEG_074,2021-09-22,10.917196498718868,9.51386756154491
SEG_074,2021-10-22,327.9255845999368,2.418879582765114
SEG_074,2021-11-21,339.5542702481372,4.380089385981832
SEG_075,2020-01-01,21.484996315243265,3.2792082437153693
SEG_075,2020-01-31,13.118607530692316,5.292984350259811
SEG_075,2020-03-01,33.969556720705796,7.988492880720818
SEG_075,2020-03-31,15.74970327834323,4.508661569011571
SEG_075,2020-04-30,29.523880130521917,9.145506345093608
SEG_075,2020-05-30,14.415832073384848,9.462285002436294
SEG_075,2020-06-29,29.578918953302896,6.248436314058244
SEG_075,2020-07-29,42.362237167876884,8.194809943508325
SEG_075,2020-08-28,19.396642044989964,2.3958071699392596
SEG_075,2020-09-27,43.49202102740775,4.168148958171308
SEG_075,2020-10-27,300.1853651763186,6.967163911943438
SEG_075,2020-11-26,304.94782269697436,4.5812121842103375
SEG_075,2020-12-26,317.9236962975813,5.948259672645632
SEG_075,2021-01-25,26.54772432738397,3.062339323232778
SEG_075,2021-02-24,29.43642087713716,5.778475459394059
SEG_075,2021-03-26,41.029111843538274,8.938103797548804
SEG_075,2021-04-25,20.560611807094194,3.3868677643073886
SEG_075,2021-05-25,33.39867129116744,2.096927916042911
SEG_075,2021-06-24,16.831767927867407,3.2228525611900487
SEG_075,2021-07-24,34.56508014058433,4.393240987530775
SEG_075,2021-08-23,38.06341795195147,2.3612591111872083
SEG_075,2021-09-22,45.56737859936288,6.80371689647181
SEG_075,2021-10-22,333.2493947669254,5.769319908958837
SEG_075,2021-11-21,326.13404159308766,3.271735262958204
SEG_076,2020-01-01,10.989154937980794,9.768592351168408
SEG_076,2020-01-31,10.489348358905676,8.794452248942266
SEG_076,2020-03-01,26.48155313854029,9.148180234326661
SEG_076,2020-03-31,29.68599007873817,2.1872286160924546
SEG_076,2020-04-30,44.19517337205365,3.823991922827145
SEG_076,2020-05-30,22.40104975388527,7.368790560279606
SEG_076,2020-06-29,26.24156589708996,9.910663355502077
SEG_076,2020-07-29,2.9039068362959997,6.648247081190344
SEG_076,2020-08-28,26.25618130820026,8.88995642397133
SEG_076,2020-09-27,31.60174185399882,4.669917091025575
SEG_076,2020-10-27,325.53717783354824,3.0705208072352015
SEG_076,2020-11-26,306.5977585388147,5.8483810889325
SEG_076,2020-12-26,330.3735971086175,5.632971341688647
SEG_076,2021-01-25,9.55044602540106,4.83450589719516
SEG_076,2021-02-24,31.60628081959042,7.450764467964034
SEG_076,2021-03-26,35.545417227658625,4.241253510916681
SEG_076,2021-04-25,5.120136496626859,3.2190750799303647
SEG_076,2021-05-25,26.690750793270944,2.5971822585853683
SEG_076,2021-06-24,31.378153065968156,4.85728397526453
SEG_076,2021-07-24,47.68894214114663,8.515228213170108
SEG_076,2021-08-23,18.30257417746112,7.6513478110430535
SEG_076,2021-09-22,28.246743541161106,2.709825893129511
SEG_076,2021-10-22,303.4486284665727,4.775675810982513
SEG_076,2021-11-21,312.73040599702904,3.413487835356917
SEG_077,2020-01-01,47.41522936581148,9.180478761529017
SEG_077,2020-01-31,13.672870646285384,5.836101733839748
SEG_077,2020-03-01,35.948277957524574,3.0029994568833427
SEG_077,2020-03-31,37.4550644418486,6.601103766322672
SEG_077,2020-04-30,20.69314697217471,9.620372002003165
SEG_077,2020-05-30,34.002468622829156,9.830786718140853
SEG_077,2020-06-29,37.0184697270935,2.7502987667532546
SEG_077,2020-07-29,42.917341496967474,2.501336899871898
SEG_077,2020-08-28,6.4120342506505725,3.745482269912026
SEG_077,2020-09-27,34.265455021959404,5.0050327688937095
SEG_077,2020-10-27,337.1475550538233,4.6761804427668485
SEG_077,2020-11-26,309.0283969541807,9.284839721676331
SEG_077,2020-12-26,334.331887022481,4.3392857062971375
SEG_077,2021-01-25,43.74242860384422,2.0646178298898477
SEG_077,2021-02-24,2.988727055454726,7.784693282646551
SEG_077,2021-03-26,31.565366724090538,9.562308537971242
SEG_077,2021-04-25,22.70707593819109,2.4230323080149976
SEG_077,2021-05-25,8.960292751613535,7.944367837677952
SEG_077,2021-06-24,0.943344337970059,4.611527437896277
SEG_077,2021-07-24,36.92676707685866,6.531118401388377
SEG_077,2021-08-23,49.560690045176486,3.856857470814046
SEG_077,2021-09-22,3.7762824870168354,8.065317404731186
SEG_077,2021-10-22,307.91619317354895,7.863499259811929
SEG_077,2021-11-21,321.409839687143,2.039812217549243
SEG_078,2020-01-01,12.125148354741894,7.294968102744127
SEG_078,2020-01-31,47.99080170850611,4.967410493735916
SEG_078,2020-03-01,20.827784171882683,4.401170438839578
SEG_078,2020-03-31,46.19019730563609,5.150453474182023
SEG_078,2020-04-30,44.411322600798265,7.983501330008605
SEG_078,2020-05-30,22.88332874454978,7.158890408148893
SEG_078,2020-06-29,21.458295079451428,7.3500470863432374
SEG_078,2020-07-29,39.36638893830516,2.617311681227717
SEG_078,2020-08-28,1.1560713861520522,8.451224458707525
SEG_078,2020-09-27,27.694522181092186,7.692628027146994
SEG_078,2020-10-27,339.14986132579327,5.536172532848154
SEG_078,2020-11-26,345.85805453954066,8.530039346089834
SEG_078,2020-12-26,333.24718888101125,14.947806815372083
SEG_078,2021-01-25,44.45033950757381,3.7935711275607833
SEG_078,2021-02-24,28.38432401479481,4.176869257174825
SEG_078,2021-03-26,10.255924968793039,7.485209123708723
SEG_078,2021-04-25,10.82550623927162,2.5913074609026614
SEG_078,2021-05-25,15.577526262461088,9.191667909783177
SEG_078,2021-06-24,48.2408188552982,9.009368158629204
SEG_078,2021-07-24,7.796816899036296,2.4793097501712955
SEG_078,2021-08-23,19.107878975108516,2.638699848885863
SEG_078,2021-09-22,42.379793829066074,2.1297907231067876
SEG_078,2021-10-22,326.6808850539388,8.808675148010309
SEG_078,2021-11-21,314.72820150114086,5.429626297207015
SEG_079,2020-01-01,7.5875878777244665,4.786808746097021
SEG_079,2020-01-31,20.32599767590594,4.026167202839181
SEG_079,2020-03-01,40.43630363978616,9.473897856926126
SEG_079,2020-03-31,29.89421457831029,9.8492932354423
SEG_079,2020-04-30,25.243288761468115,9.092101582625183
SEG_079,2020-05-30,43.698237466810255,5.811287523660382
SEG_079,2020-06-29,21.048965625891796,3.4402609622882014
SEG_079,2020-07-29,33.61579078135763,9.906203685521835
SEG_079,2020-08-28,8.066888205709677,3.834947773386552
SEG_079,2020-09-27,29.77477360410997,2.2555982471280585
SEG_079,2020-10-27,317.3514636855624,2.2376100317265193
SEG_079,2020-11-26,300.38278951926,9.435847368042507
SEG_079,2020-12-26,327.0224701677239,13.811898474263424
SEG_079,2021-01-25,38.10562324171461,8.087603623055823
SEG_079,2021-02-24,25.49696962316881,6.44372427024474
SEG_079,2021-03-26,29.25914107751433,2.9232695500632753
SEG_079,2021-04-25,0.6870393898101457,8.514569600339751
SEG_079,2021-05-25,36.8285387756909,8.672924603170266
SEG_079,2021-06-24,2.4235469805103884,4.652475680135406
SEG_079,2021-07-24,33.19410739844246,2.5528969346786097
SEG_079,2021-08-23,42.44397595441701,4.3660877507539535
SEG_079,2021-09-22,45.04770645891586,3.3928712137098227
SEG_079,2021-10-22,305.40061828778244,6.276617487551961
SEG_079,2021-11-21,322.608919837115,8.91329467277225
SEG_080,2020-01-01,2.3045067785434914,2.162046427228952
SEG_080,2020-01-31,6.941727857746294,3.048175694134402
SEG_080,2020-03-01,23.741953022196093,9.924142052782345
SEG_080,2020-03-31,39.01175109208414,8.57058890809368
SEG_080,2020-04-30,24.36067837653779,6.829622510778556
SEG_080,2020-05-30,14.038648344581523,5.937835279940982
SEG_080,2020-06-29,38.98180288975265,7.815650511014546
SEG_080,2020-07-29,14.481265262176146,7.871335106369248
SEG_080,2020-08-28,33.504000474274065,9.792279511627747
SEG_080,2020-09-27,8.006048781340686,2.6923243296961115
SEG_080,2020-10-27,323.9230214156447,6.376755754932919
SEG_080,2020-11-26,329.28868575219525,2.5728985589149413
SEG_080,2020-12-26,315.5784521969278,2.172587575915002
SEG_080,2021-01-25,34.86457097275167,3.657432624292446
SEG_080,2021-02-24,5.164075080636421,7.272887203320515
SEG_080,2021-03-26,13.739544774330753,8.966385545154443
SEG_080,2021-04-25,40.27410713750866,5.902814041559618
SEG_080,2021-05-25,30.679752852492655,9.81942262713508
SEG_080,2021-06-24,20.33980027790155,3.1047183462918646
SEG_080,2021-07-24,21.085071103988458,3.0109867304977067
SEG_080,2021-08-23,43.866785716001274,8.931781955866995
SEG_080,2021-09-22,27.50519327222034,8.85624609527429
SEG_080,2021-10-22,343.2009467928679,4.330453735477596
SEG_080,2021-11-21,307.20091379216734,3.944123816076986
SEG_081,2020-01-01,31.507008604597186,7.367218800820396
SEG_081,2020-01-31,42.05057734586684,9.130730503089149
SEG_081,2020-03-01,21.142980400143298,5.610870878439848
SEG_081,2020-03-31,19.059529531272894,8.814570566151628
SEG_081,2020-04-30,35.75961434615531,2.4159885712697875
SEG_081,2020-05-30,0.04572088921266371,2.86624961488974
SEG_081,2020-06-29,26.196133246179066,6.076568637912098
SEG_081,2020-07-29,16.996523021104853,7.496828628395609
SEG_081,2020-08-28,31.223270162627735,2.096178001350718
SEG_081,2020-09-27,1.860088167625562,9.108618048583846
SEG_081,2020-10-27,325.79784465128296,5.1140977993186265
SEG_081,2020-11-26,333.19977939099306,3.2786509045257093
SEG_081,2020-12-26,329.40312264404355,5.375856121012512
SEG_081,2021-01-25,19.394815862245757,7.275665232063905
SEG_081,2021-02-24,30.237617294865455,3.6641399266898906
SEG_081,2021-03-26,28.008780930608147,7.178791953443203
SEG_081,2021-04-25,11.92765832111916,8.430334421656639
SEG_081,2021-05-25,11.188014058608514,8.920233411492383
SEG_081,2021-06-24,6.4135833432130696,7.8599021125275765
SEG_081,2021-07-24,13.932903163437649,3.547696906042294
SEG_081,2021-08-23,37.86956355685128,8.673749263758639
SEG_081,2021-09-22,20.131793904924848,5.642071628971078
SEG_081,2021-10-22,308.07384399181944,8.592960526920915
SEG_081,2021-11-21,328.97277067450386,8.081912413738532
SEG_082,2020-01-01,16.437650113233126,7.961773020154179
SEG_082,2020-01-31,33.4712320050799,8.757563916964909
SEG_082,2020-03-01,30.00615022588188,2.8623756339364066
SEG_082,2020-03-31,33.93893347373396,3.9205211885162017
SEG_082,2020-04-30,15.518897173123575,6.309808393303906
SEG_082,2020-05-30,32.891448639798995,2.1663289395632948
SEG_082,2020-06-29,7.162044381911775,9.019293076666688
SEG_082,2020-07-29,19.06947106058623,7.702146873630712
SEG_082,2020-08-28,22.168363824874582,2.9116644696663876
SEG_082,2020-09-27,16.75514561822829,9.046249326665707
SEG_082,2020-10-27,338.51572141702627,5.151264856481175
SEG_082,2020-11-26,338.05161177071875,4.424798654306518
SEG_082,2020-12-26,301.81679352353444,4.790812234931031
SEG_082,2021-01-25,6.975407933691324,6.461596404584022
SEG_082,2021-02-24,20.276802335789228,5.886574114986705
SEG_082,2021-03-26,21.62210998861005,6.207716876629117
SEG_082,2021-04-25,21.25571088204361,5.479850735894037
SEG_082,2021-05-25,27.514846964469807,7.126590764655256
SEG_082,2021-06-24,31.124344273142956,5.842178014806103
SEG_082,2021-07-24,15.854388858871998,9.394221429374209
SEG_082,2021-08-23,47.6698692228514,3.1126009577650597
SEG_082,2021-09-22,1.9688900769064044,8.984299698560733
SEG_082,2021-10-22,317.47903847673985,5.704444288755538
SEG_082,2021-11-21,325.35878918745556,8.68490532789016
SEG_083,2020-01-01,28.039673349141065,5.075534234532605
SEG_083,2020-01-31,6.9446411950746025,7.613992142971169
SEG_083,2020-03-01,40.337980777770646,8.101121382539835
SEG_083,2020-03-31,39.449291381343684,4.895096102114989
SEG_083,2020-04-30,17.69679148773791,8.991987259037098
SEG_083,2020-05-30,21.44797616823802,3.2801690015003677
SEG_083,2020-06-29,26.226245787367052,2.0366033866591247
SEG_083,2020-07-29,12.192752536858437,9.803174062299739
SEG_083,2020-08-28,1.5940545483979218,3.3989476878649985
SEG_083,2020-09-27,34.84714905449769,5.574692680077345
SEG_083,2020-10-27,328.1114067604304,2.2286188044211643
SEG_083,2020-11-26,309.2495709506502,11.498615806949928
SEG_083,2020-12-26,324.57354129122217,13.867779960181458
SEG_083,2021-01-25,20.055250211793823,3.4772046139788193
SEG_083,2021-02-24,11.172222542960085,3.539510819554758
SEG_083,2021-03-26,29.23001581138011,4.593431478367267
SEG_083,2021-04-25,6.785622788185735,3.4918158378491553
SEG_083,2021-05-25,48.16613511114508,7.753134353274922
SEG_083,2021-06-24,32.75013619738647,5.1380398368706555
SEG_083,2021-07-24,16.80135650553568,2.5900291464225402
SEG_083,2021-08-23,35.19494076206347,5.350184049648833
SEG_083,2021-09-22,15.428823419690808,4.7532504111653004
SEG_083,2021-10-22,308.7852115874862,7.778814329954769
SEG_083,2021-11-21,301.2141431676175,4.281900562567161
SEG_084,2020-01-01,49.06611762391618,5.87047186396385
SEG_084,2020-01-31,47.997230417926616,8.471182827009635
SEG_084,2020-03-01,30.927655903853395,3.2538471876353157
SEG_084,2020-03-31,6.8454502392113366,6.110758166458883
SEG_084,2020-04-30,15.88980110403837,2.082818258337051
SEG_084,2020-05-30,15.483929454517064,4.769760899573431
SEG_084,2020-06-29,10.285772112437524,5.264695565989261
SEG_084,2020-07-29,12.179346319326944,6.395684401096748
SEG_084,2020-08-28,4.927003098659738,6.283337572666045
SEG_084,2020-09-27,36.183241300186204,7.0973991996690415
SEG_084,2020-10-27,300.6315180904629,7.9926894015241094
SEG_084,2020-11-26,348.32617993425174,9.3065978889963
SEG_084,2020-12-26,322.93889001251,6.23269059487071
SEG_084,2021-01-25,7.088404751135135,5.163423081881829
SEG_084,2021-02-24,25.051291100858126,5.322189494972441
SEG_084,2021-03-26,1.2629704074022474,4.907651334668331
SEG_084,2021-04-25,46.381466357927046,8.09139853449847
SEG_084,2021-05-25,33.99883699061348,2.5729470137081147
SEG_084,2021-06-24,36.85609825756334,3.6576715640530058
SEG_084,2021-07-24,10.822530603932012,6.409651849194328
SEG_084,2021-08-23,38.27539173681863,6.613225100966071
SEG_084,2021-09-22,11.15271012490971,2.515311422567427
SEG_084,2021-10-22,325.9296943219675,2.16337800547511
SEG_084,2021-11-21,339.5029328154442,7.81743130210875
SEG_085,2020-01-01,39.52637178292559,9.902758027166659
SEG_085,2020-01-31,34.23556754520384,9.660550467089257
SEG_085,2020-03-01,40.89880480543094,7.958771340056302
SEG_085,2020-03-31,42.64728005593325,7.684218739865865
SEG_085,2020-04-30,21.300912272597905,5.950013002637566
SEG_085,2020-05-30,30.696011655398763,6.215067227448399
SEG_085,2020-06-29,25.794426268534703,4.663266211958059
SEG_085,2020-07-29,13.9225829389656,7.8601430188314465
SEG_085,2020-08-28,16.133563055713275,9.044676892648187
SEG_085,2020-09-27,49.572885476871264,7.6533473246019845
SEG_085,2020-10-27,315.9169514602997,2.7505281754703086
SEG_085,2020-11-26,302.3070728967384,6.697146262445986
SEG_085,2020-12-26,343.3121827154763,12.620945638871856
SEG_085,2021-01-25,48.149555035568795,5.7637482996052185
SEG_085,2021-02-24,32.52281217711078,7.1707145673475265
SEG_085,2021-03-26,9.241374855309592,3.877507831685513
SEG_085,2021-04-25,13.537557853498061,7.355216502264127
SEG_085,2021-05-25,4.543066813802465,7.346461280336297
SEG_085,2021-06-24,26.95758514852868,7.653450194892503
SEG_085,2021-07-24,41.232593051747756,5.084348014597768
SEG_085,2021-08-23,1.7616322763909786,9.65448183861372
SEG_085,2021-09-22,19.186168198760793,6.5494491010933125
SEG_085,2021-10-22,314.02213448796607,12.047408810774192
SEG_085,2021-11-21,311.50360813449026,3.9050398622366345
SEG_086,2020-01-01,28.10099988303894,5.069752272592581
SEG_086,2020-01-31,42.62823781350343,7.068812602962262
SEG_086,2020-03-01,45.215357692930525,8.98899608613049
SEG_086,2020-03-31,0.22651107521190483,8.096176957602374
SEG_086,2020-04-30,18.864565907547178,9.702971841909783
SEG_086,2020-05-30,43.326843475965795,5.465842162623528
SEG_086,2020-06-29,46.61710856308397,5.5842470587866915
SEG_086,2020-07-29,4.79609608067551,5.931158284079216
SEG_086,2020-08-28,25.85614559339963,2.149172358688319
SEG_086,2020-09-27,17.157784220154088,2.3644891462155826
SEG_086,2020-10-27,322.28513029380576,4.4053017472604505
SEG_086,2020-11-26,318.81960364972963,8.647371667674452
SEG_086,2020-12-26,302.588533487608,5.082900893441578
SEG_086,2021-01-25,4.2029581840477945,8.452100074910515
SEG_086,2021-02-24,37.949334261882356,2.390181236954544
SEG_086,2021-03-26,25.43350189212077,6.78199514016628
SEG_086,2021-04-25,42.11060916736148,9.217410865295957
SEG_086,2021-05-25,19.4062088597577,9.545607649827797
SEG_086,2021-06-24,38.669162563491675,4.994670248822911
SEG_086,2021-07-24,12.687495677984357,8.606617979360397
SEG_086,2021-08-23,21.062521438019676,4.837531869442289
SEG_086,2021-09-22,39.438317728161145,7.146797818996141
SEG_086,2021-10-22,312.20830810268734,9.865527627384076
SEG_086,2021-11-21,331.5648912204572,9.323372895446457
SEG_087,2020-01-01,21.07076163507872,2.6293153524402992
SEG_087,2020-01-31,37.443788335346284,5.582576083395208
SEG_087,2020-03-01,33.44647884371128,4.245313091310692
SEG_087,2020-03-31,6.658361617051101,5.232928534930553
SEG_087,2020-04-30,35.21858423424356,5.97103675739843
SEG_087,2020-05-30,3.361635735735835,9.005364780917134
SEG_087,2020-06-29,16.97920976864532,4.089201239061783
SEG_087,2020-07-29,36.10035152209183,8.264728397402067
SEG_087,2020-08-28,24.84502884710803,4.419570690125944
SEG_087,2020-09-27,20.920405452119567,4.546237679392798
SEG_087,2020-10-27,343.84121769019134,13.453849292986197
SEG_087,2020-11-26,340.38255345777765,8.716025703376467
SEG_087,2020-12-26,347.7296954288854,2.7335988609630846
SEG_087,2021-01-25,49.101480028193535,3.3843951411102253
SEG_087,2021-02-24,5.080242519598032,2.506513745487357
SEG_087,2021-03-26,18.12216050765559,8.791799071668018
SEG_087,2021-04-25,30.831945314935,9.103995009684684
SEG_087,2021-05-25,49.39766633746967,4.428606636505088
SEG_087,2021-06-24,15.339301408989698,2.656272705491519
SEG_087,2021-07-24,2.943671455670721,8.030043178092733
SEG_087,2021-08-23,46.25276108307608,3.215559702337627
SEG_087,2021-09-22,26.453906742316757,7.0514175457352435
SEG_087,2021-10-22,331.67754611063566,5.938212938875332
SEG_087,2021-11-21,316.98001571583916,5.946766181887154
SEG_088,2020-01-01,32.12596737707705,7.651976342782239
SEG_088,2020-01-31,20.92545173435496,4.868897369336985
SEG_088,2020-03-01,31.728216075404152,9.776418848554911
SEG_088,2020-03-31,11.027879087188586,6.470912009008941
SEG_088,2020-04-30,19.467641286180125,9.67185271099012
SEG_088,2020-05-30,46.105245604903324,5.855955233020058
SEG_088,2020-06-29,36.51381405307015,8.854703128026607
SEG_088,2020-07-29,12.980774216205415,8.471032653055058
SEG_088,2020-08-28,2.8147726580774246,6.515195449076959
SEG_088,2020-09-27,38.51113595585209,8.6777052163884
SEG_088,2020-10-27,345.31166075346977,7.735233160049995
SEG_088,2020-11-26,314.9013026362316,9.536973824012467
SEG_088,2020-12-26,314.0363211089865,4.6036302942604355
SEG_088,2021-01-25,31.425411685794856,9.390126198705815
SEG_088,2021-02-24,44.36612910880156,9.42835725286545
SEG_088,2021-03-26,17.77963555869846,4.546348397251455
SEG_088,2021-04-25,2.4910187593566335,9.643306863698058
SEG_088,2021-05-25,31.96507027567691,3.380415613768384
SEG_088,2021-06-24,28.386280919771462,6.159200117963089
SEG_088,2021-07-24,27.677438782531045,2.5759157442155685
SEG_088,2021-08-23,13.06073452255339,5.33463095907874
SEG_088,2021-09-22,35.02575722999354,5.966180869104446
SEG_088,2021-10-22,341.05058274472816,4.792193317935944
SEG_088,2021-11-21,336.13274316715706,8.798331963102088
SEG_089,2020-01-01,18.539025410139914,5.821540095886452
SEG_089,2020-01-31,28.12882725036418,6.5561439358090405
SEG_089,2020-03-01,8.260567985122357,3.648069302569885
SEG_089,2020-03-31,21.998739780836285,5.474984547525939
SEG_089,2020-04-30,15.295880370831155,9.871924088349047
SEG_089,2020-05-30,30.624576605333292,9.180758479462156
SEG_089,2020-06-29,5.489491717170675,9.59797306853687
SEG_089,2020-07-29,24.187830140252366,3.3835902424095634
SEG_089,2020-08-28,26.698361832201105,9.004289725345451
SEG_089,2020-09-27,37.493834861395136,8.286050854204174
SEG_089,2020-10-27,326.5451523562567,9.272666648774827
SEG_089,2020-11-26,323.25070094382835,4.012981379058788
SEG_089,2020-12-26,312.27784491114073,4.32676953819308
SEG_089,2021-01-25,23.07397426120873,3.527708030252642
SEG_089,2021-02-24,23.000595931998863,8.324621000659809
SEG_089,2021-03-26,37.463055848377394,4.921321962970546
SEG_089,2021-04-25,49.992859080490746,4.944115393113581
SEG_089,2021-05-25,10.681559603841572,8.406763633811828
SEG_089,2021-06-24,30.72432511549852,5.457706117939268
SEG_089,2021-07-24,48.163275428990524,3.5681376876588864
SEG_089,2021-08-23,28.03599194204776,3.2269411319394052
SEG_089,2021-09-22,35.37709965497395,8.399354402322146
SEG_089,2021-10-22,308.3123497946407,4.110832728542267
SEG_089,2021-11-21,316.6573348678693,6.949570230552366
SEG_090,2020-01-01,5.468771800686384,2.780445921259677
SEG_090,2020-01-31,7.2192240722249,3.6486202807794132
SEG_090,2020-03-01,13.97291640265112,5.9732406699120775
SEG_090,2020-03-31,4.872296419476008,3.476672735388034
SEG_090,2020-04-30,28.650497649076247,9.931076611387006
SEG_090,2020-05-30,34.45214399633469,2.5254435322587856
SEG_090,2020-06-29,40.69612047609048,3.7789627340266767
SEG_090,2020-07-29,4.165727422117454,2.2960397793591776
SEG_090,2020-08-28,37.53444160764766,7.16138339134847
SEG_090,2020-09-27,27.932662358085874,2.798728358020079
SEG_090,2020-10-27,331.88081566293846,5.1837851839438365
SEG_090,2020-11-26,325.5022032020597,9.934707212011055
SEG_090,2020-12-26,334.122148096262,11.972460784839292
SEG_090,2021-01-25,34.513383994258355,4.761289246208533
SEG_090,2021-02-24,25.66136119943576,7.078287934238117
SEG_090,2021-03-26,34.96294320629004,3.53796464399447
SEG_090,2021-04-25,19.60802050432936,6.326965022632561
SEG_090,2021-05-25,22.875254774387262,8.92535523576922
SEG_090,2021-06-24,31.751119221857348,8.736280872415175
SEG_090,2021-07-24,16.666549784097402,8.039440511681608
SEG_090,2021-08-23,43.6622943666648,5.510313017687904
SEG_090,2021-09-22,42.435500988243575,9.128003474432063
SEG_090,2021-10-22,315.33367107850046,10.596599958065589
SEG_090,2021-11-21,316.89266758723676,9.546186625300681
SEG_091,2020-01-01,46.10844696518106,9.630862572786477
SEG_091,2020-01-31,22.810760676500525,6.769147120391442
SEG_091,2020-03-01,37.939964206069035,5.552313987598364
SEG_091,2020-03-31,20.343331448599393,9.734686249554528
SEG_091,2020-04-30,12.611558392615235,5.032681764516691
SEG_091,2020-05-30,19.941332419206226,4.750318685434211
SEG_091,2020-06-29,2.428007510679314,8.283759020718346
SEG_091,2020-07-29,31.58755889290699,8.11734955308181
SEG_091,2020-08-28,49.66789420794073,9.764983781100046
SEG_091,2020-09-27,2.10216165657523,7.776853715782864
SEG_091,2020-10-27,348.2229033167309,9.380029154351206
SEG_091,2020-11-26,339.8790522291019,2.6103093178032815
SEG_091,2020-12-26,321.3555146039806,3.8756382581411666
SEG_091,2021-01-25,7.503149635716044,2.1696177808725574
SEG_091,2021-02-24,24.914460860011715,3.099912623080523
SEG_091,2021-03-26,20.28768907522631,7.444367502400415
SEG_091,2021-04-25,46.94256104715518,3.509114456275891
SEG_091,2021-05-25,39.781048181624904,8.915428951955779
SEG_091,2021-06-24,23.01516980192338,2.7652302601923093
SEG_091,2021-07-24,2.3110084679566545,8.787086162707272
SEG_091,2021-08-23,9.88520747197823,5.812937771409188
SEG_091,2021-09-22,10.550630018887025,6.834864118452336
SEG_091,2021-10-22,348.1586103550244,9.317922364683062
SEG_091,2021-11-21,308.8908617572409,12.225082372135208
SEG_092,2020-01-01,31.483228833728187,4.740862838025566
SEG_092,2020-01-31,15.369259276539255,9.15461704245373
SEG_092,2020-03-01,6.268052865941631,5.767202471565149
SEG_092,2020-03-31,6.37223992049093,9.031849036681212
SEG_092,2020-04-30,2.6525671018037045,8.0837972214537
SEG_092,2020-05-30,23.005741158256924,8.55673808945889
SEG_092,2020-06-29,6.293686076405019,6.883011448215556
SEG_092,2020-07-29,48.141359076521866,7.179045782206883
SEG_092,2020-08-28,8.440536322505803,5.45020966345954
SEG_092,2020-09-27,35.158550356101145,7.089239660239346
SEG_092,2020-10-27,315.9049444868444,7.269269760748172
SEG_092,2020-11-26,347.51822999257024,8.49139832634214
SEG_092,2020-12-26,333.593441765742,8.921011399222891
SEG_092,2021-01-25,11.065753268552314,2.1575505694302173
SEG_092,2021-02-24,14.656013160255915,5.805224891507902
SEG_092,2021-03-26,2.4098877331292234,3.9883049024045096
SEG_092,2021-04-25,13.33865733223032,9.981335323945547
SEG_092,2021-05-25,40.65061113695112,8.846807425475202
SEG_092,2021-06-24,44.296301657430575,9.227349282581898
SEG_092,2021-07-24,34.60032623157366,8.866572067526011
SEG_092,2021-08-23,12.301568320933514,8.719164418210624
SEG_092,2021-09-22,6.571165103188948,8.992006407922732
SEG_092,2021-10-22,321.0013455136293,5.563140658174701
SEG_092,2021-11-21,303.9323623912262,4.276236698942809
SEG_093,2020-01-01,32.822181327112084,5.086989875928801
SEG_093,2020-01-31,29.79422585880232,9.94408931437238
SEG_093,2020-03-01,47.46231964084595,7.716285257832714
SEG_093,2020-03-31,20.998748124658263,2.1419409195250276
SEG_093,2020-04-30,29.19941456199097,9.909165058713732
SEG_093,2020-05-30,47.19096624656823,5.031345339230012
SEG_093,2020-06-29,33.4417647151724,8.36484178098696
SEG_093,2020-07-29,35.98795832409427,3.0776217192107413
SEG_093,2020-08-28,4.971083022105743,5.961032491178084
SEG_093,2020-09-27,33.23931770681479,3.1079657050333225
SEG_093,2020-10-27,333.29039907589004,6.689193303489843
SEG_093,2020-11-26,310.10989427504467,13.348435030695146
SEG_093,2020-12-26,349.2957905001045,5.933748822906131
SEG_093,2021-01-25,24.82653807594889,3.5572113608852796
SEG_093,2021-02-24,6.481963852217326,9.17311668121355
SEG_093,2021-03-26,2.173994789297046,4.099156147378026
SEG_093,2021-04-25,5.737923774794012,3.437542570680969
SEG_093,2021-05-25,7.026753378523637,5.127264476507837
SEG_093,2021-06-24,12.553105330724678,6.353758682989605
SEG_093,2021-07-24,45.6699898589453,2.2525293645531006
SEG_093,2021-08-23,4.263488584945824,4.109554258239274
SEG_093,2021-09-22,42.34994536191746,5.026920673633401
SEG_093,2021-10-22,303.92459827695177,7.745890986800441
SEG_093,2021-11-21,335.1935689268469,3.2525789925374298
SEG_094,2020-01-01,14.79560943714609,8.540225714643512
SEG_094,2020-01-31,7.623309440063175,4.624978045308134
SEG_094,2020-03-01,29.03122254216554,9.368857203100696
SEG_094,2020-03-31,31.503679008975805,9.707774299410552
SEG_094,2020-04-30,24.445521803744004,9.583612406049813
SEG_094,2020-05-30,19.80824024880373,5.107979353131113
SEG_094,2020-06-29,25.941268574797366,4.172991008088921
SEG_094,2020-07-29,37.67467814379036,5.556126265900527
SEG_094,2020-08-28,26.390257143699902,2.885184581969818
SEG_094,2020-09-27,14.68623283733837,9.558505414231945
SEG_094,2020-10-27,335.06648425967165,4.739545307995415
SEG_094,2020-11-26,337.8565639463817,9.488933600019742
SEG_094,2020-12-26,341.5735861123957,3.8828643026212246
SEG_094,2021-01-25,9.803806168131468,7.969986189114294
SEG_094,2021-02-24,22.66175138346159,2.7399102008804377
SEG_094,2021-03-26,21.521054582992043,4.922330341567845
SEG_094,2021-04-25,34.87429835329465,6.699583504038586
SEG_094,2021-05-25,14.798531928145009,9.817442454599863
SEG_094,2021-06-24,27.050321543799566,5.160957777353093
SEG_094,2021-07-24,2.6797980096518903,2.3832835952525837
SEG_094,2021-08-23,9.626322821471135,4.063384222256023
SEG_094,2021-09-22,32.75742820046153,3.5457384902748936
SEG_094,2021-10-22,323.9035655289355,3.5731372042807212
SEG_094,2021-11-21,320.6345971137577,9.208357568901121
SEG_095,2020-01-01,19.881762497852513,4.299415893647923
SEG_095,2020-01-31,30.377534865862067,5.388484508201059
SEG_095,2020-03-01,3.3859903786394865,6.572521372686187
SEG_095,2020-03-31,19.02671526672819,6.820023670220359
SEG_095,2020-04-30,12.906909846248022,7.470353097929725
SEG_095,2020-05-30,3.7192755598985547,8.26522940224965
SEG_095,2020-06-29,29.69160850152904,7.279408561094713
SEG_095,2020-07-29,4.89844742718914,3.2155524501688113
SEG_095,2020-08-28,7.287710230895056,4.592007071299549
SEG_095,2020-09-27,48.50856695955642,8.373243783190857
SEG_095,2020-10-27,313.47161743126424,7.682707254498627
SEG_095,2020-11-26,323.1508217241038,10.44870937490898
SEG_095,2020-12-26,301.6036688324494,9.581863791237085
SEG_095,2021-01-25,5.5315289792848334,9.103808311921549
SEG_095,2021-02-24,9.194600210588188,5.775489874704737
SEG_095,2021-03-26,30.65359990976269,5.43905572664931
SEG_095,2021-04-25,44.250092312978225,2.2588886924545504
SEG_095,2021-05-25,49.80162659726918,3.0771229940057943
SEG_095,2021-06-24,9.874569250555565,5.655173083001019
SEG_095,2021-07-24,11.055676685261679,5.376214971556294
SEG_095,2021-08-23,12.636047998174133,9.542939008406393
SEG_095,2021-09-22,36.44340919550068,2.759869545090284
SEG_095,2021-10-22,300.90792128972595,11.878716049452049
SEG_095,2021-11-21,334.90654462745124,12.570513079324048
SEG_096,2020-01-01,42.541664731915525,4.448500066813469
SEG_096,2020-01-31,40.85356754236811,4.554730385931871
SEG_096,2020-03-01,0.9340505932904308,3.9036787164135003
SEG_096,2020-03-31,39.963633898216074,8.796365251743474
SEG_096,2020-04-30,29.812863424152734,3.448373380017016
SEG_096,2020-05-30,49.47195037916832,8.379847797647237
SEG_096,2020-06-29,19.452730939001718,6.395938192009155
SEG_096,2020-07-29,9.076703383134937,8.21270115405953
SEG_096,2020-08-28,25.379365174330704,6.62213682461513
SEG_096,2020-09-27,28.61224807958973,8.040810861530968
SEG_096,2020-10-27,342.44831957680236,8.689949364714062
SEG_096,2020-11-26,325.60509011021406,11.100236216304369
SEG_096,2020-12-26,300.2036416792363,3.897695392158118
SEG_096,2021-01-25,32.97237949544605,8.956386435030156
SEG_096,2021-02-24,14.240462204140481,3.858076649768246
SEG_096,2021-03-26,10.464898467399763,6.889791221363824
SEG_096,2021-04-25,15.711287204339897,6.0590651486115386
SEG_096,2021-05-25,33.859524890386766,5.910445680678384
SEG_096,2021-06-24,31.841048546090978,3.546441454667028
SEG_096,2021-07-24,0.6827020035297837,9.233519863432074
SEG_096,2021-08-23,46.48483202657159,7.467013526032132
SEG_096,2021-09-22,2.6815050052011626,3.117232797657186
SEG_096,2021-10-22,334.7430350078212,9.89355635575238
SEG_096,2021-11-21,328.1800401486809,8.394565431482032
SEG_097,2020-01-01,21.879973163806987,5.2417692007641765
SEG_097,2020-01-31,34.74873392012013,3.9866590303895872
SEG_097,2020-03-01,24.986119754023484,5.8983085613346296
SEG_097,2020-03-31,13.142647474398533,8.587844575110669
SEG_097,2020-04-30,44.48959899288825,6.502446831308126
SEG_097,2020-05-30,32.16574934816027,9.328063694371416
SEG_097,2020-06-29,21.82118244436853,5.804986410978245
SEG_097,2020-07-29,41.953978342029494,7.92506090380363
SEG_097,2020-08-28,2.1061863250628363,2.4452264247963136
SEG_097,2020-09-27,24.54977770721098,6.331789704289903
SEG_097,2020-10-27,301.2896053343958,7.633202253630801
SEG_097,2020-11-26,313.5375866633168,5.266815007516201
SEG_097,2020-12-26,349.966189765424,3.4150722838513348
SEG_097,2021-01-25,13.629230639552393,4.544643192204909
SEG_097,2021-02-24,7.753160371961265,6.179621402102513
SEG_097,2021-03-26,0.06549035817389193,3.5670010963491636
SEG_097,2021-04-25,48.18475642847396,5.211354397416049
SEG_097,2021-05-25,38.08760084089216,4.100068755956658
SEG_097,2021-06-24,27.8183447871035,4.0935299131968295
SEG_097,2021-07-24,8.527501687187545,5.836307374676423
SEG_097,2021-08-23,18.965355103094762,7.595103392104282
SEG_097,2021-09-22,2.5498139915026865,2.849082022688517
SEG_097,2021-10-22,311.4821764466649,7.4614218245609765
SEG_097,2021-11-21,333.72194494784577,12.231622437453936
SEG_098,2020-01-01,30.77650471163978,7.935966805095381
SEG_098,2020-01-31,42.53937131404428,2.743325287130867
SEG_098,2020-03-01,38.57231914377498,7.493816292758276
SEG_098,2020-03-31,22.890254222295663,6.789693454343033
SEG_098,2020-04-30,40.974366216720554,4.699273556668505
SEG_098,2020-05-30,18.69426845194869,3.9478921483360487
SEG_098,2020-06-29,3.5410158195197052,6.2738570124080955
SEG_098,2020-07-29,20.602494149574802,6.000640789628532
SEG_098,2020-08-28,7.389835512876886,8.8674085389728
SEG_098,2020-09-27,25.852082621209,9.074966128303423
SEG_098,2020-10-27,336.44219582521634,9.240326848438766
SEG_098,2020-11-26,343.9789508209518,2.6448325075060417
SEG_098,2020-12-26,347.1369780000023,5.422860003690332
SEG_098,2021-01-25,22.59595422390539,4.359287856011162
SEG_098,2021-02-24,45.84696106734167,7.530046542185143
SEG_098,2021-03-26,1.3607681210636768,3.225529661196245
SEG_098,2021-04-25,49.05941909556886,5.276716086529755
SEG_098,2021-05-25,12.61615958752485,2.242047957562743
SEG_098,2021-06-24,33.759363433815864,8.46741019993734
SEG_098,2021-07-24,43.07887146719806,8.39840595760846
SEG_098,2021-08-23,19.754641285611847,2.6205941032737456
SEG_098,2021-09-22,46.5046152579495,3.3219787853049487
SEG_098,2021-10-22,346.2663037017356,8.6734488578013
SEG_098,2021-11-21,314.3279237482725,14.067426624059877
SEG_099,2020-01-01,45.89820840089417,3.6638812939799275
SEG_099,2020-01-31,35.12117179609919,8.222367783661136
SEG_099,2020-03-01,41.55809181505353,5.501052199003056
SEG_099,2020-03-31,47.797883166599526,7.6338630538155385
SEG_099,2020-04-30,2.796733474243257,4.644733262834879
SEG_099,2020-05-30,17.21954636864912,9.39574222624937
SEG_099,2020-06-29,26.060378031295233,7.8115621083824145
SEG_099,2020-07-29,26.871851404685128,9.634722773382098
SEG_099,2020-08-28,19.005681801111308,2.081273633064029
SEG_099,2020-09-27,3.5276554393927517,7.518269131364512
SEG_099,2020-10-27,313.0885194763604,4.5022859324624385
SEG_099,2020-11-26,306.4386762470211,7.747286441755204
SEG_099,2020-12-26,311.1922823815611,4.846829678076408
SEG_099,2021-01-25,22.851714596228117,8.701641548163678
SEG_099,2021-02-24,30.40764683168135,7.280401982128318
SEG_099,2021-03-26,44.55161517210428,4.593681150469239
SEG_099,2021-04-25,44.878530157471694,6.4732061758194055
SEG_099,2021-05-25,38.68200612425562,7.161901830227191
SEG_099,2021-06-24,24.571301525606295,7.6842603263766485
SEG_099,2021-07-24,25.644543666635116,8.19688156526835
SEG_099,2021-08-23,43.902666491005526,4.285847068405563
SEG_099,2021-09-22,35.827474701608374,8.581925484638054
SEG_099,2021-10-22,330.3891069863357,9.023045247110165
SEG_099,2021-11-21,310.19731789824226,4.420836612046627
SEG_100,2020-01-01,9.281974469709697,3.9137330228301357
SEG_100,2020-01-31,4.613346714526095,6.736504188734151
SEG_100,2020-03-01,40.47847515361891,3.262266289487833
SEG_100,2020-03-31,40.832034757804244,3.655177062398206
SEG_100,2020-04-30,3.4602354881479003,5.874024992291697
SEG_100,2020-05-30,43.340388696704984,2.8961160921560367
SEG_100,2020-06-29,12.805089687692323,6.153909055873707
SEG_100,2020-07-29,41.27547904004317,8.047221109055645
SEG_100,2020-08-28,38.458654304918,4.523657963904333
SEG_100,2020-09-27,19.946869041638944,5.6932528032487575
SEG_100,2020-10-27,338.29339640133776,3.745600324274408
SEG_100,2020-11-26,302.4278084037576,5.366849553459926
SEG_100,2020-12-26,334.67447665562213,6.416475307506196
SEG_100,2021-01-25,27.086963816906252,7.539618560157613
SEG_100,2021-02-24,39.086150014373,9.710842145369721
SEG_100,2021-03-26,28.12961445793058,7.079247188121588
SEG_100,2021-04-25,25.863032948496784,7.904434173083784
SEG_100,2021-05-25,22.11324851244162,5.1970868132899035
SEG_100,2021-06-24,35.336680826397924,7.69071419323539
SEG_100,2021-07-24,25.81985131188177,3.331087374667443
SEG_100,2021-08-23,12.339929260229631,6.052457437101578
SEG_100,2021-09-22,33.83292714979169,7.05506674563799
SEG_100,2021-10-22,347.76405260475815,12.14823073026049
SEG_100,2021-11-21,342.8620277817467,9.727242634651223
