segment_id,observation_date,wave_height_m,storm_surge_m
SEG_001,2020-01-01,0.8875407712895018,0.16569060565971627
SEG_001,2020-01-31,1.2228684099102267,0.10573980557254427
SEG_001,2020-03-01,1.4664661792797546,0.18781600035550972
SEG_001,2020-03-31,1.2781891265578311,0.16641253666445846
SEG_001,2020-04-30,1.5438024520897342,0.14491107367836728
SEG_001,2020-05-30,1.2458625215936667,0.24062601321735594
SEG_001,2020-06-29,0.9872338991601907,0.26280862546872835
SEG_001,2020-07-29,1.4974820351192912,0.275739882510958
SEG_001,2020-08-28,2.2750357721754195,0.31289534043315853
SEG_001,2020-09-27,1.4144241654798748,0.1978675438462862
SEG_001,2020-10-27,2.9811315123373463,0.44141362816971774
SEG_001,2020-11-26,1.7896782347963507,0.4966515884091827
SEG_001,2020-12-26,2.8423252158658023,0.6299678017912963
SEG_001,2021-01-25,0.7865547268681613,0.22233762962838372
SEG_001,2021-02-24,1.7384640582700661,0.28819993720523873
SEG_001,2021-03-26,1.924265547374803,0.10437300839500482
SEG_001,2021-04-25,1.1651605907035048,0.21802391527178344
SEG_001,2021-05-25,1.6010665729333606,0.04034102905036145
SEG_001,2021-06-24,2.059851485109501,0.06349554512724766
SEG_001,2021-07-24,1.4498384183291264,0.1342885368633075
SEG_001,2021-08-23,1.56131078702245,0.34924388940871687
SEG_001,2021-09-22,1.9537484667730942,0.2817109848020051
SEG_001,2021-10-22,3.3043015885902323,0.8442560933681668
SEG_001,2021-11-21,2.1246799900188256,0.4845729994417356
SEG_002,2020-01-01,1.0186330416903964,0.1440860491920967
SEG_002,2020-01-31,1.2328694247202288,0.17345363801896396
SEG_002,2020-03-01,1.7651740437385903,0.19754133980820862
SEG_002,2020-03-31,2.017317975359048,0.1752389881334563
SEG_002,2020-04-30,1.9183214843676542,0.026854659922517763
SEG_002,2020-05-30,1.465953394425982,0.2705817064628764
SEG_002,2020-06-29,1.5982455298223412,0.10679560819069239
SEG_002,2020-07-29,2.036111764118618,0.18569009226388414
SEG_002,2020-08-28,1.5243619172502443,0.1871891675150333
SEG_002,2020-09-27,1.698467980199481,0.12063792294494986
SEG_002,2020-10-27,1.6398256189688087,0.20810083409694907
SEG_002,2020-11-26,2.1859134417135255,0.6945136783597592
SEG_002,2020-12-26,2.6587774055224678,0.47474385049830375
SEG_002,2021-01-25,0.9751082720904087,0.20069892668995246
SEG_002,2021-02-24,1.2323473939876077,0.08484129503603159
SEG_002,2021-03-26,1.9482293329630274,0.25790903053776937
SEG_002,2021-04-25,1.2740835167583844,0.10005235146147326
SEG_002,2021-05-25,0.7623830099258654,0.15060319671479755
SEG_002,2021-06-24,2.0845258564484066,0.10385771421787382
SEG_002,2021-07-24,1.6060120101949789,0.14761596310128075
SEG_002,2021-08-23,1.2477218550905032,0.2473838527694659
SEG_002,2021-09-22,1.064851732883331,0.35007652441587767
SEG_002,2021-10-22,3.018648351874208,0.7918497392893075
SEG_002,2021-11-21,2.3172105944859918,0.736189546968728
SEG_003,2020-01-01,1.9180253453137206,0.1792549003369933
SEG_003,2020-01-31,1.7999067325009501,0.06281364223192393
SEG_003,2020-03-01,0.9950132006533066,0.08573615931579313
SEG_003,2020-03-31,1.3352176575638341,0.07590468221535994
SEG_003,2020-04-30,0.7296296826739296,0.18977641674711535
SEG_003,2020-05-30,1.2974126411874214,0.09335702517493258
SEG_003,2020-06-29,1.0903089883783512,0.20522582013836332
SEG_003,2020-07-29,0.9967435789135912,0.204167941820608
SEG_003,2020-08-28,1.2438698269629158,0.1626061189551889
SEG_003,2020-09-27,0.9766791730767408,0.18101032496135278
SEG_003,2020-10-27,1.2358864030774166,0.25406160692810864
SEG_003,2020-11-26,1.768323867272126,0.35366926595754133
SEG_003,2020-12-26,2.512500251322752,0.7390417662342827
SEG_003,2021-01-25,2.2983703279730068,0.21807230650420556
SEG_003,2021-02-24,1.011175858457053,0.19217932818972316
SEG_003,2021-03-26,1.010882906260063,0.3468790696141556
SEG_003,2021-04-25,1.2307683105063747,0.25632179593356086
SEG_003,2021-05-25,1.8842586150772274,0.11794155877610933
SEG_003,2021-06-24,1.102088365252263,0.08549941070490383
SEG_003,2021-07-24,2.010120698612561,0.30776337615124844
SEG_003,2021-08-23,1.313099389466116,0.21020884922417454
SEG_003,2021-09-22,1.036736218408719,0.16844128004804443
SEG_003,2021-10-22,2.9694253618399142,0.7820372939889091
SEG_003,2021-11-21,2.5761363141448417,0.3889395711429841
SEG_004,2020-01-01,0.8332953498502056,0.12687872341777298
SEG_004,2020-01-31,1.496110288303341,0.17025288594662208
SEG_004,2020-03-01,1.6421677472365646,0.33966178515904877
SEG_004,2020-03-31,1.5568498161140252,0.22647180504806472
SEG_004,2020-04-30,1.5676478820328408,0.29771241366475165
SEG_004,2020-05-30,2.15668088878443,0.11308778279362215
SEG_004,2020-06-29,1.568779125385913,0.2892057098887911
SEG_004,2020-07-29,1.1009871190513902,0.1202179358082012
SEG_004,2020-08-28,1.033038213615684,0.22254560760025016
SEG_004,2020-09-27,2.1954767756116578,0.1138210523870368
SEG_004,2020-10-27,1.52577276071049,0.32085591080500103
SEG_004,2020-11-26,2.298981606163896,0.8314580259486617
SEG_004,2020-12-26,1.2902960357855027,0.2006253204576055
SEG_004,2021-01-25,1.8829209695899203,0.20101841590022074
SEG_004,2021-02-24,2.2572460904087244,0.13664780778917363
SEG_004,2021-03-26,1.6412078508508685,0.18630839256941026
SEG_004,2021-04-25,1.7113340523138658,0.09503428419648625
SEG_004,2021-05-25,2.0650995199876894,0.0856754481817746
SEG_004,2021-06-24,1.3631058748405933,0.2661516061565598
SEG_004,2021-07-24,0.9624412729914913,0.28912016376050553
SEG_004,2021-08-23,2.040650856738545,0.22470192609038864
SEG_004,2021-09-22,1.556737109044915,0.048923055700838894
SEG_004,2021-10-22,2.228338369672143,0.7204570459897714
SEG_004,2021-11-21,2.865666803366426,0.6365015191633405
SEG_005,2020-01-01,1.3100411513506345,0.2366262457876448
SEG_005,2020-01-31,1.56020445995125,0.22194176776278096
SEG_005,2020-03-01,1.0320522961714929,0.1846052912355393
SEG_005,2020-03-31,1.2336479154088231,0.22930982801488192
SEG_005,2020-04-30,1.5687549781360237,0.28192094129337353
SEG_005,2020-05-30,1.4672629555975267,0.18214443096504235
SEG_005,2020-06-29,1.5323820496178242,0.1453613502645765
SEG_005,2020-07-29,0.77789521372256,0.0947342408824419
SEG_005,2020-08-28,1.4189287067343,0.20043900915580737
SEG_005,2020-09-27,1.6483538885146451,0.2466716429923067
SEG_005,2020-10-27,2.710932155245019,0.7739595908596911
SEG_005,2020-11-26,2.6272204192001536,0.6693821508662039
SEG_005,2020-12-26,2.253908570656643,0.17890362743863256
SEG_005,2021-01-25,1.2509936660305128,0.18915488395199165
SEG_005,2021-02-24,1.1467735179163192,0.22743086628033263
SEG_005,2021-03-26,1.8555444717193017,0.3323337559754998
SEG_005,2021-04-25,2.1414361926874137,0.13313412064930513
SEG_005,2021-05-25,1.939215627505692,0.20217261529414976
SEG_005,2021-06-24,1.2004381476484376,0.2936135218536244
SEG_005,2021-07-24,0.8858085411125567,0.2688380564034134
SEG_005,2021-08-23,0.8671165496084715,0.29040914504147586
SEG_005,2021-09-22,0.5514350758269598,0.16853269492131842
SEG_005,2021-10-22,2.358318876544205,0.3687665744801206
SEG_005,2021-11-21,3.2908349739177236,0.659388119447751
SEG_006,2020-01-01,2.143272609960126,0.19785550066315682
SEG_006,2020-01-31,1.7077010297430792,0.2200380591333683
SEG_006,2020-03-01,2.0292534610895716,0.06772209778697076
SEG_006,2020-03-31,2.0639788662929113,0.1637641578307931
SEG_006,2020-04-30,1.387776012725687,0.11664931439719535
SEG_006,2020-05-30,1.3286232869894044,0.26295846978334414
SEG_006,2020-06-29,1.8825125795413125,0.1096098548516993
SEG_006,2020-07-29,0.8210138005131111,0.09578412139370748
SEG_006,2020-08-28,2.0549433147169265,0.1659942315042824
SEG_006,2020-09-27,1.8806726551895827,0.21207009064618065
SEG_006,2020-10-27,1.3829608966170843,0.33375132022801685
SEG_006,2020-11-26,3.7022623154451426,0.7467795868328122
SEG_006,2020-12-26,2.7941607129959083,0.6803780988902657
SEG_006,2021-01-25,0.7760942517233171,0.0786364919730532
SEG_006,2021-02-24,1.2316524970436014,0.1826671231369396
SEG_006,2021-03-26,0.8671958477565044,0.11654570598474416
SEG_006,2021-04-25,2.181104760986152,0.13545881056822368
SEG_006,2021-05-25,1.73242013058163,0.2092345670494148
SEG_006,2021-06-24,1.6669729011853163,0.08231218034752799
SEG_006,2021-07-24,1.0955876865167942,0.22262139153675892
SEG_006,2021-08-23,1.1940578383855935,0.24145694125470557
SEG_006,2021-09-22,1.745001408754508,0.09050380377290687
SEG_006,2021-10-22,2.7109311156075178,0.40922731292811476
SEG_006,2021-11-21,3.242235214947174,0.7191450578230072
SEG_007,2020-01-01,1.6643235239794367,0.16183649279529147
SEG_007,2020-01-31,1.8348077136222236,0.17433827860846096
SEG_007,2020-03-01,1.846445020615378,0.11389903827079617
SEG_007,2020-03-31,0.8209615688470403,0.16915626154116087
SEG_007,2020-04-30,0.7425043690390212,0.20396339292725377
SEG_007,2020-05-30,1.0058309528352656,0.26348261946227114
SEG_007,2020-06-29,1.4571367567400786,0.27294611325852935
SEG_007,2020-07-29,1.6257211825460658,0.3416531211615093
SEG_007,2020-08-28,1.6920957290626075,0.2876261082239917
SEG_007,2020-09-27,0.9422685910361035,0.08023624162724313
SEG_007,2020-10-27,1.4312520186084976,0.2695003248349066
SEG_007,2020-11-26,1.734819289510548,0.551563344420883
SEG_007,2020-12-26,1.8342833558880511,0.5739407539705521
SEG_007,2021-01-25,0.9558664833393453,0.15368287713281192
SEG_007,2021-02-24,1.8181791911139105,0.17249337054121433
SEG_007,2021-03-26,0.8741835969078707,0.21240590331315057
SEG_007,2021-04-25,1.8316843561857052,0.2553940376384509
SEG_007,2021-05-25,1.163264588622017,0.22098801378233104
SEG_007,2021-06-24,1.3466390333476366,0.24032194774678403
SEG_007,2021-07-24,1.2050115664694923,0.1848549015307706
SEG_007,2021-08-23,1.2981387497843275,0.16684892565987477
SEG_007,2021-09-22,2.2225203225398262,0.2939512697761013
SEG_007,2021-10-22,2.904050245723403,0.6982292517835553
SEG_007,2021-11-21,2.4681783424221067,0.8767098815141648
SEG_008,2020-01-01,0.7641693773383696,0.2838994798387017
SEG_008,2020-01-31,1.4558236390051675,0.26066243446156606
SEG_008,2020-03-01,1.2645990780885672,0.169986474381123
SEG_008,2020-03-31,1.337461862880474,0.16632544895480042
SEG_008,2020-04-30,1.506413126819561,0.29295533591421835
SEG_008,2020-05-30,1.0640048302567102,0.2281758095969088
SEG_008,2020-06-29,0.5214330368681034,0.107346163238836
SEG_008,2020-07-29,0.8977943803665526,0.14924971503169637
SEG_008,2020-08-28,1.8066893356240428,0.30207813431836267
SEG_008,2020-09-27,1.6526192819972905,0.29312579870102906
SEG_008,2020-10-27,2.0396911472389734,0.18899144118618078
SEG_008,2020-11-26,0.9265118517633739,0.19325153614112792
SEG_008,2020-12-26,1.9339455939999664,0.47906021741652205
SEG_008,2021-01-25,2.0479513660461306,0.1408644286839259
SEG_008,2021-02-24,1.8813608767001555,0.17208682303041267
SEG_008,2021-03-26,0.5820132231044503,0.08783100430285355
SEG_008,2021-04-25,1.395166350308259,0.04880686635204497
SEG_008,2021-05-25,1.0221779119160015,0.18592386131197786
SEG_008,2021-06-24,1.9607357642201362,0.2669107171064196
SEG_008,2021-07-24,1.6262011199399962,0.27105191656572925
SEG_008,2021-08-23,2.0264766359416733,0.1311123320515214
SEG_008,2021-09-22,1.7713412733009026,0.2563860064608554
SEG_008,2021-10-22,2.6174477659645157,0.8103617136482302
SEG_008,2021-11-21,2.173238591386799,0.5800613443655914
SEG_009,2020-01-01,1.1209464295607396,0.04631066986973874
SEG_009,2020-01-31,1.2560635400161702,0.1043610849355753
SEG_009,2020-03-01,1.1445747260374555,0.14637276904861338
SEG_009,2020-03-31,0.8600409381595132,0.14406234546653116
SEG_009,2020-04-30,1.341859945451561,0.11468440394738533
SEG_009,2020-05-30,1.9040371604018929,0.19751081453303956
SEG_009,2020-06-29,1.3213587505416984,0.13546826237262025
SEG_009,2020-07-29,1.2927594150805073,0.10359695064203789
SEG_009,2020-08-28,0.6009049443295056,0.17405687805508419
SEG_009,2020-09-27,1.7795055056194757,0.2113909471289064
SEG_009,2020-10-27,2.7326925481292035,0.38343588625041947
SEG_009,2020-11-26,2.1463099000353356,0.3120579049959029
SEG_009,2020-12-26,1.1794845312706723,0.2829913417306724
SEG_009,2021-01-25,1.2687111838119274,0.29995709812972093
SEG_009,2021-02-24,0.9710348971433792,0.23567978284932106
SEG_009,2021-03-26,1.6075060063884772,0.11616065592448285
SEG_009,2021-04-25,1.2533391304368275,0.0788808338801518
SEG_009,2021-05-25,1.076498080033382,0.24692668455721506
SEG_009,2021-06-24,1.1472775853519552,0.08220794295028831
SEG_009,2021-07-24,1.8231722095419023,0.2753324248265915
SEG_009,2021-08-23,2.055452689261645,0.30873634571249714
SEG_009,2021-09-22,1.170823334014002,0.15861663096494194
SEG_009,2021-10-22,2.34629812320128,0.798649346038666
SEG_009,2021-11-21,2.143328811314806,0.4909201199837329
SEG_010,2020-01-01,1.0932161593136716,0.1546273958170946
SEG_010,2020-01-31,1.7479464192490983,0.22224594316470878
SEG_010,2020-03-01,1.4707580570843484,0.14461541969373426
SEG_010,2020-03-31,1.4337754623870165,0.2232535604620098
SEG_010,2020-04-30,1.704864302689599,0.08287900105824036
SEG_010,2020-05-30,1.415749755063726,0.03572290345425705
SEG_010,2020-06-29,1.4453164384377413,0.08163922588127032
SEG_010,2020-07-29,1.4742253545052422,0.20242896207883007
SEG_010,2020-08-28,2.0976217505911676,0.08038634331475948
SEG_010,2020-09-27,1.3819277070375033,0.19275325546366504
SEG_010,2020-10-27,2.7460823620540307,0.5701282635342229
SEG_010,2020-11-26,3.8974194294482096,0.9031227046547753
SEG_010,2020-12-26,1.9159976145575004,0.08938740755244608
SEG_010,2021-01-25,1.135062099064365,0.10578880368676928
SEG_010,2021-02-24,1.0435466278304504,0.08543560558761903
SEG_010,2021-03-26,1.081579555798583,0.12187810409260888
SEG_010,2021-04-25,0.9805629097053123,0.11074072495213409
SEG_010,2021-05-25,0.8648492068657735,0.1457539803125237
SEG_010,2021-06-24,2.0935265350717382,0.22339911075370894
SEG_010,2021-07-24,0.9544506616996913,0.08711560813927965
SEG_010,2021-08-23,2.2043808897238932,0.2444933398017219
SEG_010,2021-09-22,1.8114522659277377,0.06917618362963411
SEG_010,2021-10-22,2.5669256306398163,0.9925034684457481
SEG_010,2021-11-21,2.309793178280651,0.18117058278057172
SEG_011,2020-01-01,1.514916327568374,0.0902341218150091
SEG_011,2020-01-31,2.028708222598097,0.3161595672631304
SEG_011,2020-03-01,2.0320315741364277,0.3298395347283958
SEG_011,2020-03-31,1.7924197656563614,0.12933851544787736
SEG_011,2020-04-30,1.1228752580299177,0.22972300217382394
SEG_011,2020-05-30,2.2046553902484343,0.23919603378823948
SEG_011,2020-06-29,1.345707966435922,0.118176505444912
SEG_011,2020-07-29,1.196484949006368,0.2776962611153768
SEG_011,2020-08-28,0.5761699667849262,0.20036051590305826
SEG_011,2020-09-27,0.9882834880726635,0.0739092081513554
SEG_011,2020-10-27,0.6378744251745483,0.07387479276925252
SEG_011,2020-11-26,2.4118619712165232,0.30732950582327506
SEG_011,2020-12-26,2.203724050597949,0.5507613240702817
SEG_011,2021-01-25,0.8543231515825662,0.2749116710364074
SEG_011,2021-02-24,2.243969597158779,0.27598105612473023
SEG_011,2021-03-26,0.6509923290283345,0.09780959038511651
SEG_011,2021-04-25,0.8812416096829813,0.18116362575340336
SEG_011,2021-05-25,1.5317281435725651,0.24313281244771473
SEG_011,2021-06-24,1.8962387425583331,0.18540077970951868
SEG_011,2021-07-24,1.172759075434452,0.16840192853087363
SEG_011,2021-08-23,1.3806725463178409,0.07490168548920229
SEG_011,2021-09-22,1.3091222380076843,0.23338590879444868
SEG_011,2021-10-22,3.214989048317767,0.6810832058605146
SEG_011,2021-11-21,2.4851865844467627,0.40928389966802003
SEG_012,2020-01-01,0.9662104905766449,0.19661326587359923
SEG_012,2020-01-31,1.5243667007185184,0.23530954031167672
SEG_012,2020-03-01,1.2290339419240564,0.27714418712808275
SEG_012,2020-03-31,1.938874315461289,0.2738599217214376
SEG_012,2020-04-30,1.700940292147638,0.31657446699175074
SEG_012,2020-05-30,2.075126405915727,0.29762788454466926
SEG_012,2020-06-29,1.0143040252805522,0.19953371476429727
SEG_012,2020-07-29,0.7693075830321348,0.2461338049079776
SEG_012,2020-08-28,1.5014952620632924,0.057343294780391976
SEG_012,2020-09-27,1.7040308987149595,0.18219853114401746
SEG_012,2020-10-27,3.3706860732675,0.8220268966792029
SEG_012,2020-11-26,2.7816043722640478,0.6223868279779043
SEG_012,2020-12-26,3.3667013298785653,0.7366203903530699
SEG_012,2021-01-25,2.2856509982102056,0.2498462422574223
SEG_012,2021-02-24,1.2131017294954896,0.23690373416226485
SEG_012,2021-03-26,1.062963178914982,0.1459471517714952
SEG_012,2021-04-25,0.6093045648315818,0.1764056529912381
SEG_012,2021-05-25,2.345750913844323,0.20430524282525445
SEG_012,2021-06-24,0.7545445735345822,0.24468412217268137
SEG_012,2021-07-24,2.2088069062209685,0.16050342254857308
SEG_012,2021-08-23,1.2783277708500704,0.179864538959558
SEG_012,2021-09-22,2.2015028920751925,0.15094986132196883
SEG_012,2021-10-22,2.3273350647918214,0.3966875393418241
SEG_012,2021-11-21,3.0278937875915637,0.42939576322527434
SEG_013,2020-01-01,1.1932484605653573,0.22811830318101767
SEG_013,2020-01-31,0.8207590883081936,0.146380915418582
SEG_013,2020-03-01,1.4233712843300956,0.20870269319110124
SEG_013,2020-03-31,1.185878533583256,0.20355829246916068
SEG_013,2020-04-30,1.3701831561767541,0.20374457018019546
SEG_013,2020-05-30,2.2468536438981284,0.1519544674699273
SEG_013,2020-06-29,1.7952734494552112,0.10548893914673337
SEG_013,2020-07-29,2.1106997065564173,0.1525540338915799
SEG_013,2020-08-28,0.8546823558944541,0.1461730108036526
SEG_013,2020-09-27,1.1445885018860165,0.14256670375480548
SEG_013,2020-10-27,1.8592664559553918,0.5905613911558678
SEG_013,2020-11-26,2.120844160861137,0.18041793507936876
SEG_013,2020-12-26,3.6257979640619897,0.7719392286519264
SEG_013,2021-01-25,2.2499103536153386,0.29399812898044986
SEG_013,2021-02-24,1.019745652002958,0.2063905522429149
SEG_013,2021-03-26,1.1348243356613383,0.07052280456746866
SEG_013,2021-04-25,0.9752174498851152,0.25020916858265374
SEG_013,2021-05-25,2.1613191214146767,0.23128667918830792
SEG_013,2021-06-24,2.2663519244941317,0.34597884570481496
SEG_013,2021-07-24,0.9431189558141333,0.16451908959093375
SEG_013,2021-08-23,1.0351749416198723,0.25926473394857913
SEG_013,2021-09-22,0.8624992528441779,0.2712818159979847
SEG_013,2021-10-22,2.578302530358081,0.5701372360363691
SEG_013,2021-11-21,2.6684354175926925,0.6837911290018656
SEG_014,2020-01-01,1.1142483564823047,0.21171405435883006
SEG_014,2020-01-31,1.237187149878682,0.17109476924753422
SEG_014,2020-03-01,2.1569273995287577,0.3022116506547007
SEG_014,2020-03-31,0.834573667388972,0.19770558802120164
SEG_014,2020-04-30,0.8672952603341758,0.19325400224396433
SEG_014,2020-05-30,1.4161180209229038,0.07059814485208823
SEG_014,2020-06-29,1.5034185333567054,0.10329927277299963
SEG_014,2020-07-29,1.0677161676341043,0.24753144719112125
SEG_014,2020-08-28,1.0420560589333978,0.2201436284573406
SEG_014,2020-09-27,0.7727799196558045,0.14528230810373516
SEG_014,2020-10-27,1.3676762378776197,0.2001761838016476
SEG_014,2020-11-26,3.5306081721050164,0.7711721694074289
SEG_014,2020-12-26,1.5230716717230834,0.31969954136953405
SEG_014,2021-01-25,1.8949366722789176,0.06244487870527284
SEG_014,2021-02-24,1.4162940167264608,0.1196240334807795
SEG_014,2021-03-26,1.4087060858716949,0.16190241975404815
SEG_014,2021-04-25,0.9910364429044722,0.17174221863851463
SEG_014,2021-05-25,1.020111286666398,0.23398285774419308
SEG_014,2021-06-24,0.8963609208794411,0.18131265372590905
SEG_014,2021-07-24,2.104402105012499,0.18298222722594393
SEG_014,2021-08-23,1.3245590972211958,0.2127365680658341
SEG_014,2021-09-22,1.7375940576700317,0.1212581242912663
SEG_014,2021-10-22,1.910318253881123,0.4360326635623283
SEG_014,2021-11-21,0.9602231117743285,0.15850178133365975
SEG_015,2020-01-01,1.8190511994901353,0.16354150204514933
SEG_015,2020-01-31,0.7296805191330176,0.11808685282407319
SEG_015,2020-03-01,0.6353636951345751,0.056944720904015624
SEG_015,2020-03-31,1.4426078601405223,0.1540553596704033
SEG_015,2020-04-30,1.3737072939180768,0.16557519383103936
SEG_015,2020-05-30,1.8183587781163189,0.16718175332529844
SEG_015,2020-06-29,2.0233866373650655,0.1458280018624865
SEG_015,2020-07-29,0.9515831189694833,0.09711937995224204
SEG_015,2020-08-28,0.6632728636752796,0.13640968567172332
SEG_015,2020-09-27,1.6132647694538211,0.1101364302308395
SEG_015,2020-10-27,3.132355659149435,0.6417799299460747
SEG_015,2020-11-26,1.6696597963181907,0.21070840498328947
SEG_015,2020-12-26,2.255133012960863,0.6470138517992077
SEG_015,2021-01-25,1.7331938471795332,0.21800792849581058
SEG_015,2021-02-24,1.1219984806332237,0.12019787335557611
SEG_015,2021-03-26,0.9859482675198934,0.24571782519012977
SEG_015,2021-04-25,1.8536193312919593,0.12429510814232932
SEG_015,2021-05-25,1.1593815153573583,0.18998342286172826
SEG_015,2021-06-24,1.8961679860958274,0.15406198495862986
SEG_015,2021-07-24,0.7996757290161038,0.15767220951501434
SEG_015,2021-08-23,1.3419905018232778,0.23690635886649855
SEG_015,2021-09-22,1.735969348257969,0.2606890081413167
SEG_015,2021-10-22,3.0021261811629563,0.6812118966451839
SEG_015,2021-11-21,1.1985968120086399,0.34983670910540215
SEG_016,2020-01-01,1.5922682336998943,0.08305849018753679
SEG_016,2020-01-31,1.0788549206684774,0.12274738219038356
SEG_016,2020-03-01,1.0327221096921788,0.07025646859630688
SEG_016,2020-03-31,1.5250051056725078,0.1663524348950618
SEG_016,2020-04-30,1.5278676681445238,0.2888454796284793
SEG_016,2020-05-30,1.0884247585255469,0.21108626161757021
SEG_016,2020-06-29,1.7632051230132928,0.0335817522662524
SEG_016,2020-07-29,2.012257002083741,0.13174540508525662
SEG_016,2020-08-28,1.181988399788665,0.048157080867539295
SEG_016,2020-09-27,1.2971970106410151,0.2567604788699893
SEG_016,2020-10-27,2.0076880193819124,0.296068284219958
SEG_016,2020-11-26,1.6173923195486208,0.2587209935275629
SEG_016,2020-12-26,2.4541339155560964,0.5101821112101279
SEG_016,2021-01-25,1.0415120127821318,0.18964304930240666
SEG_016,2021-02-24,1.2546303818103843,0.1504934024810232
SEG_016,2021-03-26,1.4661428321528258,0.047041679063422485
SEG_016,2021-04-25,1.4020135036132917,0.18737367138869337
SEG_016,2021-05-25,1.6520721077824871,0.14699090699530085
SEG_016,2021-06-24,1.6189021210573922,0.19362502421675132
SEG_016,2021-07-24,1.7318494320819684,0.34413041157107277
SEG_016,2021-08-23,1.938708619504204,0.17160755657051693
SEG_016,2021-09-22,1.653857754932314,0.13146836346369317
SEG_016,2021-10-22,0.628996989090544,0.200221890687465
SEG_016,2021-11-21,1.9333982783370927,0.4250160080071787
SEG_017,2020-01-01,0.8600351071401588,0.17495082008319862
SEG_017,2020-01-31,0.8295364121118359,0.21240728665864034
SEG_017,2020-03-01,0.8881439537316724,0.07674200656477707
SEG_017,2020-03-31,2.05746970269772,0.1336541657597766
SEG_017,2020-04-30,1.8724034652871302,0.1392767201937672
SEG_017,2020-05-30,1.7616389005263817,0.11346767217100598
SEG_017,2020-06-29,2.120375968729573,0.08210396592642416
SEG_017,2020-07-29,1.1265368396696755,0.12915291865485973
SEG_017,2020-08-28,1.8984052293544753,0.18809256763020066
SEG_017,2020-09-27,1.450073260124323,0.050200139243368344
SEG_017,2020-10-27,2.274603108711254,0.2540883257688974
SEG_017,2020-11-26,3.3331751218173435,0.5877865683715162
SEG_017,2020-12-26,2.5350702240061342,0.30883730427927825
SEG_017,2021-01-25,1.3505351557909442,0.26228551854219007
SEG_017,2021-02-24,1.837449169210026,0.07925920729742109
SEG_017,2021-03-26,1.0952869212645409,0.13468637831173144
SEG_017,2021-04-25,1.9123879941343598,0.19686938700162845
SEG_017,2021-05-25,1.65423246612858,0.09316294443205501
SEG_017,2021-06-24,1.8613120015336113,0.1369283155233918
SEG_017,2021-07-24,1.8580103035565874,0.15600988758068482
SEG_017,2021-08-23,1.4675992421581636,0.14956678807589047
SEG_017,2021-09-22,2.1196544439121157,0.1623440080125778
SEG_017,2021-10-22,2.303761438436304,0.6613665218694055
SEG_017,2021-11-21,2.577891869996013,0.7937971670518545
SEG_018,2020-01-01,1.145002905760249,0.043476686342369314
SEG_018,2020-01-31,1.217777920499332,0.1812483643368396
SEG_018,2020-03-01,1.6953199866539417,0.1830410452401584
SEG_018,2020-03-31,1.0184537315222388,0.12256660257613114
SEG_018,2020-04-30,2.3668962235721263,0.15952007713437444
SEG_018,2020-05-30,0.526540620974315,0.04407531538892621
SEG_018,2020-06-29,0.6563267540174065,0.08018609016768573
SEG_018,2020-07-29,1.1348704146387818,0.20968017977658937
SEG_018,2020-08-28,1.997625430411027,0.13695159853763134
SEG_018,2020-09-27,2.0151556299786573,0.29619136359879883
SEG_018,2020-10-27,2.306414771644567,0.40715759700754056
SEG_018,2020-11-26,2.5416502642589087,0.9050428740213335
SEG_018,2020-12-26,3.1748555320257914,0.7765683305277958
SEG_018,2021-01-25,0.8236488160726946,0.06926205038861571
SEG_018,2021-02-24,1.1053872839785588,0.07937533223853631
SEG_018,2021-03-26,0.940631856746976,0.12345656652647533
SEG_018,2021-04-25,1.6768916962349147,0.17493150501262994
SEG_018,2021-05-25,1.58756760191122,0.20212794495474617
SEG_018,2021-06-24,0.6349139798845087,0.1308739850340253
SEG_018,2021-07-24,1.6147534474570067,0.21471671921765775
SEG_018,2021-08-23,1.889569191297127,0.17231003215311624
SEG_018,2021-09-22,1.647562260056743,0.2903768937572493
SEG_018,2021-10-22,2.0778983892831695,0.31839150907532987
SEG_018,2021-11-21,2.781408585306853,0.8366600853417825
SEG_019,2020-01-01,1.4972185182494355,0.08018178757291479
SEG_019,2020-01-31,1.3536892173945692,0.22156041750198643
SEG_019,2020-03-01,0.8726140189315967,0.10913956952500935
SEG_019,2020-03-31,1.427091949349852,0.15137375259742933
SEG_019,2020-04-30,1.3200226862691085,0.190739638381678
SEG_019,2020-05-30,2.1222905765418565,0.21448916749088445
SEG_019,2020-06-29,1.1547241130943484,0.08494466679862875
SEG_019,2020-07-29,0.6904078286632153,0.23954029057273735
SEG_019,2020-08-28,1.229993593311076,0.13641007806372343
SEG_019,2020-09-27,0.9289418639203784,0.1702260110247979
SEG_019,2020-10-27,2.3469068304242198,0.7454622081732135
SEG_019,2020-11-26,2.6611626960685886,0.8283885391292072
SEG_019,2020-12-26,1.3152841656331136,0.504440347406621
SEG_019,2021-01-25,1.9670617592460478,0.13880478110302893
SEG_019,2021-02-24,1.642252619644618,0.07871738099325137
SEG_019,2021-03-26,0.7545957314470934,0.1060062653800015
SEG_019,2021-04-25,2.22524800978239,0.2633746356941923
SEG_019,2021-05-25,2.2419534428065733,0.30872258323123236
SEG_019,2021-06-24,1.3669443307225972,0.2374619200923121
SEG_019,2021-07-24,0.8535000090500136,0.21191721356161342
SEG_019,2021-08-23,1.4621989176902956,0.1431720166346362
SEG_019,2021-09-22,1.599063941763354,0.26383454881920904
SEG_019,2021-10-22,3.0595434056511697,0.901335367942399
SEG_019,2021-11-21,2.7447720472754282,0.6652988940506375
SEG_020,2020-01-01,0.8212598510233456,0.2524269749400021
SEG_020,2020-01-31,0.5724423145159536,0.03516841979816702
SEG_020,2020-03-01,1.4458095001016857,0.1387509218612351
SEG_020,2020-03-31,1.7540137516602572,0.15941378648872453
SEG_020,2020-04-30,1.5130727941223354,0.2953956802445621
SEG_020,2020-05-30,0.730887459790993,0.12442780801376976
SEG_020,2020-06-29,1.1537034827588284,0.2018805204927056
SEG_020,2020-07-29,0.920476929519882,0.20372588236649386
SEG_020,2020-08-28,1.5661391736063426,0.20902418435606526
SEG_020,2020-09-27,0.7547413599166094,0.22398943133722013
SEG_020,2020-10-27,3.3650015102496775,0.805026068358877
SEG_020,2020-11-26,2.275362465862285,0.8087576464563088
SEG_020,2020-12-26,1.614733994176875,0.5343229713704845
SEG_020,2021-01-25,1.965937602608226,0.09066749445538998
SEG_020,2021-02-24,1.7119900505417391,0.3154803278221111
SEG_020,2021-03-26,1.4556126616379297,0.25428696401961953
SEG_020,2021-04-25,0.9646107857159891,0.22736320159947124
SEG_020,2021-05-25,1.1775653317938564,0.14163301383457233
SEG_020,2021-06-24,1.9450790510420881,0.25888273728751554
SEG_020,2021-07-24,1.0807403325872984,0.0480069272883785
SEG_020,2021-08-23,2.1621717798427857,0.1313652684048897
SEG_020,2021-09-22,0.9820708372414122,0.2611677320906717
SEG_020,2021-10-22,2.543427763743111,0.5586807142081835
SEG_020,2021-11-21,2.7356458826544032,0.9122716090048114
SEG_021,2020-01-01,1.6466208605119603,0.13627889108108848
SEG_021,2020-01-31,2.193428974587929,0.24888710823386606
SEG_021,2020-03-01,1.5184615235851797,0.0382679898737749
SEG_021,2020-03-31,1.1545345337645005,0.14603817115575007
SEG_021,2020-04-30,2.028440597463926,0.09227174650752293
SEG_021,2020-05-30,1.8159010148547305,0.25920032130990434
SEG_021,2020-06-29,1.735216949922466,0.18845668645702016
SEG_021,2020-07-29,1.7818827634615584,0.33838684509653405
SEG_021,2020-08-28,0.9947767264414524,0.29092218342604936
SEG_021,2020-09-27,0.8068051063423604,0.11263201608725379
SEG_021,2020-10-27,2.282947027459329,0.5217399053595155
SEG_021,2020-11-26,2.705665246892903,0.6095630011718095
SEG_021,2020-12-26,0.8720187421941146,0.02582827267172068
SEG_021,2021-01-25,0.7902623396890118,0.14685989935308313
SEG_021,2021-02-24,2.0982624064367457,0.16323905447535358
SEG_021,2021-03-26,1.8561754739594305,0.18337042187632394
SEG_021,2021-04-25,1.130898560508673,0.2303291651311462
SEG_021,2021-05-25,1.6754272586928376,0.03918020455784682
SEG_021,2021-06-24,1.8295808622358711,0.14208764330302487
SEG_021,2021-07-24,1.8201851581514568,0.2703891258768284
SEG_021,2021-08-23,0.630465160757238,0.14595493231016027
SEG_021,2021-09-22,2.225007516207013,0.1902953517875167
SEG_021,2021-10-22,1.2438998592491175,0.3087779271223697
SEG_021,2021-11-21,1.8455257844982376,0.5006656602004421
SEG_022,2020-01-01,0.7187221019099312,0.07477756510089831
SEG_022,2020-01-31,1.453670998685753,0.23188854300436518
SEG_022,2020-03-01,0.7243021482025278,0.21374562845029876
SEG_022,2020-03-31,1.9613820427391493,0.2728402574786969
SEG_022,2020-04-30,0.7712441182569136,0.09381361856219729
SEG_022,2020-05-30,0.9280144896094322,0.2039571574447901
SEG_022,2020-06-29,1.8280419194315525,0.12473738733799389
SEG_022,2020-07-29,2.1715732520420823,0.21302179350833916
SEG_022,2020-08-28,1.4962902643460094,0.28383976651374454
SEG_022,2020-09-27,1.958075247495696,0.15084496535978187
SEG_022,2020-10-27,2.956238505513096,0.7121520406317855
SEG_022,2020-11-26,2.7207063653065706,0.8675029102290645
SEG_022,2020-12-26,2.823334317993776,0.5382992718451812
SEG_022,2021-01-25,2.2402726894623743,0.17877793020638785
SEG_022,2021-02-24,1.7838320148350395,0.16644911903649087
SEG_022,2021-03-26,0.6486437890203425,0.18896185147752723
SEG_022,2021-04-25,1.495670649979781,0.2512568576274011
SEG_022,2021-05-25,0.8473446829232864,0.14099296375196027
SEG_022,2021-06-24,1.3612149032566505,0.17795514286285774
SEG_022,2021-07-24,2.1201335001924533,0.16694965887047208
SEG_022,2021-08-23,1.9227067096668973,0.14803228927703513
SEG_022,2021-09-22,0.9133393436234327,0.046944990995561764
SEG_022,2021-10-22,2.772587610329568,0.6962109805890042
SEG_022,2021-11-21,2.223458907192077,0.614719001340033
SEG_023,2020-01-01,1.2866085407783046,0.25938041703864323
SEG_023,2020-01-31,0.9020121899254518,0.0616059012522478
SEG_023,2020-03-01,1.562735616188525,0.2250317401508674
SEG_023,2020-03-31,1.9431436674538358,0.22523850524632316
SEG_023,2020-04-30,0.7476740164994858,0.10764932114354415
SEG_023,2020-05-30,1.9190661422653015,0.3205000557626282
SEG_023,2020-06-29,1.7904715011322772,0.2532500583740251
SEG_023,2020-07-29,2.283603174883537,0.1685652686436417
SEG_023,2020-08-28,1.2193763288110464,0.21380697936228465
SEG_023,2020-09-27,0.9447789283525336,0.14436794101599387
SEG_023,2020-10-27,3.3773362199334227,0.8730834090567645
SEG_023,2020-11-26,2.134813948429306,0.21408284946916017
SEG_023,2020-12-26,2.4028041773874245,0.37850485665537836
SEG_023,2021-01-25,1.9421233771815019,0.0776922270275817
SEG_023,2021-02-24,2.1303250461039376,0.271793717216291
SEG_023,2021-03-26,0.8804756361117614,0.19901925256969072
SEG_023,2021-04-25,1.5467183028027374,0.16800297351469246
SEG_023,2021-05-25,2.1874093559253347,0.14773555728017
SEG_023,2021-06-24,1.4536082106461294,0.30005028136728107
SEG_023,2021-07-24,1.0547319953003584,0.10480913121694774
SEG_023,2021-08-23,0.8912400733228747,0.2734522113719373
SEG_023,2021-09-22,1.592619186346766,0.05232784311450507
SEG_023,2021-10-22,2.7518422676008694,0.6192374214755479
SEG_023,2021-11-21,1.7880887343602154,0.42828478284325144
SEG_024,2020-01-01,0.6928424430691473,0.1526174105223434
SEG_024,2020-01-31,0.8523271318488362,0.2663075830856537
SEG_024,2020-03-01,1.7396029852245585,0.16843417720567397
SEG_024,2020-03-31,1.75147747813337,0.23680302596319763
SEG_024,2020-04-30,0.7712276195682708,0.2930639726500617
SEG_024,2020-05-30,1.5545884433652828,0.1418052904872761
SEG_024,2020-06-29,0.6428254675994904,0.028151735104018135
SEG_024,2020-07-29,1.6387228654770039,0.223164639492906
SEG_024,2020-08-28,1.4814741241741207,0.2075446268122721
SEG_024,2020-09-27,1.3843152883728989,0.27065434272646555
SEG_024,2020-10-27,3.38456685756751,0.8428799644452668
SEG_024,2020-11-26,2.1991625969595874,0.5393604910160078
SEG_024,2020-12-26,1.5204430545759038,0.061777075468042945
SEG_024,2021-01-25,1.593867090722614,0.17713628566192727
SEG_024,2021-02-24,0.9336069951911694,0.1693433525026746
SEG_024,2021-03-26,1.2538817344305284,0.12834267142032224
SEG_024,2021-04-25,1.9717058554535287,0.20790389596067765
SEG_024,2021-05-25,1.957909121524382,0.178754114717396
SEG_024,2021-06-24,1.6506937483897213,0.13679730277744204
SEG_024,2021-07-24,1.5870019441150158,0.16349912530528413
SEG_024,2021-08-23,1.9795913692769356,0.249239017804116
SEG_024,2021-09-22,0.9679968552202343,0.3099801484003525
SEG_024,2021-10-22,2.229092399652169,0.3724441368545352
SEG_024,2021-11-21,3.5791974441585634,0.8801931923032978
SEG_025,2020-01-01,1.7977653589275286,0.1944288857418746
SEG_025,2020-01-31,1.9318172777979503,0.13487194731677465
SEG_025,2020-03-01,2.075019046313756,0.16929446726169453
SEG_025,2020-03-31,1.5993423358774186,0.30502285851594446
SEG_025,2020-04-30,2.3641579761005964,0.2117031463104526
SEG_025,2020-05-30,0.8778620744682629,0.14747787518791372
SEG_025,2020-06-29,1.605316406284,0.2314554786643755
SEG_025,2020-07-29,2.117090994660214,0.24999733563791632
SEG_025,2020-08-28,1.0830052177883873,0.24148685807546139
SEG_025,2020-09-27,1.910877802310538,0.1413542321857552
SEG_025,2020-10-27,2.5336400398159045,0.7364238439255528
SEG_025,2020-11-26,1.3885514427154702,0.3768010340469588
SEG_025,2020-12-26,1.454420579391346,0.41065930474227064
SEG_025,2021-01-25,1.0850223143786124,0.2709958315012093
SEG_025,2021-02-24,0.9128492556210791,0.2366478606844354
SEG_025,2021-03-26,1.0831962704342915,0.2541451960798107
SEG_025,2021-04-25,0.5684442681535664,0.1479234581920941
SEG_025,2021-05-25,1.20268854389989,0.2265132516642759
SEG_025,2021-06-24,1.6748216931123774,0.18411029939412132
SEG_025,2021-07-24,1.4744649195701958,0.015832225420592306
SEG_025,2021-08-23,1.5579242097789205,0.0066378784758174495
SEG_025,2021-09-22,1.1398448114157764,0.21759271102775957
SEG_025,2021-10-22,2.2733902363200453,0.3012268013072045
SEG_025,2021-11-21,2.3428775789154517,0.44080209219889566
SEG_026,2020-01-01,0.8489856830987088,0.2962284605823357
SEG_026,2020-01-31,1.30311237228179,0.15898000686126235
SEG_026,2020-03-01,0.7487860765351392,0.06298665698816064
SEG_026,2020-03-31,1.261600826672421,0.11104572195093268
SEG_026,2020-04-30,0.6834508953538738,0.11603003964695893
SEG_026,2020-05-30,1.2814520131963447,0.2119218399470657
SEG_026,2020-06-29,1.0477568128951111,0.20284981067421687
SEG_026,2020-07-29,1.7692172584961043,0.17652588244701753
SEG_026,2020-08-28,1.1351851617400244,0.24440550256708732
SEG_026,2020-09-27,2.062960660438424,0.2958197474049137
SEG_026,2020-10-27,1.8408404325369387,0.4533310621103068
SEG_026,2020-11-26,2.7715407935613845,0.8952359148201054
SEG_026,2020-12-26,1.0230644627923502,0.2142530904194515
SEG_026,2021-01-25,1.125956725682799,0.15739318549378328
SEG_026,2021-02-24,1.0290251393817405,0.07659661550288006
SEG_026,2021-03-26,2.0161422828838362,0.1678543016768022
SEG_026,2021-04-25,1.1427991185225475,0.07116307971617915
SEG_026,2021-05-25,1.5811654761001699,0.2775595148004304
SEG_026,2021-06-24,1.3594477315069207,0.2874484950177871
SEG_026,2021-07-24,1.2947540815300402,0.20354761422358264
SEG_026,2021-08-23,1.7604888241511858,0.08489693563329825
SEG_026,2021-09-22,2.042857249464837,0.08086117020005351
SEG_026,2021-10-22,2.139690912718113,0.25675996139041596
SEG_026,2021-11-21,2.9877294745311644,0.6963074840885884
SEG_027,2020-01-01,1.128614364264413,0.10117015601822102
SEG_027,2020-01-31,2.023654503859908,0.29008074687154034
SEG_027,2020-03-01,0.8664657559697422,0.2448990678409485
SEG_027,2020-03-31,0.7950577454309046,0.1667430868990583
SEG_027,2020-04-30,2.1251059646490402,0.12900917636915285
SEG_027,2020-05-30,1.3978952992265077,0.13293653663400884
SEG_027,2020-06-29,1.4087431263927848,0.11149708275193923
SEG_027,2020-07-29,1.4642412116946708,0.22480029911734156
SEG_027,2020-08-28,1.168618510706784,0.2979594378033559
SEG_027,2020-09-27,1.7354223860758315,0.1756969505732033
SEG_027,2020-10-27,3.482401287576211,0.7982396940545313
SEG_027,2020-11-26,1.996883458542378,0.3628962589948806
SEG_027,2020-12-26,1.9600054684051273,0.2600586801734044
SEG_027,2021-01-25,1.1053661227398266,0.07062874195755862
SEG_027,2021-02-24,0.97626431452524,0.015994226503901927
SEG_027,2021-03-26,0.7900940227464225,0.13453640833810454
SEG_027,2021-04-25,0.8725484447219083,0.07671471938688093
SEG_027,2021-05-25,0.815705487467111,0.24968940287010186
SEG_027,2021-06-24,2.035675548787202,0.13828302137712783
SEG_027,2021-07-24,1.3605643444130577,0.3237563951941822
SEG_027,2021-08-23,1.6173751634762952,0.25649674591134036
SEG_027,2021-09-22,2.008653160799452,0.1690308183098859
SEG_027,2021-10-22,2.4272929931504086,0.9260881669935256
SEG_027,2021-11-21,1.6449960318265484,0.3534883961091878
SEG_028,2020-01-01,1.6644698360670662,0.09308706552661106
SEG_028,2020-01-31,2.247502306985761,0.19511669715605154
SEG_028,2020-03-01,1.7053938988445023,0.21114906590700497
SEG_028,2020-03-31,1.4419610664878242,0.12617422900481534
SEG_028,2020-04-30,1.5374234086495286,0.14800193142083107
SEG_028,2020-05-30,1.4279275791175106,0.16313038221445592
SEG_028,2020-06-29,1.8216028917266849,0.23922501063708768
SEG_028,2020-07-29,1.9798565590284454,0.12134629605772834
SEG_028,2020-08-28,1.3086470869837543,0.15538144188113495
SEG_028,2020-09-27,1.2615989264063416,0.12747750730572655
SEG_028,2020-10-27,3.530121781217273,0.8292245002985984
SEG_028,2020-11-26,1.477157266187095,0.2709549410990273
SEG_028,2020-12-26,1.9000566246558035,0.5117484580023028
SEG_028,2021-01-25,2.198912049911728,0.21493414807480965
SEG_028,2021-02-24,1.1688558381152507,0.1199758456494919
SEG_028,2021-03-26,1.7626485830101393,0.08971435703990727
SEG_028,2021-04-25,0.8159721033936016,0.2604478336643591
SEG_028,2021-05-25,1.915860080126087,0.23312458432137856
SEG_028,2021-06-24,1.2457335546797108,0.25209687099485334
SEG_028,2021-07-24,0.8536463875553932,0.17477814701667005
SEG_028,2021-08-23,0.9899407110794857,0.22143108555216434
SEG_028,2021-09-22,1.894169494392914,0.19239640600604813
SEG_028,2021-10-22,2.901131033772046,0.536903006901095
SEG_028,2021-11-21,1.7830098155968794,0.4300500548535511
SEG_029,2020-01-01,0.8076626707853694,0.16861279000996976
SEG_029,2020-01-31,1.5630549897875128,0.2690347761343371
SEG_029,2020-03-01,0.919213799451986,0.15777431066996683
SEG_029,2020-03-31,1.2433177875531876,0.1682581451029122
SEG_029,2020-04-30,1.6775972453434516,0.13679287922460623
SEG_029,2020-05-30,1.4290009326024704,0.1618546760785955
SEG_029,2020-06-29,2.3658088148871443,0.28817703101818326
SEG_029,2020-07-29,1.3004144172169512,0.2333017524156289
SEG_029,2020-08-28,1.5519577453315878,0.2610104755238699
SEG_029,2020-09-27,1.3543841171079802,0.19584437952218126
SEG_029,2020-10-27,1.4317274037477035,0.18333322724410867
SEG_029,2020-11-26,2.5015257317484387,0.6278798259351004
SEG_029,2020-12-26,1.5627313318527571,0.18304650803458056
SEG_029,2021-01-25,1.66209078378557,0.3484404619385669
SEG_029,2021-02-24,1.5440634308053165,0.09954673361289627
SEG_029,2021-03-26,1.2816411109362338,0.19635350013548214
SEG_029,2021-04-25,1.3438914367098873,0.11644297313596405
SEG_029,2021-05-25,1.4412088236136862,0.22549530835196108
SEG_029,2021-06-24,1.7017923233792167,0.10503039107604437
SEG_029,2021-07-24,1.4128822959492207,0.2004494974784904
SEG_029,2021-08-23,0.986071395018175,0.1943676750508104
SEG_029,2021-09-22,1.991872298046549,0.21811342910038767
SEG_029,2021-10-22,1.1868568387422536,0.2365533529030658
SEG_029,2021-11-21,2.72292960344803,0.7301218973049153
SEG_030,2020-01-01,1.9637069411927826,0.3322665633952415
SEG_030,2020-01-31,0.9420289184916284,0.2996199299881654
SEG_030,2020-03-01,0.8822718946368524,0.14202511603498147
SEG_030,2020-03-31,1.312003486936101,0.1705169446172601
SEG_030,2020-04-30,1.4333757632919797,0.09507138963802746
SEG_030,2020-05-30,0.9790005003217239,0.24459974674625642
SEG_030,2020-06-29,0.6038624584396793,0.09630039991818543
SEG_030,2020-07-29,1.8690510326894847,0.1840053776145886
SEG_030,2020-08-28,1.5557584809706242,0.27577982382283756
SEG_030,2020-09-27,0.82334556143499,0.14008875672294513
SEG_030,2020-10-27,1.7524344882289193,0.23581107901517195
SEG_030,2020-11-26,2.6215064824094547,0.8042324078080659
SEG_030,2020-12-26,1.7354282920393382,0.3960426551274513
SEG_030,2021-01-25,0.9444896845309586,0.2565575091374833
SEG_030,2021-02-24,1.4387255924998488,0.13249145583164385
SEG_030,2021-03-26,1.045749738065675,0.2449717457093706
SEG_030,2021-04-25,1.695943778804389,0.19858520384206857
SEG_030,2021-05-25,2.24782862761921,0.24110594033951951
SEG_030,2021-06-24,1.535791378211072,0.1775511277422842
SEG_030,2021-07-24,1.9336979884154066,0.3312771501967545
SEG_030,2021-08-23,1.1735839131689312,0.13432163543977124
SEG_030,2021-09-22,1.080448638840338,0.14473422337450892
SEG_030,2021-10-22,2.474118003117654,0.3391440481375517
SEG_030,2021-11-21,3.4111920069560213,0.9461871292367412
SEG_031,2020-01-01,0.7287922082368058,0.07160495477736074
SEG_031,2020-01-31,1.4857443243862034,0.04349530755877605
SEG_031,2020-03-01,0.5598933490783816,0.1768402399937333
SEG_031,2020-03-31,0.9648867193293728,0.2693776230255798
SEG_031,2020-04-30,1.6734177637269574,0.17963955734042683
SEG_031,2020-05-30,0.7702949713054896,0.15076500192852696
SEG_031,2020-06-29,1.126315612965161,0.15928085635763037
SEG_031,2020-07-29,1.5482504656533782,0.07924890862875142
SEG_031,2020-08-28,2.226667440547618,0.16053859681992008
SEG_031,2020-09-27,0.8980121764780263,0.3038909960460768
SEG_031,2020-10-27,1.2326068551082061,0.2292297953657521
SEG_031,2020-11-26,2.5488445588079824,0.44472044932350274
SEG_031,2020-12-26,1.7342478902308882,0.06123234223351928
SEG_031,2021-01-25,1.1238472717532755,0.028331815249211183
SEG_031,2021-02-24,1.0015632218763235,0.268222741739206
SEG_031,2021-03-26,1.8683550401509708,0.1875476155347564
SEG_031,2021-04-25,1.8066322804322974,0.2087720197738197
SEG_031,2021-05-25,1.0291085944388063,0.11703834454317708
SEG_031,2021-06-24,1.768369088521062,0.15830543585227352
SEG_031,2021-07-24,1.0070405216766576,0.12768241656608278
SEG_031,2021-08-23,0.7680736805684356,0.1734720624909415
SEG_031,2021-09-22,0.7644651967045758,0.20668321541257412
SEG_031,2021-10-22,1.8780673771703669,0.2970297400808162
SEG_031,2021-11-21,3.292979855535297,0.7137849688778527
SEG_032,2020-01-01,1.07020575429932,0.3166002849932794
SEG_032,2020-01-31,0.8526982832976754,0.12337901890975529
SEG_032,2020-03-01,2.097281087295965,0.20369832452777947
SEG_032,2020-03-31,2.1561050685848713,0.2736312707341051
SEG_032,2020-04-30,0.8577135050710258,0.17694279559866216
SEG_032,2020-05-30,1.8372364045480774,0.11385877152806656
SEG_032,2020-06-29,1.5918128277807968,0.11663262578812807
SEG_032,2020-07-29,1.538036462139374,0.058981342676758565
SEG_032,2020-08-28,2.0000985544253562,0.12019821887588661
SEG_032,2020-09-27,1.3926952596031907,0.28284296529463576
SEG_032,2020-10-27,2.3925304553202076,0.45865423087058865
SEG_032,2020-11-26,1.8088690299045975,0.4197143970638725
SEG_032,2020-12-26,1.273562741154661,0.2910491402869392
SEG_032,2021-01-25,1.5726940296063712,0.2375564829937094
SEG_032,2021-02-24,1.2132294726283568,0.22537211704575164
SEG_032,2021-03-26,1.6998108198557635,0.19242403782591339
SEG_032,2021-04-25,1.3805067913782545,0.15564075487025986
SEG_032,2021-05-25,1.1401897968041235,0.07607695787047582
SEG_032,2021-06-24,0.8435047916532221,0.12025785573550601
SEG_032,2021-07-24,2.069507653899169,0.2909394510792359
SEG_032,2021-08-23,1.4875270161718135,0.21874479222329812
SEG_032,2021-09-22,1.7036448053000701,0.13104867388562766
SEG_032,2021-10-22,3.262015688568188,0.6254452323444468
SEG_032,2021-11-21,2.439866304258422,0.44901762228125136
SEG_033,2020-01-01,2.051810974950507,0.060456623166638156
SEG_033,2020-01-31,0.822110274760228,0.3051570005398037
SEG_033,2020-03-01,1.6651129125070196,0.18946753575464115
SEG_033,2020-03-31,1.3695797727114083,0.24899930409168755
SEG_033,2020-04-30,1.2069672378984047,0.16382099146662388
SEG_033,2020-05-30,1.717523022067549,0.2084944138970731
SEG_033,2020-06-29,1.6945037697757284,0.2837717753839949
SEG_033,2020-07-29,0.8243567420078228,0.12007836193880103
SEG_033,2020-08-28,0.9214331124806365,0.12332503873067073
SEG_033,2020-09-27,1.6013205021110053,0.3393895630841801
SEG_033,2020-10-27,2.709939207368909,0.39386296064867693
SEG_033,2020-11-26,2.5952960469535853,0.8240527469117025
SEG_033,2020-12-26,1.8615478095865996,0.4438708743778056
SEG_033,2021-01-25,1.0650345721380945,0.18526222574229517
SEG_033,2021-02-24,2.114554301435584,0.21231281564029741
SEG_033,2021-03-26,0.7516954157694349,0.13277196642817582
SEG_033,2021-04-25,2.040462387015932,0.22435771112065866
SEG_033,2021-05-25,1.1070994985352345,0.2357475445364316
SEG_033,2021-06-24,2.1736548802570903,0.25799489949885
SEG_033,2021-07-24,1.8229246068485607,0.13026673909873443
SEG_033,2021-08-23,1.6109248096541418,0.24464105353119517
SEG_033,2021-09-22,1.2616871696298115,0.09521819988229428
SEG_033,2021-10-22,2.7926521610394963,0.6880930835068899
SEG_033,2021-11-21,2.3846395856919225,0.3323749851534076
SEG_034,2020-01-01,1.123210900070264,0.0843548805362314
SEG_034,2020-01-31,1.8339225335314067,0.1556664961353723
SEG_034,2020-03-01,2.3808549183222354,0.2099339987277022
SEG_034,2020-03-31,0.8637389265471763,0.21499576169571039
SEG_034,2020-04-30,1.330416109900038,0.2653875106589708
SEG_034,2020-05-30,0.9755008446704589,0.16682801050746865
SEG_034,2020-06-29,1.5377394719606032,0.3357097915671499
SEG_034,2020-07-29,1.2724046041744672,0.18442647269698192
SEG_034,2020-08-28,1.1970642203425532,0.19800925748721285
SEG_034,2020-09-27,0.734383122252735,0.08909403899363773
SEG_034,2020-10-27,2.2922169530361436,0.5143268564457766
SEG_034,2020-11-26,1.9637058182345237,0.3331771105526785
SEG_034,2020-12-26,2.8672308948608536,0.7062717709660048
SEG_034,2021-01-25,1.5719255419617646,0.14809409391086356
SEG_034,2021-02-24,1.7769539803163432,0.1875503186440849
SEG_034,2021-03-26,0.7551874754715704,0.1636686736715295
SEG_034,2021-04-25,0.8701851565783781,0.0792558867665295
SEG_034,2021-05-25,2.215560664445352,0.2606606974286543
SEG_034,2021-06-24,1.8228863656529348,0.1688304269160295
SEG_034,2021-07-24,0.9576696468576564,0.20204564895212132
SEG_034,2021-08-23,2.030520835454441,0.26053257801806445
SEG_034,2021-09-22,0.7813114994370562,0.2060489866991968
SEG_034,2021-10-22,2.171435013692705,0.3567981490288504
SEG_034,2021-11-21,2.369717161778457,0.45815662069758345
SEG_035,2020-01-01,0.7996131148811364,0.19394104080839789
SEG_035,2020-01-31,2.1876518178763145,0.18516206277358052
SEG_035,2020-03-01,2.0002469016060087,0.27353055976273405
SEG_035,2020-03-31,0.6848659988155535,0.06782820128079628
SEG_035,2020-04-30,0.9988011508099084,0.1302272743062272
SEG_035,2020-05-30,1.007036536799222,0.2565253835771576
SEG_035,2020-06-29,1.6189798437030494,0.22740766447955924
SEG_035,2020-07-29,1.669763152356927,0.03692143744377284
SEG_035,2020-08-28,1.8671962733412995,0.09460639059432666
SEG_035,2020-09-27,1.6538288151187657,0.2870363605124774
SEG_035,2020-10-27,2.385942950700058,0.4927971645123738
SEG_035,2020-11-26,2.156554926127421,0.4807258937832996
SEG_035,2020-12-26,1.3953975002916224,0.49318523395388836
SEG_035,2021-01-25,1.5431008049035646,0.15449477419569674
SEG_035,2021-02-24,1.7010341417615107,0.07082529623817388
SEG_035,2021-03-26,1.0667899509203145,0.13200931703566013
SEG_035,2021-04-25,1.571019840523343,0.17899787193251493
SEG_035,2021-05-25,1.276557870958445,0.08870830847845765
SEG_035,2021-06-24,1.9663400724080737,0.21440673584639178
SEG_035,2021-07-24,0.9879127817695481,0.2072611024307136
SEG_035,2021-08-23,1.9069696155332674,0.30033975181610145
SEG_035,2021-09-22,1.0952913855478619,0.1529456227670362
SEG_035,2021-10-22,2.7645118263480652,0.8191181286735059
SEG_035,2021-11-21,2.6093810644417235,0.4393951964535015
SEG_036,2020-01-01,0.6499800158742916,0.16641419841194524
SEG_036,2020-01-31,1.370175176160695,0.08884450224677887
SEG_036,2020-03-01,1.2425219459402164,0.18252188985199974
SEG_036,2020-03-31,1.4544682275551837,0.23148435577158188
SEG_036,2020-04-30,0.8192400697717412,0.26841273727877907
SEG_036,2020-05-30,1.3765045092006396,0.12413644398638793
SEG_036,2020-06-29,0.9692428033465195,0.1896289013529232
SEG_036,2020-07-29,2.092266588241516,0.16589253642210006
SEG_036,2020-08-28,2.189917984758134,0.201220893696182
SEG_036,2020-09-27,0.9426488336679688,0.10803589632959894
SEG_036,2020-10-27,2.4308149962719585,0.36894182031234224
SEG_036,2020-11-26,2.9694832135772504,0.8849019910910018
SEG_036,2020-12-26,1.6333931462927218,0.36131386531020315
SEG_036,2021-01-25,1.5214921421596153,0.22951301840602317
SEG_036,2021-02-24,1.533382546406079,0.1913658242562013
SEG_036,2021-03-26,1.9265603928748527,0.14920136802867828
SEG_036,2021-04-25,1.805157992035059,0.027715961108090527
SEG_036,2021-05-25,1.2478639702950016,0.11895573991347186
SEG_036,2021-06-24,1.3658128718864266,0.09731065112792717
SEG_036,2021-07-24,2.0143961379786144,0.23312591616221134
SEG_036,2021-08-23,2.0718326906196,0.2871239021384583
SEG_036,2021-09-22,0.8802124076406349,0.12884781747075197
SEG_036,2021-10-22,1.7537375536716682,0.3698082865529364
SEG_036,2021-11-21,2.2780473964883545,0.336931880664174
SEG_037,2020-01-01,2.113503352073716,0.26808055181425405
SEG_037,2020-01-31,1.0340836396761404,0.17343343868171332
SEG_037,2020-03-01,0.6532841347491172,0.1938074481177729
SEG_037,2020-03-31,1.0564545177586289,0.23552582278680323
SEG_037,2020-04-30,2.254421923882971,0.1580597997840579
SEG_037,2020-05-30,1.6420889013831599,0.08990862317587532
SEG_037,2020-06-29,1.023981630012271,0.2656587974570589
SEG_037,2020-07-29,1.8011240655239769,0.22109927160960413
SEG_037,2020-08-28,1.2069632343873373,0.12114571795810468
SEG_037,2020-09-27,1.9331537465058433,0.28261651196375126
SEG_037,2020-10-27,1.0394227073354292,0.22979292383336933
SEG_037,2020-11-26,2.1960913841188514,0.3107368262816217
SEG_037,2020-12-26,1.6895614274581838,0.40179028190899735
SEG_037,2021-01-25,1.6883273953147095,0.1353519082577505
SEG_037,2021-02-24,0.872038658253838,0.1685551534480314
SEG_037,2021-03-26,0.7847936061582177,0.1375895854194945
SEG_037,2021-04-25,1.328315901991874,0.14492684037099643
SEG_037,2021-05-25,1.5641802186650517,0.13614112055724614
SEG_037,2021-06-24,0.9032835617426905,0.2592970459698273
SEG_037,2021-07-24,0.9870759074534343,0.25064371309831013
SEG_037,2021-08-23,1.5551684217504111,0.2912224019241987
SEG_037,2021-09-22,1.9557641590319186,0.22077254244081085
SEG_037,2021-10-22,3.063840305882475,0.833924196425792
SEG_037,2021-11-21,0.8190995092098825,0.16976214268802423
SEG_038,2020-01-01,0.5681218968933978,0.13999814118924023
SEG_038,2020-01-31,1.9136204285993594,0.19060334260005712
SEG_038,2020-03-01,0.9070442654685819,0.25668454079881414
SEG_038,2020-03-31,1.5888936190271,0.1911170253718786
SEG_038,2020-04-30,1.8281745954514155,0.11068933837159523
SEG_038,2020-05-30,1.1895382837741209,0.18457847248272952
SEG_038,2020-06-29,1.9616218920804274,0.15491191999140652
SEG_038,2020-07-29,0.7298147801541188,0.2011075220336852
SEG_038,2020-08-28,1.306030105384551,0.1442198785942553
SEG_038,2020-09-27,1.6928248789886258,0.12520177761302054
SEG_038,2020-10-27,2.8233489413209583,0.6550162682682132
SEG_038,2020-11-26,1.6748044905989306,0.2661043688195099
SEG_038,2020-12-26,1.7296286019863147,0.09760777686324225
SEG_038,2021-01-25,2.0465351501796687,0.24478903038852395
SEG_038,2021-02-24,2.308199626335515,0.3327077502989688
SEG_038,2021-03-26,1.2674551365866389,0.06482235911754194
SEG_038,2021-04-25,1.768839878043951,0.07498647560452171
SEG_038,2021-05-25,0.8346749301634192,0.10207553304109057
SEG_038,2021-06-24,1.9158613959658402,0.2393728786335978
SEG_038,2021-07-24,0.7957974680078012,0.07306515686619046
SEG_038,2021-08-23,1.2170982725177115,0.066505750476966
SEG_038,2021-09-22,1.634959225113653,0.18597242131855712
SEG_038,2021-10-22,2.0847890434881275,0.4383187157323332
SEG_038,2021-11-21,1.9527681048687455,0.5656732433373609
SEG_039,2020-01-01,1.2972441238267458,0.1756494934329359
SEG_039,2020-01-31,1.9356881961504666,0.18079243837901643
SEG_039,2020-03-01,1.7859955974846597,0.15998505301546126
SEG_039,2020-03-31,0.8275707977584481,0.2692575098454888
SEG_039,2020-04-30,1.0871722554947216,0.17207786952928777
SEG_039,2020-05-30,1.78874402884247,0.1038829892784778
SEG_039,2020-06-29,1.667195032564433,0.3026098669639981
SEG_039,2020-07-29,1.1203917805183377,0.12871340565878306
SEG_039,2020-08-28,1.255487973447667,0.1552329333228233
SEG_039,2020-09-27,1.852668726664748,0.1422795820429193
SEG_039,2020-10-27,3.1314898168762237,0.5262296359511858
SEG_039,2020-11-26,2.315918249806342,0.5674006315280512
SEG_039,2020-12-26,2.8060024137367887,0.6794594095589364
SEG_039,2021-01-25,1.539654864712598,0.17190318764228307
SEG_039,2021-02-24,1.762264609301137,0.29159454060708545
SEG_039,2021-03-26,1.7062816469083475,0.32396589757695565
SEG_039,2021-04-25,1.150634511796281,0.22828535972499597
SEG_039,2021-05-25,0.8369186665174634,0.1316499618723737
SEG_039,2021-06-24,1.958954476818063,0.17819223906348447
SEG_039,2021-07-24,1.3556985128070034,0.26758036943222796
SEG_039,2021-08-23,1.3239634613432942,0.1498164767702887
SEG_039,2021-09-22,1.3081279406772452,0.23501034755277062
SEG_039,2021-10-22,2.5115753439124404,0.8188575409611185
SEG_039,2021-11-21,1.7717483861532575,0.13224289733391822
SEG_040,2020-01-01,1.0752128208478602,0.11637990425424004
SEG_040,2020-01-31,1.182628459450347,0.19412849984989625
SEG_040,2020-03-01,1.597383243878981,0.1701565616196205
SEG_040,2020-03-31,2.036667823361612,0.043599757458986504
SEG_040,2020-04-30,1.6403874271200933,0.20106747671341238
SEG_040,2020-05-30,1.2329506177056544,0.12200420033354918
SEG_040,2020-06-29,1.6665589387330175,0.24136872302088425
SEG_040,2020-07-29,1.7464868610211486,0.23630328439938914
SEG_040,2020-08-28,1.2306784510512712,0.22369089963961203
SEG_040,2020-09-27,1.5430763072261189,0.2788881180177676
SEG_040,2020-10-27,2.491470221136162,0.5450737609894841
SEG_040,2020-11-26,1.9923182485468283,0.2796291023813635
SEG_040,2020-12-26,1.6767132416544612,0.29421499025462505
SEG_040,2021-01-25,0.9797630183052342,0.21007432171772022
SEG_040,2021-02-24,0.7781706202377457,0.09579506550201675
SEG_040,2021-03-26,1.0504071337694931,0.17341825450121415
SEG_040,2021-04-25,1.8128719465613383,0.14275850992167613
SEG_040,2021-05-25,0.9978381118471581,0.028653975784224343
SEG_040,2021-06-24,1.5113298844507765,0.215696852472616
SEG_040,2021-07-24,0.7052514637045989,0.1589614120415963
SEG_040,2021-08-23,1.8167536474505173,0.29296391407738187
SEG_040,2021-09-22,1.8539837460702862,0.2438721459473192
SEG_040,2021-10-22,2.400772707497324,0.5087990883283715
SEG_040,2021-11-21,2.376601810980307,0.41124159260087045
SEG_041,2020-01-01,1.9968228424289935,0.24780278990806456
SEG_041,2020-01-31,1.0418842144155938,0.15748115316944142
SEG_041,2020-03-01,1.1536921676174672,0.06309640001221567
SEG_041,2020-03-31,1.5594745701079995,0.21081730018188255
SEG_041,2020-04-30,1.2272143543392737,0.2221993476631765
SEG_041,2020-05-30,1.3489146274919213,0.24701080479107562
SEG_041,2020-06-29,0.7016586421888944,0.20443063526381383
SEG_041,2020-07-29,1.1189600627388185,0.31443069207196517
SEG_041,2020-08-28,1.876987306180419,0.024347206598812714
SEG_041,2020-09-27,2.3310985405536364,0.16200662923485493
SEG_041,2020-10-27,1.6436766565828123,0.5118263503875127
SEG_041,2020-11-26,1.5694932148056149,0.30890397812546294
SEG_041,2020-12-26,1.4694537685058464,0.19126477369176625
SEG_041,2021-01-25,0.9254607833771603,0.1809524848951568
SEG_041,2021-02-24,1.7983532209835822,0.14458789142536257
SEG_041,2021-03-26,1.063768281106308,0.2337343580516132
SEG_041,2021-04-25,0.8842843134006737,0.12340183495386559
SEG_041,2021-05-25,1.440058957829697,0.1527009700001612
SEG_041,2021-06-24,2.166389184818357,0.25560899996086156
SEG_041,2021-07-24,2.084962184796004,0.2782624345162674
SEG_041,2021-08-23,1.901437174015845,0.11792900227692503
SEG_041,2021-09-22,1.1700112447073605,0.0505374939116392
SEG_041,2021-10-22,2.2506799598035476,0.8506244698018758
SEG_041,2021-11-21,1.2283737626806726,0.283206415304545
SEG_042,2020-01-01,2.2461076850948203,0.18196777163236594
SEG_042,2020-01-31,2.352854659406989,0.2632418932975774
SEG_042,2020-03-01,1.8256973441295177,0.15102064430236728
SEG_042,2020-03-31,1.4872949801888815,0.1733930262594916
SEG_042,2020-04-30,1.4271007333414962,0.17535446620064943
SEG_042,2020-05-30,1.4025852710758402,0.3102787067280806
SEG_042,2020-06-29,0.877109848186963,0.3255472369455645
SEG_042,2020-07-29,1.2085321641897815,0.02536849462737718
SEG_042,2020-08-28,1.9064860078523216,0.2422567007826566
SEG_042,2020-09-27,1.3120450613517118,0.23650195615078595
SEG_042,2020-10-27,1.039605195058983,0.26532308360455253
SEG_042,2020-11-26,3.633060228131889,0.8079916788290231
SEG_042,2020-12-26,1.8819002639327107,0.22713835672571964
SEG_042,2021-01-25,1.238524534184216,0.28948923288492145
SEG_042,2021-02-24,1.8582444014847856,0.15073401796209543
SEG_042,2021-03-26,2.156285301463615,0.1643917620192984
SEG_042,2021-04-25,1.4040104202430475,0.1522794094636921
SEG_042,2021-05-25,0.7051960954985121,0.17391875314968383
SEG_042,2021-06-24,1.7218636935058504,0.09262382332620708
SEG_042,2021-07-24,1.465715102666423,0.2226981471748326
SEG_042,2021-08-23,1.6842587009170713,0.2503695622059631
SEG_042,2021-09-22,0.9123510292812301,0.09358354076660527
SEG_042,2021-10-22,2.006578282479574,0.5881846784029816
SEG_042,2021-11-21,1.2013068556784239,0.2270537172836205
SEG_043,2020-01-01,1.7378511025391918,0.3289933444784462
SEG_043,2020-01-31,2.2194398301095037,0.2941873854158631
SEG_043,2020-03-01,1.3193668001245127,0.19903369981849467
SEG_043,2020-03-31,1.4615922594135107,0.13361781229151531
SEG_043,2020-04-30,2.0540899846786473,0.25589462255780737
SEG_043,2020-05-30,1.622251468300445,0.2085821611163088
SEG_043,2020-06-29,0.8750302012231286,0.19967157780924932
SEG_043,2020-07-29,1.6250700829722027,0.27760138672936235
SEG_043,2020-08-28,2.027672618776929,0.23455394245246325
SEG_043,2020-09-27,1.0150061255887235,0.12518489845174846
SEG_043,2020-10-27,3.2574452310176243,0.7097540122896193
SEG_043,2020-11-26,3.4487594910701764,0.7864958513129153
SEG_043,2020-12-26,1.6420772989145203,0.28392695005464674
SEG_043,2021-01-25,1.0256526811601132,0.16572164851633497
SEG_043,2021-02-24,2.1117174709173785,0.3277658116731055
SEG_043,2021-03-26,2.02389574628343,0.31331527462095443
SEG_043,2021-04-25,1.073582704663398,0.1524405654713065
SEG_043,2021-05-25,0.974909836790991,0.18856693886128378
SEG_043,2021-06-24,0.6628053277835558,0.1680468203631673
SEG_043,2021-07-24,1.5080371521029263,0.22832908004815147
SEG_043,2021-08-23,1.2311808493375547,0.24620108759452547
SEG_043,2021-09-22,1.2200712040056003,0.10082887353756483
SEG_043,2021-10-22,2.840215167266612,0.6179742765063014
SEG_043,2021-11-21,1.4993116146451286,0.24679068567653129
SEG_044,2020-01-01,1.5527837965293558,0.07741622621253348
SEG_044,2020-01-31,0.7916116161463422,0.09947113858656277
SEG_044,2020-03-01,1.309815068806091,0.2391719197426198
SEG_044,2020-03-31,1.8929987558217773,0.16688744160176994
SEG_044,2020-04-30,1.1343026860616086,0.2940496637199973
SEG_044,2020-05-30,0.8732013664705885,0.14110758396539957
SEG_044,2020-06-29,0.9328915076544122,0.17414960656352954
SEG_044,2020-07-29,1.0750199033822974,0.29970537074112796
SEG_044,2020-08-28,1.1123476808008887,0.353826833558742
SEG_044,2020-09-27,2.1529585627440353,0.21010253840689858
SEG_044,2020-10-27,1.2980744959794135,0.22503434040698084
SEG_044,2020-11-26,2.4678612428569386,0.35020216949698596
SEG_044,2020-12-26,1.8721347858027038,0.3729626296921219
SEG_044,2021-01-25,1.6403494252430226,0.17357005521654895
SEG_044,2021-02-24,0.8444728676689088,0.2911180622040562
SEG_044,2021-03-26,1.9042852839204445,0.179129797287481
SEG_044,2021-04-25,1.5924258542029757,0.21457907491743636
SEG_044,2021-05-25,0.8426962706787927,0.07111206059135747
SEG_044,2021-06-24,1.5105024956563953,0.14148448407539846
SEG_044,2021-07-24,1.872067226520248,0.10917930184520058
SEG_044,2021-08-23,0.6574607184169163,0.1276730009414621
SEG_044,2021-09-22,1.6160757498157128,0.2992958373139334
SEG_044,2021-10-22,2.5853634454063794,0.3435045108979194
SEG_044,2021-11-21,2.8973065203230846,0.722061689633059
SEG_045,2020-01-01,1.5611678175249812,0.14041780434069098
SEG_045,2020-01-31,1.4096642848436272,0.1357099345727828
SEG_045,2020-03-01,0.7768320501311035,0.06351000270939897
SEG_045,2020-03-31,1.102059774613839,0.09179120955321776
SEG_045,2020-04-30,1.3314986402795783,0.2660361511920664
SEG_045,2020-05-30,2.0137427574924045,0.2801031086605186
SEG_045,2020-06-29,0.7471481059295527,0.18256378352813082
SEG_045,2020-07-29,1.4307650380903407,0.11670543399312476
SEG_045,2020-08-28,2.01571853375662,0.21646009586636566
SEG_045,2020-09-27,1.0488567286067312,0.2561518196227852
SEG_045,2020-10-27,3.044687065030568,0.46899447840502434
SEG_045,2020-11-26,3.4895853794654705,0.7010969563570218
SEG_045,2020-12-26,1.8499887130640515,0.4143516928105212
SEG_045,2021-01-25,1.187990691353557,0.06859897735951101
SEG_045,2021-02-24,2.0934781520196877,0.17675932608585387
SEG_045,2021-03-26,1.665262946123849,0.10522862591930304
SEG_045,2021-04-25,1.3200341749908018,0.28685852587346794
SEG_045,2021-05-25,1.4770994405693554,0.09316581683385017
SEG_045,2021-06-24,0.6933133657302657,0.21325645659129638
SEG_045,2021-07-24,0.8786766949666929,0.24407367196124324
SEG_045,2021-08-23,1.8066925499373732,0.1822723217254798
SEG_045,2021-09-22,0.6567078636567838,0.06876068994511234
SEG_045,2021-10-22,2.0564663771471414,0.18839172915385446
SEG_045,2021-11-21,2.617491028898939,0.32232177737922124
SEG_046,2020-01-01,1.6969622052610271,0.15350325953404378
SEG_046,2020-01-31,1.7616356488751865,0.30257401956941027
SEG_046,2020-03-01,2.3443065128296796,0.1490447531613398
SEG_046,2020-03-31,1.9563560898815822,0.1990320635321866
SEG_046,2020-04-30,1.8002769179799767,0.08924943110511979
SEG_046,2020-05-30,1.4452162938655813,0.21546762952674528
SEG_046,2020-06-29,1.6326739540323048,0.30430042259049284
SEG_046,2020-07-29,1.6425839661008157,0.3152224199911239
SEG_046,2020-08-28,1.1244916391092692,0.1885806738305869
SEG_046,2020-09-27,1.419966009073132,0.0868399251184518
SEG_046,2020-10-27,0.8353572657358908,0.13969954679975238
SEG_046,2020-11-26,1.4530492031401923,0.19026097448827772
SEG_046,2020-12-26,2.6488100695257124,0.419570158764644
SEG_046,2021-01-25,2.0744200441104015,0.18121712575552806
SEG_046,2021-02-24,1.182214348508106,0.2424303468729245
SEG_046,2021-03-26,1.5366268440529056,0.27616896081866193
SEG_046,2021-04-25,1.0907012292906908,0.12839161823358797
SEG_046,2021-05-25,0.6096818419407151,0.054083491225344726
SEG_046,2021-06-24,2.056036807999277,0.16696541654487054
SEG_046,2021-07-24,1.5111612562204144,0.1545466137883888
SEG_046,2021-08-23,1.3817010724178198,0.14335624436484487
SEG_046,2021-09-22,0.8995216936950343,0.09801930319448071
SEG_046,2021-10-22,3.284045291296644,0.7332962588119927
SEG_046,2021-11-21,2.292883956535835,0.7429538115853769
SEG_047,2020-01-01,2.2009477757645204,0.3141042742918445
SEG_047,2020-01-31,1.844182306430042,0.13363462988429628
SEG_047,2020-03-01,1.0205177472048617,0.24914885095987335
SEG_047,2020-03-31,1.4149683918255347,0.13634215113420672
SEG_047,2020-04-30,1.3620786580064277,0.24278496457334284
SEG_047,2020-05-30,1.2753161727166529,0.16228806621163194
SEG_047,2020-06-29,1.2728170344155167,0.2695383103996194
SEG_047,2020-07-29,1.829512314760795,0.22391576306144728
SEG_047,2020-08-28,0.952034674894461,0.2225951941108415
SEG_047,2020-09-27,1.6764262724743273,0.16993632749654047
SEG_047,2020-10-27,0.6837392972760438,0.21022937446324605
SEG_047,2020-11-26,1.561120883972776,0.34675682209345465
SEG_047,2020-12-26,1.5294243001334593,0.26571350441663666
SEG_047,2021-01-25,0.9658096109021403,0.2979901030354529
SEG_047,2021-02-24,1.1684443344627142,0.07803332004815389
SEG_047,2021-03-26,1.8628561016088696,0.11436262356411821
SEG_047,2021-04-25,1.8642283713443306,0.20186689506247493
SEG_047,2021-05-25,2.2181262761843668,0.17490577156645404
SEG_047,2021-06-24,1.1614209603385854,0.1573243131054604
SEG_047,2021-07-24,1.193495661293024,0.21079720878282054
SEG_047,2021-08-23,0.9537591911059237,0.19758817546323493
SEG_047,2021-09-22,0.8555513590287434,0.14624189704331736
SEG_047,2021-10-22,2.5702381321424017,0.8461203101970176
SEG_047,2021-11-21,2.7784851832696678,0.6200582398020149
SEG_048,2020-01-01,1.6846868146969418,0.03458136346399297
SEG_048,2020-01-31,2.0658980528551782,0.13117511286602634
SEG_048,2020-03-01,1.6419041903545009,0.1703829987405591
SEG_048,2020-03-31,0.840132121899166,0.2207901842636747
SEG_048,2020-04-30,1.5140167762402679,0.302960575836446
SEG_048,2020-05-30,1.6654677492405097,0.1608043554163795
SEG_048,2020-06-29,0.9882126803261388,0.29413774689505034
SEG_048,2020-07-29,1.4910346186723715,0.08033567840373174
SEG_048,2020-08-28,0.6213003115240957,0.20177250742064293
SEG_048,2020-09-27,1.4647781421262136,0.15764994308916297
SEG_048,2020-10-27,1.1066710539964526,0.25557388545848475
SEG_048,2020-11-26,3.5667892701106343,0.8104321925010769
SEG_048,2020-12-26,3.4605440591809797,0.950638237901076
SEG_048,2021-01-25,2.195053549814481,0.2926273134659942
SEG_048,2021-02-24,0.7504020122432532,0.027925298003944866
SEG_048,2021-03-26,1.1878192163372354,0.26461478361722524
SEG_048,2021-04-25,2.1116607647902286,0.1873843928259139
SEG_048,2021-05-25,1.8564185260101225,0.06654880418498926
SEG_048,2021-06-24,2.1916997770725692,0.1598126697861758
SEG_048,2021-07-24,1.6958096948828778,0.2739918286457926
SEG_048,2021-08-23,0.6743130394020819,0.15199325037603018
SEG_048,2021-09-22,1.8193990732857606,0.11334754001739594
SEG_048,2021-10-22,1.7408331347081767,0.43814451882599686
SEG_048,2021-11-21,1.7368669721476084,0.15062946773301497
SEG_049,2020-01-01,2.0004494689195846,0.13877562936106835
SEG_049,2020-01-31,1.0468075645126789,0.212948646845712
SEG_049,2020-03-01,1.0866625630589586,0.2114353650657307
SEG_049,2020-03-31,1.6070225936807465,0.3179948261254488
SEG_049,2020-04-30,1.6187675161337616,0.16715983529550196
SEG_049,2020-05-30,1.8204908753941733,0.31033836669894355
SEG_049,2020-06-29,1.667889071330936,0.08366490554865967
SEG_049,2020-07-29,2.0297453402096886,0.19719390353266836
SEG_049,2020-08-28,0.6862474207509788,0.24155523092803707
SEG_049,2020-09-27,1.612991882546892,0.050081706875632445
SEG_049,2020-10-27,2.099825952834899,0.5502558445093256
SEG_049,2020-11-26,1.0545357475367096,0.23381642226980653
SEG_049,2020-12-26,3.090850609827375,0.6912013304520973
SEG_049,2021-01-25,1.6830331293652945,0.21174749187892708
SEG_049,2021-02-24,1.7000513271013462,0.046680618411191366
SEG_049,2021-03-26,1.6905064755010544,0.26456371188380606
SEG_049,2021-04-25,2.0986301458015233,0.20884339270694827
SEG_049,2021-05-25,1.407731585430135,0.26571252487807084
SEG_049,2021-06-24,0.8727309816569575,0.17618561219288534
SEG_049,2021-07-24,1.3482088983603107,0.2142165073835751
SEG_049,2021-08-23,0.9053926710967516,0.0703941889691799
SEG_049,2021-09-22,2.0727290072941154,0.2519326419147713
SEG_049,2021-10-22,2.641570029709493,0.5156991425488829
SEG_049,2021-11-21,1.490387716764726,0.15388086802153444
SEG_050,2020-01-01,1.5239209817733246,0.30168709060913473
SEG_050,2020-01-31,0.7908222862340697,0.10640206759845502
SEG_050,2020-03-01,1.3842230026175315,0.25064602795776597
SEG_050,2020-03-31,2.159435453350014,0.21386322367065264
SEG_050,2020-04-30,0.9529314737090108,0.15826708690052316
SEG_050,2020-05-30,1.5103308377986269,0.0644576849144713
SEG_050,2020-06-29,1.8133609072015084,0.22324651838837992
SEG_050,2020-07-29,0.8972722713889608,0.2106177015823738
SEG_050,2020-08-28,1.7927899957398432,0.17755538195565726
SEG_050,2020-09-27,1.4285534492637302,0.12357649940476004
SEG_050,2020-10-27,2.169049983762883,0.5078579256104194
SEG_050,2020-11-26,2.6337836693745276,0.7591552324062704
SEG_050,2020-12-26,1.6825583811815323,0.36999428880183666
SEG_050,2021-01-25,1.0108914512819949,0.321626192529355
SEG_050,2021-02-24,1.6995584851957464,0.08070280060092393
SEG_050,2021-03-26,1.4564035273553058,0.03419902091429902
SEG_050,2021-04-25,1.9894689960741252,0.1379605583100692
SEG_050,2021-05-25,2.0268938643118526,0.2700184852913407
SEG_050,2021-06-24,1.8066339330700496,0.06581603013597079
SEG_050,2021-07-24,1.8701195807343847,0.13356449979933138
SEG_050,2021-08-23,1.0114683392866324,0.12470934600286794
SEG_050,2021-09-22,2.1088577957382997,0.18353254835480348
SEG_050,2021-10-22,1.6336938825482084,0.38529569470837693
SEG_050,2021-11-21,2.542594643816912,0.7517289298227361
SEG_051,2020-01-01,0.8001631971772956,0.2612710070466381
SEG_051,2020-01-31,1.4532307358766787,0.2545675678742486
SEG_051,2020-03-01,1.2472337794907389,0.15862177628071206
SEG_051,2020-03-31,2.033438539148773,0.3204347296279965
SEG_051,2020-04-30,1.6416423765658377,0.23757956775222094
SEG_051,2020-05-30,1.8975765131854432,0.2661471357337353
SEG_051,2020-06-29,1.2669084012316527,0.05119967913189195
SEG_051,2020-07-29,1.5841869198080507,0.14303421862729626
SEG_051,2020-08-28,1.6311413860182764,0.14888707117427785
SEG_051,2020-09-27,1.9291102226594632,0.19341434724808834
SEG_051,2020-10-27,0.8769904497559746,0.2729288238828655
SEG_051,2020-11-26,1.1135721394707794,0.26048918976014157
SEG_051,2020-12-26,1.0476111648758026,0.1724319913557846
SEG_051,2021-01-25,1.9009752615382367,0.12549301825558604
SEG_051,2021-02-24,1.402779432146674,0.29379002167621426
SEG_051,2021-03-26,1.839616136790821,0.1480565635407151
SEG_051,2021-04-25,1.565744620741454,0.313238902561641
SEG_051,2021-05-25,1.0572072257173395,0.17554992834501676
SEG_051,2021-06-24,1.6849644247646884,0.19870935111265786
SEG_051,2021-07-24,2.0413253302075156,0.25806317280742785
SEG_051,2021-08-23,1.4001405700974632,0.22624769476318143
SEG_051,2021-09-22,1.0374668707414325,0.2576818727604285
SEG_051,2021-10-22,2.9719193197879834,0.7400760053616197
SEG_051,2021-11-21,2.899917328527449,0.5542137173255371
SEG_052,2020-01-01,0.8011910810872441,0.1666338887056409
SEG_052,2020-01-31,1.8784511177639052,0.17972619427950673
SEG_052,2020-03-01,1.9816675214962536,0.12807671751450148
SEG_052,2020-03-31,0.7478511326380173,0.09787111405694152
SEG_052,2020-04-30,1.48621354281369,0.14833773878011952
SEG_052,2020-05-30,1.2949819798666895,0.24649521796878446
SEG_052,2020-06-29,1.1354656723271692,0.25603693454943677
SEG_052,2020-07-29,0.8430633097475224,0.15619128773339133
SEG_052,2020-08-28,1.3607418784696903,0.2167507796259786
SEG_052,2020-09-27,0.9577100484376718,0.23373369305765918
SEG_052,2020-10-27,1.6445843987070368,0.27460455017672797
SEG_052,2020-11-26,3.059541979645752,0.8775933157136038
SEG_052,2020-12-26,0.8704169797864035,0.08699938795086462
SEG_052,2021-01-25,1.7105526329786422,0.20209620313560578
SEG_052,2021-02-24,1.158222024488435,0.008787862685366231
SEG_052,2021-03-26,1.3389102403072721,0.25480420850512614
SEG_052,2021-04-25,1.374663304555394,0.3325190258231663
SEG_052,2021-05-25,1.8300297584008676,0.18573574209327545
SEG_052,2021-06-24,2.0351740057486882,0.10371676010881839
SEG_052,2021-07-24,1.5532512653536596,0.0483502747909426
SEG_052,2021-08-23,1.3686472533872722,0.1295075472228618
SEG_052,2021-09-22,1.0015863078562635,0.19744006672152165
SEG_052,2021-10-22,3.6106676898511862,0.8868095335476938
SEG_052,2021-11-21,2.311642399033384,0.47017446567768295
SEG_053,2020-01-01,1.889293463684501,0.16461668422807152
SEG_053,2020-01-31,1.1293247877216495,0.0642186898270626
SEG_053,2020-03-01,1.1200205005343058,0.08019854759059457
SEG_053,2020-03-31,2.1845487179801917,0.27897710303448114
SEG_053,2020-04-30,0.8533702642419112,0.1186224079056374
SEG_053,2020-05-30,1.9472703845774935,0.2580545690164157
SEG_053,2020-06-29,0.7501219834122872,0.24341912105268665
SEG_053,2020-07-29,1.3430716693047837,0.2501550275732344
SEG_053,2020-08-28,0.7974433934191175,0.22187722784494998
SEG_053,2020-09-27,1.7484513812103537,0.29601296137716665
SEG_053,2020-10-27,1.2904481731247868,0.17999487738112474
SEG_053,2020-11-26,2.0710785487990417,0.33949973667643685
SEG_053,2020-12-26,3.394292712490288,0.9094616189014462
SEG_053,2021-01-25,1.9562204551299296,0.12570121545344987
SEG_053,2021-02-24,1.5979269496096586,0.25715086585802904
SEG_053,2021-03-26,1.1781337195511763,0.19454457593634594
SEG_053,2021-04-25,1.7408153057222633,0.2556292379278709
SEG_053,2021-05-25,2.1150781770835954,0.14135265960418053
SEG_053,2021-06-24,1.0771224490888747,0.1687606059134814
SEG_053,2021-07-24,1.7395476479459078,0.17288289911547958
SEG_053,2021-08-23,1.2455752217567535,0.2585097681089951
SEG_053,2021-09-22,0.728058810542232,0.16962020771822395
SEG_053,2021-10-22,2.2586174544883186,0.46035754043597554
SEG_053,2021-11-21,1.6747870464803798,0.18874333386057182
SEG_054,2020-01-01,1.7010522199991724,0.11628342934569823
SEG_054,2020-01-31,1.2530711897826414,0.31109683740326843
SEG_054,2020-03-01,0.9618709183471041,0.22988710703719864
SEG_054,2020-03-31,1.2116294684103477,0.10821993878390451
SEG_054,2020-04-30,1.2294094136539244,0.1103362608368356
SEG_054,2020-05-30,2.0662631741956003,0.20710451775322533
SEG_054,2020-06-29,1.1253730785335354,0.07799741977849711
SEG_054,2020-07-29,2.156462857434371,0.31277891545922487
SEG_054,2020-08-28,1.1040540409779982,0.15240607138946102
SEG_054,2020-09-27,0.9544332463171605,0.1383228604888307
SEG_054,2020-10-27,2.3278951682860045,0.5516876252070274
SEG_054,2020-11-26,2.6322020922391296,0.9351866810374272
SEG_054,2020-12-26,1.2089477015386116,0.010512505531550833
SEG_054,2021-01-25,1.1108047548669275,0.1519563682067071
SEG_054,2021-02-24,2.0430105271993835,0.18817328922394255
SEG_054,2021-03-26,1.9726399840168023,0.2623896922157256
SEG_054,2021-04-25,1.981809854833069,0.32443893853244254
SEG_054,2021-05-25,1.862116289778519,0.2933487657380097
SEG_054,2021-06-24,1.9215679873182874,0.08289659260666823
SEG_054,2021-07-24,1.0939874335910422,0.21868403780173193
SEG_054,2021-08-23,1.6204477206257935,0.2315192294077869
SEG_054,2021-09-22,1.6741287070797586,0.037713375845709496
SEG_054,2021-10-22,3.4960575868013226,0.8115519865197407
SEG_054,2021-11-21,2.493388692359669,0.49376835068783975
SEG_055,2020-01-01,1.0632395305914162,0.17288899600174418
SEG_055,2020-01-31,1.92872390047812,0.2510053554873741
SEG_055,2020-03-01,1.2626756307026072,0.14973892988838927
SEG_055,2020-03-31,1.6143457678011854,0.17374713645805837
SEG_055,2020-04-30,0.9551983701200879,0.097846519269939
SEG_055,2020-05-30,0.8442028124122714,0.22984407874640592
SEG_055,2020-06-29,1.0956468993151127,0.08912350325931212
SEG_055,2020-07-29,1.0438496170375435,0.07127355163586503
SEG_055,2020-08-28,2.044039788285988,0.1773222544405816
SEG_055,2020-09-27,1.4025734054319656,0.17851530373810387
SEG_055,2020-10-27,2.638427881911824,0.4473481986110996
SEG_055,2020-11-26,1.9917524150425494,0.5103606895853043
SEG_055,2020-12-26,1.5714338255843845,0.1463125104560584
SEG_055,2021-01-25,1.5484927889532656,0.10920712498448776
SEG_055,2021-02-24,1.5765742598258252,0.1641718103979987
SEG_055,2021-03-26,2.2019099103589332,0.2923892171094462
SEG_055,2021-04-25,1.7268290485539004,0.1781671778727813
SEG_055,2021-05-25,1.2521721043141993,0.06953894347896752
SEG_055,2021-06-24,0.5690682494167576,0.1257794550211971
SEG_055,2021-07-24,0.8711375403345488,0.16328629208028356
SEG_055,2021-08-23,0.967267359351013,0.2565763334716535
SEG_055,2021-09-22,1.593817655247593,0.23495775619186388
SEG_055,2021-10-22,3.502421692468308,0.6496716563201929
SEG_055,2021-11-21,1.9932509139859982,0.6940338907547777
SEG_056,2020-01-01,1.8597859510748849,0.2955540133907243
SEG_056,2020-01-31,1.0521496863183193,0.10781517611936633
SEG_056,2020-03-01,1.238780138756321,0.030803363139557345
SEG_056,2020-03-31,1.5954202584579193,0.14814353907663816
SEG_056,2020-04-30,1.9511803621363342,0.17408081801575698
SEG_056,2020-05-30,2.058101246613532,0.23013756322549989
SEG_056,2020-06-29,2.1336280750078385,0.17777589262146976
SEG_056,2020-07-29,1.211798026882462,0.024425307911146884
SEG_056,2020-08-28,0.6967220647187478,0.14674808331221503
SEG_056,2020-09-27,1.8923189167892476,0.04472799640155836
SEG_056,2020-10-27,2.340388051132823,0.7390585260049451
SEG_056,2020-11-26,2.917514625922929,0.6987546608548824
SEG_056,2020-12-26,2.6441143254975517,0.4423116789099937
SEG_056,2021-01-25,0.630638865854282,0.1574530264825928
SEG_056,2021-02-24,1.4016893885627777,0.1742223785630069
SEG_056,2021-03-26,1.718143948891619,0.12455527695220266
SEG_056,2021-04-25,1.2669207678663108,0.24321825063475322
SEG_056,2021-05-25,2.2113949576689067,0.10470858220819865
SEG_056,2021-06-24,0.8187718519699657,0.06563587080427061
SEG_056,2021-07-24,1.2653039680155413,0.19788864534272577
SEG_056,2021-08-23,2.09845685085051,0.2119485009992045
SEG_056,2021-09-22,1.6603463286383577,0.27762145844309716
SEG_056,2021-10-22,2.163573661410825,0.4992020761630379
SEG_056,2021-11-21,2.3729285150817945,0.8515090841769799
SEG_057,2020-01-01,1.8638518202900154,0.10246669282402378
SEG_057,2020-01-31,1.5169312930369163,0.18056755210644326
SEG_057,2020-03-01,1.7312932067747697,0.15953171619621712
SEG_057,2020-03-31,1.8083626541285223,0.1375686301031559
SEG_057,2020-04-30,2.142541433759179,0.216700110854858
SEG_057,2020-05-30,1.7319322025948005,0.17360921718016498
SEG_057,2020-06-29,1.8435109408289923,0.1473817769646183
SEG_057,2020-07-29,2.1481976904118563,0.17650384733643906
SEG_057,2020-08-28,1.4767395572534274,0.2952406577698813
SEG_057,2020-09-27,1.5658278385244069,0.3575051190932719
SEG_057,2020-10-27,2.456680587767091,0.4225833065990561
SEG_057,2020-11-26,1.3530425413113043,0.28519197686785946
SEG_057,2020-12-26,2.1332568464628796,0.333657809743481
SEG_057,2021-01-25,1.6915890823171789,0.1383703738566085
SEG_057,2021-02-24,1.9541362823868293,0.17173938914285836
SEG_057,2021-03-26,1.3294871485864463,0.18979852784971518
SEG_057,2021-04-25,1.6753431007910946,0.2633740011054016
SEG_057,2021-05-25,1.8866519695520914,0.19429495527501248
SEG_057,2021-06-24,1.177276428216135,0.3018069621221654
SEG_057,2021-07-24,1.9390698076799744,0.26337605386186347
SEG_057,2021-08-23,1.4978335510186847,0.17731782801791468
SEG_057,2021-09-22,2.283947962763342,0.18055499850219206
SEG_057,2021-10-22,2.5548763924600606,0.6125599366066116
SEG_057,2021-11-21,1.4174820381951854,0.5002279921689928
SEG_058,2020-01-01,0.908433738250574,0.0869288643907645
SEG_058,2020-01-31,1.5883705095105005,0.2568701104677392
SEG_058,2020-03-01,1.201735046056673,0.2908895203750945
SEG_058,2020-03-31,1.720705429529756,0.20887999813038755
SEG_058,2020-04-30,0.7819583568041559,0.26970253953665346
SEG_058,2020-05-30,1.6952584947311544,0.1518667643750463
SEG_058,2020-06-29,2.150062835935268,0.3542145655454778
SEG_058,2020-07-29,1.3741073006203466,0.038976151282652444
SEG_058,2020-08-28,1.719602102140703,0.2806632206809295
SEG_058,2020-09-27,0.8201535682362204,0.09059969240167681
SEG_058,2020-10-27,2.304753075019592,0.8185165048643794
SEG_058,2020-11-26,2.036767565593726,0.7999220310649328
SEG_058,2020-12-26,3.3537442034378486,0.8520507187165497
SEG_058,2021-01-25,1.443518830832321,0.2100682355886593
SEG_058,2021-02-24,1.070797700345647,0.21600104895153383
SEG_058,2021-03-26,1.8739431763698602,0.07093135484952746
SEG_058,2021-04-25,1.452838752869672,0.3252580826708018
SEG_058,2021-05-25,1.8650644584645977,0.07450867831074061
SEG_058,2021-06-24,1.119812873799996,0.20102558304462548
SEG_058,2021-07-24,1.7312198134526247,0.3428162708074025
SEG_058,2021-08-23,1.0852865151443072,0.26105503828018134
SEG_058,2021-09-22,1.202216565127015,0.26716342714793717
SEG_058,2021-10-22,3.1784363458089393,0.9089990245847644
SEG_058,2021-11-21,2.835715998024513,0.5614015590832377
SEG_059,2020-01-01,1.1570432740619143,0.1663850633791932
SEG_059,2020-01-31,0.9143847248552444,0.1809114670371964
SEG_059,2020-03-01,2.058676037622472,0.16557701600323216
SEG_059,2020-03-31,0.7900142507085828,0.15434449418780916
SEG_059,2020-04-30,0.9523648241184766,0.23621296236332756
SEG_059,2020-05-30,2.0718514707979723,0.1149966337952814
SEG_059,2020-06-29,1.5562996095591053,0.024130227989200843
SEG_059,2020-07-29,1.0467685987664415,0.11256155674857926
SEG_059,2020-08-28,1.7517612369075313,0.19702545163670632
SEG_059,2020-09-27,1.4821507369257374,0.1361574271252607
SEG_059,2020-10-27,1.6264267265116323,0.14356993500339707
SEG_059,2020-11-26,2.391606981827901,0.2953669455333302
SEG_059,2020-12-26,1.9766729466806185,0.6605757130517684
SEG_059,2021-01-25,1.116190871665822,0.17505772348757
SEG_059,2021-02-24,1.3695426326285594,0.2735345872956623
SEG_059,2021-03-26,1.8500262402516514,0.2752109377499846
SEG_059,2021-04-25,1.4480320865308176,0.3226399138879098
SEG_059,2021-05-25,0.8383375537579753,0.04630165864038158
SEG_059,2021-06-24,0.8195115739461666,0.23340398042093494
SEG_059,2021-07-24,1.278434436086136,0.0537068710789064
SEG_059,2021-08-23,1.9458811485968641,0.11554239845752975
SEG_059,2021-09-22,1.4369414338328705,0.1541753537899363
SEG_059,2021-10-22,0.7094589423063551,0.12952971593601104
SEG_059,2021-11-21,1.6981334132211203,0.4569836545886644
SEG_060,2020-01-01,1.4408251361826458,0.2706496555213141
SEG_060,2020-01-31,1.7572197199665758,0.09934053738555926
SEG_060,2020-03-01,1.5436385346601886,0.16404961738298493
SEG_060,2020-03-31,1.647912385083604,0.18444104618734278
SEG_060,2020-04-30,1.0348276933986558,0.17103124509766426
SEG_060,2020-05-30,1.1508220395252804,0.16487658311953524
SEG_060,2020-06-29,0.9070395131334905,0.05764540268699098
SEG_060,2020-07-29,0.9270813837830401,0.18180335259059255
SEG_060,2020-08-28,1.0526023206091573,0.18814424620611755
SEG_060,2020-09-27,1.6518260520360124,0.10928790060791696
SEG_060,2020-10-27,2.3690512928530323,0.46673167904714075
SEG_060,2020-11-26,1.469531737769951,0.12721954800068433
SEG_060,2020-12-26,2.950694606018371,0.7517341271531388
SEG_060,2021-01-25,1.5516569419167425,0.0955801832163861
SEG_060,2021-02-24,0.7660946083047286,0.09505869928404655
SEG_060,2021-03-26,1.5775099245780795,0.19352736013802774
SEG_060,2021-04-25,1.1146460081714844,0.1640241357929518
SEG_060,2021-05-25,2.312250096403707,0.32075263802693144
SEG_060,2021-06-24,1.2509717725181644,0.17159444640994453
SEG_060,2021-07-24,1.679354760490708,0.18722521125086392
SEG_060,2021-08-23,1.173068982131838,0.10091786037897908
SEG_060,2021-09-22,1.0688233272391319,0.07513074283083876
SEG_060,2021-10-22,1.6990508314158659,0.4266896032412406
SEG_060,2021-11-21,3.1631452046295,0.5040974107533377
SEG_061,2020-01-01,2.017715991257289,0.20582681754472562
SEG_061,2020-01-31,1.6414034006461575,0.05177398272065655
SEG_061,2020-03-01,0.8522302928006051,0.27197166543226636
SEG_061,2020-03-31,1.8785528283398503,0.1750335811748535
SEG_061,2020-04-30,2.084453164876848,0.27266517541711355
SEG_061,2020-05-30,1.5575840056173302,0.04493857212208241
SEG_061,2020-06-29,0.8737222746481725,0.1271741882327418
SEG_061,2020-07-29,1.012479103606952,0.2178492006074491
SEG_061,2020-08-28,1.0740932932781386,0.23525482889901356
SEG_061,2020-09-27,1.1563798679069108,0.19999760708343794
SEG_061,2020-10-27,3.4816861909230306,0.8111089890526272
SEG_061,2020-11-26,1.884380689573435,0.5031342677781978
SEG_061,2020-12-26,1.695741562893636,0.5069540011986464
SEG_061,2021-01-25,0.8967500334332031,0.21789235773993693
SEG_061,2021-02-24,2.0604022965691557,0.26431348569797536
SEG_061,2021-03-26,2.070854518921881,0.17822787311245591
SEG_061,2021-04-25,1.7818882919062313,0.2736049435571386
SEG_061,2021-05-25,0.9348200384033856,0.2079998812419678
SEG_061,2021-06-24,1.170614454882542,0.22357029266156292
SEG_061,2021-07-24,1.2280410750455688,0.06190723403097706
SEG_061,2021-08-23,1.29144869515203,0.23926260724988652
SEG_061,2021-09-22,1.4621106786812896,0.13126654402762553
SEG_061,2021-10-22,2.367482345982311,0.7740937466923314
SEG_061,2021-11-21,2.4184430252025466,0.3172114758470058
SEG_062,2020-01-01,0.7812678529466522,0.1849538116981028
SEG_062,2020-01-31,1.625241431628798,0.19376197276343532
SEG_062,2020-03-01,1.3294875347473547,0.17218083104610318
SEG_062,2020-03-31,2.04341877943766,0.24986805858842964
SEG_062,2020-04-30,1.2447192040694541,0.12233911419300059
SEG_062,2020-05-30,1.2874906111132485,0.24458624720665806
SEG_062,2020-06-29,1.3610793474518477,0.12869569538834202
SEG_062,2020-07-29,1.7755011028400711,0.2978649374536865
SEG_062,2020-08-28,1.9459462123660975,0.15283238611272632
SEG_062,2020-09-27,2.075526301185354,0.2742037304707716
SEG_062,2020-10-27,2.3543451666346815,0.7374006715869554
SEG_062,2020-11-26,3.0574855526832,0.715400706616705
SEG_062,2020-12-26,1.3790659089430963,0.20982210532880038
SEG_062,2021-01-25,0.67287108122035,0.10850209203536174
SEG_062,2021-02-24,1.2263458874515536,0.15246019182066883
SEG_062,2021-03-26,1.1449123128252336,0.07177411054392627
SEG_062,2021-04-25,1.8052938259292097,0.21113627100817703
SEG_062,2021-05-25,1.2130350133090566,0.16643761690441317
SEG_062,2021-06-24,0.7374546191038174,0.18513778314984475
SEG_062,2021-07-24,1.6176807734087608,0.19138369814463652
SEG_062,2021-08-23,1.079367691909641,0.21405185760216633
SEG_062,2021-09-22,1.3368524300441755,0.32177660518681317
SEG_062,2021-10-22,0.888651743404679,0.19707757079219382
SEG_062,2021-11-21,2.5615744300537306,0.782167474324062
SEG_063,2020-01-01,1.8716380038798575,0.06351242442983474
SEG_063,2020-01-31,0.9509175867529346,0.12270816865929085
SEG_063,2020-03-01,1.420367479507651,0.2823849958436315
SEG_063,2020-03-31,2.141442029867775,0.139626725173844
SEG_063,2020-04-30,1.862205413686171,0.19451485831704662
SEG_063,2020-05-30,1.984927335579897,0.07248924958669509
SEG_063,2020-06-29,1.3489713823718483,0.2600720115141648
SEG_063,2020-07-29,0.8921592655378515,0.07107773282323117
SEG_063,2020-08-28,0.6093759998391941,0.19701858501779515
SEG_063,2020-09-27,1.7720346183848354,0.28004494687362996
SEG_063,2020-10-27,2.1262957473894994,0.2514099910826858
SEG_063,2020-11-26,2.9337177304765616,0.5225450779014996
SEG_063,2020-12-26,2.444010569466763,0.8669318878800397
SEG_063,2021-01-25,1.468656234638172,0.1528425634960056
SEG_063,2021-02-24,2.1662739435054936,0.217478921940851
SEG_063,2021-03-26,1.9553463441483463,0.12050312142674449
SEG_063,2021-04-25,1.9660613488414103,0.1671153788625011
SEG_063,2021-05-25,1.200254841710309,0.200272236549938
SEG_063,2021-06-24,0.9347320095484051,0.15658772194561144
SEG_063,2021-07-24,0.6683495994983943,0.18721580971817411
SEG_063,2021-08-23,1.3529042885127462,0.12225488701359774
SEG_063,2021-09-22,1.0969214015926632,0.3259934645815046
SEG_063,2021-10-22,1.665827558862298,0.19272053920930285
SEG_063,2021-11-21,2.6913842746229264,0.6532165088311856
SEG_064,2020-01-01,1.948763558468259,0.14295386908377974
SEG_064,2020-01-31,1.8807309655120674,0.15720658661678724
SEG_064,2020-03-01,0.5675498813320461,0.026817912397958804
SEG_064,2020-03-31,1.2409061656007712,0.255691423500346
SEG_064,2020-04-30,0.6876489714488032,0.12781130289729567
SEG_064,2020-05-30,1.4659952438855415,0.264028466259494
SEG_064,2020-06-29,2.1388464118006034,0.25771649816458597
SEG_064,2020-07-29,1.9938383660932861,0.16309919867226674
SEG_064,2020-08-28,0.6851945644564253,0.131471556572443
SEG_064,2020-09-27,1.3386499353754586,0.22971976625526636
SEG_064,2020-10-27,1.1271752263961468,0.09714801826691195
SEG_064,2020-11-26,2.51967135753141,0.6006695322623323
SEG_064,2020-12-26,2.285118473107497,0.7222614711161773
SEG_064,2021-01-25,1.2481624806708123,0.09223470737491957
SEG_064,2021-02-24,1.2114106095796382,0.14558776774976034
SEG_064,2021-03-26,1.3022146390552585,0.09256258840990553
SEG_064,2021-04-25,1.3016255704837345,0.19775442464838594
SEG_064,2021-05-25,2.032676214762292,0.3045160180873977
SEG_064,2021-06-24,0.7224766315002613,0.22024017947352864
SEG_064,2021-07-24,0.63338010909441,0.12515616077418462
SEG_064,2021-08-23,1.1215465184135343,0.1365566312928455
SEG_064,2021-09-22,2.18821067472296,0.27290905909769764
SEG_064,2021-10-22,3.0571047272713145,0.714144936364014
SEG_064,2021-11-21,1.4163656156100033,0.3681942797099432
SEG_065,2020-01-01,1.9811883125599574,0.13138525745342858
SEG_065,2020-01-31,1.5259321888440232,0.2441974587107039
SEG_065,2020-03-01,1.2855357897480417,0.056348132795946165
SEG_065,2020-03-31,1.935695797574468,0.12617668238315
SEG_065,2020-04-30,0.6746245699376046,0.1842403312015067
SEG_065,2020-05-30,1.3527262284835468,0.09451241929498214
SEG_065,2020-06-29,1.2668711175303664,0.25983771303036524
SEG_065,2020-07-29,0.7168482910813148,0.22573994986517215
SEG_065,2020-08-28,1.1764060538714876,0.11333105656864996
SEG_065,2020-09-27,1.231417400482133,0.29919638706084256
SEG_065,2020-10-27,1.2658179537321737,0.291401575010648
SEG_065,2020-11-26,3.056766867762121,0.829798901974858
SEG_065,2020-12-26,1.9091586177173139,0.15350185091404647
SEG_065,2021-01-25,1.4378984045706735,0.2242650808824972
SEG_065,2021-02-24,1.5404648727353774,0.24856265510606174
SEG_065,2021-03-26,1.5827973725495723,0.1965949098214037
SEG_065,2021-04-25,2.087878934577253,0.12643054822701308
SEG_065,2021-05-25,1.2749842510520653,0.1593774485926756
SEG_065,2021-06-24,0.9277498812757377,0.16898651863367156
SEG_065,2021-07-24,1.6353895791674464,0.25203796395068323
SEG_065,2021-08-23,1.8729488376411254,0.11351865074697882
SEG_065,2021-09-22,1.8265141491282424,0.24919861517074052
SEG_065,2021-10-22,0.7621497598108212,0.2502469162920683
SEG_065,2021-11-21,3.1055469324564777,0.7102752701798647
SEG_066,2020-01-01,0.828510412879336,0.14897575303460225
SEG_066,2020-01-31,0.9690507322553782,0.13245969215488823
SEG_066,2020-03-01,0.6901343931625432,0.11597191354728628
SEG_066,2020-03-31,1.4548133221569879,0.3236936592286438
SEG_066,2020-04-30,1.3483753649104302,0.2077040908447526
SEG_066,2020-05-30,1.249742058498301,0.25372023309636177
SEG_066,2020-06-29,0.9343512501577476,0.12698179284835673
SEG_066,2020-07-29,1.2493407772639848,0.12408720117652888
SEG_066,2020-08-28,1.3305950197211553,0.17461713684858926
SEG_066,2020-09-27,0.8800272860820098,0.17558936257108582
SEG_066,2020-10-27,2.227363362107754,0.4946081266485708
SEG_066,2020-11-26,3.3912131296322823,0.7419707620979826
SEG_066,2020-12-26,1.9077685974684406,0.30519195128078086
SEG_066,2021-01-25,2.246551001603801,0.319730938945322
SEG_066,2021-02-24,1.5996106519846776,0.13921494274107185
SEG_066,2021-03-26,1.9414672081084692,0.09780544459370569
SEG_066,2021-04-25,0.9785584866793342,0.1414416726759431
SEG_066,2021-05-25,1.139952173011937,0.1346862378179579
SEG_066,2021-06-24,1.0597762435984486,0.15732827105376537
SEG_066,2021-07-24,1.5344996158970685,0.2519065331978506
SEG_066,2021-08-23,1.241972450266665,0.14649120842209298
SEG_066,2021-09-22,1.1897029071625784,0.1326622484779474
SEG_066,2021-10-22,2.7669197676017636,0.7059203748678453
SEG_066,2021-11-21,1.8802641909668607,0.1951615715378931
SEG_067,2020-01-01,0.9829121517503641,0.23577778617063994
SEG_067,2020-01-31,2.0353438883384056,0.2156027554458753
SEG_067,2020-03-01,1.1647102152824294,0.12971575783082923
SEG_067,2020-03-31,1.4048301363699547,0.19947408978213266
SEG_067,2020-04-30,1.44677578309852,0.1300930094595702
SEG_067,2020-05-30,1.9743214030504486,0.2427638706196465
SEG_067,2020-06-29,1.3721012718180325,0.02594505234968393
SEG_067,2020-07-29,1.6858239904001395,0.23553799569519154
SEG_067,2020-08-28,1.0954392179127288,0.16787242189589138
SEG_067,2020-09-27,0.705398486056177,0.09121834085838944
SEG_067,2020-10-27,0.7790105108254581,0.07436577377741137
SEG_067,2020-11-26,1.7673983569229879,0.3156924968217062
SEG_067,2020-12-26,2.2289768776994094,0.1502913437348396
SEG_067,2021-01-25,0.7500997701497722,0.0342678219265471
SEG_067,2021-02-24,1.2831878331304565,0.23317898982503465
SEG_067,2021-03-26,1.861129192527,0.22399927879354942
SEG_067,2021-04-25,1.042301665144595,0.1111015031453305
SEG_067,2021-05-25,1.9499032659659303,0.02460233859422093
SEG_067,2021-06-24,1.0020173962002872,0.20993508731854588
SEG_067,2021-07-24,1.9908194930590688,0.1516999234348059
SEG_067,2021-08-23,1.6816797430619699,0.20208391959367095
SEG_067,2021-09-22,1.0064737070311234,0.2911509782181306
SEG_067,2021-10-22,1.070456912254841,0.1749053378321114
SEG_067,2021-11-21,2.9000932799419648,0.8706183863258419
SEG_068,2020-01-01,0.8975928079290085,0.2111023937368927
SEG_068,2020-01-31,0.7001410549373202,0.15076668058817216
SEG_068,2020-03-01,1.997237246770502,0.19291451283907537
SEG_068,2020-03-31,1.4856676961273285,0.32789862667960845
SEG_068,2020-04-30,1.1482888229166235,0.28271863641789274
SEG_068,2020-05-30,1.8209071141274358,0.10393441513527273
SEG_068,2020-06-29,1.283822964849522,0.10394411979685504
SEG_068,2020-07-29,1.4873267758682556,0.1154645187972949
SEG_068,2020-08-28,1.557006675171408,0.19304652934964
SEG_068,2020-09-27,0.7239240368935872,0.0406680372904564
SEG_068,2020-10-27,2.4958782268758206,0.6891149061793252
SEG_068,2020-11-26,3.1397558139222452,0.7013886089004407
SEG_068,2020-12-26,1.7559551239723339,0.3788923289695449
SEG_068,2021-01-25,1.6468279244638677,0.12061743541061583
SEG_068,2021-02-24,1.5658657826773776,0.14843957974686606
SEG_068,2021-03-26,1.7263387811432052,0.2992807523480868
SEG_068,2021-04-25,1.6411072655053802,0.12585858506974754
SEG_068,2021-05-25,1.7122682711311021,0.19802936611668967
SEG_068,2021-06-24,0.8146407197362123,0.1442970026575636
SEG_068,2021-07-24,1.366292570533587,0.03365790760254468
SEG_068,2021-08-23,1.478394919758501,0.21720588335141724
SEG_068,2021-09-22,1.070123491497064,0.07007760248205237
SEG_068,2021-10-22,1.9226643775023256,0.531353274708252
SEG_068,2021-11-21,2.73736335519901,0.4785416524276011
SEG_069,2020-01-01,1.8405076535833027,0.17132850063444008
SEG_069,2020-01-31,2.0750589326829054,0.21363175281693608
SEG_069,2020-03-01,1.7745666623857546,0.14126914640118446
SEG_069,2020-03-31,1.8858205674784785,0.23131150677706885
SEG_069,2020-04-30,1.648870084535929,0.20714528077537014
SEG_069,2020-05-30,1.8465987275499793,0.222621154613015
SEG_069,2020-06-29,0.9806277706663897,0.11157397247943102
SEG_069,2020-07-29,1.9453992862265421,0.21866370785031372
SEG_069,2020-08-28,0.7696473783254635,0.1731075575438316
SEG_069,2020-09-27,0.9794139779736886,0.23500308261326397
SEG_069,2020-10-27,2.1577045077240564,0.43245533923612883
SEG_069,2020-11-26,1.031257635378458,0.29514122947016874
SEG_069,2020-12-26,1.789590765998039,0.315998964271467
SEG_069,2021-01-25,1.9544569377556302,0.08182304208300058
SEG_069,2021-02-24,0.7123419036913519,0.11946028153645291
SEG_069,2021-03-26,0.9055080384418879,0.25192886753751553
SEG_069,2021-04-25,0.846949401594695,0.17184943193942123
SEG_069,2021-05-25,0.8779567105709869,0.2458907605006521
SEG_069,2021-06-24,0.60050294962336,0.03963214333121961
SEG_069,2021-07-24,1.03738910847744,0.18386720593568404
SEG_069,2021-08-23,0.967123159551097,0.20967629669752166
SEG_069,2021-09-22,0.8749169759338447,0.28843323930617326
SEG_069,2021-10-22,2.414668870663836,0.37415754457612493
SEG_069,2021-11-21,1.913466237398842,0.10101601757713194
SEG_070,2020-01-01,1.6574023912978022,0.16934761020548408
SEG_070,2020-01-31,0.8208693966051177,0.19215829009725352
SEG_070,2020-03-01,1.7413409592874387,0.24445662955341965
SEG_070,2020-03-31,1.4323436145935657,0.07302518112627389
SEG_070,2020-04-30,1.9298734558359953,0.289124476570366
SEG_070,2020-05-30,1.8648576909673507,0.1587979649916239
SEG_070,2020-06-29,1.1664413540856282,0.19237743051759543
SEG_070,2020-07-29,1.8297285733896487,0.04629810415988291
SEG_070,2020-08-28,0.9472847219492823,0.09275134828984279
SEG_070,2020-09-27,1.9302375414138262,0.23179553806230996
SEG_070,2020-10-27,2.3794516506088392,0.6976222854800992
SEG_070,2020-11-26,1.9635367304134126,0.6706657132796368
SEG_070,2020-12-26,1.8611463869662024,0.3223473302006721
SEG_070,2021-01-25,1.968346315159742,0.08702770451157507
SEG_070,2021-02-24,1.653894293144039,0.12307091954384006
SEG_070,2021-03-26,1.013790546663013,0.18693181995185773
SEG_070,2021-04-25,1.2550362516071194,0.21709679336420268
SEG_070,2021-05-25,2.047400992263262,0.21814126292377806
SEG_070,2021-06-24,1.049734704144854,0.14140775367888783
SEG_070,2021-07-24,2.008114722263077,0.08221230794259818
SEG_070,2021-08-23,1.509232839746835,0.3000942079628083
SEG_070,2021-09-22,1.7241994605830626,0.19657528972999266
SEG_070,2021-10-22,3.1679492648094643,0.776456299615738
SEG_070,2021-11-21,2.730116002934395,0.4831717861213324
SEG_071,2020-01-01,1.1227733727383793,0.2579524583099151
SEG_071,2020-01-31,0.7493832208668131,0.20229534987015005
SEG_071,2020-03-01,1.1072431244569665,0.014662155739612102
SEG_071,2020-03-31,1.7651409464237333,0.01846288563296084
SEG_071,2020-04-30,1.2973119386275072,0.1741249769828231
SEG_071,2020-05-30,1.7562921841346255,0.1888088349298237
SEG_071,2020-06-29,0.8052770665428195,0.1088782293058789
SEG_071,2020-07-29,1.7934174054664496,0.1521621285818199
SEG_071,2020-08-28,1.534220957003144,0.0821480403489398
SEG_071,2020-09-27,1.1379375757391321,0.20414571626947478
SEG_071,2020-10-27,2.4303528849817195,0.8053177946009452
SEG_071,2020-11-26,0.7784503082146748,0.17723309084657274
SEG_071,2020-12-26,1.5257247872772621,0.5603044815809862
SEG_071,2021-01-25,1.4160364647968728,0.28428517808219683
SEG_071,2021-02-24,1.0936309378513374,0.16642681458386616
SEG_071,2021-03-26,0.8176334122698773,0.14933001417156355
SEG_071,2021-04-25,1.2087939319024419,0.22230553277083917
SEG_071,2021-05-25,1.1318928115279496,0.1573717453894808
SEG_071,2021-06-24,0.8502864685568697,0.25457211644850886
SEG_071,2021-07-24,1.5437786449086537,0.11546740430148435
SEG_071,2021-08-23,1.6317753685527179,0.1736047002968526
SEG_071,2021-09-22,1.301408155229907,0.16656334402747858
SEG_071,2021-10-22,2.2014809686437165,0.7408994908298936
SEG_071,2021-11-21,1.7456695284235388,0.30280275671589596
SEG_072,2020-01-01,0.862315671986879,0.23817160303524285
SEG_072,2020-01-31,1.8992668578993626,0.28050249582421505
SEG_072,2020-03-01,1.8047341445185452,0.23930554174939161
SEG_072,2020-03-31,2.009722414649167,0.05068550043779357
SEG_072,2020-04-30,1.9520038881392603,0.16832325402556214
SEG_072,2020-05-30,1.9841365585789608,0.22716085091908386
SEG_072,2020-06-29,0.8706644782445708,0.33527864976258925
SEG_072,2020-07-29,1.6190161143669541,0.22746998440880623
SEG_072,2020-08-28,2.1086870476245028,0.3122101334028129
SEG_072,2020-09-27,1.3308896060878423,0.10732185317669815
SEG_072,2020-10-27,1.2383936236541293,0.06332077269742308
SEG_072,2020-11-26,1.8897319619179622,0.08259709684678698
SEG_072,2020-12-26,1.2046481197219725,0.32183056481276884
SEG_072,2021-01-25,2.0533306625369634,0.1389434850404218
SEG_072,2021-02-24,0.6006113492054544,0.22344120407309878
SEG_072,2021-03-26,0.7361963759867972,0.15354072989371265
SEG_072,2021-04-25,0.8961514658793344,0.14079410270764914
SEG_072,2021-05-25,0.8444004036465396,0.1953423694711352
SEG_072,2021-06-24,2.016635073286245,0.25519072660451353
SEG_072,2021-07-24,0.6629625651921738,0.11232313148293419
SEG_072,2021-08-23,2.2447862143332795,0.26966708994877675
SEG_072,2021-09-22,1.1614762816716715,0.33548878426581885
SEG_072,2021-10-22,1.6678697796866178,0.45263871073047046
SEG_072,2021-11-21,1.926791516331673,0.33766876504285503
SEG_073,2020-01-01,0.8331233781390852,0.1730796842875764
SEG_073,2020-01-31,0.9379358071236543,0.23649384457505798
SEG_073,2020-03-01,1.7312702169839291,0.2472673168050677
SEG_073,2020-03-31,1.8358323483842716,0.25250358121881916
SEG_073,2020-04-30,1.5644536402084848,0.23833774903745003
SEG_073,2020-05-30,0.5502929615900594,0.06566240928256588
SEG_073,2020-06-29,0.8948496997407536,0.24954037001144125
SEG_073,2020-07-29,0.9182663628540515,0.14604408083928438
SEG_073,2020-08-28,1.1896903147947826,0.298783494391855
SEG_073,2020-09-27,0.948263657178516,0.24129888317434764
SEG_073,2020-10-27,3.3781017085418545,0.9090704093217421
SEG_073,2020-11-26,2.5055355848527525,0.9427792020179246
SEG_073,2020-12-26,2.6941586307490004,0.5705064245634437
SEG_073,2021-01-25,2.0109426673355495,0.10957259417984012
SEG_073,2021-02-24,1.8310008066670205,0.05466390928047775
SEG_073,2021-03-26,2.0063819188883776,0.15910938448154172
SEG_073,2021-04-25,1.8154230449608808,0.2527985024382288
SEG_073,2021-05-25,1.3373649649963173,0.13450921087498072
SEG_073,2021-06-24,1.5406170239917407,0.03204437614851426
SEG_073,2021-07-24,0.9976057645841595,0.18984616737168913
SEG_073,2021-08-23,1.1450208126531707,0.0750953195559886
SEG_073,2021-09-22,1.7486809375678152,0.13202467042092084
SEG_073,2021-10-22,2.386732183263079,0.7303071690594023
SEG_073,2021-11-21,2.5180443020556007,0.7989240158040679
SEG_074,2020-01-01,1.4728816336456585,0.23645263978735542
SEG_074,2020-01-31,0.7638526778051224,0.1795605322292982
SEG_074,2020-03-01,1.5650345644219712,0.07118958120759158
SEG_074,2020-03-31,0.7222731021869132,0.15149435049746068
SEG_074,2020-04-30,1.0175828135017277,0.09420381461550327
SEG_074,2020-05-30,1.5952201719968477,0.15468238528984996
SEG_074,2020-06-29,1.1037213640121744,0.08383528420537355
SEG_074,2020-07-29,1.4593655327034962,0.3008849462185774
SEG_074,2020-08-28,1.1312530799641838,0.29441243157675423
SEG_074,2020-09-27,1.2707307693349863,0.0288399344813993
SEG_074,2020-10-27,1.7445159121815768,0.4805284315217294
SEG_074,2020-11-26,2.621920700277635,0.9616185006383025
SEG_074,2020-12-26,1.1550504200120075,0.2409964757516092
SEG_074,2021-01-25,0.7952556330860829,0.125743720171765
SEG_074,2021-02-24,0.8430685604797918,0.15955598019799133
SEG_074,2021-03-26,1.9639111295555258,0.12701702810849458
SEG_074,2021-04-25,1.4065762315208354,0.043753232668521894
SEG_074,2021-05-25,0.8396764919776846,0.14150039411389465
SEG_074,2021-06-24,1.5903092382952502,0.16114794156250584
SEG_074,2021-07-24,1.2936145286717171,0.26701114720919955
SEG_074,2021-08-23,2.1540482155846457,0.11349930902171224
SEG_074,2021-09-22,1.1831413910074249,0.16995138772379764
SEG_074,2021-10-22,2.467365072045748,0.5667853834858835
SEG_074,2021-11-21,1.8091939674675352,0.6710515107942026
SEG_075,2020-01-01,1.9534515788600983,0.12474090595810036
SEG_075,2020-01-31,0.7683958433602069,0.1795093941696657
SEG_075,2020-03-01,1.8648705984543983,0.18437601943291032
SEG_075,2020-03-31,2.1370085345361067,0.25418124541641013
SEG_075,2020-04-30,0.9723181833392307,0.14823857201102308
SEG_075,2020-05-30,1.1294080637129977,0.1182328937091319
SEG_075,2020-06-29,2.1530516206143226,0.29977788501425845
SEG_075,2020-07-29,1.4096017329474217,0.2298260800589487
SEG_075,2020-08-28,1.5977998353359422,0.21809278412954647
SEG_075,2020-09-27,0.6167235330396938,0.16787819099857448
SEG_075,2020-10-27,2.9081209303731,0.44308417575784914
SEG_075,2020-11-26,2.6412454812672266,0.4624681527399397
SEG_075,2020-12-26,2.0185818001622846,0.7407195973372722
SEG_075,2021-01-25,1.6268463058347915,0.1122451750151803
SEG_075,2021-02-24,1.1100484234128387,0.09509976879919634
SEG_075,2021-03-26,1.9344966808599209,0.22621187342171406
SEG_075,2021-04-25,2.0793030130758132,0.2198899464718138
SEG_075,2021-05-25,1.6746415321984176,0.13535582437911542
SEG_075,2021-06-24,1.2325582452657418,0.1737365836627784
SEG_075,2021-07-24,1.4198553741297213,0.2590124426807091
SEG_075,2021-08-23,1.716006398220612,0.17812518337157995
SEG_075,2021-09-22,1.711493767773799,0.09339843406433784
SEG_075,2021-10-22,1.8596189310865692,0.31634851068954295
SEG_075,2021-11-21,1.7248652576050882,0.5921264219519693
SEG_076,2020-01-01,1.4005994778476047,0.24998778411570907
SEG_076,2020-01-31,1.3094166560302176,0.1976538920112626
SEG_076,2020-03-01,1.8001139946031135,0.15517966041440734
SEG_076,2020-03-31,1.3308738004536116,0.11065694683079667
SEG_076,2020-04-30,1.5723715098601134,0.1360045817863175
SEG_076,2020-05-30,1.3426484644727685,0.1677298120152339
SEG_076,2020-06-29,2.211563820958089,0.26643813058449245
SEG_076,2020-07-29,1.3041169191828959,0.29740367972391407
SEG_076,2020-08-28,2.2440694735215923,0.2589864639174233
SEG_076,2020-09-27,0.7917611193096821,0.23947378437325206
SEG_076,2020-10-27,2.806277813310667,0.5672294485965267
SEG_076,2020-11-26,1.6970105089120955,0.5017308505954591
SEG_076,2020-12-26,1.3445747231727398,0.4528674103756247
SEG_076,2021-01-25,1.1868320717528,0.16715139571341409
SEG_076,2021-02-24,1.8283512985101928,0.15875712821635551
SEG_076,2021-03-26,0.9290960355092828,0.21833982468849902
SEG_076,2021-04-25,1.0438729232670612,0.21109144989132098
SEG_076,2021-05-25,0.6852933646328873,0.17940667646911143
SEG_076,2021-06-24,1.6199037588161855,0.19321554856029585
SEG_076,2021-07-24,0.9901211644502065,0.1997981100023608
SEG_076,2021-08-23,0.7941354650809789,0.20355641781363723
SEG_076,2021-09-22,1.6065598637711553,0.2914509255037643
SEG_076,2021-10-22,2.9320768191667925,0.6370198688874216
SEG_076,2021-11-21,1.8496534741206931,0.6150644516402949
SEG_077,2020-01-01,0.984015099862777,0.2803333723481485
SEG_077,2020-01-31,1.7103715133656294,0.07643304341564869
SEG_077,2020-03-01,1.3439216243846825,0.22741537666475525
SEG_077,2020-03-31,1.8674827536512868,0.2364014782014063
SEG_077,2020-04-30,0.829911511273612,0.33054358640786896
SEG_077,2020-05-30,1.2016395023334052,0.2371334976845129
SEG_077,2020-06-29,1.8122135714252103,0.12919248957941418
SEG_077,2020-07-29,1.0870273116013947,0.13147423182091353
SEG_077,2020-08-28,1.495616081733608,0.21413839891234468
SEG_077,2020-09-27,1.9638796462721222,0.21945123177875997
SEG_077,2020-10-27,1.1925799459861437,0.3833057275566362
SEG_077,2020-11-26,1.259613264519582,0.16678774003336427
SEG_077,2020-12-26,2.6818318985925327,0.40482096877353085
SEG_077,2021-01-25,0.5580640108922644,0.07929333117154277
SEG_077,2021-02-24,1.4014144167077525,0.23202347576001073
SEG_077,2021-03-26,0.5564828541400715,0.1734102186532605
SEG_077,2021-04-25,1.4945187236472288,0.1427581627322535
SEG_077,2021-05-25,0.5192759079000483,0.007016009043193075
SEG_077,2021-06-24,1.8202880753968147,0.06318972475006694
SEG_077,2021-07-24,0.8250001466378813,0.31516485681590056
SEG_077,2021-08-23,2.1266906995357964,0.09038559514838623
SEG_077,2021-09-22,1.1499746648350204,0.16772373490029055
SEG_077,2021-10-22,1.3284987893332147,0.3453824954679946
SEG_077,2021-11-21,1.719004193201844,0.43177611551753886
SEG_078,2020-01-01,1.6170926994052548,0.24176651032077529
SEG_078,2020-01-31,1.0697122126282228,0.19778804177612075
SEG_078,2020-03-01,1.0069059849103457,0.19935302702033428
SEG_078,2020-03-31,1.7273083341445126,0.192500496817627
SEG_078,2020-04-30,0.8663695053592733,0.09459981358667072
SEG_078,2020-05-30,2.265330889153117,0.33590573245611044
SEG_078,2020-06-29,0.8371799705144518,0.2761499166511077
SEG_078,2020-07-29,0.8015908131302785,0.23501624704776203
SEG_078,2020-08-28,1.480500031074392,0.1837176481127786
SEG_078,2020-09-27,1.5225100623131504,0.10343244901225591
SEG_078,2020-10-27,2.239746284001835,0.714021248189159
SEG_078,2020-11-26,2.3399843907230635,0.6984018241236367
SEG_078,2020-12-26,2.5262514013233908,0.8730044093041551
SEG_078,2021-01-25,1.2739611997859757,0.2324190095659675
SEG_078,2021-02-24,1.3907963618098402,0.1575415585015029
SEG_078,2021-03-26,1.3327401792237445,0.033086785133476224
SEG_078,2021-04-25,0.8948042973374902,0.11617525212699259
SEG_078,2021-05-25,0.7838161915587688,0.19896701598021072
SEG_078,2021-06-24,1.4635414553522168,0.0733731018240564
SEG_078,2021-07-24,1.0366290140526013,0.03803814042070838
SEG_078,2021-08-23,1.7053600244147493,0.029597753601521008
SEG_078,2021-09-22,0.9837941788784155,0.2935448595448407
SEG_078,2021-10-22,2.286624738652513,0.5625490119730917
SEG_078,2021-11-21,2.3769522121205524,0.43543152554281683
SEG_079,2020-01-01,2.0151946432329257,0.09511775605577061
SEG_079,2020-01-31,1.1115784163673461,0.07143911430874653
SEG_079,2020-03-01,1.3290870178179768,0.1602686934733554
SEG_079,2020-03-31,0.8278529271431194,0.13395924341933796
SEG_079,2020-04-30,2.1737702193651476,0.19531170062897996
SEG_079,2020-05-30,1.75026586692046,0.1187048662805394
SEG_079,2020-06-29,0.9043964541014573,0.27753016607627157
SEG_079,2020-07-29,1.8843423333075358,0.09127087549609683
SEG_079,2020-08-28,1.3825515287864527,0.05788835555915256
SEG_079,2020-09-27,1.131805862489443,0.09677336849318213
SEG_079,2020-10-27,3.2821095476078144,0.7559081189802256
SEG_079,2020-11-26,1.322382284804129,0.2833032533153095
SEG_079,2020-12-26,2.4076109243351373,0.8088269751696973
SEG_079,2021-01-25,0.8922342651324848,0.2306868468117651
SEG_079,2021-02-24,1.530529221316586,0.0505803572552661
SEG_079,2021-03-26,0.8076686609418974,0.079905809206835
SEG_079,2021-04-25,1.5930857184005554,0.2972688580169271
SEG_079,2021-05-25,1.7701008822345576,0.23237973624591252
SEG_079,2021-06-24,1.444599730375593,0.14872688813718893
SEG_079,2021-07-24,1.684077243191934,0.23135077517819547
SEG_079,2021-08-23,1.0079463357689507,0.17717654663851143
SEG_079,2021-09-22,1.1517811574958128,0.08077702739020791
SEG_079,2021-10-22,1.036807400998601,0.08188551357607719
SEG_079,2021-11-21,3.557709310123775,0.8096750348761607
SEG_080,2020-01-01,1.8586556557809315,0.16759883839212716
SEG_080,2020-01-31,1.1099772170487618,0.14422377886037158
SEG_080,2020-03-01,0.7240610306364826,0.13091001470132385
SEG_080,2020-03-31,0.5618656568615326,0.05043705597610566
SEG_080,2020-04-30,0.6702872375047959,0.19610342546977788
SEG_080,2020-05-30,1.3447069785999968,0.10310238319767101
SEG_080,2020-06-29,2.354055019957376,0.18251567903557647
SEG_080,2020-07-29,1.8505333036238834,0.1262808285342508
SEG_080,2020-08-28,1.4548108283417724,0.20932344779904252
SEG_080,2020-09-27,1.7216442444026248,0.13271221123453253
SEG_080,2020-10-27,2.9859213216050464,0.44276006461107464
SEG_080,2020-11-26,1.9654882901879953,0.6671067102840267
SEG_080,2020-12-26,1.5770104739767534,0.5627449171642781
SEG_080,2021-01-25,1.0709019913382967,0.1414848620646904
SEG_080,2021-02-24,1.0660403948479793,0.24199514776174366
SEG_080,2021-03-26,1.8868814894464034,0.2268032181666762
SEG_080,2021-04-25,2.0556017920345555,0.08937133029599575
SEG_080,2021-05-25,1.0284370570007353,0.1435255591389465
SEG_080,2021-06-24,0.6261224223176617,0.1296159724139257
SEG_080,2021-07-24,1.2228106588274383,0.10431634319948802
SEG_080,2021-08-23,0.8062998411671434,0.1938560072387837
SEG_080,2021-09-22,2.0228419233615456,0.18803283604651563
SEG_080,2021-10-22,2.943003132760314,0.6757287961547854
SEG_080,2021-11-21,1.574284649849072,0.30911675214997514
SEG_081,2020-01-01,2.0543176233934535,0.2692702969838876
SEG_081,2020-01-31,1.9032668934905645,0.23288038031511596
SEG_081,2020-03-01,1.5657377193777324,0.08512895924073652
SEG_081,2020-03-31,1.7761659124461646,0.17703628571956848
SEG_081,2020-04-30,2.167572238267302,0.1758909894382703
SEG_081,2020-05-30,1.246356096755689,0.17776194871276227
SEG_081,2020-06-29,1.6484608752577785,0.22168157579195852
SEG_081,2020-07-29,1.7647456922351987,0.043902006970515356
SEG_081,2020-08-28,2.1369837587087295,0.204752790115805
SEG_081,2020-09-27,1.8125691974194276,0.18225337625720206
SEG_081,2020-10-27,2.7810258231547857,0.4273105763906194
SEG_081,2020-11-26,1.443299594822385,0.5118731327250233
SEG_081,2020-12-26,2.598431774974458,0.6055239600372652
SEG_081,2021-01-25,0.789243526763859,0.24022311027989945
SEG_081,2021-02-24,2.002340512016784,0.2673374160945058
SEG_081,2021-03-26,0.8851534272405032,0.014960085688935615
SEG_081,2021-04-25,1.3490637328600816,0.09744473515478042
SEG_081,2021-05-25,2.1330231558787633,0.3364688016323797
SEG_081,2021-06-24,1.7960530880538954,0.31124564345185246
SEG_081,2021-07-24,1.5920713360297662,0.1295190891884024
SEG_081,2021-08-23,2.0309340546939163,0.3228098874828839
SEG_081,2021-09-22,1.3178636760202176,0.27099922344930116
SEG_081,2021-10-22,2.3691822311281228,0.6064254667035628
SEG_081,2021-11-21,2.2147442678796887,0.6643247503382979
SEG_082,2020-01-01,0.8355703922695599,0.09036708106752474
SEG_082,2020-01-31,2.1481382693046163,0.23298894214444987
SEG_082,2020-03-01,1.7010893548049162,0.23256146015998552
SEG_082,2020-03-31,0.7701653693743008,0.18992562780116515
SEG_082,2020-04-30,0.9324521501692508,0.19245338461722974
SEG_082,2020-05-30,1.4473411430618517,0.15418857309150347
SEG_082,2020-06-29,1.2226442709427594,0.1790115546228736
SEG_082,2020-07-29,2.040762246906391,0.15689578720545705
SEG_082,2020-08-28,0.5104726452386159,0.19016063836403177
SEG_082,2020-09-27,1.7416481723157848,0.1725193749132053
SEG_082,2020-10-27,2.666570015068573,0.6748936939642161
SEG_082,2020-11-26,2.2119857811848336,0.5489574657930006
SEG_082,2020-12-26,1.8355894532689716,0.24756588302665553
SEG_082,2021-01-25,2.293055111794626,0.27415999397899243
SEG_082,2021-02-24,1.2743766397388656,0.19574371938721297
SEG_082,2021-03-26,1.7008368462193624,0.15296094629282725
SEG_082,2021-04-25,1.3071974965757702,0.15227102651871216
SEG_082,2021-05-25,1.5184446786786345,0.14461602806102702
SEG_082,2021-06-24,1.1154232658030812,0.2193361664740569
SEG_082,2021-07-24,2.1189886711556616,0.28475993574235525
SEG_082,2021-08-23,2.052262727718256,0.2191398555819964
SEG_082,2021-09-22,1.3885524997070013,0.14750178772441766
SEG_082,2021-10-22,2.011482858260178,0.621302366340811
SEG_082,2021-11-21,0.5875140114724209,0.06837566236657062
SEG_083,2020-01-01,2.0869044535090198,0.10562849233007493
SEG_083,2020-01-31,1.7422168245631335,0.22505210286080524
SEG_083,2020-03-01,1.1454427075730165,0.2643391818098692
SEG_083,2020-03-31,1.3403057621326493,0.34171383090425567
SEG_083,2020-04-30,0.8854878977026045,0.18452683460129746
SEG_083,2020-05-30,1.231803568086461,0.14173156055983233
SEG_083,2020-06-29,1.4355094458393243,0.19125781547075155
SEG_083,2020-07-29,1.243416627934966,0.15840510609412684
SEG_083,2020-08-28,1.0385964814420625,0.14665085384011484
SEG_083,2020-09-27,2.1651440325122233,0.21525508964832257
SEG_083,2020-10-27,1.4163221746357797,0.18051929315513363
SEG_083,2020-11-26,2.9530913644798455,0.8629289547080282
SEG_083,2020-12-26,3.4070853674812467,0.7453928222322317
SEG_083,2021-01-25,1.510073535250819,0.18043644238446313
SEG_083,2021-02-24,1.7929128273501846,0.1582371737001337
SEG_083,2021-03-26,0.7346109520781284,0.1799213400120352
SEG_083,2021-04-25,2.137065402293614,0.2308521507668147
SEG_083,2021-05-25,1.723663265282007,0.18140012944451983
SEG_083,2021-06-24,0.8255936283908334,0.24605533819382025
SEG_083,2021-07-24,1.6407817528446487,0.19767870545153837
SEG_083,2021-08-23,0.9656518954730249,0.21048814947668865
SEG_083,2021-09-22,2.2826971024645464,0.2831369930957959
SEG_083,2021-10-22,1.9610262377111762,0.5712406542025941
SEG_083,2021-11-21,1.8309025020506047,0.5561645471041328
SEG_084,2020-01-01,0.7775461397443484,0.1683004195331126
SEG_084,2020-01-31,1.9928302525296178,0.09403681318442941
SEG_084,2020-03-01,1.4552453855321619,0.07511291266151832
SEG_084,2020-03-31,1.4037113762717164,0.09094778204260019
SEG_084,2020-04-30,2.2396754390238183,0.10413077080927216
SEG_084,2020-05-30,0.8933808163824103,0.24306726401026535
SEG_084,2020-06-29,1.735860114162887,0.21636382530301468
SEG_084,2020-07-29,0.8172826708837175,0.08212022210958292
SEG_084,2020-08-28,1.339744636432286,0.08008732004936375
SEG_084,2020-09-27,0.9278137958983251,0.20598656706227017
SEG_084,2020-10-27,1.8638844984366618,0.25129852860853097
SEG_084,2020-11-26,2.157311905384296,0.47561387711031267
SEG_084,2020-12-26,1.1593789701788049,0.2372212396929665
SEG_084,2021-01-25,1.3200795838079176,0.28951343146293806
SEG_084,2021-02-24,0.9520655367084724,0.1811377811273473
SEG_084,2021-03-26,1.0450715685628333,0.11323380601271614
SEG_084,2021-04-25,1.1508228938225824,0.16327144837121466
SEG_084,2021-05-25,1.2131572197743823,0.16684266379222729
SEG_084,2021-06-24,2.158301839551057,0.1618580247726292
SEG_084,2021-07-24,1.6799998102979685,0.050619425291366926
SEG_084,2021-08-23,0.7830102006461583,0.19494681085290014
SEG_084,2021-09-22,2.173550001370254,0.13469021222155958
SEG_084,2021-10-22,2.790363930498077,0.6835314429448377
SEG_084,2021-11-21,2.651031206722706,0.6332373018074899
SEG_085,2020-01-01,1.2836320751553965,0.24743901338448343
SEG_085,2020-01-31,1.7810055778771565,0.16973916792485028
SEG_085,2020-03-01,1.727243300225673,0.05959178670394825
SEG_085,2020-03-31,1.711078776368337,0.2728812492330641
SEG_085,2020-04-30,0.8042084839180295,0.1452218732374585
SEG_085,2020-05-30,0.9703375318166706,0.034804679224265174
SEG_085,2020-06-29,1.1765150683431562,0.27463047393772777
SEG_085,2020-07-29,1.7671571085993254,0.17543428915686704
SEG_085,2020-08-28,0.9644637210137254,0.29353496238703736
SEG_085,2020-09-27,1.5013060374404381,0.16449730462446377
SEG_085,2020-10-27,2.4768447012487207,0.7121669757674951
SEG_085,2020-11-26,2.7498607671046673,0.5436569650945189
SEG_085,2020-12-26,2.955211950851251,0.8327536596796506
SEG_085,2021-01-25,2.25827244235919,0.23328990277547962
SEG_085,2021-02-24,1.7937505480158342,0.2655343339209278
SEG_085,2021-03-26,1.0066299277406177,0.1954067018107956
SEG_085,2021-04-25,1.5398876384112985,0.046531511852704446
SEG_085,2021-05-25,1.3839350017648584,0.17619569608695243
SEG_085,2021-06-24,2.2378321962306336,0.2502715759098855
SEG_085,2021-07-24,0.7421075338536074,0.2315506161311954
SEG_085,2021-08-23,1.1747535031189547,0.20123045529068156
SEG_085,2021-09-22,0.7919396104310408,0.07414174761077506
SEG_085,2021-10-22,2.3686347009585504,0.6586162307048001
SEG_085,2021-11-21,1.6623101387594255,0.4138972875415054
SEG_086,2020-01-01,1.7913451966791551,0.17111493564295815
SEG_086,2020-01-31,2.0358279460817785,0.21415524050039553
SEG_086,2020-03-01,1.5284026293036037,0.22354322389975692
SEG_086,2020-03-31,1.8263409340637198,0.11967914097714495
SEG_086,2020-04-30,1.1990989215310834,0.13962844905149474
SEG_086,2020-05-30,0.8217515964751063,0.26706235188897676
SEG_086,2020-06-29,1.253573712441395,0.1954829674683825
SEG_086,2020-07-29,1.082195392688153,0.1699544784752778
SEG_086,2020-08-28,2.253889160316632,0.3009830576549639
SEG_086,2020-09-27,1.8669180704033903,0.20175081239458303
SEG_086,2020-10-27,1.0785257970482764,0.23744541844040543
SEG_086,2020-11-26,1.3826374258827403,0.20247472821577694
SEG_086,2020-12-26,2.242984429678079,0.5735067991403089
SEG_086,2021-01-25,1.4803613551007995,0.0033380114066069444
SEG_086,2021-02-24,0.9419306824953633,0.11254092086719604
SEG_086,2021-03-26,1.6794850396273022,0.1672151230065369
SEG_086,2021-04-25,1.2657914665801346,0.08118883329951726
SEG_086,2021-05-25,1.2163570341589873,0.08247744471631563
SEG_086,2021-06-24,0.9253785575180024,0.06395328887941752
SEG_086,2021-07-24,0.6370153540360495,0.18895580610151197
SEG_086,2021-08-23,1.058198525649596,0.12743461330486958
SEG_086,2021-09-22,0.6496554447388804,0.20217656063467454
SEG_086,2021-10-22,3.17768496697614,0.7217186909783089
SEG_086,2021-11-21,2.3519931873303017,0.34082889903117547
SEG_087,2020-01-01,1.9339682160043927,0.2794971796249749
SEG_087,2020-01-31,2.120802179363746,0.17119006469792236
SEG_087,2020-03-01,1.2229377226859335,0.1289502001720308
SEG_087,2020-03-31,2.12688425979826,0.1812166254399702
SEG_087,2020-04-30,1.8691125574660346,0.17375721907429745
SEG_087,2020-05-30,1.4241194799104366,0.1257066053969012
SEG_087,2020-06-29,1.0721792183141214,0.10982143225559082
SEG_087,2020-07-29,1.2725571630058783,0.06564442849223748
SEG_087,2020-08-28,0.9486199798591712,0.25105070888585673
SEG_087,2020-09-27,2.0895414401917884,0.21684007689835505
SEG_087,2020-10-27,2.4885612983798264,0.8761602819122635
SEG_087,2020-11-26,2.566679047121032,0.2649912643437341
SEG_087,2020-12-26,2.7587239911037593,0.5216583079423005
SEG_087,2021-01-25,2.165027682912902,0.13773360331882106
SEG_087,2021-02-24,1.2148986710803737,0.19175896675235624
SEG_087,2021-03-26,2.0056816392558403,0.0950562677675644
SEG_087,2021-04-25,1.126497222608086,0.12902090713512454
SEG_087,2021-05-25,1.7958598502203833,0.19688916221956682
SEG_087,2021-06-24,1.500690300130068,0.1761504442718627
SEG_087,2021-07-24,1.8014948322169244,0.15694061807548468
SEG_087,2021-08-23,0.8361525342152176,0.2463402500873505
SEG_087,2021-09-22,1.3871898794960311,0.21686053436204084
SEG_087,2021-10-22,3.056927884904328,0.6769867777417578
SEG_087,2021-11-21,1.604956947113913,0.5257043441951272
SEG_088,2020-01-01,0.8609890439036503,0.18229414793614002
SEG_088,2020-01-31,1.1570572368009895,0.17798256811952134
SEG_088,2020-03-01,1.5570975492852694,0.13828123301170328
SEG_088,2020-03-31,1.4531217198682083,0.24809202474474884
SEG_088,2020-04-30,1.302154703154665,0.09644299070157597
SEG_088,2020-05-30,1.7546738831018072,0.2814783571119277
SEG_088,2020-06-29,1.4604697029390592,0.2310824273710982
SEG_088,2020-07-29,1.9027341432923845,0.31385409626336247
SEG_088,2020-08-28,1.686412651498945,0.06255626544894033
SEG_088,2020-09-27,1.2896544927919955,0.25457790698990834
SEG_088,2020-10-27,2.1501046656699323,0.2714270891784823
SEG_088,2020-11-26,1.355174077908116,0.26995603072237007
SEG_088,2020-12-26,2.640539409241333,0.5782554747572475
SEG_088,2021-01-25,1.5817700976610116,0.11040484884288726
SEG_088,2021-02-24,1.3577931526978255,0.15063795525944673
SEG_088,2021-03-26,1.6993748409516949,0.17497799979530348
SEG_088,2021-04-25,1.2007757360403921,0.1705962089698328
SEG_088,2021-05-25,0.9946469749606064,0.05464021470121437
SEG_088,2021-06-24,0.993365390282651,0.17590366140248997
SEG_088,2021-07-24,1.8012242554309432,0.1819837534175927
SEG_088,2021-08-23,0.6991122045865347,0.11919105199571156
SEG_088,2021-09-22,0.6338131532124288,0.0912301594963428
SEG_088,2021-10-22,1.579091507185282,0.2902755864051545
SEG_088,2021-11-21,2.8391126883385636,0.6775121522423081
SEG_089,2020-01-01,1.4495932447654456,0.13035247120340998
SEG_089,2020-01-31,0.80825196438831,0.16424232701464925
SEG_089,2020-03-01,0.832899312954216,0.25650414505930574
SEG_089,2020-03-31,1.3168180256098285,0.16303385856084085
SEG_089,2020-04-30,1.507020247878472,0.23781259579450342
SEG_089,2020-05-30,1.4273670058556824,0.2681424645050473
SEG_089,2020-06-29,1.7427469415574377,0.20349810666985352
SEG_089,2020-07-29,2.257399718757049,0.23106900415554227
SEG_089,2020-08-28,1.261331447482825,0.12287637813238451
SEG_089,2020-09-27,2.0210895779851463,0.20362749576284947
SEG_089,2020-10-27,2.6377140623572193,0.5017552807664009
SEG_089,2020-11-26,2.0971291118148248,0.3541516402631728
SEG_089,2020-12-26,2.2231331712837985,0.498399550994837
SEG_089,2021-01-25,1.965730703014688,0.11165949030418916
SEG_089,2021-02-24,0.9356987151949331,0.019142006422542126
SEG_089,2021-03-26,1.9328318502298047,0.13414950879002122
SEG_089,2021-04-25,1.7305809997144015,0.15915752816163198
SEG_089,2021-05-25,1.941284516434701,0.2350064192255244
SEG_089,2021-06-24,2.0214354545733233,0.282511496887888
SEG_089,2021-07-24,1.7769251739468044,0.24486214917172752
SEG_089,2021-08-23,2.0035673323436556,0.20954292354421228
SEG_089,2021-09-22,1.1019594592560398,0.2572054865119218
SEG_089,2021-10-22,3.013686875222376,0.675324124036874
SEG_089,2021-11-21,1.2773343451446268,0.32260249998962776
SEG_090,2020-01-01,1.9103442947599156,0.20712317449452197
SEG_090,2020-01-31,2.078294893189576,0.2646939202420212
SEG_090,2020-03-01,0.6605136950780663,0.09244313511665772
SEG_090,2020-03-31,0.8073075814461632,0.06294441974769276
SEG_090,2020-04-30,1.6477673232710761,0.15890047586653372
SEG_090,2020-05-30,1.1674169232461031,0.20903740625212863
SEG_090,2020-06-29,1.03887737905968,0.24526005981730176
SEG_090,2020-07-29,1.641620175645948,0.16283090630535724
SEG_090,2020-08-28,0.936478482121543,0.06304823580931715
SEG_090,2020-09-27,1.4213993575796975,0.23926195185155338
SEG_090,2020-10-27,1.8669751394834961,0.638587578991007
SEG_090,2020-11-26,2.819717721010321,0.7641733509735074
SEG_090,2020-12-26,2.3537032953834327,0.773522308072831
SEG_090,2021-01-25,0.7184512601036425,0.10436639893927441
SEG_090,2021-02-24,1.592395541407092,0.1262902683341431
SEG_090,2021-03-26,1.0228733099170104,0.10197291612220816
SEG_090,2021-04-25,1.2108104449804338,0.2721272308778523
SEG_090,2021-05-25,1.375487042388332,0.10097310227433928
SEG_090,2021-06-24,1.9192473063764681,0.18985434679152183
SEG_090,2021-07-24,1.4387764971578654,0.2715918908600071
SEG_090,2021-08-23,2.1008071644092894,0.32786663712813335
SEG_090,2021-09-22,1.256378472324718,0.20256848691747
SEG_090,2021-10-22,2.7144376978889717,0.8604530208508326
SEG_090,2021-11-21,2.357105513810624,0.4863044181002669
SEG_091,2020-01-01,1.850855549025864,0.1911897059855756
SEG_091,2020-01-31,1.289974618472766,0.18633118639853127
SEG_091,2020-03-01,1.587168170554847,0.049899092779720676
SEG_091,2020-03-31,1.8582780737396474,0.18500143235573693
SEG_091,2020-04-30,1.7619336408919746,0.19515366679361446
SEG_091,2020-05-30,1.0516109101258646,0.21054022321055826
SEG_091,2020-06-29,2.0073031191698503,0.1390099354949179
SEG_091,2020-07-29,1.4928482266460852,0.08693114722453067
SEG_091,2020-08-28,1.114432719680488,0.18681785213880475
SEG_091,2020-09-27,2.11830156384367,0.1105041637540578
SEG_091,2020-10-27,2.425343652540649,0.35442231912545097
SEG_091,2020-11-26,3.025824435052985,0.6905796644636829
SEG_091,2020-12-26,2.7751304618918375,0.5622875541536214
SEG_091,2021-01-25,1.724281786691159,0.22717385129423692
SEG_091,2021-02-24,2.059765970298066,0.1186035282273132
SEG_091,2021-03-26,1.5183522234448188,0.19410598558373296
SEG_091,2021-04-25,0.8501898987562779,0.3255569306211229
SEG_091,2021-05-25,1.2064349200508757,0.2767948272173054
SEG_091,2021-06-24,0.6278388811290138,0.04593615494488516
SEG_091,2021-07-24,0.9050203019611806,0.21393019187145182
SEG_091,2021-08-23,1.1518314213217231,0.08875812723405971
SEG_091,2021-09-22,1.5292440955801243,0.20200307292350303
SEG_091,2021-10-22,1.2782874501431263,0.2940394824178907
SEG_091,2021-11-21,3.5821562032516674,0.8549499433407507
SEG_092,2020-01-01,1.3260527021606225,0.3271878292844461
SEG_092,2020-01-31,2.007380297874558,0.21254061406751945
SEG_092,2020-03-01,2.1301831214936016,0.32578860428321066
SEG_092,2020-03-31,1.3588700241233629,0.23914203972170178
SEG_092,2020-04-30,1.9643508211802414,0.20872689407773293
SEG_092,2020-05-30,1.4260766097748303,0.3151180061242831
SEG_092,2020-06-29,0.9376111784776925,0.23715823132251646
SEG_092,2020-07-29,1.2288906651413474,0.18118236945030455
SEG_092,2020-08-28,2.035339012815998,0.2148209315992443
SEG_092,2020-09-27,1.3344752583083406,0.24288110291385334
SEG_092,2020-10-27,1.3919047020875306,0.5094787725126071
SEG_092,2020-11-26,1.2535314165184588,0.25500975517902436
SEG_092,2020-12-26,2.930722388475531,0.6353561731168199
SEG_092,2021-01-25,1.2919098299296115,0.08336963646276926
SEG_092,2021-02-24,0.9796679719096921,0.16647654514508534
SEG_092,2021-03-26,0.9135969790794225,0.10536490308985134
SEG_092,2021-04-25,0.5898257986088373,0.03491106412156158
SEG_092,2021-05-25,1.055538243354596,0.18977179859399199
SEG_092,2021-06-24,1.3442585386209922,0.2767100093861565
SEG_092,2021-07-24,1.2627788395609474,0.21591168865600324
SEG_092,2021-08-23,1.1943855079870036,0.1684003435460128
SEG_092,2021-09-22,0.5548149550367332,0.10862414392210314
SEG_092,2021-10-22,1.9622117857734962,0.11974042868687337
SEG_092,2021-11-21,3.003142696305666,0.6952177285539128
SEG_093,2020-01-01,1.0588463601821445,0.182295294074309
SEG_093,2020-01-31,1.6046184706652984,0.19738875681865267
SEG_093,2020-03-01,0.8876132716969515,0.06144503294119169
SEG_093,2020-03-31,1.528974957230095,0.24756131456977543
SEG_093,2020-04-30,1.341610862816034,0.24221598011278822
SEG_093,2020-05-30,1.4113250209063561,0.13903997515290134
SEG_093,2020-06-29,1.8805699037805743,0.10105752267184102
SEG_093,2020-07-29,1.415352049111718,0.24085220328756596
SEG_093,2020-08-28,1.5072231609676603,0.09021663316625932
SEG_093,2020-09-27,1.3755286708273937,0.2888552612346157
SEG_093,2020-10-27,1.9998727322138572,0.3113683713272632
SEG_093,2020-11-26,2.616419455893687,0.7825390937978935
SEG_093,2020-12-26,3.5053813749052973,0.6735535409917809
SEG_093,2021-01-25,0.82473730131566,0.19115635274606796
SEG_093,2021-02-24,1.0814917953396912,0.1348708026225141
SEG_093,2021-03-26,2.181964830026874,0.28913741291092576
SEG_093,2021-04-25,1.4350728020035899,0.12411960981036221
SEG_093,2021-05-25,1.2057687227521598,0.19886310435152632
SEG_093,2021-06-24,1.414136636475421,0.27476027511790985
SEG_093,2021-07-24,0.8264759199150731,0.17489861052527056
SEG_093,2021-08-23,2.1485384375500027,0.2585989787612009
SEG_093,2021-09-22,1.836009285713408,0.25958669922367195
SEG_093,2021-10-22,3.4102094599022594,0.8138464202266035
SEG_093,2021-11-21,1.675999995779266,0.17767832226953967
SEG_094,2020-01-01,1.203577906569703,0.048704409109162405
SEG_094,2020-01-31,1.9737874074859005,0.12341365311613561
SEG_094,2020-03-01,1.604118011865969,0.12723150886295845
SEG_094,2020-03-31,0.9832398339981487,0.3175020449892353
SEG_094,2020-04-30,0.8689223812598184,0.13979644062494306
SEG_094,2020-05-30,0.9474129107927021,0.018079480448171738
SEG_094,2020-06-29,1.0548133737697003,0.08439724877442649
SEG_094,2020-07-29,1.9293730899163053,0.15498252537871757
SEG_094,2020-08-28,1.9162201372710124,0.12397771511925873
SEG_094,2020-09-27,1.9447243319183753,0.15863502563833543
SEG_094,2020-10-27,3.0940209335713535,0.5192968193576384
SEG_094,2020-11-26,3.5133744844291117,0.9056440398383125
SEG_094,2020-12-26,2.35189905726238,0.18738103881543317
SEG_094,2021-01-25,1.567406253379927,0.16066719851052774
SEG_094,2021-02-24,1.7623639186308355,0.2823749331031458
SEG_094,2021-03-26,1.722406132207783,0.17368705134217705
SEG_094,2021-04-25,1.7676187647399697,0.3265267334283952
SEG_094,2021-05-25,1.6172300569082243,0.13148295325948287
SEG_094,2021-06-24,1.932607968597313,0.11742265677816088
SEG_094,2021-07-24,0.6806727105416638,0.2158304719417766
SEG_094,2021-08-23,1.2061743989314784,0.2853058839378563
SEG_094,2021-09-22,2.0299362928059157,0.2329597405686275
SEG_094,2021-10-22,2.649187605764665,0.31508966742484806
SEG_094,2021-11-21,1.5715930483099942,0.2743588393716237
SEG_095,2020-01-01,1.2497670612145197,0.024117571794621727
SEG_095,2020-01-31,1.0357885131705373,0.28336306888994367
SEG_095,2020-03-01,1.0859696427308454,0.13345524705999312
SEG_095,2020-03-31,1.328958824505842,0.10693365025064792
SEG_095,2020-04-30,1.2559174603970942,0.32760111711622275
SEG_095,2020-05-30,1.1544182024888512,0.13749600554037322
SEG_095,2020-06-29,1.6443794533118807,0.19538531580530838
SEG_095,2020-07-29,1.933797457442178,0.19886473427035636
SEG_095,2020-08-28,1.1015044755501808,0.169465238987322
SEG_095,2020-09-27,0.7960334358554341,0.1671898244308982
SEG_095,2020-10-27,2.550077659614056,0.9164792018712022
SEG_095,2020-11-26,2.6303931215665943,0.8630647786172164
SEG_095,2020-12-26,2.6603599846553543,0.5600960897366134
SEG_095,2021-01-25,1.5908791990986952,0.13092102054862215
SEG_095,2021-02-24,0.5909643614990258,0.1558721916612517
SEG_095,2021-03-26,2.1700165780113134,0.26103873761529417
SEG_095,2021-04-25,0.802734031931714,0.11291445902230368
SEG_095,2021-05-25,1.076047134330806,0.09369985218108823
SEG_095,2021-06-24,2.0086467680986564,0.2341946864695594
SEG_095,2021-07-24,2.2420223850811647,0.24215224915743996
SEG_095,2021-08-23,1.2385049580324041,0.14885993638617157
SEG_095,2021-09-22,1.216386463352289,0.07076476759364411
SEG_095,2021-10-22,3.599822155666846,0.8793514433870351
SEG_095,2021-11-21,2.6561884537424643,0.9412165743111593
SEG_096,2020-01-01,2.211886982501525,0.12259105964437836
SEG_096,2020-01-31,1.6646796878543773,0.22134277668371585
SEG_096,2020-03-01,1.0672933790150467,0.26684928315133083
SEG_096,2020-03-31,1.2851840689866971,0.30859295465525083
SEG_096,2020-04-30,1.0602138239766599,0.18718486642829507
SEG_096,2020-05-30,1.0606618694230037,0.23189318005869136
SEG_096,2020-06-29,2.271797434768428,0.2911490276779706
SEG_096,2020-07-29,1.189318236564221,0.2967407532724342
SEG_096,2020-08-28,1.512367657503547,0.21870356014817907
SEG_096,2020-09-27,1.3096590725242132,0.2131363771348089
SEG_096,2020-10-27,3.20642002610425,0.8261462880947879
SEG_096,2020-11-26,2.4212264258954317,0.8601361585306897
SEG_096,2020-12-26,1.897483613183613,0.3296574424001004
SEG_096,2021-01-25,1.3566474643375237,0.17889873495604783
SEG_096,2021-02-24,2.038092666083372,0.3201506408888524
SEG_096,2021-03-26,1.3914905098037806,0.2842972402144469
SEG_096,2021-04-25,1.118707876859505,0.248088369945666
SEG_096,2021-05-25,2.064813958159025,0.09488168863967203
SEG_096,2021-06-24,1.8848148831386389,0.2877563166330807
SEG_096,2021-07-24,1.1142459583970612,0.11799196719759464
SEG_096,2021-08-23,1.2249089555781323,0.09352429697295826
SEG_096,2021-09-22,0.8753786784683001,0.12694378416595714
SEG_096,2021-10-22,1.537450194504437,0.5862305573346358
SEG_096,2021-11-21,1.7722888303499738,0.05162969519166548
SEG_097,2020-01-01,2.1242588800904025,0.13979950181686268
SEG_097,2020-01-31,0.5663272996824651,0.07524232491263719
SEG_097,2020-03-01,1.4562870885290913,0.21955670644527353
SEG_097,2020-03-31,0.6776938491539688,0.1537678681556713
SEG_097,2020-04-30,1.053324923047059,0.24821533020917444
SEG_097,2020-05-30,0.5955021485787475,0.16820708977697812
SEG_097,2020-06-29,1.1278589628998255,0.1758907581195247
SEG_097,2020-07-29,0.8092555601763239,0.21314440363707712
SEG_097,2020-08-28,1.652117060485514,0.3022035721903386
SEG_097,2020-09-27,2.0380707469629207,0.2396024497643915
SEG_097,2020-10-27,3.7765716451862508,0.7968089851231107
SEG_097,2020-11-26,2.9208066981927665,0.5449283674837629
SEG_097,2020-12-26,2.576768699810725,0.6446980310049275
SEG_097,2021-01-25,1.3884646405665058,0.2296114585152697
SEG_097,2021-02-24,1.7144912346878018,0.035723410707496774
SEG_097,2021-03-26,1.5576969639015144,0.25655858085612815
SEG_097,2021-04-25,1.3350240213340783,0.24503098861695877
SEG_097,2021-05-25,1.6829446491447073,0.2113839678466397
SEG_097,2021-06-24,0.9227734590521564,0.24527547314945997
SEG_097,2021-07-24,1.845681160957898,0.2938601489529219
SEG_097,2021-08-23,1.4941006962696917,0.06750442294675164
SEG_097,2021-09-22,1.3661960301789657,0.08574213111971282
SEG_097,2021-10-22,2.2164632968781826,0.5975918869948346
SEG_097,2021-11-21,3.769657852163673,0.8585583408748042
SEG_098,2020-01-01,1.850250836253596,0.17188359954198185
SEG_098,2020-01-31,1.9596192391693625,0.08253574416795365
SEG_098,2020-03-01,1.3543673906024805,0.18008839348727135
SEG_098,2020-03-31,0.8670566407615815,0.19160079041393502
SEG_098,2020-04-30,1.2204614937493499,0.10437223885472566
SEG_098,2020-05-30,0.7360888021480856,0.09549562644319215
SEG_098,2020-06-29,1.3520026874531368,0.1794441696770369
SEG_098,2020-07-29,1.019138440656276,0.24561542652074997
SEG_098,2020-08-28,1.078629750919194,0.1418666425269396
SEG_098,2020-09-27,1.6135267724200422,0.31318587319057833
SEG_098,2020-10-27,2.6864968745696833,0.6925544644930749
SEG_098,2020-11-26,1.4936799614543703,0.23120618092814077
SEG_098,2020-12-26,2.877297311477874,0.5029231920731798
SEG_098,2021-01-25,0.8513705472305315,0.15451247746984392
SEG_098,2021-02-24,1.9900601593429392,0.1054803098983301
SEG_098,2021-03-26,1.1963518078901247,0.30675151063640205
SEG_098,2021-04-25,1.8195132502775246,0.07303547044895853
SEG_098,2021-05-25,1.0270343723311486,0.06758318284619234
SEG_098,2021-06-24,2.0218926220379854,0.20369743373774646
SEG_098,2021-07-24,1.0210856630795517,0.27045902948102996
SEG_098,2021-08-23,1.6293144780430886,0.09331464109063434
SEG_098,2021-09-22,2.030804750108491,0.23574566246817452
SEG_098,2021-10-22,1.7722203104640575,0.21883912525130225
SEG_098,2021-11-21,2.8371927861919675,0.7467651785933137
SEG_099,2020-01-01,1.4746826787570515,0.20664566310714083
SEG_099,2020-01-31,0.9538204222832803,0.09864163564639464
SEG_099,2020-03-01,0.805097711312729,0.2227188757036298
SEG_099,2020-03-31,1.3831879447167774,0.13349660908625247
SEG_099,2020-04-30,1.179598460834507,0.13933582580761059
SEG_099,2020-05-30,1.4058478308625357,0.27576175302043293
SEG_099,2020-06-29,1.6754058302162145,0.09453393809266777
SEG_099,2020-07-29,1.2710665769977716,0.20937182494690537
SEG_099,2020-08-28,2.200917140109533,0.15772858521695876
SEG_099,2020-09-27,1.1936165011489197,0.2278500444773438
SEG_099,2020-10-27,2.4649564173709972,0.41729725447372223
SEG_099,2020-11-26,1.3961782359105046,0.4142809779651271
SEG_099,2020-12-26,2.476426940114319,0.47140471244912946
SEG_099,2021-01-25,1.1530277508807347,0.22331484044861274
SEG_099,2021-02-24,1.0606066655050224,0.14275565209978686
SEG_099,2021-03-26,1.7053538466028875,0.23068435395273923
SEG_099,2021-04-25,1.5910875199069272,0.2502875805909286
SEG_099,2021-05-25,1.5268070226253223,0.2653170162583315
SEG_099,2021-06-24,1.0092265261795348,0.023897393225605898
SEG_099,2021-07-24,0.7940486160399193,0.22293580098296947
SEG_099,2021-08-23,1.6805980576750614,0.06474295771237758
SEG_099,2021-09-22,1.931877357942202,0.10438348519409413
SEG_099,2021-10-22,2.365349400943406,0.8465418596499357
SEG_099,2021-11-21,2.4181826070194425,0.38481229074325213
SEG_100,2020-01-01,1.7565427897385109,0.03418008406416499
SEG_100,2020-01-31,1.0045719690696904,0.025513522451148917
SEG_100,2020-03-01,0.9227534491345986,0.21334687699110272
SEG_100,2020-03-31,1.4338431467781765,0.13849695517730162
SEG_100,2020-04-30,0.8211679120347023,0.25269898110998507
SEG_100,2020-05-30,1.859578119427403,0.2668693810659242
SEG_100,2020-06-29,1.664090614703579,0.07265667597768503
SEG_100,2020-07-29,1.144001886715972,0.21109500199339398
SEG_100,2020-08-28,2.1673184701306996,0.28464831590081663
SEG_100,2020-09-27,0.9111179035664281,0.27501019460714415
SEG_100,2020-10-27,1.753689604953566,0.23060396329094016
SEG_100,2020-11-26,1.0906606596580701,0.12971648911685096
SEG_100,2020-12-26,1.8655619882171406,0.30261218480560126
SEG_100,2021-01-25,1.6262074451744475,0.14902685868747056
SEG_100,2021-02-24,2.014072867209456,0.1579024500490531
SEG_100,2021-03-26,0.784092477266382,0.07451903127807002
SEG_100,2021-04-25,1.9223928114815316,0.0558688237135085
SEG_100,2021-05-25,0.839900343735348,0.13453322276189358
SEG_100,2021-06-24,1.675335182032103,0.2266320384626667
SEG_100,2021-07-24,1.651850259960756,0.01605772124819632
SEG_100,2021-08-23,1.0163709739150633,0.22311431768006293
SEG_100,2021-09-22,1.2836804718494221,0.32299163835455175
SEG_100,2021-10-22,2.4016994078568112,0.7773882806924675
SEG_100,2021-11-21,1.467202756766523,0.29432602767462485
