segment_id,observation_date,sat_ndvi,sat_ndwi,sat_mndwi,sat_savi,sat_quality,shoreline_change_m,nsm_m,epr_m_per_year,rainfall_30d_mm,wind_speed_ms,wave_height_m,storm_surge_m,elevation_m,slope_deg,distance_to_shore_m,future_shoreline_change_m
SEG_001,2020-01-01,0.2682356070820062,0.1766994874229113,0.5029616109343609,-0.0652244669482335,GOOD,-0.7565556147590711,-9.553041708428944,-1.0627240503927933,25.26776440516812,2.212287757470909,0.8875407712895018,0.1656906056597162,6.574554585349896,0.222552700591068,27.502931836911927,0.3629636074381019
SEG_001,2020-01-31,0.0102203110203483,0.0892656838759087,0.4284874110100439,-0.0974004961287756,GOOD,0.3629636074381019,0.4720909248234033,-0.8194989669640163,7.773974990589077,9.65770457765425,1.2228684099102267,0.1057398055725442,6.574554585349896,0.222552700591068,27.502931836911927,-0.400987363319244
SEG_001,2020-03-01,0.3237471831737298,0.103726031366891,0.4264154459469421,0.1918927146775271,GOOD,-0.400987363319244,4.596736459690559,-0.742931245583293,27.60203156366135,8.635237314023959,1.4664661792797546,0.1878160003555097,6.574554585349896,0.222552700591068,27.502931836911927,-1.8183592837547935
SEG_001,2020-03-31,0.2522859181074617,-0.4541756163443378,-0.0948915519136078,0.0157551854408428,GOOD,-1.8183592837547935,-6.508136704584548,-1.2979971411805418,13.898680155504604,7.0854755541152015,1.2781891265578311,0.1664125366644584,6.574554585349896,0.222552700591068,27.502931836911927,-1.5075347584828578
SEG_001,2020-04-30,0.0334889110245566,0.436654587712494,0.2832318467219342,0.1436524022667953,GOOD,-1.5075347584828578,0.9369019692552384,-1.1731950124761432,18.97277208788239,9.916186805092762,1.5438024520897342,0.1449110736783672,6.574554585349896,0.222552700591068,27.502931836911927,-1.1221022809217416
SEG_001,2020-05-30,0.3214259600949047,0.2759999115462448,-0.093856735232306,-0.0871599024383849,GOOD,-1.1221022809217416,-5.983886860364459,-1.078034312827347,47.14548571675272,9.010941011781352,1.2458625215936667,0.2406260132173559,6.574554585349896,0.222552700591068,27.502931836911927,-0.355458787616614
SEG_001,2020-06-29,0.3572737948702718,-0.0411481474126012,-0.0616078501517528,-0.0013489969224066,GOOD,-0.355458787616614,-6.058875872155971,-0.3308280195529189,44.891144180123845,5.195204041123178,0.9872338991601908,0.2628086254687283,6.574554585349896,0.222552700591068,27.502931836911927,0.325285463721246
SEG_001,2020-07-29,-0.054545293913103,-0.4528836245752654,-0.2013157826844067,0.150978416681236,GOOD,0.325285463721246,-3.66760049800474,-1.3729445876960855,19.08096432532684,9.968971041920774,1.4974820351192912,0.275739882510958,6.574554585349896,0.222552700591068,27.502931836911927,-1.2856024003658215
SEG_001,2020-08-28,-0.0942594890285901,0.2207218193601946,0.3135393321239172,0.114788132163518,GOOD,-1.2856024003658215,-0.3855730213028785,-1.2768956528082471,21.73826253345525,5.629789650633652,2.2750357721754195,0.3128953404331585,6.574554585349896,0.222552700591068,27.502931836911927,-1.1310045307292105
SEG_001,2020-09-27,0.1502930565251491,-0.3213481194698686,0.5213650554103384,0.2482074279347067,GOOD,-1.1310045307292105,-0.4157575770099218,-0.2820595771236553,7.64196342748174,8.10008640060121,1.4144241654798748,0.1978675438462862,6.574554585349896,0.222552700591068,27.502931836911927,0.3709887973719637
SEG_001,2020-10-27,-0.0997140519360282,-0.1758439429953269,-0.2824709318527509,0.2716394465058468,GOOD,0.3709887973719637,2.474982940417691,-0.8849717491946771,302.8962583247094,9.024076793632323,2.9811315123373463,0.4414136281697177,6.574554585349896,0.222552700591068,27.502931836911927,-0.817148097362113
SEG_001,2020-11-26,-0.0653937407658082,0.2606021652572315,0.3892509863762889,-0.0486434142000948,GOOD,-0.817148097362113,-1.7529460975758422,-0.9698867421198818,343.6216520542629,5.385103521607095,1.789678234796351,0.4966515884091827,6.574554585349896,0.222552700591068,27.502931836911927,-1.050665282801476
SEG_001,2020-12-26,0.0005755316948479,-0.188283708699105,0.595634420994805,0.1599512230557813,GOOD,-1.050665282801476,-2.2363623844661404,-1.2579916082634686,311.23486685157786,4.704684497179643,2.8423252158658023,0.6299678017912963,6.574554585349896,0.222552700591068,27.502931836911927,0.5568844623160836
SEG_001,2021-01-25,-0.0645034569954837,0.1311029572700989,-0.093952394569961,0.2621680052024512,GOOD,0.5568844623160836,-8.937139751670198,-1.0239907312620096,33.44888891481403,3.713894458963509,0.7865547268681613,0.2223376296283837,6.574554585349896,0.222552700591068,27.502931836911927,-1.7663118666460589
SEG_001,2021-02-24,0.136335513155897,0.2846194242907534,0.4267472979899789,-0.0238360342552489,GOOD,-1.7663118666460589,-3.534232263904337,-0.6528427539601585,23.35123340183375,7.832606795678805,1.738464058270066,0.2881999372052387,6.574554585349896,0.222552700591068,27.502931836911927,-1.4392150617927617
SEG_001,2021-03-26,0.1013106410511343,-0.1606973946050368,0.4755052827175118,-0.0005374664318857,GOOD,-1.4392150617927617,-3.2707967825030213,-0.6562367203311916,13.927257233347024,3.998451583056804,1.924265547374803,0.1043730083950048,6.574554585349896,0.222552700591068,27.502931836911927,0.8208538613780705
SEG_001,2021-04-25,0.175162656224924,-0.4494116704751187,0.5993542215714538,0.2344110340319808,GOOD,0.8208538613780705,3.895504745121914,0.1973914688286109,8.3155555301957,5.885129003605748,1.1651605907035048,0.2180239152717834,6.574554585349896,0.222552700591068,27.502931836911927,-0.6408384379797881
SEG_001,2021-05-25,0.089486559488458,0.4853088437797259,-0.0613172476450632,0.2136282407794277,GOOD,-0.6408384379797881,-3.654887710147556,0.4146352817193464,49.771134474635694,6.446146587244946,1.6010665729333606,0.0403410290503614,6.574554585349896,0.222552700591068,27.502931836911927,-1.8581749638270075
SEG_001,2021-06-24,0.3843546824845794,0.0791802908162562,0.1879756812368467,0.1991902241516256,GOOD,-1.8581749638270075,-1.237336083115432,-0.4942992341609729,42.63599460241426,3.259461823515866,2.059851485109501,0.0634955451272476,6.574554585349896,0.222552700591068,27.502931836911927,0.6522794462902404
SEG_001,2021-07-24,0.1975175532250138,0.1752125536040901,-0.0883164944991619,-0.0520453544211503,GOOD,0.6522794462902404,-6.306769783170627,-0.3109616929331176,30.969075516605155,5.35379932268698,1.4498384183291264,0.1342885368633075,6.574554585349896,0.222552700591068,27.502931836911927,-0.0783999568937289
SEG_001,2021-08-23,0.0021295997117682,0.2161918007894148,-0.0851826426457386,0.0583143387165017,GOOD,-0.0783999568937289,-5.500043803018567,-0.8676456074562919,37.59322462072011,2.5803449159452585,1.56131078702245,0.3492438894087168,6.574554585349896,0.222552700591068,27.502931836911927,0.5429828762738094
SEG_001,2021-09-22,-0.0633696394501835,-0.2868456877329596,-0.0613196267246388,0.2733037511974836,GOOD,0.5429828762738094,3.1890536372681417,-0.7609458225222321,7.8873416178615985,8.669959637118456,1.9537484667730944,0.2817109848020051,6.574554585349896,0.222552700591068,27.502931836911927,-0.5034503869175202
SEG_001,2021-10-22,0.2269881588553663,-0.492176892847842,0.4353937216039154,0.0197515008799911,GOOD,-0.5034503869175202,4.083950058906559,-1.2314177712132646,305.7714335209551,7.856287821675341,3.3043015885902323,0.8442560933681668,6.574554585349896,0.222552700591068,27.502931836911927,-0.8368193570669822
SEG_002,2020-01-01,0.1758402105631956,-0.0723130810193206,-0.291297270352494,-0.0699024559704931,GOOD,0.5751960890656359,3.558928573398397,-0.4088194215889553,41.72975099430084,6.660076531918352,1.0186330416903964,0.1440860491920967,7.825632618686457,3.2218555487767606,26.19552624343482,-1.4005962199737512
SEG_002,2020-01-31,0.349490744371295,0.2961223048880417,0.4746323238008124,0.2595698546105899,GOOD,-1.4005962199737512,-6.257053911656134,-1.2944127566564287,39.00581209357213,9.07307761160807,1.2328694247202288,0.1734536380189639,7.825632618686457,3.2218555487767606,26.19552624343482,0.6287932801567527
SEG_002,2020-03-01,0.3649405078468372,0.3646056962199639,0.5785854296378665,0.2243086879761587,GOOD,0.6287932801567527,-9.628204571527167,-0.0268710564898357,16.609273397321434,9.446527088386604,1.7651740437385903,0.1975413398082086,7.825632618686457,3.2218555487767606,26.19552624343482,0.494704822355906
SEG_002,2020-03-31,0.033402854797236,0.2873745091354711,-0.2027139362373385,0.2488667131624359,GOOD,0.494704822355906,-6.663494236815033,0.1331732111938579,23.015161733947103,4.4415269387088046,2.017317975359048,0.1752389881334563,7.825632618686457,3.2218555487767606,26.19552624343482,-1.1649914653045308
SEG_002,2020-04-30,-0.0034351058361456,-0.1717380488022934,0.4779176478272576,0.2867556416193445,GOOD,-1.1649914653045308,-0.3777739208855841,-0.7006432312798783,49.057484359913005,6.289725859829775,1.9183214843676544,0.0268546599225177,7.825632618686457,3.2218555487767606,26.19552624343482,-0.7933487854082897
SEG_002,2020-05-30,-0.0107160919137681,0.4625343157615554,-0.0610802737293282,-0.0566389811141155,GOOD,-0.7933487854082897,0.9281759097905642,-0.8726453716100175,30.310442665307164,6.091384477355825,1.465953394425982,0.2705817064628764,7.825632618686457,3.2218555487767606,26.19552624343482,0.1328177468206784
SEG_002,2020-06-29,0.2543926419170853,-0.4983087217813705,0.5330176489491742,0.1153807988371167,GOOD,0.1328177468206784,1.1292511675921482,-0.158742991134001,18.211073589063208,2.559790489010481,1.5982455298223412,0.1067956081906923,7.825632618686457,3.2218555487767606,26.19552624343482,-0.8062128386481855
SEG_002,2020-07-29,0.3240076397531677,0.2197542630139501,-0.0297099586098622,0.0237138648834613,GOOD,-0.8062128386481855,-3.9639941941341306,-0.908689594948106,6.36438995295766,5.363570670183266,2.036111764118618,0.1856900922638841,7.825632618686457,3.2218555487767606,26.19552624343482,-1.2295394039664769
SEG_002,2020-08-28,0.2077574579756902,-0.1990501254344346,0.1931434918221283,-0.0998376241210849,GOOD,-1.2295394039664769,-3.551677750152481,-0.340030437608636,32.73528118515358,5.719905521976114,1.5243619172502445,0.1871891675150333,7.825632618686457,3.2218555487767606,26.19552624343482,-0.5009625888452833
SEG_002,2020-09-27,0.350590412914127,0.2960247601267802,-0.1472777434217507,-0.0660817853099513,GOOD,-0.5009625888452833,-0.505887163513064,-0.8296234891803982,40.92117322683321,8.009105100325858,1.698467980199481,0.1206379229449498,7.825632618686457,3.2218555487767606,26.19552624343482,-1.8810802788095808
SEG_002,2020-10-27,-0.0877873061365868,-0.2551574559216498,0.1276227097969245,0.2398950778498928,GOOD,-1.8810802788095808,-3.7833848350342096,-0.2404692385245725,309.7217618369855,7.570834003924039,1.6398256189688087,0.208100834096949,7.825632618686457,3.2218555487767606,26.19552624343482,-1.0525904237276895
SEG_002,2020-11-26,-0.0972275909309841,0.2509644766184729,0.3930415697166224,-0.0573650813745844,GOOD,-1.0525904237276895,-7.361699774402025,0.4159320845590795,325.89788752218703,2.401747081125128,2.185913441713525,0.6945136783597592,7.825632618686457,3.2218555487767606,26.19552624343482,0.6218879125943817
SEG_002,2020-12-26,0.3007083008611322,0.1675777325863531,0.5891032077598031,0.1381809273877678,GOOD,0.6218879125943817,3.371388887156556,-0.2746953544764743,335.96369806379835,6.038225318595216,2.658777405522468,0.4747438504983037,7.825632618686457,3.2218555487767606,26.19552624343482,-0.1767364999948573
SEG_002,2021-01-25,0.2718277210797925,-0.0253255631769466,-0.0667276063814825,-0.0011041049961361,GOOD,-0.1767364999948573,1.4872052644574811,-0.4574003743440358,31.337421849089065,4.196779575340306,0.9751082720904088,0.2006989266899524,7.825632618686457,3.2218555487767606,26.19552624343482,0.0546779261889382
SEG_002,2021-02-24,0.0598547842093811,0.0401522225184564,-0.1754633446354598,-0.0074954081087252,GOOD,0.0546779261889382,0.596287125418284,-1.371542298572244,20.379968483329336,6.340889124031323,1.2323473939876075,0.0848412950360315,7.825632618686457,3.2218555487767606,26.19552624343482,0.2547693765768659
SEG_002,2021-03-26,0.3524192391700884,0.0840794142042251,0.3259706878481712,0.2426928129215737,GOOD,0.2547693765768659,-4.294284566084325,-1.488207832832014,17.587940133591236,8.027801000475087,1.9482293329630276,0.2579090305377693,7.825632618686457,3.2218555487767606,26.19552624343482,-1.3836372243986736
SEG_002,2021-04-25,0.2737578344890253,0.046132309733839,0.2429273300471171,-0.0117845222704724,GOOD,-1.3836372243986736,-3.462460359300451,-1.4419503601065695,16.80647718491912,7.433135080226798,1.2740835167583844,0.1000523514614732,7.825632618686457,3.2218555487767606,26.19552624343482,-0.3535630658489087
SEG_002,2021-05-25,-0.0361861013594196,0.1222569609740646,-0.275730193285376,0.0576081025358818,GOOD,-0.3535630658489087,-9.593469304895311,-0.2145007039813284,6.784974361528212,5.693587552412094,0.7623830099258654,0.1506031967147975,7.825632618686457,3.2218555487767606,26.19552624343482,0.4746068270446696
SEG_002,2021-06-24,0.0634229024406542,0.2612297078940271,0.0412135940077226,0.2008039294219139,GOOD,0.4746068270446696,-6.215927023264291,-1.336187534476715,0.9691643525005345,6.31535238338027,2.0845258564484066,0.1038577142178738,7.825632618686457,3.2218555487767606,26.19552624343482,-1.4669323622373889
SEG_002,2021-07-24,0.2906165248054474,0.1517546552438894,0.3788098836535735,0.2798446930863956,GOOD,-1.4669323622373889,-9.694299740195016,-1.1952353084304193,6.311048743710312,7.355670756959285,1.6060120101949789,0.1476159631012807,7.825632618686457,3.2218555487767606,26.19552624343482,-1.726347882987922
SEG_002,2021-08-23,0.2834490491781204,-0.3322108566321977,0.2465227445018384,0.1991702607821143,GOOD,-1.726347882987922,2.2895176146662752,0.4294415460681753,5.404937482880329,2.205427403979728,1.2477218550905032,0.2473838527694659,7.825632618686457,3.2218555487767606,26.19552624343482,-0.2140900970174562
SEG_002,2021-09-22,0.0983272207583136,0.2150147050494684,-0.231603169941246,0.1762457663731921,GOOD,-0.2140900970174562,-8.471480418310351,0.044961769902448,42.514661954439816,6.803292918534753,1.064851732883331,0.3500765244158776,7.825632618686457,3.2218555487767606,26.19552624343482,-1.3676241485966605
SEG_002,2021-10-22,0.0736018826542244,-0.0716219867652555,0.0335137885962505,0.1023843158708311,GOOD,-1.3676241485966605,2.74363440499366,0.1446618361801162,305.27694353219994,9.68630053771663,3.018648351874208,0.7918497392893075,7.825632618686457,3.2218555487767606,26.19552624343482,0.0709433345672293
SEG_003,2020-01-01,0.1323542333016158,0.1103317042305206,0.0410903737154376,-0.0885200008919641,GOOD,0.5284721650182816,-7.272402142634623,-1.075760299640522,39.89161784140482,4.722710745314269,1.9180253453137208,0.1792549003369933,8.391944679460732,0.5246482004728046,88.1631184002772,-0.5618933170292564
SEG_003,2020-01-31,-0.0949244427806614,0.4480625777770312,-0.2229483342377808,0.1880298656416777,GOOD,-0.5618933170292564,1.3724698022369957,-0.1187813211069539,32.295144987047614,5.926570680628689,1.79990673250095,0.0628136422319239,8.391944679460732,0.5246482004728046,88.1631184002772,-0.4293938466099496
SEG_003,2020-03-01,0.2458935776476009,-0.1937939698699116,0.2234000267991304,0.0893041955038099,GOOD,-0.4293938466099496,-3.617442809421779,-0.0081291265727807,16.539564859796506,7.622839537486151,0.9950132006533066,0.0857361593157931,8.391944679460732,0.5246482004728046,88.1631184002772,-1.4566160611622443
SEG_003,2020-03-31,-0.0037078532742413,-0.3804452587449471,0.1822775688453747,0.2048758437936411,GOOD,-1.4566160611622443,-6.754230401820915,-0.5316028255745826,36.22925005465258,9.812856183064454,1.335217657563834,0.0759046822153599,8.391944679460732,0.5246482004728046,88.1631184002772,-0.4076473430060892
SEG_003,2020-04-30,-0.0029412109544632,-0.2725168365174453,-0.138502610683137,-0.0943406530975744,GOOD,-0.4076473430060892,-5.88533009825099,0.4485898622054758,27.667948339930412,7.579339143281556,0.7296296826739296,0.1897764167471153,8.391944679460732,0.5246482004728046,88.1631184002772,-1.4959968582821328
SEG_003,2020-05-30,0.3363598674992673,0.0740642196263322,0.1224572504374591,0.0761875192544041,GOOD,-1.4959968582821328,-9.229349242246332,0.3821271935362065,23.886459363284384,8.576925162395444,1.2974126411874214,0.0933570251749325,8.391944679460732,0.5246482004728046,88.1631184002772,0.9188097974354608
SEG_003,2020-06-29,-0.0731954628537334,-0.3508024155263448,0.2065556373761077,0.021534204736891,GOOD,0.9188097974354608,-8.223226566828076,0.0288868906523884,30.31588256214814,8.325926638747355,1.0903089883783512,0.2052258201383633,8.391944679460732,0.5246482004728046,88.1631184002772,-0.1819694832724299
SEG_003,2020-07-29,0.1213605020096641,0.36016666582618,0.591028134420118,0.0221520977277441,GOOD,-0.1819694832724299,-0.8555363163230449,-0.01982138903091,47.3795100162689,3.66230324658841,0.9967435789135912,0.204167941820608,8.391944679460732,0.5246482004728046,88.1631184002772,-0.2342721239793979
SEG_003,2020-08-28,-0.0130932258367827,-0.4249351310988321,-0.2975918496574028,0.0802014818470809,GOOD,-0.2342721239793979,-5.631110664534586,-1.0370475308879483,35.34779149395166,7.623900464749737,1.2438698269629158,0.1626061189551889,8.391944679460732,0.5246482004728046,88.1631184002772,-0.81697420613562
SEG_003,2020-09-27,0.2939140133233656,0.1250580071642218,0.295064738568031,0.2734673833782053,GOOD,-0.81697420613562,-1.83156431934132,-0.2047305531950385,45.4205722606303,8.613049277200478,0.9766791730767408,0.1810103249613527,8.391944679460732,0.5246482004728046,88.1631184002772,-0.0877719326708353
SEG_003,2020-10-27,0.2744788610348116,0.0692070493190923,-0.0402504705247424,-0.0502585367301167,GOOD,-0.0877719326708353,0.4960052746357597,0.3853524814880815,325.02360885589627,5.950361754760674,1.2358864030774166,0.2540616069281086,8.391944679460732,0.5246482004728046,88.1631184002772,0.2918615096381577
SEG_003,2020-11-26,0.0611607916791499,-0.2496320975879961,-0.2178058020321133,0.2847644408771347,GOOD,0.2918615096381577,-1.3720133617010433,0.4015725556127048,349.9786208438726,7.378252674425914,1.768323867272126,0.3536692659575413,8.391944679460732,0.5246482004728046,88.1631184002772,-0.6221455393727154
SEG_003,2020-12-26,0.1352504116258167,0.1515094894336863,0.5244655091340906,-0.0274043411107496,GOOD,-0.6221455393727154,-0.4782292081886972,-0.5165483956179733,304.56212031469136,4.783688450357204,2.512500251322752,0.7390417662342827,8.391944679460732,0.5246482004728046,88.1631184002772,0.3549247947738825
SEG_003,2021-01-25,0.0649018317894827,0.1936736739834325,-0.0406039841746898,0.2780774158252842,GOOD,0.3549247947738825,-1.7485508654232564,-0.5903481827965411,15.725857858508396,4.586190290207957,2.2983703279730068,0.2180723065042055,8.391944679460732,0.5246482004728046,88.1631184002772,-1.488712001049329
SEG_003,2021-02-24,0.3940596073908771,0.1576603864831289,0.1883342349214755,0.0652990283197286,GOOD,-1.488712001049329,-4.573309612724871,0.0128863081111474,31.270437107250448,8.079924288488137,1.011175858457053,0.1921793281897231,8.391944679460732,0.5246482004728046,88.1631184002772,-0.26615227483855
SEG_003,2021-03-26,0.1190580475361891,0.1982500291221722,-0.1907165249736421,0.2892587263286778,GOOD,-0.26615227483855,-6.410538065085245,-1.1832436723895352,27.541950350133497,6.418011272429864,1.010882906260063,0.3468790696141556,8.391944679460732,0.5246482004728046,88.1631184002772,0.0585169901269566
SEG_003,2021-04-25,0.1307239470893917,-0.3825338509104424,0.448928856392011,0.0993502018828781,GOOD,0.0585169901269566,-2.366919773957324,-0.9531502065734516,41.73619727883472,9.841957060827005,1.2307683105063747,0.2563217959335608,8.391944679460732,0.5246482004728046,88.1631184002772,-1.209616392858592
SEG_003,2021-05-25,0.3609340749657809,0.0082408915928939,0.4913936296318285,0.2456107737714352,GOOD,-1.209616392858592,1.8500927300467025,-0.6701151528973097,46.712419684126,6.061901406477252,1.8842586150772276,0.1179415587761093,8.391944679460732,0.5246482004728046,88.1631184002772,-0.4141138518655556
SEG_003,2021-06-24,0.1934688612070805,0.4989023332293387,0.1406763119901308,-0.0405618326468843,GOOD,-0.4141138518655556,-4.823140874604887,-0.396165165858378,27.17150314793365,5.642756934932009,1.102088365252263,0.0854994107049038,8.391944679460732,0.5246482004728046,88.1631184002772,0.1643656119335307
SEG_003,2021-07-24,0.1858988209924505,-0.2664375539421069,0.3979900275893329,-0.0825410803610792,GOOD,0.1643656119335307,0.5784182153750379,0.1228178051297537,19.30393762454912,7.309510635876277,2.010120698612561,0.3077633761512484,8.391944679460732,0.5246482004728046,88.1631184002772,0.5730382572012825
SEG_003,2021-08-23,-0.0814901943272119,0.0022911501329658,0.2311623863786102,0.2478801253448862,GOOD,0.5730382572012825,-3.3954068534398427,-0.4480978263848771,22.84640372371211,7.779550620565141,1.313099389466116,0.2102088492241745,8.391944679460732,0.5246482004728046,88.1631184002772,-0.065926164139337
SEG_003,2021-09-22,0.1347453004923659,0.4692036305742172,0.0047051106462884,0.1770818394347528,GOOD,-0.065926164139337,2.7764793852603717,0.2046826731317861,42.967109208413326,5.0400751801812405,1.036736218408719,0.1684412800480444,8.391944679460732,0.5246482004728046,88.1631184002772,0.3830863916737081
SEG_003,2021-10-22,0.3361915086992681,-0.4641009001623134,-0.2384213275366037,0.1524644067418562,GOOD,0.3830863916737081,4.9613888443432295,-0.006467266524146,321.6985735961563,2.787545011065584,2.9694253618399142,0.7820372939889091,8.391944679460732,0.5246482004728046,88.1631184002772,-1.3417359479352269
SEG_004,2020-01-01,0.3564145080117774,-0.3568822798714903,0.1150349220194977,0.0015909357654169,GOOD,-1.2581028547081694,-9.859038528176937,0.1092661539502926,45.06047117994415,7.420887085592636,0.8332953498502056,0.1268787234177729,1.250199331269949,4.367114033359789,61.97103685374154,0.5013552129834881
SEG_004,2020-01-31,0.1937858525632107,0.1389387023600121,0.0818780446148079,3.9289763080499474e-05,GOOD,0.5013552129834881,-7.011745013366615,-0.7306135020653091,24.16040305296081,3.897645615420597,1.496110288303341,0.170252885946622,1.250199331269949,4.367114033359789,61.97103685374154,-0.4014821534955928
SEG_004,2020-03-01,0.0476153769416346,0.4779444845768626,0.2924068343358125,0.009792152071291,GOOD,-0.4014821534955928,0.2869923910101803,-0.0106623176693496,2.452212538799997,6.851251944611796,1.6421677472365646,0.3396617851590487,1.250199331269949,4.367114033359789,61.97103685374154,-0.1659459257550072
SEG_004,2020-03-31,0.2994300597537993,0.1070649981642659,0.0170888602517848,0.1546471512023567,GOOD,-0.1659459257550072,0.1664668793503914,-0.058143246658582,32.959077015837686,8.706696935700133,1.5568498161140252,0.2264718050480647,1.250199331269949,4.367114033359789,61.97103685374154,-1.7942339336503954
SEG_004,2020-04-30,0.054466441976318,-0.0591768098371884,0.2216164248315624,0.1929439071756953,GOOD,-1.7942339336503954,-5.573343225562671,-0.0050382701232569,8.782003522215332,3.0572783819742684,1.5676478820328408,0.2977124136647516,1.250199331269949,4.367114033359789,61.97103685374154,-0.6075417477490549
SEG_004,2020-05-30,0.3567434872408485,0.3304726195673974,-0.0687269238930639,0.2298759250169629,GOOD,-0.6075417477490549,2.0973274069064978,-0.0068812985659099,16.935762690094315,2.9213576595980757,2.15668088878443,0.1130877827936221,1.250199331269949,4.367114033359789,61.97103685374154,0.3171129111154105
SEG_004,2020-06-29,0.3300702984494109,0.2242167120755182,0.5819480185037131,0.286907898920013,GOOD,0.3171129111154105,-4.513374258916504,0.0813639371778749,0.6959327550450589,6.292578466152473,1.568779125385913,0.2892057098887911,1.250199331269949,4.367114033359789,61.97103685374154,-1.3657683731003516
SEG_004,2020-07-29,0.192280045826083,0.3224173012267742,0.5462627026015987,-0.0566615591203077,GOOD,-1.3657683731003516,-9.624630255302764,0.2684696904297043,28.070369112493943,9.322047269945276,1.1009871190513902,0.1202179358082012,1.250199331269949,4.367114033359789,61.97103685374154,0.7563990635067939
SEG_004,2020-08-28,0.354693819213946,-0.1978098254707497,0.0674662702158714,-0.0440891949971115,GOOD,0.7563990635067939,-5.4345312346599215,-0.5147507620435883,4.85959993109108,9.09807446822802,1.033038213615684,0.2225456076002501,1.250199331269949,4.367114033359789,61.97103685374154,-1.603479914655512
SEG_004,2020-09-27,0.2715700607615857,0.4459740857794321,0.0772140780732505,0.1969076059061263,GOOD,-1.603479914655512,-3.776732088447896,-1.301956730578943,24.467351889480724,5.264927085581604,2.1954767756116578,0.1138210523870368,1.250199331269949,4.367114033359789,61.97103685374154,-0.1282241829233617
SEG_004,2020-10-27,0.1216915430303508,0.4505551698514269,0.4699051739753591,-0.0602581501575478,GOOD,-0.1282241829233617,-1.833012077767826,0.4556850589040935,317.9336920606159,5.185117141954985,1.52577276071049,0.320855910805001,1.250199331269949,4.367114033359789,61.97103685374154,-2.3599442300227285
SEG_004,2020-11-26,0.1273586842852585,0.162768738061978,0.2775340205098958,0.138858383807818,GOOD,-2.3599442300227285,1.8019188568192508,-1.0128622056719527,306.29619426540216,11.516623807263706,2.298981606163896,0.8314580259486617,1.250199331269949,4.367114033359789,61.97103685374154,0.5980144217219455
SEG_004,2020-12-26,0.0079756759593373,0.3696954267695447,-0.0042964019109926,-0.0409783280234225,GOOD,0.5980144217219455,-9.957466727799757,0.2168122527603526,307.2343990160254,3.0399370515474944,1.290296035785503,0.2006253204576055,1.250199331269949,4.367114033359789,61.97103685374154,-1.0947913783736642
SEG_004,2021-01-25,-0.0871099251069008,-0.4851396727692911,0.4109861978112785,-0.0048273575638147,GOOD,-1.0947913783736642,-7.386306978907342,-1.395201964277647,37.08590284770747,6.208684212782937,1.8829209695899205,0.2010184159002207,1.250199331269949,4.367114033359789,61.97103685374154,-1.9477065932339053
SEG_004,2021-02-24,0.1566189788045958,-0.3909459899961545,0.1534548208072392,0.2781662571880425,GOOD,-1.9477065932339053,1.7484049397056936,0.2339618155196765,26.072560735654204,5.664340176781456,2.2572460904087244,0.1366478077891736,1.250199331269949,4.367114033359789,61.97103685374154,-1.827426043800485
SEG_004,2021-03-26,0.1008086272562802,0.1860974960622327,0.1412419687298027,0.2638803316460917,GOOD,-1.827426043800485,-8.788142838838121,-0.28340515273312,3.284111666005696,4.200127996463626,1.6412078508508685,0.1863083925694102,1.250199331269949,4.367114033359789,61.97103685374154,-1.734983159294741
SEG_004,2021-04-25,0.3973138779304618,0.0305568374313245,0.1083438758179244,0.1421707166141251,GOOD,-1.734983159294741,0.5266912781909934,0.20558547459115,32.54583324406527,8.151701840837909,1.7113340523138658,0.0950342841964862,1.250199331269949,4.367114033359789,61.97103685374154,-1.7598979737696356
SEG_004,2021-05-25,0.0142467871822921,-0.1610683811648248,0.1081490126167025,0.0663958601045981,GOOD,-1.7598979737696356,-3.5985399060856302,-0.1697842738793822,18.71505117177684,3.22111139814979,2.0650995199876894,0.0856754481817746,1.250199331269949,4.367114033359789,61.97103685374154,-0.4140649820014352
SEG_004,2021-06-24,-0.0533849491481613,-0.4034355674342144,0.3649163986398441,0.2247077141109569,GOOD,-0.4140649820014352,-1.203023758907845,-0.3768271720158551,16.482299070810253,2.9778502828364743,1.363105874840593,0.2661516061565598,1.250199331269949,4.367114033359789,61.97103685374154,-1.020089867945701
SEG_004,2021-07-24,0.3340460744345325,0.2210606787461494,0.5715587627803269,0.1401640364898708,GOOD,-1.020089867945701,-1.3312222241521765,-1.0745223886559878,32.836815149407606,3.7939589528605246,0.9624412729914912,0.2891201637605055,1.250199331269949,4.367114033359789,61.97103685374154,0.8868837013155897
SEG_004,2021-08-23,0.2813028159684249,0.0741000043314626,0.4264992340371099,0.2380620645313432,GOOD,0.8868837013155897,2.276402893110044,-0.2728534389290704,32.13495819149157,2.210030651628667,2.040650856738545,0.2247019260903886,1.250199331269949,4.367114033359789,61.97103685374154,-2.008427404304435
SEG_004,2021-09-22,-0.0097919640195728,0.2026987728656046,-0.0219137800530808,0.0359298627109033,GOOD,-2.008427404304435,3.047940598046573,-0.3673578104772474,20.039217199975777,3.134997233210149,1.556737109044915,0.0489230557008388,1.250199331269949,4.367114033359789,61.97103685374154,-0.2082679777748338
SEG_004,2021-10-22,0.0075664400167554,-0.0801675062354968,0.0068063835923994,0.0480212369908015,GOOD,-0.2082679777748338,1.6525342995011147,-0.3648128867712055,304.24785199885895,2.4208706114041743,2.228338369672143,0.7204570459897714,1.250199331269949,4.367114033359789,61.97103685374154,-1.5174838222122482
SEG_005,2020-01-01,-0.0961564570500585,-0.1985806379815632,-0.1098894187017189,-0.0451060778970692,GOOD,-1.2933739836300673,-5.078164660932384,-1.484540186861376,37.35070617148839,3.4055584150067384,1.3100411513506345,0.2366262457876448,6.837759307995321,0.3225450767616948,39.526339608762896,-1.923119449967247
SEG_005,2020-01-31,0.3166771012099391,0.3062001865667638,-0.2351320530670579,0.2447057448090354,GOOD,-1.923119449967247,-9.718876951215314,0.3423248690048248,43.10550068060332,6.606073285894649,1.56020445995125,0.2219417677627809,6.837759307995321,0.3225450767616948,39.526339608762896,-0.1873936060716274
SEG_005,2020-03-01,-0.0424133136681008,-0.4791434409752512,-0.0077086384990375,0.2205288617241808,GOOD,-0.1873936060716274,2.4803886960756074,0.3395395034827693,4.406494064894234,8.755874878517576,1.0320522961714929,0.1846052912355393,6.837759307995321,0.3225450767616948,39.526339608762896,-1.5479981301630032
SEG_005,2020-03-31,0.0978833484296664,-0.1897254381641386,0.0055619530336175,0.0332274489972527,GOOD,-1.5479981301630032,-2.342750731867776,-1.271946720322895,25.4976031161486,9.247381852640403,1.2336479154088231,0.2293098280148819,6.837759307995321,0.3225450767616948,39.526339608762896,-0.2746979043329876
SEG_005,2020-04-30,0.307518502875007,-0.2637311510532757,-0.168200203550075,-0.0210912788704066,GOOD,-0.2746979043329876,1.4032294332033803,-0.1889819789625217,8.857306447361458,8.182784713980482,1.5687549781360235,0.2819209412933735,6.837759307995321,0.3225450767616948,39.526339608762896,-0.2024223766350903
SEG_005,2020-05-30,0.1244526284975315,0.4241542583856593,0.2080426050625193,0.1541193276242373,GOOD,-0.2024223766350903,2.9637031224712427,-0.2455651862004564,7.547870069653845,2.5462900679660487,1.4672629555975267,0.1821444309650423,6.837759307995321,0.3225450767616948,39.526339608762896,-1.8567972142467584
SEG_005,2020-06-29,-0.0719139398934609,0.0073368852897781,-0.0206329344543201,0.0807655454802729,GOOD,-1.8567972142467584,2.4754494749468225,-1.34653799765309,43.21250169626196,8.842346971648723,1.5323820496178242,0.1453613502645765,6.837759307995321,0.3225450767616948,39.526339608762896,0.3831765872011859
SEG_005,2020-07-29,0.1771581856691519,0.2918177972653585,0.5062890890011222,0.0798934814603625,GOOD,0.3831765872011859,-0.2224381802708528,-0.8569464742391433,23.781451397153475,3.206888613565108,0.77789521372256,0.0947342408824419,6.837759307995321,0.3225450767616948,39.526339608762896,-1.3466815126007248
SEG_005,2020-08-28,0.0717188879191338,0.2143155491674626,0.1540941013508616,-0.030976435425454,GOOD,-1.3466815126007248,-3.433625885361505,-0.6211564164747514,26.13740176327728,3.269969663852331,1.4189287067343,0.2004390091558073,6.837759307995321,0.3225450767616948,39.526339608762896,-1.84314137688558
SEG_005,2020-09-27,0.0691835734207097,0.0978858623829894,0.4103042384072982,0.1589221427877228,GOOD,-1.84314137688558,-8.582410787273584,-0.143241310319838,14.207348693905686,7.789869240019694,1.6483538885146451,0.2466716429923067,6.837759307995321,0.3225450767616948,39.526339608762896,0.4664496920479642
SEG_005,2020-10-27,0.0666810180302782,0.0827395145864196,-0.1727144574741139,0.0399283150143376,GOOD,0.4664496920479642,0.4771994421782146,-0.7160840313292793,329.7520614075788,14.504017596526086,2.710932155245019,0.7739595908596911,6.837759307995321,0.3225450767616948,39.526339608762896,-0.3395876580990431
SEG_005,2020-11-26,0.3065923919074005,0.1701163999947225,0.4460630756050179,0.1955098688517931,GOOD,-0.3395876580990431,-2.1040999039873896,-0.2079503585330242,321.1703183161052,4.894624770774277,2.6272204192001536,0.6693821508662039,6.837759307995321,0.3225450767616948,39.526339608762896,-1.8756010777018213
SEG_005,2020-12-26,0.3738341337671734,-0.0137290791272727,-0.0961112581195015,-0.0449738587291682,GOOD,-1.8756010777018213,2.666425830288249,-1.2977184726642117,338.5437360181551,8.680958613076449,2.253908570656643,0.1789036274386325,6.837759307995321,0.3225450767616948,39.526339608762896,0.4603587328709482
SEG_005,2021-01-25,0.2831538022236207,-0.368950958570492,0.0390478837402721,-0.0351011151646198,GOOD,0.4603587328709482,1.5664672059648268,0.1180874392786022,8.276958287202934,5.501387241106774,1.2509936660305128,0.1891548839519916,6.837759307995321,0.3225450767616948,39.526339608762896,-0.4217195710499091
SEG_005,2021-02-24,0.1220993549026378,-0.2150720674366417,0.3736828662858926,0.0795711852133361,GOOD,-0.4217195710499091,-5.357981551558156,0.1172477421815727,23.450780251612635,8.680907141805658,1.1467735179163192,0.2274308662803326,6.837759307995321,0.3225450767616948,39.526339608762896,0.800360480264684
SEG_005,2021-03-26,0.1308399892204945,-0.2182282672962245,0.0436851907716394,0.110983915384593,GOOD,0.800360480264684,2.253368593718601,0.1025184483030952,6.919926730171561,4.0000256927120565,1.8555444717193017,0.3323337559754998,6.837759307995321,0.3225450767616948,39.526339608762896,0.2338964163326297
SEG_005,2021-04-25,-0.0487051341257953,0.3458922767334385,0.4660494432763009,0.0140252056237313,GOOD,0.2338964163326297,-5.908130506129651,0.3106124179564824,7.3674327995802145,5.499780481559847,2.1414361926874137,0.1331341206493051,6.837759307995321,0.3225450767616948,39.526339608762896,-1.337778577431773
SEG_005,2021-05-25,0.0747925390693244,-0.4733298091970614,-0.2520688015460329,0.1008028458772941,GOOD,-1.337778577431773,4.917880268574368,-0.7501746531644649,1.409377276407503,9.446607237999626,1.939215627505692,0.2021726152941497,6.837759307995321,0.3225450767616948,39.526339608762896,-1.662759988293659
SEG_005,2021-06-24,-0.0312002061370641,-0.2131206026867318,0.4467854248375402,0.1784287954303934,GOOD,-1.662759988293659,0.583042629336207,-0.6027970520355068,0.2625599152808966,2.6338061701657702,1.2004381476484376,0.2936135218536244,6.837759307995321,0.3225450767616948,39.526339608762896,-1.1514268407857235
SEG_005,2021-07-24,0.2636173926624658,0.0277715058867242,-0.1999318257081854,0.0152406312156922,GOOD,-1.1514268407857235,-9.283758300717231,-0.6603489124931139,39.69495543197191,5.656908933091589,0.8858085411125567,0.2688380564034134,6.837759307995321,0.3225450767616948,39.526339608762896,-0.7719572249718935
SEG_005,2021-08-23,-0.0917823238970527,0.015375730209406,-0.082255679021106,-0.0425692639014959,GOOD,-0.7719572249718935,-0.7778562583607407,-1.018871522386913,20.82837976042699,7.314970413936073,0.8671165496084715,0.2904091450414758,6.837759307995321,0.3225450767616948,39.526339608762896,-0.8354067346106923
SEG_005,2021-09-22,0.1630297226610852,0.0073276965797866,0.5894983370368205,0.1216607809672782,GOOD,-0.8354067346106923,-2.94797382762271,-0.2286584170627399,49.051971127578014,4.029202088553702,0.5514350758269598,0.1685326949213184,6.837759307995321,0.3225450767616948,39.526339608762896,-1.174845421465741
SEG_005,2021-10-22,0.2664705107253208,0.1282569624756564,0.3943512366988731,0.1940747939249245,GOOD,-1.174845421465741,-9.334964675571875,-0.4079725095846169,340.6754432778044,3.4007130164136674,2.358318876544205,0.3687665744801206,6.837759307995321,0.3225450767616948,39.526339608762896,-0.9746558936559724
SEG_006,2020-01-01,-0.0044482846330445,-0.1430258239646366,0.4027574102805825,0.246319310831223,GOOD,-1.079555032737853,-8.132874876334249,-0.763961651370654,44.47432585061407,7.94646164415697,2.143272609960126,0.1978555006631568,9.896665671813173,2.760850418505511,25.33137652026174,0.3060719037737904
SEG_006,2020-01-31,0.1481016132685113,-0.0024766075063726,0.5318794199642671,0.1077103414139768,GOOD,0.3060719037737904,0.9062198651395352,-1.3421459878890645,30.122664941511363,8.578730236319092,1.7077010297430792,0.2200380591333683,9.896665671813173,2.760850418505511,25.33137652026174,0.0612875342289591
SEG_006,2020-03-01,0.2304596107290683,-0.1935041439092475,0.2423594649575397,0.0704464291532181,GOOD,0.0612875342289591,-4.726795243420118,-1.415289674299741,43.50185875281961,4.8204744824678585,2.029253461089572,0.0677220977869707,9.896665671813173,2.760850418505511,25.33137652026174,0.305285198767082
SEG_006,2020-03-31,0.3739521893015431,-0.4249588350118407,0.2737612840949684,0.0453244522603929,GOOD,0.305285198767082,0.1911591172203479,0.4055787925592156,7.138973418127486,6.860583226566843,2.0639788662929117,0.1637641578307931,9.896665671813173,2.760850418505511,25.33137652026174,-0.1914388497418544
SEG_006,2020-04-30,0.2892576867534326,-0.1336715268928514,0.0445689615198999,0.1268978566896478,GOOD,-0.1914388497418544,0.1859308537009241,0.3976470585311129,18.600668923534187,8.104675774388635,1.387776012725687,0.1166493143971953,9.896665671813173,2.760850418505511,25.33137652026174,-0.5426715238258445
SEG_006,2020-05-30,0.2247803683530157,-0.250388346906602,-0.1978962486734837,0.194269943791771,GOOD,-0.5426715238258445,-4.195189299411048,-0.3766545784807058,13.08883382937479,4.082318169119227,1.3286232869894044,0.2629584697833441,9.896665671813173,2.760850418505511,25.33137652026174,-0.6724296320336237
SEG_006,2020-06-29,0.3582394547709406,-0.0087998047457759,-0.1896263202864262,0.241130516153729,GOOD,-0.6724296320336237,3.480185461793456,-0.6097776145150899,4.389537055236553,7.455434082005097,1.8825125795413125,0.1096098548516993,9.896665671813173,2.760850418505511,25.33137652026174,0.1006847825477813
SEG_006,2020-07-29,-0.0675304608419644,0.0421713612255623,0.5021985141184999,0.2405448203012503,GOOD,0.1006847825477813,3.909866850847667,-0.2245999548719675,39.68481919225014,6.070045961394406,0.8210138005131111,0.0957841213937074,9.896665671813173,2.760850418505511,25.33137652026174,0.3970974916619226
SEG_006,2020-08-28,0.2951865304038745,-0.4737159731917343,0.1986192935336355,0.0475644662004882,GOOD,0.3970974916619226,-1.7252959911035877,-0.2761032747589582,4.310774082596636,4.474325740227697,2.0549433147169265,0.1659942315042824,9.896665671813173,2.760850418505511,25.33137652026174,-0.125553797323886
SEG_006,2020-09-27,0.284582275187349,0.3233393995083906,-0.2336243583798848,0.2889518926055063,GOOD,-0.125553797323886,-3.250382565055059,-0.139782018700838,17.225739035134985,9.023681213203291,1.8806726551895827,0.2120700906461806,9.896665671813173,2.760850418505511,25.33137652026174,-1.718498206359032
SEG_006,2020-10-27,0.3831323069670533,-0.0673817135180251,0.5196410438521986,-0.0778348599928891,GOOD,-1.718498206359032,-7.704767997846991,-1.1706858402197515,316.1330375577278,7.674657060233967,1.3829608966170843,0.3337513202280168,9.896665671813173,2.760850418505511,25.33137652026174,-2.071952073029854
SEG_006,2020-11-26,0.3229668530779328,-0.2493946910180009,0.2715513822489713,0.1203365661932558,GOOD,-2.071952073029854,-5.457630908366859,-0.4330439404632389,325.1286572370631,8.349087213981655,3.702262315445143,0.7467795868328122,9.896665671813173,2.760850418505511,25.33137652026174,0.1463423652880187
SEG_006,2020-12-26,0.2603163842186364,0.1051389078618554,0.45827700370205,0.1254472137725183,GOOD,0.1463423652880187,-9.574397681516835,-1.409076393417316,332.072686691218,6.614169851819033,2.7941607129959083,0.6803780988902657,9.896665671813173,2.760850418505511,25.33137652026174,0.8282918314968903
SEG_006,2021-01-25,0.2194955961044352,-0.0019619398638839,0.2644476092682759,0.0158686627206423,GOOD,0.8282918314968903,-2.7558277273687084,0.109376308431466,34.249542059783835,4.3794709714379385,0.7760942517233171,0.0786364919730532,9.896665671813173,2.760850418505511,25.33137652026174,0.1111281053452714
SEG_006,2021-02-24,0.1421255650536796,-0.2959769864366013,0.2459942365385727,0.0250329996987732,GOOD,0.1111281053452714,1.0129963220682026,0.2215547315086505,48.76870639574401,3.046129212419092,1.2316524970436014,0.1826671231369396,9.896665671813173,2.760850418505511,25.33137652026174,-1.161275573730611
SEG_006,2021-03-26,0.1332362835203182,-0.2325283255458176,-0.0768730057270089,-0.0612753389757714,GOOD,-1.161275573730611,-4.23775249747591,-0.2692451116720626,12.41351401905933,8.922460013765741,0.8671958477565044,0.1165457059847441,9.896665671813173,2.760850418505511,25.33137652026174,-0.561489578596397
SEG_006,2021-04-25,0.0563574604311365,0.2631213751386285,0.1484389878539179,0.1058899356925938,GOOD,-0.561489578596397,-5.37189276918356,-1.453647403567298,47.261640203461866,6.043555704190172,2.181104760986152,0.1354588105682236,9.896665671813173,2.760850418505511,25.33137652026174,-0.6235289487810483
SEG_006,2021-05-25,-0.074729797686054,-0.0051057964748236,0.4941055287313808,0.1617040147558468,GOOD,-0.6235289487810483,-1.9496387606660937,0.1943447307869357,21.546388467377025,9.059645847348744,1.73242013058163,0.2092345670494148,9.896665671813173,2.760850418505511,25.33137652026174,-1.8159984860232308
SEG_006,2021-06-24,0.1002908105073782,0.0702816438810293,-0.1248102283010528,0.1212891706484606,GOOD,-1.8159984860232308,-2.436167063151929,0.0288082294144791,13.9860338811991,9.91272560496578,1.6669729011853165,0.0823121803475279,9.896665671813173,2.760850418505511,25.33137652026174,0.1673872353370035
SEG_006,2021-07-24,0.0969518563643035,0.2948972283809458,0.0051767699573087,0.2755794267821502,GOOD,0.1673872353370035,-7.014131776713251,-0.4817549675496357,25.003895178532197,2.362426819736598,1.0955876865167942,0.2226213915367589,9.896665671813173,2.760850418505511,25.33137652026174,-0.2081700518454849
SEG_006,2021-08-23,0.1284942796414369,0.1062605224038041,0.1639551589325285,0.0311863390546104,GOOD,-0.2081700518454849,-7.562469311845909,0.4812314751222801,36.96596802868021,4.393874740226546,1.1940578383855935,0.2414569412547055,9.896665671813173,2.760850418505511,25.33137652026174,-0.0318148055685381
SEG_006,2021-09-22,0.2543699032177189,-0.2002094352625862,0.4341739499194417,0.0473431239463078,GOOD,-0.0318148055685381,4.698470467687429,-0.3325957163024273,39.83774069650735,7.802593700414842,1.745001408754508,0.0905038037729068,9.896665671813173,2.760850418505511,25.33137652026174,-0.0730947701536098
SEG_006,2021-10-22,0.3835353480860254,0.2829039914314214,0.3985458226548649,0.1310537583456731,GOOD,-0.0730947701536098,-1.2471508442854002,-1.158975876506681,331.4512620572682,6.957886444008715,2.7109311156075178,0.4092273129281147,9.896665671813173,2.760850418505511,25.33137652026174,-1.3992859971877738
SEG_007,2020-01-01,0.0625247672130273,0.162226799714349,0.1729294362600318,0.0255010394951268,GOOD,-1.5011868989251411,3.681862413860156,-0.8153459646363077,17.71434943224064,8.175918273189925,1.6643235239794367,0.1618364927952914,7.490454077052473,0.4051783014707165,13.80824857852102,-1.394730217024532
SEG_007,2020-01-31,0.2050382900393757,-0.3077358308632866,-0.0781327780253756,0.1232346603229616,GOOD,-1.394730217024532,4.593659413858536,-0.9047708694461842,14.450206870176247,3.658222358837122,1.834807713622224,0.1743382786084609,7.490454077052473,0.4051783014707165,13.80824857852102,-0.0050135800724933
SEG_007,2020-03-01,0.3668501873854003,0.2954053560023335,-0.0538882169201192,-0.0512503577069139,GOOD,-0.0050135800724933,-4.304587219384263,0.4603210746427244,40.91887300652812,9.63687090713169,1.846445020615378,0.1138990382707961,7.490454077052473,0.4051783014707165,13.80824857852102,-0.5915252451119646
SEG_007,2020-03-31,0.2570706437491976,-0.1536364859043835,0.0981385006783518,0.0025775901893928,GOOD,-0.5915252451119646,-6.968979891991053,-0.4228441525826945,46.65119668916539,7.569370405174581,0.8209615688470403,0.1691562615411608,7.490454077052473,0.4051783014707165,13.80824857852102,-1.9012097293386931
SEG_007,2020-04-30,0.0212290192051433,0.1698339648931039,0.1779373407595192,0.155177829363455,GOOD,-1.9012097293386931,-3.800479509276121,-0.0652838874995127,5.027245238867395,8.166128464786233,0.7425043690390212,0.2039633929272537,7.490454077052473,0.4051783014707165,13.80824857852102,-1.4945420440141928
SEG_007,2020-05-30,0.1034537257734417,0.4350320985961515,0.4905596593628054,0.0909794081763586,GOOD,-1.4945420440141928,4.458710583364036,-0.8576645957616666,32.294895894513495,9.263495669884978,1.0058309528352656,0.2634826194622711,7.490454077052473,0.4051783014707165,13.80824857852102,0.5932196918051391
SEG_007,2020-06-29,0.2615588391212117,0.436669379750626,0.5219067531028672,-0.0299740898076147,GOOD,0.5932196918051391,-7.363169386917061,0.339269623701868,49.8585901544255,5.175956594226397,1.4571367567400786,0.2729461132585293,7.490454077052473,0.4051783014707165,13.80824857852102,-1.77431106568772
SEG_007,2020-07-29,0.3630198489482215,0.3767431679179234,-0.2916595483679102,0.1271847474657981,GOOD,-1.77431106568772,4.744908325565097,-0.9308766952999076,49.45497350443617,6.346403868455799,1.6257211825460658,0.3416531211615093,7.490454077052473,0.4051783014707165,13.80824857852102,-0.7083625607607162
SEG_007,2020-08-28,0.134010384503145,-0.3071886017261902,-0.1986179150818609,-0.0350022949841045,GOOD,-0.7083625607607162,-6.141026796557213,-1.1276018617438646,36.83089477461285,8.326141315402046,1.6920957290626075,0.2876261082239917,7.490454077052473,0.4051783014707165,13.80824857852102,-1.757336181838779
SEG_007,2020-09-27,0.3280732521367289,0.3970427617839751,0.4442908427486785,0.1061122635839183,GOOD,-1.757336181838779,0.0388378011493131,-1.13043759790532,7.030593781714922,4.588813360680662,0.9422685910361036,0.0802362416272431,7.490454077052473,0.4051783014707165,13.80824857852102,-2.083453423818263
SEG_007,2020-10-27,0.2768783258907284,0.4540348226549126,-0.0282487442775467,0.189153011360399,GOOD,-2.083453423818263,-0.19474949394702,-0.1144628191545222,303.1062165900268,2.9457987824317806,1.4312520186084976,0.2695003248349066,7.490454077052473,0.4051783014707165,13.80824857852102,0.4971309219327112
SEG_007,2020-11-26,0.3475591849081271,0.2035570351022559,-0.0201198464538057,-0.0530337016620894,GOOD,0.4971309219327112,-5.574435997656298,-0.270749103712302,310.9564300467672,3.068550257574433,1.734819289510548,0.551563344420883,7.490454077052473,0.4051783014707165,13.80824857852102,-0.310586156025543
SEG_007,2020-12-26,0.1079228077156123,0.0492345088183647,0.1237452691913802,0.1150070750772803,GOOD,-0.310586156025543,-6.723825660140111,-1.0050691413828443,337.7369774862433,8.985080467901867,1.8342833558880511,0.5739407539705521,7.490454077052473,0.4051783014707165,13.80824857852102,-0.5539154442377999
SEG_007,2021-01-25,-0.0609486389262799,0.0641687222734748,-0.2444177571989845,0.1190596994843725,GOOD,-0.5539154442377999,-1.4094748865820304,-1.2002952372351714,16.405881887110326,6.162732329478296,0.9558664833393452,0.1536828771328119,7.490454077052473,0.4051783014707165,13.80824857852102,-0.5185712382391773
SEG_007,2021-02-24,-0.054529177774156,0.0103753540328345,0.4278228748595133,0.0813729200719128,GOOD,-0.5185712382391773,-3.1480228643218595,-1.3845264381349505,23.118915286946184,8.45532282043514,1.8181791911139105,0.1724933705412143,7.490454077052473,0.4051783014707165,13.80824857852102,-1.890365586257064
SEG_007,2021-03-26,0.2729022414159078,0.0783112650590354,-0.259239177544954,0.0378115466248538,GOOD,-1.890365586257064,4.911854907153803,0.3691655977698929,3.4509573080156897,9.470204500679444,0.8741835969078707,0.2124059033131505,7.490454077052473,0.4051783014707165,13.80824857852102,0.9016725894842886
SEG_007,2021-04-25,0.2829138414618558,0.478333284924101,0.281292736287447,0.0681447755529311,GOOD,0.9016725894842886,-4.262805717229419,0.2392405706214169,45.33836557622863,5.005164270415901,1.8316843561857048,0.2553940376384509,7.490454077052473,0.4051783014707165,13.80824857852102,-0.4674024077598582
SEG_007,2021-05-25,0.226767049209351,-0.1522301128608497,-0.1393737338962995,0.1149033945592004,GOOD,-0.4674024077598582,0.9178721135919208,-1.054619568067467,0.1736647472453889,2.1818826185757327,1.163264588622017,0.220988013782331,7.490454077052473,0.4051783014707165,13.80824857852102,-1.2274953505171202
SEG_007,2021-06-24,0.1659668042483793,0.3233604373757843,-0.077239165346602,0.0384638939950507,GOOD,-1.2274953505171202,4.0611554170260025,-0.0499521081821632,5.642231938323866,8.475825468313555,1.3466390333476366,0.240321947746784,7.490454077052473,0.4051783014707165,13.80824857852102,-0.2950209719898795
SEG_007,2021-07-24,-0.0921771018182252,-0.2939183781497858,-0.2091929582167436,-0.0865694896982876,GOOD,-0.2950209719898795,0.5492940029739302,-1.4026473575125018,37.02705392399308,5.2181228064872505,1.2050115664694925,0.1848549015307706,7.490454077052473,0.4051783014707165,13.80824857852102,0.1081794250810489
SEG_007,2021-08-23,-0.0717779824877695,0.0038958489409345,-0.039662893781473,0.2263145027053267,GOOD,0.1081794250810489,-5.21644455446212,-0.3041646514454752,33.626595071845685,4.565320923143865,1.2981387497843275,0.1668489256598747,7.490454077052473,0.4051783014707165,13.80824857852102,0.5731204305105747
SEG_007,2021-09-22,0.0105213702230162,-0.1994990462425804,-0.245138126603914,0.2794081020106885,GOOD,0.5731204305105747,3.673664984308166,-0.24801372470334,21.360029114727176,5.964966299944168,2.2225203225398262,0.2939512697761013,7.490454077052473,0.4051783014707165,13.80824857852102,-1.206290696851465
SEG_007,2021-10-22,0.292902297990259,-0.1812655426836877,0.0746921700793001,-0.0403129568699345,GOOD,-1.206290696851465,1.316241458571879,-0.5529623591755601,342.467046613002,4.405891350361182,2.904050245723403,0.6982292517835553,7.490454077052473,0.4051783014707165,13.80824857852102,-1.7287950386391957
SEG_008,2020-01-01,0.3368102292447698,-0.3118367060672447,0.3855267757834889,0.1897220959408596,GOOD,-0.3837407756813258,-2.8090869029362784,0.2389477030490758,16.648215540941063,9.656158084213384,0.7641693773383696,0.2838994798387017,2.309575375092014,1.415461780489408,67.36719206345785,-0.2830031533751024
SEG_008,2020-01-31,-0.0413419002783327,0.4995720070178117,0.1310287887081291,-0.0029627272617033,GOOD,-0.2830031533751024,-6.932302855331595,0.3302529191871128,27.603964627390727,8.204111056510161,1.4558236390051675,0.260662434461566,2.309575375092014,1.415461780489408,67.36719206345785,0.9080294149845728
SEG_008,2020-03-01,0.0307808136926762,0.0128165400237735,0.1475495637908849,-0.0605567073738079,GOOD,0.9080294149845728,-2.957643669661624,0.1794623631273697,45.71652494487445,4.965639371450068,1.2645990780885672,0.169986474381123,2.309575375092014,1.415461780489408,67.36719206345785,-0.7693931891661018
SEG_008,2020-03-31,-0.0270386434487257,-0.2392258900902304,0.5412824252667181,0.1316571704149602,GOOD,-0.7693931891661018,-7.713828847237851,-0.8402694280442802,18.991988737057707,8.666901722295881,1.337461862880474,0.1663254489548004,2.309575375092014,1.415461780489408,67.36719206345785,-0.5966979134922434
SEG_008,2020-04-30,0.0286633788174413,0.3215919396923563,0.5698574405253092,0.1566777817594829,GOOD,-0.5966979134922434,-7.476495310726885,0.0899510287072682,8.463285543009086,7.76250824609675,1.506413126819561,0.2929553359142183,2.309575375092014,1.415461780489408,67.36719206345785,0.781350648067559
SEG_008,2020-05-30,0.2209047315911832,-0.4412679484192698,-0.2695586185517785,0.2386789532730889,GOOD,0.781350648067559,0.0232331508972922,0.0286776871440384,20.619611120779638,8.740357734602789,1.0640048302567102,0.2281758095969088,2.309575375092014,1.415461780489408,67.36719206345785,-0.1513560629160523
SEG_008,2020-06-29,0.1528664598465325,-0.1267993073131881,0.2560517122891226,0.1667018918213359,GOOD,-0.1513560629160523,-2.751937695672624,-0.5242912319938575,0.3306178496079448,6.413148487290055,0.5214330368681034,0.107346163238836,2.309575375092014,1.415461780489408,67.36719206345785,0.3910290231225032
SEG_008,2020-07-29,0.3887396741162559,-0.4828574023975728,0.4318414988225188,0.1696131808476841,GOOD,0.3910290231225032,3.6466004899814912,-1.2859671426110142,4.815694512570423,3.191179885922004,0.8977943803665526,0.1492497150316963,2.309575375092014,1.415461780489408,67.36719206345785,-0.3865148917274209
SEG_008,2020-08-28,0.0336623683383179,-0.1031035775019285,0.0357464251173139,0.0624109639495543,GOOD,-0.3865148917274209,4.85349547459591,-1.0482854947451556,34.20208127351928,8.782936816252285,1.8066893356240428,0.3020781343183626,2.309575375092014,1.415461780489408,67.36719206345785,-2.0476080670552927
SEG_008,2020-09-27,-0.0532497472864453,-0.120735977760184,0.1974312955767257,-0.0775540243484137,GOOD,-2.0476080670552927,-7.429246371684286,-0.500283213774416,21.69548259858312,8.27501048632089,1.6526192819972905,0.293125798701029,2.309575375092014,1.415461780489408,67.36719206345785,0.6149820033681157
SEG_008,2020-10-27,0.164079592820824,-0.4574482423829549,-0.1097246497039075,0.2472467562326422,GOOD,0.6149820033681157,-2.8674956853209004,-1.4068760585165134,303.71740299628254,9.404678480647386,2.0396911472389734,0.1889914411861807,2.309575375092014,1.415461780489408,67.36719206345785,0.2403125194638591
SEG_008,2020-11-26,0.3643831806273296,-0.185515306773349,0.5653222708884051,0.1348144416337953,GOOD,0.2403125194638591,0.6906709992403961,-0.703407959209756,303.8468745720673,3.299602005717647,0.926511851763374,0.1932515361411279,2.309575375092014,1.415461780489408,67.36719206345785,0.7708555700586297
SEG_008,2020-12-26,0.3482628835013599,-0.1682701603781714,0.3800483380688029,-0.044019762305921,GOOD,0.7708555700586297,0.8624535514147222,-0.4984142967245497,348.71616637179983,2.4295714555791488,1.9339455939999664,0.479060217416522,2.309575375092014,1.415461780489408,67.36719206345785,-1.9451822978120152
SEG_008,2021-01-25,0.2845028266827212,0.4548583969146658,0.0570327443780635,0.209421966452529,GOOD,-1.9451822978120152,-5.90009457056804,0.4851717569015947,24.530172805539664,4.846489581646783,2.0479513660461306,0.1408644286839259,2.309575375092014,1.415461780489408,67.36719206345785,0.0713561122263409
SEG_008,2021-02-24,0.2303359537574377,-0.4143058823632642,0.256754301233899,0.2192220695210986,GOOD,0.0713561122263409,-8.769429854902771,-1.1915580722689632,35.58385773893084,7.071207055704408,1.8813608767001555,0.1720868230304126,2.309575375092014,1.415461780489408,67.36719206345785,-1.613134078288528
SEG_008,2021-03-26,-0.0974023888149849,-0.1917325448637019,0.0239257476122068,0.0079065772957545,GOOD,-1.613134078288528,-7.189123247081842,-0.6023126459570971,27.737000030443387,5.2643534006651,0.5820132231044503,0.0878310043028535,2.309575375092014,1.415461780489408,67.36719206345785,-0.8459077479108061
SEG_008,2021-04-25,0.1990218988971364,-0.1755696694275873,0.0467141256563852,0.0167389405185283,GOOD,-0.8459077479108061,-8.729507246072162,0.3022720897128661,45.26037871566794,9.825384512111098,1.395166350308259,0.0488068663520449,2.309575375092014,1.415461780489408,67.36719206345785,-0.7340443945606396
SEG_008,2021-05-25,-0.0305799705202916,-0.1988687346249312,0.1438115479897062,-0.0746931398892182,GOOD,-0.7340443945606396,-3.683464903412135,-0.531537372132143,3.8460680697578575,4.013597902311223,1.0221779119160015,0.1859238613119778,2.309575375092014,1.415461780489408,67.36719206345785,-1.062728993869027
SEG_008,2021-06-24,-0.0022258875598697,-0.393027632419098,-0.0258078038238687,0.2795293849578261,GOOD,-1.062728993869027,-0.6971171818796602,0.1081529239147649,16.47708581396301,4.677889789975656,1.960735764220136,0.2669107171064196,2.309575375092014,1.415461780489408,67.36719206345785,-1.1548726940641367
SEG_008,2021-07-24,-0.0319377642108676,-0.1793348446249123,0.5525510298145044,-0.0196594045191713,GOOD,-1.1548726940641367,4.468619346421908,0.437450443493391,14.57240757900266,7.55966214137688,1.6262011199399962,0.2710519165657292,2.309575375092014,1.415461780489408,67.36719206345785,-0.3326909037916994
SEG_008,2021-08-23,0.0880276511620735,0.316494515432913,0.0536416167655138,-0.0544448705552007,GOOD,-0.3326909037916994,-1.1165944862442174,-0.4087418290983557,34.08563165650438,6.400793255979782,2.0264766359416733,0.1311123320515214,2.309575375092014,1.415461780489408,67.36719206345785,0.3161338028622568
SEG_008,2021-09-22,0.1192274771544542,-0.2086687920147046,0.3235517513919084,0.2275862272017834,GOOD,0.3161338028622568,-3.862876146326478,-0.5013935694220795,31.66680198268318,3.936169341366391,1.7713412733009026,0.2563860064608554,2.309575375092014,1.415461780489408,67.36719206345785,-0.8747004525215043
SEG_008,2021-10-22,-0.0630174322088557,0.490700614436968,0.1313112297953635,0.0603220389317494,GOOD,-0.8747004525215043,3.805882767174437,-0.1165822682037847,327.1822601693739,8.325767336394073,2.617447765964516,0.8103617136482302,2.309575375092014,1.415461780489408,67.36719206345785,-1.2034265346668251
SEG_009,2020-01-01,0.1553381202625223,0.0187977668493495,0.2224664659716036,0.1300941593081704,GOOD,-0.6885381825256454,-4.132987469837458,0.0446844649248641,29.42949782700736,6.003726252957876,1.1209464295607396,0.0463106698697387,9.674309388281369,2.209232165061893,1.0547772784579967,-1.5854294053059612
SEG_009,2020-01-31,0.1079877142628562,0.4617278656799704,-0.1955375958369228,0.2762704632584772,GOOD,-1.5854294053059612,-5.3216448415368784,-0.5893347295482458,10.343366310415725,5.863407990235108,1.2560635400161702,0.1043610849355753,9.674309388281369,2.209232165061893,1.0547772784579967,0.4778636975883625
SEG_009,2020-03-01,0.0594547371088502,-0.1997359168180597,0.4291673432268282,-0.0539658933204856,GOOD,0.4778636975883625,-0.280451240834294,-0.1457213342182319,8.217704642535162,9.871203764706223,1.1445747260374557,0.1463727690486133,9.674309388281369,2.209232165061893,1.0547772784579967,-1.462658245667355
SEG_009,2020-03-31,0.1799244762449315,0.4584626217339497,-0.0913300073297307,0.0620189745121011,GOOD,-1.462658245667355,-0.3928168500988285,-0.635731095141435,1.459613717119529,6.912855498975358,0.8600409381595132,0.1440623454665311,9.674309388281369,2.209232165061893,1.0547772784579967,-1.8511923236280776
SEG_009,2020-04-30,0.2523678079798672,-0.2942155206326781,0.3770929458244424,0.2234919154525043,GOOD,-1.8511923236280776,-8.473719269092864,0.2439586600197703,9.34799178160467,4.607879292790548,1.341859945451561,0.1146844039473853,9.674309388281369,2.209232165061893,1.0547772784579967,-0.3252495110500768
SEG_009,2020-05-30,0.1638575098138913,0.1391085856661505,0.237273746354694,0.1445233684556007,GOOD,-0.3252495110500768,-4.781130438448685,0.1910356053391184,30.868133966821247,8.509906034087471,1.9040371604018929,0.1975108145330395,9.674309388281369,2.209232165061893,1.0547772784579967,-1.5123148965768414
SEG_009,2020-06-29,-0.0576240156884861,-0.3660522303492893,-0.1939245126045089,0.0221520010141995,GOOD,-1.5123148965768414,0.4015481257466824,-0.4783502610256782,20.91195531056293,3.10293838827646,1.3213587505416984,0.1354682623726202,9.674309388281369,2.209232165061893,1.0547772784579967,-0.5946240856292369
SEG_009,2020-07-29,0.2467164632646776,0.1452600950799504,0.5999095973067827,0.1219650303329989,GOOD,-0.5946240856292369,-7.895551973533044,-0.8708399706783114,22.55004853733256,2.4288901010466946,1.2927594150805073,0.1035969506420378,9.674309388281369,2.209232165061893,1.0547772784579967,0.04043654021371
SEG_009,2020-08-28,0.3076079703269309,0.4638290894149398,0.1548942177576033,0.0979879391465614,GOOD,0.04043654021371,-3.765543470888321,0.1797836042024454,24.43497559698428,2.661365006291735,0.6009049443295056,0.1740568780550841,9.674309388281369,2.209232165061893,1.0547772784579967,0.1983457648334907
SEG_009,2020-09-27,0.0374264591367669,0.0376086182048194,-0.1486119203070836,0.0829285549093796,GOOD,0.1983457648334907,1.4887933241553597,-0.4005476309238973,5.660549764601158,2.9136532108717503,1.7795055056194755,0.2113909471289064,9.674309388281369,2.209232165061893,1.0547772784579967,0.7858962975773391
SEG_009,2020-10-27,0.3113054638981306,-0.4583894777297667,0.3470822170170389,0.1185413098887858,GOOD,0.7858962975773391,-8.463753416837525,0.1601414330850794,337.5672747371836,4.381671480823149,2.7326925481292035,0.3834358862504194,9.674309388281369,2.209232165061893,1.0547772784579967,-1.463450322311113
SEG_009,2020-11-26,0.3083642925582193,-0.060930096616667,0.5945619158867552,0.2102526599523094,GOOD,-1.463450322311113,2.160540752591153,-0.3241522060463788,317.5315420556995,7.686031675950396,2.146309900035336,0.3120579049959029,9.674309388281369,2.209232165061893,1.0547772784579967,-1.226362426592794
SEG_009,2020-12-26,0.0033098280933866,-0.293057279248234,-0.246577949724593,0.0403261915811323,GOOD,-1.226362426592794,-1.91847180928543,-0.8526927682906367,335.20268808775944,4.314665947719549,1.1794845312706723,0.2829913417306724,9.674309388281369,2.209232165061893,1.0547772784579967,0.6577573052632966
SEG_009,2021-01-25,0.239649657961655,-0.4047748361856572,0.5664947954944126,0.2142764193165189,GOOD,0.6577573052632966,4.887293384670116,0.2340951808675568,6.344408430690512,8.928630359929254,1.2687111838119274,0.2999570981297209,9.674309388281369,2.209232165061893,1.0547772784579967,-1.2766967240074054
SEG_009,2021-02-24,0.2807367937399284,0.176234553699946,0.1405128533240739,0.1309702117216646,GOOD,-1.2766967240074054,-3.786623659524436,-0.5960165548992713,31.68138816751489,9.041000650458589,0.9710348971433792,0.235679782849321,9.674309388281369,2.209232165061893,1.0547772784579967,-2.0204033133592243
SEG_009,2021-03-26,0.3681680570442875,-0.130928825924578,0.5552286709788443,0.0309157120643721,GOOD,-2.0204033133592243,1.6120293565653991,-0.034551946921026,36.54659687435265,5.667594053437742,1.6075060063884772,0.1161606559244828,9.674309388281369,2.209232165061893,1.0547772784579967,-1.2007225536627495
SEG_009,2021-04-25,0.1672122321937824,-0.2821700649847941,0.0866787906167125,-0.0152594134369047,GOOD,-1.2007225536627495,2.425154255732119,-0.8244896896584253,28.89668201304757,6.529136887337122,1.2533391304368275,0.0788808338801518,9.674309388281369,2.209232165061893,1.0547772784579967,-1.6955436549181253
SEG_009,2021-05-25,-0.0757953694241385,-0.4004252580837941,0.4055007856565113,0.0838327050694267,GOOD,-1.6955436549181253,2.864773998929208,-0.6174281022471468,0.0337965756052105,9.664254154431775,1.076498080033382,0.246926684557215,9.674309388281369,2.209232165061893,1.0547772784579967,-0.049427415482019
SEG_009,2021-06-24,0.2249985996703263,-0.3410225370941806,0.5394530064533318,0.0096077832381128,GOOD,-0.049427415482019,-6.244160821763368,-0.7563124647064685,45.190013441782895,3.3242006332747502,1.1472775853519552,0.0822079429502883,9.674309388281369,2.209232165061893,1.0547772784579967,-0.6395240123697152
SEG_009,2021-07-24,0.0170719207422097,0.1554852283835349,0.3333282357876397,-0.0995654785233105,GOOD,-0.6395240123697152,-8.0095031194002,-1.047618277081188,33.999136256078955,2.0742955808676813,1.8231722095419025,0.2753324248265915,9.674309388281369,2.209232165061893,1.0547772784579967,0.0934746543454858
SEG_009,2021-08-23,0.1111569668875299,-0.3678248489074391,-0.2362545251395391,0.053227970270309,GOOD,0.0934746543454858,-8.4635924432574,-0.8732970451181876,44.04944974901353,3.097034357948365,2.055452689261645,0.3087363457124971,9.674309388281369,2.209232165061893,1.0547772784579967,-0.0632539836452006
SEG_009,2021-09-22,0.3964700776231925,-0.3571469331651061,0.1774574488920128,-0.0966101032187961,GOOD,-0.0632539836452006,-3.398508688302222,-0.0551359472713552,31.404001917045125,3.210993046754248,1.170823334014002,0.1586166309649419,9.674309388281369,2.209232165061893,1.0547772784579967,-1.2778855342717128
SEG_009,2021-10-22,-0.0566559832670057,-0.3995348875223612,0.3772010818931571,0.1358295671046052,GOOD,-1.2778855342717128,4.448730658298961,-0.8709926636356613,306.9915094404617,9.215741255558765,2.34629812320128,0.798649346038666,9.674309388281369,2.209232165061893,1.0547772784579967,-0.3247878233574949
SEG_010,2020-01-01,0.1497912706363287,0.0939297681377231,0.1754578508425657,0.2910787791373342,GOOD,0.9493732322691862,4.008866025113239,-1.236034238534596,43.04070019683737,6.547043110183688,1.0932161593136716,0.1546273958170946,9.030169323391402,4.777890405601049,49.48877199432668,-1.2897167623033574
SEG_010,2020-01-31,0.3772264919704432,0.2703670492246138,-0.2849795384062294,-0.0729869722908931,GOOD,-1.2897167623033574,-9.402597070942154,-1.3790622808235886,39.46449994965457,6.052884834199416,1.7479464192490983,0.2222459431647087,9.030169323391402,4.777890405601049,49.48877199432668,-1.20913999223386
SEG_010,2020-03-01,0.2509053193117582,-0.4175721880753541,0.1829083344630138,0.1464188222666992,GOOD,-1.20913999223386,-5.351396715750371,-0.4773906034093371,10.159874697891391,8.464480647765226,1.4707580570843484,0.1446154196937342,9.030169323391402,4.777890405601049,49.48877199432668,0.1264457075592987
SEG_010,2020-03-31,0.3172632345923764,0.1810556847092104,-0.2404964247409065,0.1794703526421965,GOOD,0.1264457075592987,2.6970217271116432,-1.3841881119537391,4.3106399195744665,5.475868708848153,1.4337754623870165,0.2232535604620098,9.030169323391402,4.777890405601049,49.48877199432668,0.0735698272842453
SEG_010,2020-04-30,0.2708467545287771,0.2406581802341781,-0.1925012937829013,0.1831602428472393,GOOD,0.0735698272842453,-7.542510535968887,0.4060324035093952,26.15026813642041,8.263896812349966,1.704864302689599,0.0828790010582403,9.030169323391402,4.777890405601049,49.48877199432668,-1.9246243072297016
SEG_010,2020-05-30,0.2905619899684938,-0.2312355135907543,0.4977732837665903,0.2085721161958499,GOOD,-1.9246243072297016,2.1066176998605464,-0.9560388099572924,3.1935994561574037,7.698585985603963,1.415749755063726,0.035722903454257,9.030169323391402,4.777890405601049,49.48877199432668,-1.2801715346507083
SEG_010,2020-06-29,0.0800619477608766,-0.0003899942386167,0.2101975154146048,0.0470751111427246,GOOD,-1.2801715346507083,-8.456426274671955,-0.352175389615887,36.13891866629332,3.827235385226008,1.4453164384377413,0.0816392258812703,9.030169323391402,4.777890405601049,49.48877199432668,0.7071873819812952
SEG_010,2020-07-29,0.0222757251783517,-0.0282354104222618,0.0446815269306591,-0.0399661327035399,GOOD,0.7071873819812952,2.862277966219585,-0.394270423008271,45.69738347605645,7.925326624852615,1.4742253545052422,0.20242896207883,9.030169323391402,4.777890405601049,49.48877199432668,-0.5355028321713834
SEG_010,2020-08-28,0.2601439607140985,-0.2287420419901833,-0.2299016370297792,0.0491232666951445,GOOD,-0.5355028321713834,3.5291151388740705,-1.141311299455389,40.21690097293784,9.85131091153196,2.097621750591168,0.0803863433147594,9.030169323391402,4.777890405601049,49.48877199432668,-2.0226018971193223
SEG_010,2020-09-27,0.0411534353104512,0.344846504261328,-0.0054291704464929,0.121236558129627,GOOD,-2.0226018971193223,-6.989932698205663,-0.3723865183516262,15.195465363404148,6.981740191136836,1.3819277070375031,0.192753255463665,9.030169323391402,4.777890405601049,49.48877199432668,-1.511299714797694
SEG_010,2020-10-27,0.2863066314752621,-0.3045775761271765,0.5103989675037808,0.2041928881286786,GOOD,-1.511299714797694,-9.90433175872294,-0.6799277808679602,311.6498870929872,4.771389581915249,2.7460823620540307,0.5701282635342229,9.030169323391402,4.777890405601049,49.48877199432668,-2.1636480730170424
SEG_010,2020-11-26,-0.0992689797322111,0.1573038501759978,0.4641053890010295,0.190886015616389,GOOD,-2.1636480730170424,-2.052782664099812,-1.023664810958269,324.60144384249486,7.479160605225517,3.8974194294482096,0.9031227046547752,9.030169323391402,4.777890405601049,49.48877199432668,-0.9290373969568018
SEG_010,2020-12-26,0.3606372014860531,0.3972874719314592,0.1677832966428332,0.1803387638794718,GOOD,-0.9290373969568018,4.618321852523767,-1.330195164967021,304.77885026686926,3.068110802007656,1.9159976145575004,0.089387407552446,9.030169323391402,4.777890405601049,49.48877199432668,-1.111755326599646
SEG_010,2021-01-25,0.1174914392174926,0.4642182747327408,-0.0869054387322931,0.004396375569444,GOOD,-1.111755326599646,2.012252329992428,-0.0985487873569157,36.7676434391184,4.544461754128805,1.135062099064365,0.1057888036867692,9.030169323391402,4.777890405601049,49.48877199432668,-0.622105925317938
SEG_010,2021-02-24,0.2899684912344314,0.0847080358041288,-0.1601305038102569,-0.0342500077200927,GOOD,-0.622105925317938,-3.9023117213617935,-0.4281509018199527,48.23173611251144,3.661089804882829,1.0435466278304504,0.085435605587619,9.030169323391402,4.777890405601049,49.48877199432668,-1.8910019313095487
SEG_010,2021-03-26,-0.0211923114672419,0.1860548429505152,0.4437480191456847,0.1787511932948305,GOOD,-1.8910019313095487,2.538871264819793,-0.8444126822304161,4.56064518956743,3.9857503156900407,1.081579555798583,0.1218781040926088,9.030169323391402,4.777890405601049,49.48877199432668,-0.711114829495719
SEG_010,2021-04-25,0.0300833963606119,0.4906766204079071,-0.2720261159771164,0.0617568905788698,GOOD,-0.711114829495719,1.2211767081306384,-1.0002947435568978,23.102162443811945,8.431174027550801,0.9805629097053123,0.110740724952134,9.030169323391402,4.777890405601049,49.48877199432668,-0.1921445873779901
SEG_010,2021-05-25,0.3912836187418108,-0.369284762456022,0.4413060736695202,0.048895897526399,GOOD,-0.1921445873779901,-0.3297247643724734,-0.3353523971718737,12.941032617326291,8.501976732908915,0.8648492068657735,0.1457539803125237,9.030169323391402,4.777890405601049,49.48877199432668,-1.095599934436498
SEG_010,2021-06-24,0.1217156619179944,-0.3712084510029955,0.5145701733421375,0.2317424708869671,GOOD,-1.095599934436498,-9.35955521364354,-0.5780101559961186,8.399460436452822,6.591073598453782,2.0935265350717382,0.2233991107537089,9.030169323391402,4.777890405601049,49.48877199432668,-1.1633845664578577
SEG_010,2021-07-24,0.2416064583758414,-0.3271927881692108,-0.106755504626976,-0.0251395545155353,GOOD,-1.1633845664578577,3.251356983404392,-1.4307011125369882,30.95882744229479,3.966278233961964,0.9544506616996912,0.0871156081392796,9.030169323391402,4.777890405601049,49.48877199432668,0.598888682154497
SEG_010,2021-08-23,-0.0695104655335786,-0.2202240125610286,-0.1764875845811417,-0.0202168773333653,GOOD,0.598888682154497,-2.1127891262083045,-0.2384912223504891,40.10840413855637,8.358769954414962,2.204380889723893,0.2444933398017219,9.030169323391402,4.777890405601049,49.48877199432668,-0.8707673872758555
SEG_010,2021-09-22,0.1722589030170258,-0.0153205145594916,0.5214093149385302,0.1009573022174966,GOOD,-0.8707673872758555,-7.302761894531962,-0.8622448653412409,10.951009403654728,9.16611825291451,1.8114522659277377,0.0691761836296341,9.030169323391402,4.777890405601049,49.48877199432668,-2.1953626498004124
SEG_010,2021-10-22,0.1647161459827158,0.2668421684502728,0.5996451721302114,0.2895919446934009,GOOD,-2.1953626498004124,-0.1470336793564861,-0.966945997868634,340.8142580804368,14.338075860563524,2.5669256306398163,0.992503468445748,9.030169323391402,4.777890405601049,49.48877199432668,0.42595691407688
SEG_011,2020-01-01,-0.0058831675473718,0.4880062104046431,0.4934637239079841,0.0968906895581621,GOOD,-1.1291516726327433,-2.643453698087812,-1.3194852462981943,11.631167904161954,3.750471533532618,1.514916327568374,0.0902341218150091,7.155327631838473,4.743037801843075,56.36064867831937,0.4410626407208874
SEG_011,2020-01-31,0.0007321916760705,-0.3695104543808174,0.3452438694217344,0.2675123149228824,GOOD,0.4410626407208874,-5.1461678304274425,-1.4561742075128554,29.330458754560475,9.337793179848948,2.028708222598097,0.3161595672631304,7.155327631838473,4.743037801843075,56.36064867831937,-1.7829704361170962
SEG_011,2020-03-01,0.3802793751378789,-0.1264092199166268,0.5477308921212374,0.0582382249415417,GOOD,-1.7829704361170962,-5.473522694117964,-1.22709666228502,7.875194300842292,9.589548256210588,2.032031574136428,0.3298395347283958,7.155327631838473,4.743037801843075,56.36064867831937,0.2960573512222492
SEG_011,2020-03-31,-0.0128986645222346,0.4687428963331677,0.3242043584632887,0.2715380835941702,GOOD,0.2960573512222492,-6.651441790290363,-0.3220996884337928,8.76758149951104,4.454585834383664,1.7924197656563614,0.1293385154478773,7.155327631838473,4.743037801843075,56.36064867831937,0.8226687252690528
SEG_011,2020-04-30,0.3743940521106438,0.4486981598499029,0.0524412845498417,0.2977132522190523,GOOD,0.8226687252690528,-9.514258856093688,-0.2952226650980576,46.05191082090397,9.740253484927484,1.1228752580299175,0.2297230021738239,7.155327631838473,4.743037801843075,56.36064867831937,-1.590006529100673
SEG_011,2020-05-30,-0.0296783159257158,0.2453433281019824,-0.0858036673655427,0.2929518619761427,GOOD,-1.590006529100673,3.279803800927059,-1.3225479748597473,35.448290657261225,7.112821503239032,2.2046553902484343,0.2391960337882394,7.155327631838473,4.743037801843075,56.36064867831937,-2.022677771572217
SEG_011,2020-06-29,0.0247704315676393,-0.4322052199357662,-0.0690078526115566,-0.0567861595141482,GOOD,-2.022677771572217,-4.210943530698851,-0.0348310110024627,48.45509125528426,9.07641598069782,1.345707966435922,0.118176505444912,7.155327631838473,4.743037801843075,56.36064867831937,0.0068788158834978
SEG_011,2020-07-29,-0.0492857201814392,-0.0205107496028394,0.4776456484217191,0.1603878252453909,GOOD,0.0068788158834978,-7.560152323772674,-1.3525812208772516,42.288124201228015,4.359268904929041,1.196484949006368,0.2776962611153768,7.155327631838473,4.743037801843075,56.36064867831937,0.6869524791832544
SEG_011,2020-08-28,-0.0149473984244046,-0.1245421159200036,0.3587865767441852,0.1188185034448925,GOOD,0.6869524791832544,-8.6034297192897,-0.3119389118958102,30.682236288944694,5.861894291907825,0.5761699667849262,0.2003605159030582,7.155327631838473,4.743037801843075,56.36064867831937,-1.446546946711035
SEG_011,2020-09-27,0.3448766352020218,-0.3428962226692159,-0.2088679701239979,-0.0177798093128251,GOOD,-1.446546946711035,0.4579505571103563,-0.0559237908486487,36.498700283514495,4.1221181547998125,0.9882834880726636,0.0739092081513554,7.155327631838473,4.743037801843075,56.36064867831937,-0.7419998491821145
SEG_011,2020-10-27,0.1858849039288707,0.339854504845651,-0.1617690589349392,0.0443315684909092,GOOD,-0.7419998491821145,-5.581758265506778,-0.1759595479802647,330.0107764006884,3.5973984060875708,0.6378744251745483,0.0738747927692525,7.155327631838473,4.743037801843075,56.36064867831937,-0.6786152966610821
SEG_011,2020-11-26,-0.0590319526435038,0.3437690743469366,-0.0224819398940435,0.0589869394032491,GOOD,-0.6786152966610821,-0.0843991788099263,-1.3177262448986415,327.20630146098404,3.479049764336378,2.4118619712165232,0.307329505823275,7.155327631838473,4.743037801843075,56.36064867831937,-2.0379695264169317
SEG_011,2020-12-26,0.0316479833414421,-0.0349420438453494,-0.0963819477455998,0.0074247973091798,GOOD,-2.0379695264169317,1.283527131729306,-0.1650630817308631,304.28536559199586,4.7503310923683735,2.203724050597949,0.5507613240702817,7.155327631838473,4.743037801843075,56.36064867831937,-0.4524294082935713
SEG_011,2021-01-25,0.1768009530789544,0.3407971664302505,0.4365646933788361,0.0674528299737802,GOOD,-0.4524294082935713,3.0034102055834357,-0.5503512237561601,44.08269347088114,5.810098248651749,0.8543231515825662,0.2749116710364074,7.155327631838473,4.743037801843075,56.36064867831937,-0.210611226865127
SEG_011,2021-02-24,0.1510507351578024,0.4004550614715918,0.420405303048617,0.1710139542304121,GOOD,-0.210611226865127,-8.1957718786685,0.0143775112783868,8.643948640324723,9.874943921993063,2.243969597158779,0.2759810561247302,7.155327631838473,4.743037801843075,56.36064867831937,-0.1309399631666603
SEG_011,2021-03-26,0.1116874496577997,0.4882799363369157,0.0918539209792564,0.2989076907115102,GOOD,-0.1309399631666603,2.5116217801400627,-0.9842272800244468,45.54022428657972,9.313391495188691,0.6509923290283345,0.0978095903851165,7.155327631838473,4.743037801843075,56.36064867831937,0.3199164170476118
SEG_011,2021-04-25,0.063063402684868,-0.2237991800927506,0.1123414630103536,0.2493865013491028,GOOD,0.3199164170476118,-0.6541310711678783,-0.4548759791003816,20.979691711261435,5.31553919015183,0.8812416096829813,0.1811636257534033,7.155327631838473,4.743037801843075,56.36064867831937,-1.2175591766391505
SEG_011,2021-05-25,0.3698249924935549,0.4249281667592735,0.2064153835295902,-0.0596038228698205,GOOD,-1.2175591766391505,-1.9654977828112496,-0.8122616428450711,20.544501864961024,5.064347783016423,1.5317281435725651,0.2431328124477147,7.155327631838473,4.743037801843075,56.36064867831937,-1.887398969604386
SEG_011,2021-06-24,0.0377070710173768,-0.3561473293733262,0.2477897376770642,0.1774645012668368,GOOD,-1.887398969604386,3.3436132087138617,-0.8370118485314586,11.87896469581536,7.965998558713089,1.8962387425583327,0.1854007797095186,7.155327631838473,4.743037801843075,56.36064867831937,0.0865252451655973
SEG_011,2021-07-24,0.3086929626526388,-0.1969450465519033,-0.0476880121338225,0.0966476853437268,GOOD,0.0865252451655973,-8.52673914590888,0.2378000501983972,6.719276048422024,9.793755396826484,1.172759075434452,0.1684019285308736,7.155327631838473,4.743037801843075,56.36064867831937,0.4449663046645457
SEG_011,2021-08-23,0.1083863638526913,0.1455548114276442,-0.1308578781966497,-0.0154437991576409,GOOD,0.4449663046645457,1.1141719838001194,0.0189865904525132,43.35944852751128,8.568139139187682,1.3806725463178409,0.0749016854892022,7.155327631838473,4.743037801843075,56.36064867831937,-1.944267831368334
SEG_011,2021-09-22,0.1533976376182777,-0.3643501789829402,0.4661658068884729,0.2517330365439424,GOOD,-1.944267831368334,-7.108548297526626,0.1658598661531025,41.848833880434746,3.9959220905942345,1.3091222380076843,0.2333859087944486,7.155327631838473,4.743037801843075,56.36064867831937,-1.9806983959379183
SEG_011,2021-10-22,0.0369887492371794,0.3235062916891161,0.1546137374434474,0.1541639236303376,GOOD,-1.9806983959379183,-9.541552114270097,-0.7550664769293856,329.70217967260754,3.4206695533108933,3.214989048317767,0.6810832058605146,7.155327631838473,4.743037801843075,56.36064867831937,-1.3196718215180416
SEG_012,2020-01-01,0.2901518321303217,0.2675727284118513,-0.2919918125369588,0.2646061752209487,GOOD,-0.0598905732248801,-0.9828707425819924,-1.4830725457702574,12.619522068032571,8.44068455356389,0.9662104905766448,0.1966132658735992,6.938104837864223,1.4185095384178898,40.950719649554216,-0.6641799846373693
SEG_012,2020-01-31,0.1119034003298095,-0.1235245477289992,0.0138382793448731,0.0007994837111504,GOOD,-0.6641799846373693,0.1579423458096993,0.1486216429413271,19.85762699860601,2.8184968237488013,1.5243667007185184,0.2353095403116767,6.938104837864223,1.4185095384178898,40.950719649554216,-1.7600148032510474
SEG_012,2020-03-01,0.0871148815805357,0.1473421200645903,0.2481450941742151,0.0193903705013189,GOOD,-1.7600148032510474,-9.042444191543352,0.4767219316435342,32.02973728073279,8.891932802014644,1.2290339419240564,0.2771441871280827,6.938104837864223,1.4185095384178898,40.950719649554216,0.327052088132496
SEG_012,2020-03-31,0.0493955559594932,-0.3500707036458435,0.3889269494732607,0.259874817898198,GOOD,0.327052088132496,2.035456166792173,-0.2999333977088567,33.02651618405645,7.446046003099054,1.938874315461289,0.2738599217214376,6.938104837864223,1.4185095384178898,40.950719649554216,0.0244599681697837
SEG_012,2020-04-30,0.0297131363559944,-0.0814343139186584,0.0494474289049124,-0.0858723980694303,GOOD,0.0244599681697837,-1.4193634894473828,-1.1201696791772986,36.32749382904517,3.7789055518101513,1.700940292147638,0.3165744669917507,6.938104837864223,1.4185095384178898,40.950719649554216,0.538831702475826
SEG_012,2020-05-30,0.2359342379812044,0.0073148556068153,0.4608773198201356,0.23625547783856,GOOD,0.538831702475826,-7.282962132939988,-1.304793872374581,6.397206984802667,4.069214804481663,2.075126405915727,0.2976278845446692,6.938104837864223,1.4185095384178898,40.950719649554216,0.2143229523271645
SEG_012,2020-06-29,0.2398561846449641,-0.1643675367948812,-0.2196301601825047,0.0421133584479329,GOOD,0.2143229523271645,-5.3937209300168725,0.0761808736151985,16.565856848538825,4.084473883245629,1.0143040252805522,0.1995337147642972,6.938104837864223,1.4185095384178898,40.950719649554216,0.6212245276440955
SEG_012,2020-07-29,0.3331966848462698,0.0835746197425805,0.5498708856000691,-0.0715137050383696,GOOD,0.6212245276440955,-2.492839382609435,0.2349955093964599,19.08346099027936,4.386846030539706,0.7693075830321348,0.2461338049079776,6.938104837864223,1.4185095384178898,40.950719649554216,-0.6410222267326886
SEG_012,2020-08-28,0.0001482953975717,-0.0908081532478959,0.2124632291761084,0.2626483738024511,GOOD,-0.6410222267326886,-5.254248135269367,-0.0686630877799279,38.94705887169073,5.90064676598486,1.5014952620632924,0.0573432947803919,6.938104837864223,1.4185095384178898,40.950719649554216,0.2300013115220067
SEG_012,2020-09-27,-0.097643249288003,-0.2264721377985004,0.3850739530934992,-0.0325576973668369,GOOD,0.2300013115220067,-2.6563436405497534,0.0271383342109985,4.40206718795223,6.915837909800494,1.7040308987149595,0.1821985311440174,6.938104837864223,1.4185095384178898,40.950719649554216,-2.4404325638911204
SEG_012,2020-10-27,0.0916582100267303,-0.462274681525062,-0.1205271738946947,0.0492405621709484,GOOD,-2.4404325638911204,-5.1668029922789644,0.166457333133128,309.5288354970202,12.41398513341688,3.3706860732675,0.8220268966792029,6.938104837864223,1.4185095384178898,40.950719649554216,-1.8457018117802704
SEG_012,2020-11-26,0.0721748870316604,-0.3710691995716972,0.0451954286769242,0.1354682752672287,GOOD,-1.8457018117802704,2.357657445116155,-0.9035954930117224,314.54138959047435,7.8226552915745025,2.781604372264048,0.6223868279779043,6.938104837864223,1.4185095384178898,40.950719649554216,-1.8787089202459129
SEG_012,2020-12-26,0.3977362049139642,-0.15726716074244,0.511245398530072,0.0437003545466529,GOOD,-1.8787089202459129,4.22126530560414,0.3364108176828668,320.1695822250563,8.827346278686605,3.3667013298785653,0.7366203903530699,6.938104837864223,1.4185095384178898,40.950719649554216,-1.9613173788533664
SEG_012,2021-01-25,0.1948464173996208,-0.3310152581098529,0.0299323062598636,0.1602161520484899,GOOD,-1.9613173788533664,3.148162063992144,-0.9884216521494142,26.736671709692025,2.388695692653898,2.2856509982102056,0.2498462422574223,6.938104837864223,1.4185095384178898,40.950719649554216,-0.4235096076532987
SEG_012,2021-02-24,-0.0901291167429274,0.1897497483774261,0.0750980086615894,0.0521015051710458,GOOD,-0.4235096076532987,-2.884054925083942,-1.1937458037511273,34.759601461045456,7.042490721303495,1.2131017294954896,0.2369037341622648,6.938104837864223,1.4185095384178898,40.950719649554216,-1.7515055858885988
SEG_012,2021-03-26,0.0349885747685945,0.1056343369240041,-0.1765528293181719,0.2322610881883559,GOOD,-1.7515055858885988,0.7814933677425184,-1.2645308631255214,5.700627634212396,2.85010966645116,1.062963178914982,0.1459471517714952,6.938104837864223,1.4185095384178898,40.950719649554216,-1.908082268675667
SEG_012,2021-04-25,0.1615730537962903,-0.2983268100178106,0.3330930752216324,0.0181404804002451,GOOD,-1.908082268675667,-2.55467929947861,-1.08461203145677,46.65621723259388,4.644828929573611,0.6093045648315818,0.1764056529912381,6.938104837864223,1.4185095384178898,40.950719649554216,-0.5555719635330026
SEG_012,2021-05-25,0.3176160826316205,0.16902193050164,-0.1657699565999105,-0.0639669305696302,GOOD,-0.5555719635330026,0.8534542534771834,-1.2974190428140853,12.794605137533244,3.8492822919339673,2.345750913844323,0.2043052428252544,6.938104837864223,1.4185095384178898,40.950719649554216,0.3583605723477273
SEG_012,2021-06-24,-0.0500955424711912,-0.3252981910546091,-0.2644999320281758,0.0162268708950717,GOOD,0.3583605723477273,-5.309393395558536,-0.0229196084156475,4.749923516529014,8.065632038729905,0.7545445735345822,0.2446841221726813,6.938104837864223,1.4185095384178898,40.950719649554216,0.5690911094433366
SEG_012,2021-07-24,-0.0147438618218123,-0.1424725957622556,0.0939430651037412,0.1487228133330028,GOOD,0.5690911094433366,-8.605730268438666,0.1299285790729927,9.143471015182136,5.206220114246023,2.2088069062209685,0.160503422548573,6.938104837864223,1.4185095384178898,40.950719649554216,-1.699401879842993
SEG_012,2021-08-23,0.3253357890182919,0.2998990969489501,0.2839618354850373,0.2187638228141627,GOOD,-1.699401879842993,0.4425481028569233,-1.3827072086696452,47.123349399995,3.2751631798573198,1.2783277708500704,0.179864538959558,6.938104837864223,1.4185095384178898,40.950719649554216,-1.993777789690845
SEG_012,2021-09-22,0.2391965681246027,-0.3187394394626979,0.0417757012042988,0.0434395659308386,GOOD,-1.993777789690845,0.2669620007220921,0.1770729530942234,48.67222901126846,3.045242636387327,2.2015028920751925,0.1509498613219688,6.938104837864223,1.4185095384178898,40.950719649554216,-0.171855368807094
SEG_012,2021-10-22,-0.077013837310165,-0.2383871327715101,-0.0171858496135162,0.1818272705922492,GOOD,-0.171855368807094,1.5129307743486553,-0.346701983753241,328.2506112843696,9.823164460406389,2.3273350647918214,0.3966875393418241,6.938104837864223,1.4185095384178898,40.950719649554216,-1.224303125239826
SEG_013,2020-01-01,0.334707817306384,-0.4251347575230152,0.142483165029961,-0.0036432733211075,GOOD,0.8252480312055939,-9.24473928210184,-1.054586953662402,32.16586574116259,5.226215947693783,1.1932484605653573,0.2281183031810176,6.612287807289722,0.868944129178532,84.88455747760007,-0.5880060845731692
SEG_013,2020-01-31,0.1240492928326869,0.3565892241780172,0.1023613079224182,-0.0525172591785468,GOOD,-0.5880060845731692,-0.1994049529244232,-1.2947133570396951,20.616927383777472,6.457048091238665,0.8207590883081936,0.146380915418582,6.612287807289722,0.868944129178532,84.88455747760007,-0.0459972152687116
SEG_013,2020-03-01,0.2095330768731911,-0.1954020418963514,0.1575039662875183,-0.0172595004600406,GOOD,-0.0459972152687116,4.2553269499004855,-0.773315044860378,2.713760665278392,3.7833449151705167,1.4233712843300956,0.2087026931911012,6.612287807289722,0.868944129178532,84.88455747760007,0.2159840562696426
SEG_013,2020-03-31,0.1365668405467944,0.1571672064311395,0.3443221502548396,-0.0543906566577046,GOOD,0.2159840562696426,-6.673793382697149,-0.8172857708463226,41.49419428172006,9.71546946763472,1.185878533583256,0.2035582924691606,6.612287807289722,0.868944129178532,84.88455747760007,0.0944676810279493
SEG_013,2020-04-30,-0.0771109450724828,-0.3358446322946091,-0.173595731409976,0.186742445059153,GOOD,0.0944676810279493,-8.395577417207216,-0.2782964677226325,9.377170026580169,9.441730073225164,1.370183156176754,0.2037445701801954,6.612287807289722,0.868944129178532,84.88455747760007,0.4342566720945192
SEG_013,2020-05-30,0.2583939572346715,-0.392234252712508,0.0730233106154972,0.2706506122149242,GOOD,0.4342566720945192,-1.16783338153148,0.0442903472744575,22.525229847948204,7.267653560001621,2.2468536438981284,0.1519544674699273,6.612287807289722,0.868944129178532,84.88455747760007,-0.6010869736024824
SEG_013,2020-06-29,0.1651821737595421,-0.4514283943680948,0.5417774527484873,0.2355264442715666,GOOD,-0.6010869736024824,-2.3750065139217504,0.3423246280876022,8.86012192510728,6.628435085633413,1.7952734494552112,0.1054889391467333,6.612287807289722,0.868944129178532,84.88455747760007,0.8997617226930625
SEG_013,2020-07-29,0.2002730109027056,0.382695863558678,0.1536991074178479,0.0538650554974816,GOOD,0.8997617226930625,3.738653625456488,0.0247493125235853,13.67979399780556,9.70874830143802,2.1106997065564173,0.1525540338915799,6.612287807289722,0.868944129178532,84.88455747760007,0.0911457481205455
SEG_013,2020-08-28,0.1063727364038096,0.2000142848971251,0.3735841792901244,0.0195652539821697,GOOD,0.0911457481205455,2.9106131919373706,-0.0762512872097098,46.775603873126784,7.060666276058111,0.8546823558944541,0.1461730108036526,6.612287807289722,0.868944129178532,84.88455747760007,0.8459214088676643
SEG_013,2020-09-27,0.0726467904492905,0.172373713051317,0.5832019466113805,0.1600345551227911,GOOD,0.8459214088676643,-2.4415984143512546,-0.1113760525453473,16.11906987069276,2.9232420182690038,1.1445885018860165,0.1425667037548054,6.612287807289722,0.868944129178532,84.88455747760007,-1.4275351564504588
SEG_013,2020-10-27,0.2335786190261082,-0.0825220668744781,0.3730818510389281,0.2365557209667646,GOOD,-1.4275351564504588,2.709516371308233,0.1166095586533919,326.1364993104601,2.2021771300357766,1.859266455955392,0.5905613911558678,6.612287807289722,0.868944129178532,84.88455747760007,0.4181942347631553
SEG_013,2020-11-26,0.2750925093350268,-0.33906460565677,-0.042046006656801,0.0002244029832731,GOOD,0.4181942347631553,0.358922755460151,-0.909718868076788,337.6796974022582,2.258451065938617,2.120844160861137,0.1804179350793687,6.612287807289722,0.868944129178532,84.88455747760007,-1.7212312691285918
SEG_013,2020-12-26,0.269746240086425,0.3648414852046026,0.3681714622855743,0.1245082211163242,GOOD,-1.7212312691285918,1.7646075930632996,0.0976435049791408,314.381932725361,12.315948548732988,3.6257979640619897,0.7719392286519264,6.612287807289722,0.868944129178532,84.88455747760007,-1.3416468118842657
SEG_013,2021-01-25,0.3879113610280631,-0.1873460191053658,0.1969121377797571,-0.0948139049301446,GOOD,-1.3416468118842657,-0.6915745658222647,0.0618497857517708,43.50590461606675,8.639867855641157,2.249910353615338,0.2939981289804498,6.612287807289722,0.868944129178532,84.88455747760007,0.828106230823092
SEG_013,2021-02-24,0.2775538526042749,0.0466151367012412,0.2430482795597773,0.2104586980489328,GOOD,0.828106230823092,-5.587334172932627,-1.1451482030234736,34.13294258507676,3.4958126522585893,1.019745652002958,0.2063905522429149,6.612287807289722,0.868944129178532,84.88455747760007,-1.2726713783079986
SEG_013,2021-03-26,0.1142539072003671,0.0565986205953329,-0.1829401228961649,0.1335944230735724,GOOD,-1.2726713783079986,-5.041558168865964,-0.0806214073673718,7.740284889914312,3.229627068557038,1.1348243356613383,0.0705228045674686,6.612287807289722,0.868944129178532,84.88455747760007,-1.018981422065901
SEG_013,2021-04-25,0.207804338049665,0.161890210964939,0.1414958470383089,0.129070796221972,GOOD,-1.018981422065901,1.7604717285575209,-0.864281989255621,10.998100771377873,3.470952780282872,0.9752174498851152,0.2502091685826537,6.612287807289722,0.868944129178532,84.88455747760007,-1.0459425796650978
SEG_013,2021-05-25,0.1685179762669543,-0.4080544460609335,-0.1009217270086925,-0.0146584759255216,GOOD,-1.0459425796650978,-4.5880326300590095,-1.0631094284309706,37.63278447772584,6.243991164854597,2.1613191214146767,0.2312866791883079,6.612287807289722,0.868944129178532,84.88455747760007,-0.2570100285791466
SEG_013,2021-06-24,-0.0955981518524813,0.1689384679943866,0.1011005216562231,0.2617985833950769,GOOD,-0.2570100285791466,-0.6830245356454903,0.417793632147867,34.1275680384264,4.567496084056652,2.266351924494132,0.3459788457048149,6.612287807289722,0.868944129178532,84.88455747760007,-0.9137134669924668
SEG_013,2021-07-24,0.1701186564712807,-0.2171710057206025,0.5202023339657562,0.2288436256959865,GOOD,-0.9137134669924668,2.0422510626244077,-0.608886204856564,2.192583045525087,9.186252871246824,0.9431189558141332,0.1645190895909337,6.612287807289722,0.868944129178532,84.88455747760007,-1.898405715653682
SEG_013,2021-08-23,-0.0163025953932525,0.456276206473399,0.1841773478678259,-0.0970677655132619,GOOD,-1.898405715653682,0.0550268921458503,0.0471645327385532,43.24754278563156,5.393675615529125,1.0351749416198723,0.2592647339485791,6.612287807289722,0.868944129178532,84.88455747760007,0.1703981903960325
SEG_013,2021-09-22,0.3881119606695139,0.2752067404630612,0.2819050433865107,0.2759004446033254,GOOD,0.1703981903960325,-7.693681341735317,-0.5815495294799167,16.58576877336439,2.7001671834735888,0.8624992528441779,0.2712818159979847,6.612287807289722,0.868944129178532,84.88455747760007,-0.3883903087815419
SEG_013,2021-10-22,0.1874811471313957,-0.2723543650583433,-0.0672168369079419,0.0552130414579083,GOOD,-0.3883903087815419,-3.5046244804109365,-1.4662180633917177,333.66493661638566,6.278674960488017,2.578302530358081,0.5701372360363691,6.612287807289722,0.868944129178532,84.88455747760007,-2.0595736727376712
SEG_014,2020-01-01,0.0954962827144951,0.2974846128334658,0.1911520217767403,0.2840537060321738,GOOD,-1.5814115336575052,0.1593356825759375,0.3283378327692356,39.75085611162296,7.834596612926758,1.1142483564823047,0.21171405435883,6.776870066618785,2.4225396191029622,53.34677638103494,-0.4438962731130449
SEG_014,2020-01-31,0.1775348728201309,-0.376764841066501,-0.2954731448333954,0.1386619549813321,GOOD,-0.4438962731130449,4.204690838433077,-0.8906176953009832,37.41482933663967,9.228371007796367,1.237187149878682,0.1710947692475342,6.776870066618785,2.4225396191029622,53.34677638103494,-1.4816145043170323
SEG_014,2020-03-01,0.1562763472737935,-0.339045642435605,-0.1012908275783328,0.2338993467472248,GOOD,-1.4816145043170323,-7.279630228395248,0.0993201072110627,42.61255638837378,8.811101779403794,2.1569273995287577,0.3022116506547007,6.776870066618785,2.4225396191029622,53.34677638103494,0.1306412516334616
SEG_014,2020-03-31,0.1748323048395833,-0.2093473324799146,-0.2393735183356787,-0.0607190394478512,GOOD,0.1306412516334616,-2.692143847993772,-0.8382981366345532,6.410757329797578,7.243783845575622,0.834573667388972,0.1977055880212016,6.776870066618785,2.4225396191029622,53.34677638103494,-0.3375020605487004
SEG_014,2020-04-30,0.0588929686168626,-0.0493540217850649,0.2547081872335078,0.0222701957626882,GOOD,-0.3375020605487004,-1.5167198814233522,-0.7710131286427415,15.816657974816456,5.426459143676729,0.8672952603341758,0.1932540022439643,6.776870066618785,2.4225396191029622,53.34677638103494,0.1767658168335922
SEG_014,2020-05-30,0.2699081079693084,-0.0638759339103115,0.4560990529025896,-0.0462776670468444,GOOD,0.1767658168335922,3.168287442619423,-0.5743032478487795,17.937080105679836,4.443774371562682,1.4161180209229038,0.0705981448520882,6.776870066618785,2.4225396191029622,53.34677638103494,-1.270958814826336
SEG_014,2020-06-29,0.3208964976691303,0.3587136553707992,-0.1739984981554201,0.1154472148312089,GOOD,-1.270958814826336,3.2950374811834333,-1.3470752428855692,3.769997839668832,2.149042358969883,1.5034185333567054,0.1032992727729996,6.776870066618785,2.4225396191029622,53.34677638103494,-0.4277810772950373
SEG_014,2020-07-29,0.102567233775557,0.090036311840718,0.5156732196583649,0.1206375994104633,GOOD,-0.4277810772950373,4.980922625177776,-0.5557920984341482,38.75986194187141,4.926549040824076,1.0677161676341045,0.2475314471911212,6.776870066618785,2.4225396191029622,53.34677638103494,-0.5668208737219975
SEG_014,2020-08-28,0.0454995801071869,-0.0352988578295472,0.1593707940094069,0.058714063059883,GOOD,-0.5668208737219975,-0.0598226593195505,0.1959636802077331,40.32700284639492,6.912287812481025,1.0420560589333978,0.2201436284573406,6.776870066618785,2.4225396191029622,53.34677638103494,0.1631373821205731
SEG_014,2020-09-27,-0.0104274080456896,0.4487118316129783,0.293471976257679,0.2870942239350053,GOOD,0.1631373821205731,-2.747448764088536,-0.7824089223083881,10.940955862951418,5.901137186989183,0.7727799196558045,0.1452823081037351,6.776870066618785,2.4225396191029622,53.34677638103494,-0.6574738710346584
SEG_014,2020-10-27,0.0033870373587504,0.4077260925729606,0.0251262281036658,0.0878696916040835,GOOD,-0.6574738710346584,-9.303438137482328,0.4611795641262046,316.20355550319886,7.629890022780978,1.3676762378776195,0.2001761838016476,6.776870066618785,2.4225396191029622,53.34677638103494,-1.3215457991355537
SEG_014,2020-11-26,0.0316580346920767,0.0443500620883714,-0.1435351651981949,0.1614701252535537,GOOD,-1.3215457991355537,-0.1999518016472521,0.170938135353289,325.8331448776969,10.01063024834836,3.5306081721050164,0.7711721694074289,6.776870066618785,2.4225396191029622,53.34677638103494,-0.6709380504676375
SEG_014,2020-12-26,0.3338597109356236,-0.0131384373258244,0.1338990807418133,0.1416843921142747,GOOD,-0.6709380504676375,-7.915475393843051,-1.1687883551420155,303.8544112870624,7.147816019106478,1.5230716717230834,0.319699541369534,6.776870066618785,2.4225396191029622,53.34677638103494,0.1245446822033378
SEG_014,2021-01-25,0.2586513542270476,-0.3816697771764573,-0.0926883006606079,0.224469051749184,GOOD,0.1245446822033378,-2.777250259157708,-0.5423707145598358,10.535197552588173,3.289970078901006,1.8949366722789176,0.0624448787052728,6.776870066618785,2.4225396191029622,53.34677638103494,-0.2875065354421229
SEG_014,2021-02-24,0.1867432556761341,-0.338870859632462,0.2665863823993394,-0.0843236539042065,GOOD,-0.2875065354421229,-9.161319937593335,-0.983480707966583,9.001876978814854,9.66590669187643,1.4162940167264608,0.1196240334807795,6.776870066618785,2.4225396191029622,53.34677638103494,-0.6542519187053536
SEG_014,2021-03-26,0.2597736497520443,0.1617450626291581,-0.0448908362349236,-0.0657005989057021,GOOD,-0.6542519187053536,4.891637355619682,0.2346047979841887,8.528339199484813,8.642908597634246,1.4087060858716949,0.1619024197540481,6.776870066618785,2.4225396191029622,53.34677638103494,-1.0540314943320543
SEG_014,2021-04-25,-0.0090579240649501,0.159648750057853,-0.0619313713092392,0.1896747192311023,GOOD,-1.0540314943320543,-3.197947822898623,-0.3188080181353854,11.490689358938988,5.0836950619347805,0.9910364429044722,0.1717422186385146,6.776870066618785,2.4225396191029622,53.34677638103494,-0.6583516127326288
SEG_014,2021-05-25,0.1521797630353563,-0.0802049873283938,-0.1653949257361895,-0.0614805693107182,GOOD,-0.6583516127326288,-0.7787774577944955,-1.4219268727637435,39.19341174193842,6.026633665107676,1.020111286666398,0.233982857744193,6.776870066618785,2.4225396191029622,53.34677638103494,-0.0653376787581147
SEG_014,2021-06-24,0.2017373254123552,0.3275217786520734,0.5072720575627785,0.2099481692271213,GOOD,-0.0653376787581147,-2.169336555076687,-0.7592450995024398,2.171914166824074,6.238532151517645,0.8963609208794411,0.181312653725909,6.776870066618785,2.4225396191029622,53.34677638103494,0.0111672509573047
SEG_014,2021-07-24,0.0906182480995275,0.0890480861412065,0.3672546380540205,0.2046156908189967,GOOD,0.0111672509573047,-8.534246374798261,-1.2322337887507973,23.857061850227,3.860103124981245,2.104402105012499,0.1829822272259439,6.776870066618785,2.4225396191029622,53.34677638103494,-0.3537151939179839
SEG_014,2021-08-23,0.1043233523436076,-0.3109789862821293,0.338233953485497,0.2157689929220499,GOOD,-0.3537151939179839,-8.232570940282734,-1.485611895098837,32.72730604015987,7.502133894222209,1.3245590972211958,0.2127365680658341,6.776870066618785,2.4225396191029622,53.34677638103494,-0.918545574746766
SEG_014,2021-09-22,0.2257879673889658,-0.246367273768016,0.4694792336411356,0.0694246189733452,GOOD,-0.918545574746766,-5.866591856800168,-0.1387885898731031,37.74859503049167,5.305825266367491,1.7375940576700315,0.1212581242912663,6.776870066618785,2.4225396191029622,53.34677638103494,-0.0686226605263179
SEG_014,2021-10-22,0.1774556781491642,-0.2462223545573036,-0.024012221992865,0.0377425216859414,GOOD,-0.0686226605263179,1.0367364590691608,0.2099978456471938,332.9641424563101,7.982513560639101,1.910318253881123,0.4360326635623283,6.776870066618785,2.4225396191029622,53.34677638103494,0.0102746673193125
SEG_015,2020-01-01,-0.0599801316520986,-0.462244661714921,0.0458934093834197,0.2937792402525093,GOOD,-0.1802802523118096,-2.184916851691616,-0.0767883365820376,29.87362819070481,9.565726862764862,1.8190511994901355,0.1635415020451493,9.295686984079566,2.233349429308544,6.4080456369310586,-1.9430691506653484
SEG_015,2020-01-31,0.0008536214030072,0.1568842227068428,0.4235189182038452,0.0144026046834781,GOOD,-1.9430691506653484,-1.007276306612658,-0.4683727368943433,11.58354864090308,3.3558631345048173,0.7296805191330176,0.1180868528240731,9.295686984079566,2.233349429308544,6.4080456369310586,-0.8145993760318436
SEG_015,2020-03-01,-0.0212776195748045,0.4968171438272063,0.4017055910787754,0.0412510653426111,GOOD,-0.8145993760318436,-1.2087975218545228,-0.4645145980214102,36.84627700731975,2.548937375496472,0.6353636951345751,0.0569447209040156,9.295686984079566,2.233349429308544,6.4080456369310586,-0.2638862562681734
SEG_015,2020-03-31,0.357504486974077,-0.1519047517517575,0.5669588985589398,0.0106031394788488,GOOD,-0.2638862562681734,-7.082122103710584,0.3594276816242405,28.74533608729073,4.088860045375513,1.4426078601405223,0.1540553596704033,9.295686984079566,2.233349429308544,6.4080456369310586,0.6211005416765306
SEG_015,2020-04-30,0.04712591223406,0.4470154651776625,0.4226480183151216,0.2826837398341101,GOOD,0.6211005416765306,2.197210244095613,-0.3502122424521821,34.709593073565,9.728443645064846,1.3737072939180768,0.1655751938310393,9.295686984079566,2.233349429308544,6.4080456369310586,-1.9936952359084457
SEG_015,2020-05-30,0.3806193626508072,-0.041151570665876,0.1146483973180609,0.1347306068599918,GOOD,-1.9936952359084457,-8.255975478386162,-1.3648914786774928,31.683089877909428,9.953584266923803,1.8183587781163189,0.1671817533252984,9.295686984079566,2.233349429308544,6.4080456369310586,-1.2868002413166602
SEG_015,2020-06-29,0.37772284356168,0.0165042172048383,-0.2912491274570175,0.2328708179692914,GOOD,-1.2868002413166602,-8.604858547568623,-0.1526041664363724,41.05373447462651,2.6082305642695127,2.023386637365065,0.1458280018624865,9.295686984079566,2.233349429308544,6.4080456369310586,0.6944285843420465
SEG_015,2020-07-29,0.3471581264351033,-0.2309242175312009,0.5524062981571303,0.1732429234095074,GOOD,0.6944285843420465,-2.515009894544754,-1.1006669218113816,36.771453262141534,8.981939987266383,0.9515831189694832,0.097119379952242,9.295686984079566,2.233349429308544,6.4080456369310586,0.0024668312348838
SEG_015,2020-08-28,0.2092984495909041,-0.3440044315238411,-0.2039796389051479,0.2680752518131958,GOOD,0.0024668312348838,-0.0486388251932492,-0.272346049448495,38.21221063177635,6.331791636824196,0.6632728636752796,0.1364096856717233,9.295686984079566,2.233349429308544,6.4080456369310586,-0.5896506926635365
SEG_015,2020-09-27,0.146170188852106,0.4853613293244484,0.5072997958739656,0.2475075342498214,GOOD,-0.5896506926635365,4.765920240163318,0.3320136593451146,14.013331159159351,3.776742264638506,1.6132647694538211,0.1101364302308395,9.295686984079566,2.233349429308544,6.4080456369310586,-0.340619019298822
SEG_015,2020-10-27,0.1391600383060217,0.040767945591827,0.1522276909095052,0.0574867691409591,GOOD,-0.340619019298822,-7.377994568214264,0.4530143904740835,334.91222840480697,5.68056472037144,3.132355659149435,0.6417799299460747,9.295686984079566,2.233349429308544,6.4080456369310586,-0.459685991713158
SEG_015,2020-11-26,0.1905041094897233,-0.1745638000845736,0.2515002867255941,0.0038803076361192,GOOD,-0.459685991713158,-6.442912712386821,-0.5573092705230891,330.6542021569224,4.927393208975414,1.6696597963181907,0.2107084049832894,9.295686984079566,2.233349429308544,6.4080456369310586,-1.9569388139119783
SEG_015,2020-12-26,0.086154813934408,0.3543260872408196,-0.0483334213073843,-0.0280443085092016,GOOD,-1.9569388139119783,-1.361609061880568,-1.0428665010006628,304.99348704547265,4.159592855220293,2.255133012960863,0.6470138517992077,9.295686984079566,2.233349429308544,6.4080456369310586,-1.508266508244308
SEG_015,2021-01-25,-0.0270781323312318,0.4591479207466692,-0.1654067484610653,0.222267344623036,GOOD,-1.508266508244308,-2.50603260832224,0.4911235405992031,42.469495769833024,6.136055799364005,1.7331938471795332,0.2180079284958105,9.295686984079566,2.233349429308544,6.4080456369310586,-1.8498942850432951
SEG_015,2021-02-24,0.1810692260358556,0.0678345192053117,0.0585617116769948,0.1762172703842577,GOOD,-1.8498942850432951,2.2072710381026948,-0.5469211512957259,31.49311061810772,5.598838552510334,1.1219984806332235,0.1201978733555761,9.295686984079566,2.233349429308544,6.4080456369310586,0.546070748440984
SEG_015,2021-03-26,0.365922287888884,-0.2422851745475808,-0.282148199747616,-0.0515050043133185,GOOD,0.546070748440984,4.446748413768711,-1.1020837787262536,28.794722873667432,7.1930476151966,0.9859482675198934,0.2457178251901297,9.295686984079566,2.233349429308544,6.4080456369310586,-0.8922979086005519
SEG_015,2021-04-25,0.236596420073675,-0.0125062556956383,0.3628735482859395,0.2558529796552882,GOOD,-0.8922979086005519,-5.702146351663163,-0.2365756190330621,7.242416913903371,3.3406042838442707,1.8536193312919595,0.1242951081423293,9.295686984079566,2.233349429308544,6.4080456369310586,-1.3784735226689635
SEG_015,2021-05-25,0.1858187869368967,0.3489007719388086,-0.2357903296410983,-0.0352002044212058,GOOD,-1.3784735226689635,-5.246826374566582,-0.9172872944111604,13.373619543531897,7.157154345241506,1.1593815153573583,0.1899834228617282,9.295686984079566,2.233349429308544,6.4080456369310586,-1.5346220510545483
SEG_015,2021-06-24,0.0815824201252143,0.0869197735260105,0.5689734295402451,0.0655956243494692,GOOD,-1.5346220510545483,-9.653483615252386,-0.0444551671351911,33.101127390431984,9.523498698703964,1.8961679860958276,0.1540619849586298,9.295686984079566,2.233349429308544,6.4080456369310586,-1.9375963064052424
SEG_015,2021-07-24,-0.0484953429715569,-0.4362076004088397,0.4908218788047672,0.1193734975273175,GOOD,-1.9375963064052424,-4.044812188597458,0.0299927442671914,4.162560069534332,4.099618114119897,0.7996757290161038,0.1576722095150143,9.295686984079566,2.233349429308544,6.4080456369310586,-1.6947157998290483
SEG_015,2021-08-23,0.0546853267749992,-0.2526034806848077,-0.0442422479477199,0.1505922738504758,GOOD,-1.6947157998290483,2.5777666833931185,-1.4428574139601742,33.17745676519023,8.88295053930714,1.3419905018232778,0.2369063588664985,9.295686984079566,2.233349429308544,6.4080456369310586,-0.0046295238228673
SEG_015,2021-09-22,0.1702920806961415,-0.2275855723876858,0.1003604391336694,0.2878169058218185,GOOD,-0.0046295238228673,-7.344450400304319,-0.3048316023268786,31.552376132052984,7.0868090914066855,1.735969348257969,0.2606890081413167,9.295686984079566,2.233349429308544,6.4080456369310586,-0.9941832076258028
SEG_015,2021-10-22,0.0548306640569982,-0.152831699835869,0.1857013099224536,0.2218831064985812,GOOD,-0.9941832076258028,-4.513250170774333,-0.9803859121245512,315.17864577865447,2.0007387711594244,3.0021261811629563,0.6812118966451839,9.295686984079566,2.233349429308544,6.4080456369310586,-0.7407412472706256
SEG_016,2020-01-01,0.2685589270516887,-0.110276730146804,0.0405222542474655,0.0051921101784996,GOOD,-0.7496088012719508,-6.406572775921592,0.0290765881532291,45.49772017196425,8.460599523420605,1.5922682336998943,0.0830584901875367,4.411490756128279,2.846716357334116,39.47520796201833,-1.2055067913392588
SEG_016,2020-01-31,0.3044043245495186,-0.0870961234867526,0.4681338210524435,-0.0270371283989428,GOOD,-1.2055067913392588,-0.4466093567747986,-0.2645411721949693,13.606706522581202,6.982030242204428,1.0788549206684774,0.1227473821903835,4.411490756128279,2.846716357334116,39.47520796201833,0.1406246194115154
SEG_016,2020-03-01,0.1674853765298831,-0.3140624018584743,-0.2079538602091142,0.0076780531556582,GOOD,0.1406246194115154,0.9066060567130254,-1.0343790040880891,7.534184684874429,5.9486364255659625,1.0327221096921788,0.0702564685963068,4.411490756128279,2.846716357334116,39.47520796201833,0.4506926626106285
SEG_016,2020-03-31,0.3989817230827998,-0.0363155327965707,0.4122822428387656,0.0320994588143321,GOOD,0.4506926626106285,4.274660625989119,-1.3879233111962144,38.78264553562617,2.5710775579924547,1.5250051056725078,0.1663524348950618,4.411490756128279,2.846716357334116,39.47520796201833,-1.3372668472723237
SEG_016,2020-04-30,0.3086253619997852,0.3282520473943314,-0.1902345994328063,0.2072582683404759,GOOD,-1.3372668472723237,1.5683799954100175,-0.6140781157141599,36.88095062767543,2.2680823325622006,1.5278676681445238,0.2888454796284793,4.411490756128279,2.846716357334116,39.47520796201833,-1.0829243465570098
SEG_016,2020-05-30,0.391057925702807,-0.0271744550084848,0.3132980880520679,0.0248437462336279,GOOD,-1.0829243465570098,-0.5625361880395108,-1.415628168810538,46.87104618161169,6.167410023340077,1.0884247585255469,0.2110862616175702,4.411490756128279,2.846716357334116,39.47520796201833,-0.1211454654750059
SEG_016,2020-06-29,0.3437597880217712,0.3636576657496003,-0.1039905758504074,-0.0548286162735049,GOOD,-0.1211454654750059,-5.132297685548548,-1.165279287183428,13.805002191922387,2.9571967360859093,1.7632051230132928,0.0335817522662524,4.411490756128279,2.846716357334116,39.47520796201833,-1.7357596286530863
SEG_016,2020-07-29,0.2917376201255299,-0.0247293212383499,0.2365910555384512,0.0485594653212934,GOOD,-1.7357596286530863,-7.634523157039373,-1.317196895391574,30.932242921897057,9.446790276149017,2.012257002083741,0.1317454050852566,4.411490756128279,2.846716357334116,39.47520796201833,-1.3079536205927518
SEG_016,2020-08-28,0.2222874483239592,0.2013281400230029,0.4123196199286914,-0.0496690169339094,GOOD,-1.3079536205927518,4.725135664457504,0.077123651573747,37.834876160069456,8.444203012692686,1.181988399788665,0.0481570808675392,4.411490756128279,2.846716357334116,39.47520796201833,-0.7564249855332267
SEG_016,2020-09-27,0.0790837486252157,-0.3652678262390477,0.5087967398430382,0.0941208532650052,GOOD,-0.7564249855332267,-5.579281053386546,-0.1059244500086904,9.488791810982573,3.4930138315928305,1.2971970106410151,0.2567604788699893,4.411490756128279,2.846716357334116,39.47520796201833,-1.6725857972031708
SEG_016,2020-10-27,0.31567479669556,0.414474001978046,0.1990682791494508,-0.0724493666555362,GOOD,-1.6725857972031708,-5.5649100818389785,-0.973301462209136,318.355635350227,2.005758629793996,2.0076880193819124,0.296068284219958,4.411490756128279,2.846716357334116,39.47520796201833,0.0702435430031946
SEG_016,2020-11-26,-0.0906400717059724,0.3568292883342145,0.3984149110181449,-0.0044853767135915,GOOD,0.0702435430031946,-0.1256587393027004,-0.4220869568131904,319.3745420090368,6.1925581504836185,1.6173923195486208,0.2587209935275629,4.411490756128279,2.846716357334116,39.47520796201833,-2.1064800918864663
SEG_016,2020-12-26,0.0613000199563969,0.1409039297850731,-0.2005822793645362,0.1092802156772942,GOOD,-2.1064800918864663,2.527900368474372,-1.2404514673555078,343.67463887902863,3.616632229510257,2.4541339155560964,0.5101821112101279,4.411490756128279,2.846716357334116,39.47520796201833,-1.2892856271335358
SEG_016,2021-01-25,0.3181497633032456,0.1579212582849684,0.1732392263529705,0.180525608629885,GOOD,-1.2892856271335358,-4.504689698585557,-0.2880927515350999,3.5436980475060995,9.441688294472408,1.0415120127821318,0.1896430493024066,4.411490756128279,2.846716357334116,39.47520796201833,0.7257548405832355
SEG_016,2021-02-24,-0.0600215983835639,0.3010199490108841,-0.2453698305425536,0.1232079557880086,GOOD,0.7257548405832355,-3.760701959353703,-0.761862698283053,35.421689248941846,8.589143730219204,1.2546303818103843,0.1504934024810232,4.411490756128279,2.846716357334116,39.47520796201833,0.1684769854665422
SEG_016,2021-03-26,0.0519522744340276,0.4446034820072356,0.5645280708934124,-0.0611522999369349,GOOD,0.1684769854665422,-2.0250842289629114,-1.1210791737866486,26.30960108968485,3.990104232432107,1.4661428321528258,0.0470416790634224,4.411490756128279,2.846716357334116,39.47520796201833,-0.6987576585126141
SEG_016,2021-04-25,0.1075923001248701,-0.3944858181008442,0.2747618698992377,0.0431853463485615,GOOD,-0.6987576585126141,-0.0213646783968446,0.2656480387464521,8.340465945177373,3.4431723088005457,1.4020135036132917,0.1873736713886933,4.411490756128279,2.846716357334116,39.47520796201833,0.9585713262644476
SEG_016,2021-05-25,0.3992167860266407,-0.0569878300017121,0.0170916677432989,0.0260619984569589,GOOD,0.9585713262644476,-5.130188370698614,-0.7565609751292575,38.20921839521856,5.444704581865964,1.6520721077824871,0.1469909069953008,4.411490756128279,2.846716357334116,39.47520796201833,0.8286408566135748
SEG_016,2021-06-24,0.0069640680218601,0.2657082196342848,0.5335322303333916,0.0016356508732096,GOOD,0.8286408566135748,-3.2875031650262594,-0.7058188766211924,36.31566391686458,9.863651769428383,1.6189021210573922,0.1936250242167513,4.411490756128279,2.846716357334116,39.47520796201833,-2.034237086582656
SEG_016,2021-07-24,0.0509208269661993,-0.1996660382718263,-0.1003019668658039,0.2422881702032825,GOOD,-2.034237086582656,2.3290988367067165,-0.120561632181146,13.797856837180284,6.429305226282565,1.7318494320819684,0.3441304115710727,4.411490756128279,2.846716357334116,39.47520796201833,-0.2690043595422654
SEG_016,2021-08-23,-0.0811318499581151,-0.1443442467145093,-0.175432625871231,0.0468331572104255,GOOD,-0.2690043595422654,-6.505087771686484,0.1221484735653166,4.595256064268632,5.198385987822111,1.938708619504204,0.1716075565705169,4.411490756128279,2.846716357334116,39.47520796201833,-0.3436606673443573
SEG_016,2021-09-22,0.2964520971571399,-0.3270975091436774,0.4431347199463968,0.1758380404199596,GOOD,-0.3436606673443573,3.6148346322064153,-0.3095375948808399,15.019662692163733,7.846314895650218,1.653857754932314,0.1314683634636931,4.411490756128279,2.846716357334116,39.47520796201833,0.5755319364420013
SEG_016,2021-10-22,0.2854507518350692,-0.1520697930470668,0.4354275300418879,0.0666086850471677,GOOD,0.5755319364420013,3.0467977118182983,-1.0465646572756968,332.63895915801754,6.81841307453234,0.628996989090544,0.200221890687465,4.411490756128279,2.846716357334116,39.47520796201833,-0.6840386497509332
SEG_017,2020-01-01,-0.0339054773145609,-0.4174548873614173,0.2142965314595663,-0.0802755607719648,GOOD,-0.841858341746981,-8.72381518797647,-0.4963537687884107,38.69125682781283,3.043001399161393,0.8600351071401588,0.1749508200831986,5.294928788064331,1.1882195779419302,28.978302915668703,-1.310048588459094
SEG_017,2020-01-31,0.2261242194895844,-0.3039006996067792,0.2543971538347816,0.194267101658129,GOOD,-1.310048588459094,-8.925340294883727,0.0535437975833672,16.170582057810563,9.393104647160662,0.8295364121118359,0.2124072866586403,5.294928788064331,1.1882195779419302,28.978302915668703,-1.1278975175973849
SEG_017,2020-03-01,0.0741539284232621,-0.1792616371473304,0.2344894341369633,-0.0903172678658923,GOOD,-1.1278975175973849,4.814778754455938,-0.2675580110909932,49.507959113566585,5.537680841874012,0.8881439537316724,0.076742006564777,5.294928788064331,1.1882195779419302,28.978302915668703,-1.7447019696578687
SEG_017,2020-03-31,-0.0001573931971221,-0.1261792096794306,0.3819604043337558,0.2411056580716802,GOOD,-1.7447019696578687,-9.181929799573686,0.3978818300515776,46.33648475545535,8.950018813159748,2.05746970269772,0.1336541657597766,5.294928788064331,1.1882195779419302,28.978302915668703,-0.4553631487846536
SEG_017,2020-04-30,-0.044361003841765,-0.049938429361654,-0.2795266963639182,-0.0163961835503191,GOOD,-0.4553631487846536,-6.942979706850922,-0.4534682370669374,12.932900171279924,5.864210642757534,1.8724034652871304,0.1392767201937672,5.294928788064331,1.1882195779419302,28.978302915668703,-1.5589165820665352
SEG_017,2020-05-30,-0.0908057437218477,0.0830049433264157,0.2971755077996788,-0.0826071970002164,GOOD,-1.5589165820665352,-5.739796884280139,0.0783769890148442,30.89823881956989,2.424681989250232,1.7616389005263815,0.1134676721710059,5.294928788064331,1.1882195779419302,28.978302915668703,-1.9816295429211157
SEG_017,2020-06-29,0.0356551895401687,0.3520829447572586,0.2940903359964282,0.2457129094239814,GOOD,-1.9816295429211157,3.011156642817218,-0.2011777104955432,11.558431006890851,5.045609623702783,2.120375968729573,0.0821039659264241,5.294928788064331,1.1882195779419302,28.978302915668703,-0.657586810487536
SEG_017,2020-07-29,0.3333863727640599,0.0315606451632132,-0.1322243513242329,0.1002603291475515,GOOD,-0.657586810487536,3.895249595396504,-1.457023083571309,12.369606987487565,6.235322910840959,1.1265368396696755,0.1291529186548597,5.294928788064331,1.1882195779419302,28.978302915668703,0.9190322766745556
SEG_017,2020-08-28,0.0733899514537727,-0.148086917732819,0.2627078732259093,-0.0055180937171149,GOOD,0.9190322766745556,-2.48122808234264,0.1237857201994909,31.289618185788157,9.029418193529285,1.8984052293544755,0.1880925676302006,5.294928788064331,1.1882195779419302,28.978302915668703,-0.0321513129966828
SEG_017,2020-09-27,0.1774696757984027,-0.2198061553717949,-0.1634626373081838,0.2588701259876685,GOOD,-0.0321513129966828,-8.683074742940478,-0.7355857562911834,48.03028467222858,6.899587146800844,1.450073260124323,0.0502001392433683,5.294928788064331,1.1882195779419302,28.978302915668703,-0.493479150467611
SEG_017,2020-10-27,-0.0236254229155742,0.470537173095217,0.5187618542077541,0.0317138953482186,GOOD,-0.493479150467611,-6.89864088008486,-1.2228469464029268,327.06769134255075,8.400840473312748,2.274603108711254,0.2540883257688974,5.294928788064331,1.1882195779419302,28.978302915668703,-1.9171110092150148
SEG_017,2020-11-26,0.1619027417509358,-0.3647475061560847,0.5961172202088079,0.2903107636274397,GOOD,-1.9171110092150148,3.9954491963436016,0.3342242413468348,315.8748105420969,6.45872238474855,3.3331751218173435,0.5877865683715162,5.294928788064331,1.1882195779419302,28.978302915668703,-0.9166783283365718
SEG_017,2020-12-26,0.3398190608081326,0.2270795332601914,0.3888915113122663,0.2520527600434304,GOOD,-0.9166783283365718,-3.83122355080976,-0.613991025900696,346.68842621955963,9.15304074507042,2.5350702240061342,0.3088373042792782,5.294928788064331,1.1882195779419302,28.978302915668703,-1.2773229494838407
SEG_017,2021-01-25,-0.0466142835782994,-0.3152535034254327,0.3862027353596688,0.1447926390676096,GOOD,-1.2773229494838407,-1.4943536059153804,-1.038177302533974,11.609126713466782,7.499023081426888,1.3505351557909442,0.26228551854219,5.294928788064331,1.1882195779419302,28.978302915668703,0.5087280753923368
SEG_017,2021-02-24,0.1511622937252306,0.1047117596027514,0.3408172151789939,0.0495837604522003,GOOD,0.5087280753923368,-2.628316044004979,-1.2249745553167706,9.662991473925509,2.2578364258163663,1.837449169210026,0.079259207297421,5.294928788064331,1.1882195779419302,28.978302915668703,-1.82857689755995
SEG_017,2021-03-26,0.1065220110958598,0.2423666616628995,0.5894190757166609,0.2031106358902517,GOOD,-1.82857689755995,3.906548092666908,0.4712552791727362,43.35645013193017,5.919543188086909,1.0952869212645409,0.1346863783117314,5.294928788064331,1.1882195779419302,28.978302915668703,-1.0859859098516662
SEG_017,2021-04-25,0.1024333841212642,-0.4581737249498818,0.3617986019096944,0.0521496675020483,GOOD,-1.0859859098516662,-0.8274268799492202,-0.0150642905841105,29.69029006963945,6.201844253623117,1.91238799413436,0.1968693870016284,5.294928788064331,1.1882195779419302,28.978302915668703,-0.4959569513598399
SEG_017,2021-05-25,0.125804796281831,0.3270101016593498,-0.261825675591812,0.2983345486096193,GOOD,-0.4959569513598399,-4.0658320504616245,-0.0296598368994651,27.885047490670477,6.129013464758388,1.65423246612858,0.093162944432055,5.294928788064331,1.1882195779419302,28.978302915668703,-0.7617313888720886
SEG_017,2021-06-24,0.0990199457272796,-0.1954458521777614,0.4448589068451756,0.0845388655855852,GOOD,-0.7617313888720886,-0.8029858113416122,-1.390906666368947,25.8484825133069,3.137916950200733,1.8613120015336115,0.1369283155233918,5.294928788064331,1.1882195779419302,28.978302915668703,-1.6663446565781956
SEG_017,2021-07-24,-0.0434142068782024,0.2787311418760397,0.5440582119293154,0.1784456567359182,GOOD,-1.6663446565781956,-3.796610423535751,-0.5982282903058513,8.94392894718078,6.722523802317232,1.8580103035565876,0.1560098875806848,5.294928788064331,1.1882195779419302,28.978302915668703,0.1096558383909542
SEG_017,2021-08-23,0.0250411470386191,0.1917174283309014,0.516446216704866,0.218594488990289,GOOD,0.1096558383909542,-8.146836747468498,-1.2716701223518443,22.46992090123609,4.903547113258036,1.4675992421581636,0.1495667880758904,5.294928788064331,1.1882195779419302,28.978302915668703,0.2256743119294625
SEG_017,2021-09-22,0.1558332257422526,0.4497538891427194,0.0408107682713217,0.0522428037044587,GOOD,0.2256743119294625,3.683791682331986,-0.3690168429716618,32.976517030102194,3.200717876084094,2.119654443912116,0.1623440080125778,5.294928788064331,1.1882195779419302,28.978302915668703,-0.4766651949552234
SEG_017,2021-10-22,0.1097908456178836,-0.1904816945630182,0.3917673801248483,0.078503293659629,GOOD,-0.4766651949552234,-8.236690323962803,-1.2368579363758283,310.1425852639723,6.980482623898733,2.303761438436304,0.6613665218694055,5.294928788064331,1.1882195779419302,28.978302915668703,-0.6611185466565882
SEG_018,2020-01-01,-0.0258719159101548,0.1532768782155202,-0.2669510533598291,0.2415317148936751,GOOD,-0.003902251155718,2.57021653688909,-0.9031169067157644,46.01923491347681,2.3922509019903924,1.145002905760249,0.0434766863423693,6.38777736926106,2.831988376517555,82.52525047036826,-1.534951247495102
SEG_018,2020-01-31,0.205544878024327,0.1915136180806667,0.2354720876742476,0.2149230318134344,GOOD,-1.534951247495102,-3.169932579696015,-0.3420674151154066,46.57399096930028,2.745010302574157,1.217777920499332,0.1812483643368396,6.38777736926106,2.831988376517555,82.52525047036826,-1.6342565679248928
SEG_018,2020-03-01,-0.0661666610895023,-0.0726761606089053,0.1954239745321369,0.0171330853426958,GOOD,-1.6342565679248928,0.4192915774220154,-0.9511629144965332,26.35263667023104,6.19716967402967,1.6953199866539417,0.1830410452401584,6.38777736926106,2.831988376517555,82.52525047036826,0.0550326113194028
SEG_018,2020-03-31,0.2648642598813397,0.1289785990785554,0.5884703373827245,0.0934651932837788,GOOD,0.0550326113194028,4.008375121822748,0.4725568846882229,14.359365190213024,6.870756855475781,1.0184537315222388,0.1225666025761311,6.38777736926106,2.831988376517555,82.52525047036826,-0.2039296110652469
SEG_018,2020-04-30,0.076926672187095,-0.3702868624456974,0.2063709038999469,0.1078823200737975,GOOD,-0.2039296110652469,-2.6124331942222607,-1.1401855366876177,30.47028788653077,7.668696540027144,2.3668962235721263,0.1595200771343744,6.38777736926106,2.831988376517555,82.52525047036826,0.9945623419985749
SEG_018,2020-05-30,0.2127303711948266,-0.3820742760787281,0.4632628097131679,0.2198257405022024,GOOD,0.9945623419985749,-3.7893829071344234,-0.8324154861323529,28.02077524589133,7.100028348704453,0.526540620974315,0.0440753153889262,6.38777736926106,2.831988376517555,82.52525047036826,-2.009768883019176
SEG_018,2020-06-29,0.2950977514231058,-0.1922274507561029,0.1560206643864082,0.029569535753228,GOOD,-2.009768883019176,0.2875368297043685,-0.8172768295399946,36.21983214055059,6.927946743971874,0.6563267540174065,0.0801860901676857,6.38777736926106,2.831988376517555,82.52525047036826,-0.0960948212155763
SEG_018,2020-07-29,0.0689684276367715,0.1724729573660214,0.5245467478562176,0.2189017535315699,GOOD,-0.0960948212155763,-2.77756715319459,-0.2455990245846222,44.60291633949591,6.295740359778916,1.1348704146387818,0.2096801797765893,6.38777736926106,2.831988376517555,82.52525047036826,-1.0948867822233397
SEG_018,2020-08-28,0.2712923230827684,0.3351057359656186,-0.0305906280245754,0.1899856617396999,GOOD,-1.0948867822233397,-1.961717864269195,-1.0834750596076603,34.27466501732144,8.396282667886403,1.997625430411027,0.1369515985376313,6.38777736926106,2.831988376517555,82.52525047036826,0.4302559955639982
SEG_018,2020-09-27,0.0402300143269417,-0.4688268353108137,0.5852568919786565,0.1506043390461003,GOOD,0.4302559955639982,-1.4352753826578244,-0.7208674522134826,29.75959335149997,8.916749524017806,2.0151556299786573,0.2961913635987988,6.38777736926106,2.831988376517555,82.52525047036826,-0.8015307103585274
SEG_018,2020-10-27,-0.0841858920771725,-0.0861304321378635,0.1473489909570206,-0.0049431014907849,GOOD,-0.8015307103585274,4.260901246513653,-1.0677202414706288,315.11591493152554,2.897850178135376,2.306414771644567,0.4071575970075405,6.38777736926106,2.831988376517555,82.52525047036826,-1.8860418872978864
SEG_018,2020-11-26,0.1218870464935701,-0.47506522537004,0.1343968720321372,0.1000217233719759,GOOD,-1.8860418872978864,3.854551518351428,-0.0351178664881126,326.1813980752076,13.204265673597927,2.5416502642589087,0.9050428740213337,6.38777736926106,2.831988376517555,82.52525047036826,-1.0329640271393368
SEG_018,2020-12-26,0.3690119233583905,0.1767172887378956,-0.1805545591960222,0.1898282529012934,GOOD,-1.0329640271393368,0.7051608560394715,-0.4553102535629871,300.2054934617062,14.458698752166626,3.1748555320257914,0.7765683305277958,6.38777736926106,2.831988376517555,82.52525047036826,-1.0712651890954987
SEG_018,2021-01-25,0.133437951241381,-0.4538602299757092,0.1685199408945601,0.163593714671,GOOD,-1.0712651890954987,-1.3366024838581154,-0.8757142031364018,44.60677922138783,4.56704295876953,0.8236488160726946,0.0692620503886157,6.38777736926106,2.831988376517555,82.52525047036826,-1.986144826578979
SEG_018,2021-02-24,0.1205578113761694,-0.3823491612624063,-0.1656113494802534,0.0094547543360602,GOOD,-1.986144826578979,-0.6558255598367282,-0.471878676081072,10.328868978667522,4.802545103392938,1.1053872839785588,0.0793753322385363,6.38777736926106,2.831988376517555,82.52525047036826,-1.0542186920245662
SEG_018,2021-03-26,0.041633848004352,-0.2551749261373656,-0.2358814159017816,0.1453051534063908,GOOD,-1.0542186920245662,-3.3452854248814834,-1.23985199587058,23.53677895042762,7.403967502740383,0.940631856746976,0.1234565665264753,6.38777736926106,2.831988376517555,82.52525047036826,0.0554499253505254
SEG_018,2021-04-25,-0.0105085033749134,0.0961213625317505,0.2334806015083462,0.2344697615209963,GOOD,0.0554499253505254,-0.7552699347260248,-0.8751186976979362,40.872098951841565,7.703189477825316,1.6768916962349147,0.1749315050126299,6.38777736926106,2.831988376517555,82.52525047036826,0.6616989374423012
SEG_018,2021-05-25,0.2778714677856425,-0.034304636956831,-0.1813842476634342,0.2251404070924237,GOOD,0.6616989374423012,-2.975861419298165,-0.5888316585065174,34.22389874026872,7.681727216630786,1.58756760191122,0.2021279449547461,6.38777736926106,2.831988376517555,82.52525047036826,0.0764644178555987
SEG_018,2021-06-24,0.3305481385279478,0.1169420872483607,0.5215754496090441,0.0568307673435004,GOOD,0.0764644178555987,-0.0222907218715615,0.0775574126957592,44.12019451139908,5.626264541596576,0.6349139798845087,0.1308739850340253,6.38777736926106,2.831988376517555,82.52525047036826,-1.6529620760978474
SEG_018,2021-07-24,0.1306208418524498,-0.3291984551976817,0.391147363288357,0.1417760925730415,GOOD,-1.6529620760978474,-8.45601684536569,0.1351057844500702,39.83788866809804,4.606957826384893,1.6147534474570069,0.2147167192176577,6.38777736926106,2.831988376517555,82.52525047036826,0.8684006370680516
SEG_018,2021-08-23,0.1004082373922167,-0.0865580943332964,0.2587873549708869,0.1191796069116004,GOOD,0.8684006370680516,-4.242753118344404,-0.8185716836416999,40.69578524457658,6.727761592337399,1.889569191297127,0.1723100321531162,6.38777736926106,2.831988376517555,82.52525047036826,0.7138571001701531
SEG_018,2021-09-22,0.1722634400953842,-0.2638456808545779,0.2963510312337031,-0.0688422389645366,GOOD,0.7138571001701531,-1.3871756378470153,-0.5267393870007566,29.6081567541046,5.703267474495059,1.647562260056743,0.2903768937572493,6.38777736926106,2.831988376517555,82.52525047036826,0.225943135511721
SEG_018,2021-10-22,0.3779417231894795,-0.4303923651705743,-0.2021298295486137,0.2256266879928273,GOOD,0.225943135511721,-4.316334799594256,-0.5114097052069142,333.008237951056,2.724264038658843,2.077898389283169,0.3183915090753298,6.38777736926106,2.831988376517555,82.52525047036826,-0.857860539130751
SEG_019,2020-01-01,0.391290151756696,-0.1557353735693599,-0.2196413358714113,-0.0967522990361132,GOOD,0.9157922421357964,-3.9370387590337454,-1.2448886058851305,14.70923314333355,4.953783148591262,1.4972185182494355,0.0801817875729147,9.1754405197189,1.5922956518877889,94.33332974961137,-1.3646119010512274
SEG_019,2020-01-31,0.3103766418199846,-0.1407553694419688,0.4751230556814991,0.2462718547319911,GOOD,-1.3646119010512274,0.53332823405011,-0.7114633526621119,15.906365480934696,5.062316918732682,1.3536892173945692,0.2215604175019864,9.1754405197189,1.5922956518877889,94.33332974961137,0.4536393041488936
SEG_019,2020-03-01,0.1374357064778687,-0.3117731619222345,0.0461355519219852,0.2697928171166416,GOOD,0.4536393041488936,-7.685990636594124,0.4949120860209417,33.503304096143374,3.0742195851566043,0.8726140189315967,0.1091395695250093,9.1754405197189,1.5922956518877889,94.33332974961137,-0.1454052244921329
SEG_019,2020-03-31,0.1433506684673081,-0.0632648842411114,0.5911958778068287,-0.0661346222841135,GOOD,-0.1454052244921329,-3.76216800583682,-0.5879426912429562,39.44642122663204,6.835436101574362,1.427091949349852,0.1513737525974293,9.1754405197189,1.5922956518877889,94.33332974961137,-0.2372217194745131
SEG_019,2020-04-30,0.1760250151905097,-0.0499542326873935,0.019776507490626,-0.0256835865236167,GOOD,-0.2372217194745131,-1.330922488329156,0.1936077733473982,11.837498363900927,6.013830439403679,1.3200226862691085,0.190739638381678,9.1754405197189,1.5922956518877889,94.33332974961137,-0.5920982764522209
SEG_019,2020-05-30,0.3891167247215845,0.0681495777015993,0.3343942882993871,-0.0547342521540261,GOOD,-0.5920982764522209,0.3574589729379607,-1.2158250401886483,36.56465915084185,9.86863278504316,2.1222905765418565,0.2144891674908844,9.1754405197189,1.5922956518877889,94.33332974961137,0.1785646992885753
SEG_019,2020-06-29,-0.0608826990300536,0.3899154783045545,-0.2203982843405889,0.0889806289394582,GOOD,0.1785646992885753,4.406165704360284,-1.3438361632216869,31.68438320577041,8.38478592512777,1.1547241130943484,0.0849446667986287,9.1754405197189,1.5922956518877889,94.33332974961137,0.1670890252369539
SEG_019,2020-07-29,0.2892635666235662,-0.0311311896589788,0.1613967993516442,0.087692956846849,GOOD,0.1670890252369539,-3.68475839276822,0.4211626049542503,39.91116110034955,4.313667545766124,0.6904078286632153,0.2395402905727373,9.1754405197189,1.5922956518877889,94.33332974961137,-1.5677048050748343
SEG_019,2020-08-28,0.2634858570434956,0.0637062732908363,-0.2447240131618824,0.0892642127816113,GOOD,-1.5677048050748343,-9.2257017281294,0.4807296587788046,40.44478898397836,6.994536043840532,1.229993593311076,0.1364100780637234,9.1754405197189,1.5922956518877889,94.33332974961137,0.5230155413089759
SEG_019,2020-09-27,0.3257226280263171,-0.2221512030657308,-0.1807151134742946,0.0123887725925955,GOOD,0.5230155413089759,-9.78695484905364,-1.276901191416062,8.730692382950888,6.7341610037664905,0.9289418639203784,0.1702260110247979,9.1754405197189,1.5922956518877889,94.33332974961137,0.1821229384211589
SEG_019,2020-10-27,0.0306262939517486,0.2007748725726893,0.1364266623759885,0.2197488025647069,GOOD,0.1821229384211589,-4.8572800698796295,-1.331197068581795,307.25351258946364,14.471534837587104,2.34690683042422,0.7454622081732135,9.1754405197189,1.5922956518877889,94.33332974961137,-1.864222544977082
SEG_019,2020-11-26,0.2851838945715389,-0.2620525608907097,0.096166507552558,0.1550298665979005,GOOD,-1.864222544977082,1.0154166640899724,-0.8098485610734556,332.113054865746,13.043871451588334,2.661162696068589,0.8283885391292072,9.1754405197189,1.5922956518877889,94.33332974961137,-1.059970018920199
SEG_019,2020-12-26,0.0506835649768495,0.2461505453903359,0.3771850677595534,0.1130083329488674,GOOD,-1.059970018920199,0.5841170687307216,-0.5508208384718725,307.257491547779,8.962221886797806,1.3152841656331136,0.504440347406621,9.1754405197189,1.5922956518877889,94.33332974961137,0.7082543608224365
SEG_019,2021-01-25,0.2392467026251875,0.4617627228070304,0.3145886798224126,-0.083592953987824,GOOD,0.7082543608224365,-0.4386377311690062,0.4123673117792499,21.589293930860443,9.344336131338236,1.967061759246048,0.1388047811030289,9.1754405197189,1.5922956518877889,94.33332974961137,0.2205639537063182
SEG_019,2021-02-24,-0.0508616057956818,0.1543432815684141,0.0520383873209187,0.2092604061224791,GOOD,0.2205639537063182,1.014701836394874,-0.3225514177903938,9.746284231525776,4.699252824647316,1.642252619644618,0.0787173809932513,9.1754405197189,1.5922956518877889,94.33332974961137,-1.7430394012075598
SEG_019,2021-03-26,0.236400929869995,0.3316894998248811,-0.2892347300788471,-0.0609204962096683,GOOD,-1.7430394012075598,-3.3108669499103263,-1.061167348545035,14.164850954672731,3.5446362515712835,0.7545957314470934,0.1060062653800015,9.1754405197189,1.5922956518877889,94.33332974961137,0.0303747707156253
SEG_019,2021-04-25,0.2283027592821678,0.3354591370882445,0.5554400633234267,0.1552331540637914,GOOD,0.0303747707156253,-8.200343353332613,0.2128816486103204,6.495362660273324,7.251157031289205,2.22524800978239,0.2633746356941923,9.1754405197189,1.5922956518877889,94.33332974961137,0.7118296288599495
SEG_019,2021-05-25,0.3480008151786218,0.195653633656077,-0.0719978350020069,0.0867822309150631,GOOD,0.7118296288599495,-0.4182923823471647,0.3453907816893959,13.81917810788718,5.41586719108948,2.2419534428065733,0.3087225832312323,9.1754405197189,1.5922956518877889,94.33332974961137,-1.034376202060714
SEG_019,2021-06-24,-0.0190169841768917,-0.4260029399597088,0.3993953552555191,0.053119600977273,GOOD,-1.034376202060714,-9.099120282578625,0.4112113984346517,13.233242622736649,5.524598662221341,1.3669443307225972,0.2374619200923121,9.1754405197189,1.5922956518877889,94.33332974961137,-1.4058706939024077
SEG_019,2021-07-24,-0.0107789149676145,-0.0079427055386419,-0.1705146596836378,0.2074829293228792,GOOD,-1.4058706939024077,-0.349927495466579,0.3252184456822529,35.77001588754216,2.82629692762261,0.8535000090500136,0.2119172135616134,9.1754405197189,1.5922956518877889,94.33332974961137,0.7736215355678141
SEG_019,2021-08-23,0.1229410261614798,0.3965123928912086,-0.1660311521025092,0.1561341077115167,GOOD,0.7736215355678141,-0.0309124525095736,-0.9671270377694448,35.00275996693628,9.236940347631595,1.4621989176902956,0.1431720166346362,9.1754405197189,1.5922956518877889,94.33332974961137,0.2621540079504247
SEG_019,2021-09-22,0.1453397269477673,-0.0639423325366322,0.459644238315453,0.2123748147853483,GOOD,0.2621540079504247,-1.8980692447148064,-1.493385279410722,47.70776729630728,8.54381327508866,1.599063941763354,0.263834548819209,9.1754405197189,1.5922956518877889,94.33332974961137,0.4089505668388494
SEG_019,2021-10-22,0.0794591632986057,0.1818357356103366,0.0605533186322092,0.1529090106398337,GOOD,0.4089505668388494,-8.639995377657335,-0.4307474068799306,348.0462761000033,7.643654277395104,3.0595434056511697,0.901335367942399,9.1754405197189,1.5922956518877889,94.33332974961137,-0.2362494500819303
SEG_020,2020-01-01,0.1446162752388698,-0.4370073691551449,0.1864968424965952,0.0230923518529061,GOOD,-0.4574744025542363,2.513754384045834,-0.6013854449007789,49.79168140009727,2.296341439442939,0.8212598510233456,0.2524269749400021,1.8294580417806927,1.0461543226561436,71.97390347449746,0.0299520169947241
SEG_020,2020-01-31,-0.0409064456385442,0.3071037058074022,0.3005847764820431,0.0833481459024244,GOOD,0.0299520169947241,3.1138308945925584,-1.2020927408180908,28.967285615572948,9.39852649402818,0.5724423145159536,0.035168419798167,1.8294580417806927,1.0461543226561436,71.97390347449746,-1.6737699520499312
SEG_020,2020-03-01,0.1356098179041552,0.4180190758285826,-0.2587784758328326,0.1805187244677138,GOOD,-1.6737699520499312,-7.416264865622508,-1.400084005226756,15.3668667453301,8.349576836663022,1.4458095001016855,0.1387509218612351,1.8294580417806927,1.0461543226561436,71.97390347449746,-1.397386676200222
SEG_020,2020-03-31,0.3089000888819634,-0.3936687997417176,0.147429146881995,0.2196700889337913,GOOD,-1.397386676200222,2.066802963909634,-0.647577072123541,40.57605148698983,9.857542022343182,1.7540137516602572,0.1594137864887245,1.8294580417806927,1.0461543226561436,71.97390347449746,0.1950983201589495
SEG_020,2020-04-30,0.1879835052262425,-0.3626705980182448,0.4527843830602104,0.21724066797862,GOOD,0.1950983201589495,-1.1037212043872875,-0.8289925446626263,6.037274477591126,3.1298944209545896,1.5130727941223354,0.2953956802445621,1.8294580417806927,1.0461543226561436,71.97390347449746,0.4867593577510355
SEG_020,2020-05-30,0.1193306060271136,0.4256755305974617,-0.2633709950742588,-0.0600128597287765,GOOD,0.4867593577510355,-0.8133774202915607,0.0553232752942094,0.781516313413877,5.895739798588908,0.730887459790993,0.1244278080137697,1.8294580417806927,1.0461543226561436,71.97390347449746,0.308774001578713
SEG_020,2020-06-29,0.2258778959279153,0.386915141967919,0.0746000179957833,0.2229647212989351,GOOD,0.308774001578713,0.385374962563711,-1.0876795628206752,31.991285186614743,6.184694913054653,1.1537034827588284,0.2018805204927056,1.8294580417806927,1.0461543226561436,71.97390347449746,-0.179478836728011
SEG_020,2020-07-29,-0.0811893940110804,-0.3199995330184791,0.1498988714132071,0.2801192256451285,GOOD,-0.179478836728011,1.7387454548328858,-0.8042928663077076,0.228502064090369,3.885112058633736,0.920476929519882,0.2037258823664938,1.8294580417806927,1.0461543226561436,71.97390347449746,0.3014254638366445
SEG_020,2020-08-28,0.0809506522965843,0.2611282392351487,0.1857505437492331,-0.0122895465367555,GOOD,0.3014254638366445,-0.1100926241157171,-0.9471468321521728,9.685949650659824,8.372903773141946,1.5661391736063426,0.2090241843560652,1.8294580417806927,1.0461543226561436,71.97390347449746,-1.1922477239443527
SEG_020,2020-09-27,-0.0118380913147345,0.170142635126956,-0.2611959587885079,0.1579443346386941,GOOD,-1.1922477239443527,-3.4799253659641254,-0.8314107415554026,40.257683727919904,8.067264166661955,0.7547413599166094,0.2239894313372201,1.8294580417806927,1.0461543226561436,71.97390347449746,0.2228068518431422
SEG_020,2020-10-27,-0.0120561958922237,0.2854920180817337,0.1365552564219633,-0.0535739658151284,GOOD,0.2228068518431422,0.8210462083839865,-0.3145866754686568,316.29861571604994,8.59001116437237,3.365001510249677,0.805026068358877,1.8294580417806927,1.0461543226561436,71.97390347449746,-1.262890475846611
SEG_020,2020-11-26,0.0630661123535858,-0.401935866198552,0.3639730794082276,0.2479545211790675,GOOD,-1.262890475846611,-6.690058625467527,-0.5580194803313576,324.220385795213,9.123910751096313,2.275362465862285,0.8087576464563088,1.8294580417806927,1.0461543226561436,71.97390347449746,0.6991722376648575
SEG_020,2020-12-26,0.0936651519443283,-0.3635953854192779,0.3478390945102231,0.1528084467607443,GOOD,0.6991722376648575,-6.966836638462767,-1.2455764706120702,334.61052647555834,2.477213757074127,1.614733994176875,0.5343229713704845,1.8294580417806927,1.0461543226561436,71.97390347449746,0.3227830025693313
SEG_020,2021-01-25,-0.0143993416415915,-0.1564239917706433,0.497768074763159,0.14145439313885,GOOD,0.3227830025693313,-0.4300117917999486,-0.2769438191417144,8.496774203375518,9.761086735293604,1.965937602608226,0.0906674944553899,1.8294580417806927,1.0461543226561436,71.97390347449746,-1.2481847413529852
SEG_020,2021-02-24,0.1446066992811822,0.4956643373999193,0.2324227841655916,0.2347956104956952,GOOD,-1.2481847413529852,0.9502663196746663,-0.0276422817617882,12.332708853420405,4.618367578640504,1.7119900505417391,0.3154803278221111,1.8294580417806927,1.0461543226561436,71.97390347449746,-1.9390011237621665
SEG_020,2021-03-26,-0.0255151491099792,0.0737007848788185,-0.2954301768839757,0.2920736165172582,GOOD,-1.9390011237621665,-2.940210543556925,0.0372127816709328,1.6810277200108914,6.248973810334214,1.4556126616379297,0.2542869640196195,1.8294580417806927,1.0461543226561436,71.97390347449746,0.1132297196243279
SEG_020,2021-04-25,0.1262206841084548,-0.259488507486198,0.2026382697952599,-0.0950308034027819,GOOD,0.1132297196243279,4.249008434043059,-1.234575996422683,14.789521410711998,7.18112158769081,0.9646107857159892,0.2273632015994712,1.8294580417806927,1.0461543226561436,71.97390347449746,-0.6659612672395884
SEG_020,2021-05-25,0.2516522439542518,0.3579221112309455,0.3725580269492722,-0.0902346105086184,GOOD,-0.6659612672395884,1.5775251170945062,0.2483980760445427,20.2680186126179,8.318869702312458,1.1775653317938564,0.1416330138345723,1.8294580417806927,1.0461543226561436,71.97390347449746,-1.965197704064596
SEG_020,2021-06-24,0.3301913254980184,-0.4293014080458934,0.5040909962480928,0.0331624553529033,GOOD,-1.965197704064596,-3.611466204424797,-0.9604212388686096,47.30477467645006,6.339480851604304,1.945079051042088,0.2588827372875155,1.8294580417806927,1.0461543226561436,71.97390347449746,0.0158629956090897
SEG_020,2021-07-24,0.3404236239779542,0.2357607851344589,-0.2506694923098175,0.2781288919150951,GOOD,0.0158629956090897,3.319668589334478,-1.2780669125474249,18.27954294731947,6.953067603163381,1.0807403325872984,0.0480069272883785,1.8294580417806927,1.0461543226561436,71.97390347449746,-1.339980929729237
SEG_020,2021-08-23,-0.0664970429213412,0.2093371359525285,-0.1157586662131159,0.2925006489006569,GOOD,-1.339980929729237,-8.29663481760341,-0.5430130699667326,46.957396623595486,6.6409550828415975,2.1621717798427857,0.1313652684048897,1.8294580417806927,1.0461543226561436,71.97390347449746,-1.2430656694822655
SEG_020,2021-09-22,0.0127186131494634,-0.1472883306597692,-0.0593779328971403,0.1720906955687079,GOOD,-1.2430656694822655,-9.049462299106963,-0.8095468364296758,24.311345257405225,6.213460792872895,0.9820708372414122,0.2611677320906717,1.8294580417806927,1.0461543226561436,71.97390347449746,0.4969418210311214
SEG_020,2021-10-22,0.1664277326295196,-0.2077356468738737,0.2588561410556081,0.2199615468779399,GOOD,0.4969418210311214,2.131938149565954,0.3817517740000833,303.28137956125795,9.135225706337629,2.543427763743111,0.5586807142081835,1.8294580417806927,1.0461543226561436,71.97390347449746,-0.3577265973802196
SEG_021,2020-01-01,0.2223422207738544,-0.2084832028369556,-0.2433454422665167,0.2487174803077849,GOOD,-1.3474018146762878,4.211730679827237,-0.2106559375542795,20.584586478287203,4.742339828953773,1.6466208605119603,0.1362788910810884,5.6436321016501925,0.746934107110903,34.67002467820791,-1.6634729696194812
SEG_021,2020-01-31,0.2484317903599374,0.3419078703855627,0.1007306733146784,0.0216329353071798,GOOD,-1.6634729696194812,1.8402239277767016,-1.156525749128048,13.000372881733602,5.873944900745291,2.193428974587929,0.248887108233866,5.6436321016501925,0.746934107110903,34.67002467820791,0.1307046233945799
SEG_021,2020-03-01,0.0765604476793931,-0.0440734628124993,-0.1502732347192824,0.269652656199902,GOOD,0.1307046233945799,-5.721301267041211,0.4464121785068413,41.96658384357063,7.542874151749083,1.5184615235851795,0.0382679898737749,5.6436321016501925,0.746934107110903,34.67002467820791,-1.4703007831888324
SEG_021,2020-03-31,-0.079424271755766,-0.1833741622081014,-0.1861738391459005,0.0041628788997892,GOOD,-1.4703007831888324,-1.5626913636400133,-1.43062182269166,15.84718822614199,4.750776120897783,1.1545345337645003,0.14603817115575,5.6436321016501925,0.746934107110903,34.67002467820791,-1.5801081009954003
SEG_021,2020-04-30,0.0507798847611621,0.4204339759418756,0.06410609810026,0.0997667663351242,GOOD,-1.5801081009954003,-3.129388958832851,-0.8595641381136587,0.2147152908705762,7.90795985139284,2.028440597463926,0.0922717465075229,5.6436321016501925,0.746934107110903,34.67002467820791,-0.3493623869783617
SEG_021,2020-05-30,0.1369553368388766,-0.2101728173374716,0.5496085731591691,0.2922759115519099,GOOD,-0.3493623869783617,-7.79374787961213,-0.3695369701304469,45.34403939630542,5.536844273727204,1.8159010148547303,0.2592003213099043,5.6436321016501925,0.746934107110903,34.67002467820791,0.4326133017024866
SEG_021,2020-06-29,-0.0302883532717513,0.0509599902993149,-0.0227260193056164,0.0606519687697946,GOOD,0.4326133017024866,-3.310409632616466,-1.3150377373938789,2.75168180769354,7.130501222321375,1.735216949922466,0.1884566864570201,5.6436321016501925,0.746934107110903,34.67002467820791,-0.0788931787299996
SEG_021,2020-07-29,0.0389635845859187,-0.4774513536424224,0.1845710647441911,0.0781832327755194,GOOD,-0.0788931787299996,-8.68934594364768,-0.4764249564048111,9.72250196727565,4.542062497328035,1.7818827634615584,0.338386845096534,5.6436321016501925,0.746934107110903,34.67002467820791,-0.9723512420811078
SEG_021,2020-08-28,0.080532434573613,-0.3520540616216975,0.4684236629670591,0.0478519868436831,GOOD,-0.9723512420811078,-5.730244516031421,-0.7972899331437746,48.87618141084016,8.994413886131824,0.9947767264414524,0.2909221834260493,5.6436321016501925,0.746934107110903,34.67002467820791,0.8666599833892138
SEG_021,2020-09-27,0.3962985829100376,0.3036855045147565,-0.0402293835028164,0.2222691140413304,GOOD,0.8666599833892138,-3.6425170233169,0.2928576531141069,6.978384344097793,6.697440540667516,0.8068051063423604,0.1126320160872537,5.6436321016501925,0.746934107110903,34.67002467820791,0.0310355956340281
SEG_021,2020-10-27,0.3337629099387714,0.4866383473233635,-0.2404957969498806,0.284038119288322,GOOD,0.0310355956340281,-8.673275820171217,-0.6810787224947514,345.72052481522,5.316112111502469,2.282947027459329,0.5217399053595155,5.6436321016501925,0.746934107110903,34.67002467820791,-2.2509231305795794
SEG_021,2020-11-26,-0.0315364800421239,-0.313993581888946,0.0435925793686273,0.1215467706042099,GOOD,-2.2509231305795794,2.3937245795867845,0.1691704032601155,315.1957189642267,6.474248453370096,2.705665246892903,0.6095630011718095,5.6436321016501925,0.746934107110903,34.67002467820791,-0.0397844208722684
SEG_021,2020-12-26,0.0313385117805354,0.4560265961330771,0.4508187642164881,0.089016467702916,GOOD,-0.0397844208722684,3.3902978846083247,-0.6656864556763724,324.594325165001,7.50274548797523,0.8720187421941146,0.0258282726717206,5.6436321016501925,0.746934107110903,34.67002467820791,-0.3309979344986342
SEG_021,2021-01-25,0.3971664770343353,-0.4332751736127487,0.3710090162275996,0.1324263080372986,GOOD,-0.3309979344986342,3.0251887728920064,-0.2440079050375099,23.80203566486341,7.553960789339589,0.7902623396890118,0.1468598993530831,5.6436321016501925,0.746934107110903,34.67002467820791,0.5774254245914118
SEG_021,2021-02-24,0.322640034033124,-0.3371527673180812,-0.2473406454062208,0.0278724445731757,GOOD,0.5774254245914118,-7.96753909170045,-1.173382296370144,13.633517682985753,5.3561120412497,2.0982624064367457,0.1632390544753535,5.6436321016501925,0.746934107110903,34.67002467820791,-1.4792431275181346
SEG_021,2021-03-26,0.1648061649462078,0.4363170197369656,0.1624798437538246,0.2065769750715194,GOOD,-1.4792431275181346,-8.58237021430256,0.005257012950419,27.185616762417126,8.979545075667525,1.8561754739594305,0.1833704218763239,5.6436321016501925,0.746934107110903,34.67002467820791,0.4398372195959585
SEG_021,2021-04-25,0.242721859730659,0.1883466419765552,-0.2137499311493465,0.1320186565864961,GOOD,0.4398372195959585,-9.806535042418233,-0.46365850744519,18.65070975527459,5.8791921980377735,1.130898560508673,0.2303291651311462,5.6436321016501925,0.746934107110903,34.67002467820791,-0.1699567076029565
SEG_021,2021-05-25,-0.0227225426458459,-0.2788864982755963,-0.1304248935312326,0.2588226931055045,GOOD,-0.1699567076029565,2.471242727990658,-0.4486943506290057,26.60478268286106,6.408902627364688,1.6754272586928376,0.0391802045578468,5.6436321016501925,0.746934107110903,34.67002467820791,-1.111328738320254
SEG_021,2021-06-24,-0.0617998372146277,0.3188447440507422,0.5310687774095046,0.0918072919494208,GOOD,-1.111328738320254,-4.561471513768959,0.1340774065544887,44.486319269084085,6.781189115233487,1.8295808622358711,0.1420876433030248,5.6436321016501925,0.746934107110903,34.67002467820791,-1.6439114791626257
SEG_021,2021-07-24,-0.0856202313882849,0.3145741084113485,-0.0998779370200408,0.242726083678735,GOOD,-1.6439114791626257,-6.601383539949174,-1.2493116377317757,6.510912619944498,2.6288396969321406,1.8201851581514568,0.2703891258768284,5.6436321016501925,0.746934107110903,34.67002467820791,0.3713920152000028
SEG_021,2021-08-23,0.287346154020186,0.2573340343776902,-0.2617347532755442,-0.0568730472541072,GOOD,0.3713920152000028,-2.2978121124383613,-1.381469525857533,5.946110899943596,4.0240997697878775,0.630465160757238,0.1459549323101602,5.6436321016501925,0.746934107110903,34.67002467820791,-1.521109553410474
SEG_021,2021-09-22,0.2911854070566354,0.4200980708136556,-0.1151389321026002,0.2604699468613399,GOOD,-1.521109553410474,-4.72699500293369,-1.3184413739210818,42.29307612262592,9.534759836040475,2.225007516207013,0.1902953517875167,5.6436321016501925,0.746934107110903,34.67002467820791,-1.7829616141975635
SEG_021,2021-10-22,0.1503172076523383,0.2285540894639225,-0.0823597300468512,0.12809414287906,GOOD,-1.7829616141975635,-1.3279948275636109,-1.472031376826186,310.8499037905826,3.5323801615395425,1.2438998592491175,0.3087779271223697,5.6436321016501925,0.746934107110903,34.67002467820791,-0.1452949723453665
SEG_022,2020-01-01,0.3923063751842092,-0.376384597525733,-0.2007154549080519,-0.0456350520377874,GOOD,0.2755364902884541,0.5709637278621553,-0.385735754338852,2.0304281570941,4.624923258645105,0.7187221019099312,0.0747775651008983,4.106343038595263,1.1499426023649415,22.7554212567046,-1.1882709757889098
SEG_022,2020-01-31,0.056003455396915,0.4761790472350282,0.09956028314893,0.1215663564422196,GOOD,-1.1882709757889098,2.830485004331358,-1.122430028665457,3.480457847846536,8.728466200973774,1.453670998685753,0.2318885430043651,4.106343038595263,1.1499426023649415,22.7554212567046,-0.0422849384823635
SEG_022,2020-03-01,0.3993616628429253,-0.0083516264550724,-0.2053453038876296,0.0752233401616286,GOOD,-0.0422849384823635,-8.724911348609123,-1.2132648766813956,20.031214391826506,6.724457858656099,0.7243021482025278,0.2137456284502987,4.106343038595263,1.1499426023649415,22.7554212567046,0.8741986229717341
SEG_022,2020-03-31,-0.0676447944204882,0.475207494192469,0.0047684817033792,0.1379843319774552,GOOD,0.8741986229717341,-8.158567484520045,0.1762182626829176,36.26002501663197,4.228146658230841,1.9613820427391493,0.2728402574786969,4.106343038595263,1.1499426023649415,22.7554212567046,-0.2178009817392667
SEG_022,2020-04-30,0.2947463661468931,0.1438311781229455,0.0602119760251608,0.0903305133184105,GOOD,-0.2178009817392667,-3.933346012138963,-0.5309342814771159,13.944531659548764,8.143996444620772,0.7712441182569136,0.0938136185621972,4.106343038595263,1.1499426023649415,22.7554212567046,-1.8450413586845809
SEG_022,2020-05-30,0.2141855148315541,-0.3653916192820406,-0.2103569487927964,-0.0788590317061172,GOOD,-1.8450413586845809,0.1716116100641578,0.444145100997324,19.13164913825092,7.433634896692984,0.9280144896094322,0.2039571574447901,4.106343038595263,1.1499426023649415,22.7554212567046,-1.4038380995044737
SEG_022,2020-06-29,-0.0617413704802073,0.2516097465153701,0.3908148977381642,0.2170925660908872,GOOD,-1.4038380995044737,-0.0686015004777491,-0.5194992794872113,13.083263688697706,4.748925197689628,1.8280419194315525,0.1247373873379938,4.106343038595263,1.1499426023649415,22.7554212567046,-1.1515804560316627
SEG_022,2020-07-29,-0.0842007384050207,-0.0695935943713362,0.5234452426971545,0.0534519506994352,GOOD,-1.1515804560316627,-4.354951555741264,-0.5806875223520231,1.6429898056645575,6.453332403863133,2.1715732520420823,0.2130217935083391,4.106343038595263,1.1499426023649415,22.7554212567046,-1.7424599417287767
SEG_022,2020-08-28,0.1457398043225747,-0.3655117577876176,0.3441508706671926,0.0949819706797931,GOOD,-1.7424599417287767,0.1253687021010048,-0.1798428214522616,34.268708355498454,6.577681867469452,1.4962902643460094,0.2838397665137445,4.106343038595263,1.1499426023649415,22.7554212567046,-0.992377194063078
SEG_022,2020-09-27,0.0956924098111352,-0.0053088695478058,0.5737836825848961,0.1467758705511324,GOOD,-0.992377194063078,4.666744167108558,-0.8590344330456261,1.4073493296144213,2.3609476165889536,1.958075247495696,0.1508449653597818,4.106343038595263,1.1499426023649415,22.7554212567046,-1.3355994844149568
SEG_022,2020-10-27,-0.0865500786707028,0.3913428904500081,0.0071308720299306,-0.0610599803085679,GOOD,-1.3355994844149568,-4.639508789934636,-0.7974614790611083,333.0620002911347,3.980911447681312,2.956238505513096,0.7121520406317855,4.106343038595263,1.1499426023649415,22.7554212567046,-1.476843995838335
SEG_022,2020-11-26,-0.0672498819644006,-0.1950875437671595,0.0038348313629725,-0.0921152039217448,GOOD,-1.476843995838335,-3.086359203856315,0.2267370435964022,328.40247024400526,14.211278761695183,2.7207063653065706,0.8675029102290645,4.106343038595263,1.1499426023649415,22.7554212567046,0.1309850883033695
SEG_022,2020-12-26,0.3928823907543507,-0.1222624065700654,0.051270711348796,0.1290154579214026,GOOD,0.1309850883033695,-8.499149751939182,-0.1497774093462778,316.7983731242759,6.022148180690835,2.823334317993776,0.5382992718451812,4.106343038595263,1.1499426023649415,22.7554212567046,0.2999660387338055
SEG_022,2021-01-25,0.0816671526783248,-0.0640088677275283,0.1472565402977151,0.2389336376610614,GOOD,0.2999660387338055,2.60570733066659,-0.4283319530773148,14.367777952982149,2.3802508889031566,2.2402726894623743,0.1787779302063878,4.106343038595263,1.1499426023649415,22.7554212567046,-1.0120744142112317
SEG_022,2021-02-24,0.2714440128130505,-0.4080421647600321,0.4597681956021034,-0.062106553936408,GOOD,-1.0120744142112317,-8.990953352328955,0.102371342943067,23.763418356741177,3.677913269240646,1.7838320148350395,0.1664491190364908,4.106343038595263,1.1499426023649415,22.7554212567046,-0.823281834249717
SEG_022,2021-03-26,0.3020633559670634,-0.0670895154516645,0.1859528212399606,-0.0199692058136634,GOOD,-0.823281834249717,-0.6255418603827181,-0.5935427893465721,38.17211074663791,3.444806807094608,0.6486437890203425,0.1889618514775272,4.106343038595263,1.1499426023649415,22.7554212567046,-0.6843850405130241
SEG_022,2021-04-25,0.1884216476202146,-0.2870471949815287,0.5659053671473055,0.1968832043948858,GOOD,-0.6843850405130241,4.057443883783336,-0.4345613299469133,30.721114893546197,8.1529533211491,1.495670649979781,0.2512568576274011,4.106343038595263,1.1499426023649415,22.7554212567046,-0.0067559369608607
SEG_022,2021-05-25,0.1611347928667367,-0.1357253308408954,-0.1670306800578792,-0.0398109383987381,GOOD,-0.0067559369608607,-5.495864878134206,-0.629222431626018,15.932659007678158,8.641715044447052,0.8473446829232864,0.1409929637519602,4.106343038595263,1.1499426023649415,22.7554212567046,-0.8236460202279929
SEG_022,2021-06-24,0.3118553522491626,0.1460426536245964,-0.0691980286078944,0.1404929078702027,GOOD,-0.8236460202279929,-8.296621350575732,-1.116167977039454,12.279330490918738,8.617830593022141,1.3612149032566505,0.1779551428628577,4.106343038595263,1.1499426023649415,22.7554212567046,-1.2684227486937674
SEG_022,2021-07-24,0.2234610256018326,-0.4629962652773373,-0.1565773602914753,-0.0454277484740559,GOOD,-1.2684227486937674,2.053072744358925,-0.1826585747196361,8.799261094739219,8.820168140067599,2.1201335001924533,0.166949658870472,4.106343038595263,1.1499426023649415,22.7554212567046,0.699733780769502
SEG_022,2021-08-23,0.3297920014579053,-0.4160704589344206,0.241439766199747,0.2468687118994644,GOOD,0.699733780769502,-3.8948972266048303,-0.7731315095473519,32.8715301624385,2.7224503396090887,1.9227067096668973,0.1480322892770351,4.106343038595263,1.1499426023649415,22.7554212567046,0.4728887328330807
SEG_022,2021-09-22,-0.0440338180550435,0.2344804070908466,0.5396419026596719,0.1087830235487733,GOOD,0.4728887328330807,4.245117505093944,0.3631112504789253,12.59040292220231,9.076518898621128,0.9133393436234328,0.0469449909955617,4.106343038595263,1.1499426023649415,22.7554212567046,-1.695529385285116
SEG_022,2021-10-22,0.0646429554832509,0.0843262205812063,0.0509556019697892,0.1993496917008131,GOOD,-1.695529385285116,-3.656965022756713,-1.2114441825924216,308.757712771784,14.759387807521064,2.772587610329568,0.6962109805890042,4.106343038595263,1.1499426023649415,22.7554212567046,-1.0233965225771096
SEG_023,2020-01-01,0.3207364832589392,0.1622234344403543,0.5467634487837931,0.176272982112936,GOOD,0.3058266588398429,-6.404862561861103,-0.3945441933767466,15.46342508455703,9.66786889437537,1.2866085407783046,0.2593804170386432,8.302970978823515,0.2032636311832674,96.6805159339528,-0.8332786721808383
SEG_023,2020-01-31,0.3334764675661247,0.3576471391499251,0.049623913370665,0.2639156399987578,GOOD,-0.8332786721808383,4.669892816013844,-0.9889326199756838,4.512516385436949,8.58166180590796,0.9020121899254518,0.0616059012522478,8.302970978823515,0.2032636311832674,96.6805159339528,-0.8701582249110231
SEG_023,2020-03-01,0.3579454006211677,0.1313527026562716,0.4915205227659864,0.2066963602436467,GOOD,-0.8701582249110231,-9.491774781714769,0.2328891766085408,41.159889019823325,9.523963361483329,1.562735616188525,0.2250317401508674,8.302970978823515,0.2032636311832674,96.6805159339528,0.0113302160027474
SEG_023,2020-03-31,0.2586930089532062,0.3767612272392674,0.4382171794053613,0.2297603462944726,GOOD,0.0113302160027474,-2.40498229119548,-0.7962873068322163,30.105797100525937,8.507424387200338,1.943143667453836,0.2252385052463231,8.302970978823515,0.2032636311832674,96.6805159339528,-1.5944584195835154
SEG_023,2020-04-30,-0.0739505885490298,0.1415925114135415,0.2671407073666487,0.2164077271255815,GOOD,-1.5944584195835154,-3.9900722503577937,-0.2434074535139272,15.686090132523084,2.6578564113872165,0.7476740164994858,0.1076493211435441,8.302970978823515,0.2032636311832674,96.6805159339528,0.2809604260436737
SEG_023,2020-05-30,0.3153106907352081,0.2631627032912742,0.4622643868223913,0.1743013513395672,GOOD,0.2809604260436737,-5.209013061431435,-0.5432690400852884,36.75860544052341,4.085439036695899,1.9190661422653013,0.3205000557626282,8.302970978823515,0.2032636311832674,96.6805159339528,0.7543185977329121
SEG_023,2020-06-29,-0.0006681401863733,-0.085503575447205,-0.1362996715743485,0.2505560051718951,GOOD,0.7543185977329121,3.2651214566518245,-1.0510257330427375,47.40546085796136,9.384898815067409,1.7904715011322772,0.2532500583740251,8.302970978823515,0.2032636311832674,96.6805159339528,-0.887579744718116
SEG_023,2020-07-29,0.3870637858749363,-0.3017337973282996,0.3311350387830121,-0.0324976174539835,GOOD,-0.887579744718116,-3.566449478224732,-0.9796844400577068,4.453063368064486,4.943361232884102,2.283603174883537,0.1685652686436417,8.302970978823515,0.2032636311832674,96.6805159339528,-1.7163212953443223
SEG_023,2020-08-28,0.1175793676575992,0.4199890489003425,0.1083370785752809,0.1694440170948178,GOOD,-1.7163212953443223,0.7034556794701547,-1.1189116694621395,43.096836214293695,8.25697554744499,1.2193763288110464,0.2138069793622846,8.302970978823515,0.2032636311832674,96.6805159339528,0.0185460204255478
SEG_023,2020-09-27,0.3281688638277573,0.1000827864972248,0.5956867049759627,0.0131868980130793,GOOD,0.0185460204255478,-3.7250351331714686,-0.6829517961671423,7.29714260577154,4.321543692119608,0.9447789283525336,0.1443679410159938,8.302970978823515,0.2032636311832674,96.6805159339528,-2.054049309416328
SEG_023,2020-10-27,0.0848188697654868,0.1842670861425664,0.1123477002767086,-0.0958719030950021,GOOD,-2.054049309416328,-5.151310305178259,-0.1139528841144634,334.34262246348624,12.706687592476335,3.3773362199334227,0.8730834090567645,8.302970978823515,0.2032636311832674,96.6805159339528,0.5965668151257724
SEG_023,2020-11-26,-0.0523602889589966,-0.4412476863554671,-0.0004237134906788,-0.0060634241374361,GOOD,0.5965668151257724,4.951091551002985,0.3786438803492715,348.3604922153981,6.785856527660248,2.134813948429306,0.2140828494691601,8.302970978823515,0.2032636311832674,96.6805159339528,0.7773449899584564
SEG_023,2020-12-26,0.2098289384727838,-0.1974926443582485,0.0552271329174623,0.0483604852325863,GOOD,0.7773449899584564,-1.606594170504252,-0.3390261802170839,313.0145826078454,6.029973774721611,2.4028041773874245,0.3785048566553783,8.302970978823515,0.2032636311832674,96.6805159339528,-1.8807054689035936
SEG_023,2021-01-25,0.058658693396507,0.0304238008926037,-0.1723838393809988,-0.0532631775341343,GOOD,-1.8807054689035936,-8.081927578984505,0.2433591183032315,41.74020189084137,7.982586941754353,1.9421233771815016,0.0776922270275817,8.302970978823515,0.2032636311832674,96.6805159339528,0.5903217909383013
SEG_023,2021-02-24,0.2064657853155924,0.2615639189386135,-0.0626178535426005,0.0252041263454418,GOOD,0.5903217909383013,-5.266856208048474,0.4891301317702945,38.18377068268161,3.210117969255132,2.1303250461039376,0.271793717216291,8.302970978823515,0.2032636311832674,96.6805159339528,-1.2991501275698405
SEG_023,2021-03-26,-0.0733889058645071,-0.3513791929590169,-0.093125508987701,-0.085655100732304,GOOD,-1.2991501275698405,0.5894429386183067,-0.6271402669545407,49.76008716790945,9.41765072911446,0.8804756361117614,0.1990192525696907,8.302970978823515,0.2032636311832674,96.6805159339528,-1.6999402121251268
SEG_023,2021-04-25,0.1425997572308767,-0.0070114499889993,0.4612545158549215,0.2467517201544455,GOOD,-1.6999402121251268,-8.596331826925237,0.2363462192433543,9.032748205570002,3.346360012885132,1.5467183028027374,0.1680029735146924,8.302970978823515,0.2032636311832674,96.6805159339528,-0.3767260188207569
SEG_023,2021-05-25,0.192838700906918,0.0835473909825424,0.5744646191873635,0.1104061626399982,GOOD,-0.3767260188207569,-3.753715129150466,-1.3463290744102383,38.41267134923889,7.415268128770901,2.1874093559253347,0.14773555728017,8.302970978823515,0.2032636311832674,96.6805159339528,0.4428003912603973
SEG_023,2021-06-24,0.240319704718854,-0.1058301972332723,0.2313046480434655,0.2804879400314984,GOOD,0.4428003912603973,-7.693367969743032,-1.337873526510102,41.53496127862731,7.276314585200255,1.4536082106461294,0.300050281367281,8.302970978823515,0.2032636311832674,96.6805159339528,-1.0846740210320462
SEG_023,2021-07-24,-0.0970973196274529,0.4697705138016268,0.2905554813156154,0.2803583873900831,GOOD,-1.0846740210320462,0.9731782600083676,-0.0313608809280641,47.87013895699138,6.553267486650955,1.0547319953003584,0.1048091312169477,8.302970978823515,0.2032636311832674,96.6805159339528,-0.9201916132170138
SEG_023,2021-08-23,0.061585423343431,-0.444464976014197,-0.2363483198550299,0.2807600754567728,GOOD,-0.9201916132170138,-4.017122545633775,-1.1439783984410743,48.252465490578665,8.924124085838631,0.8912400733228747,0.2734522113719373,8.302970978823515,0.2032636311832674,96.6805159339528,-1.654488116079646
SEG_023,2021-09-22,0.289746272572861,-0.2150641110005379,0.3773027096613436,0.1616257195297916,GOOD,-1.654488116079646,-2.6373235358558125,-0.6352831611649801,40.3176597959175,4.4808104576906125,1.592619186346766,0.052327843114505,8.302970978823515,0.2032636311832674,96.6805159339528,-0.903441088219118
SEG_023,2021-10-22,0.3160264371613295,0.0126532256593648,0.1406607322461766,0.2541652154567525,GOOD,-0.903441088219118,-1.554143845996924,-0.653858839121128,337.8245321745188,8.487954876913786,2.7518422676008694,0.6192374214755479,8.302970978823515,0.2032636311832674,96.6805159339528,-0.154298941832537
SEG_024,2020-01-01,0.351451809333297,0.3415379542757086,0.1707828513157264,0.0181926535622349,GOOD,-1.869594151641789,-8.85201220393531,-1.4098101926831228,5.381608572099944,5.399308169664109,0.6928424430691473,0.1526174105223434,9.118473254998584,2.440295689343862,14.860653865476126,-1.715041348038122
SEG_024,2020-01-31,0.026690165532595,-0.245139795649291,-0.2264073946194195,0.1013778269775768,GOOD,-1.715041348038122,-0.076325148767351,-1.14089560827349,9.11040672768273,5.143658700302763,0.8523271318488362,0.2663075830856537,9.118473254998584,2.440295689343862,14.860653865476126,-1.2345415823712311
SEG_024,2020-03-01,0.193604194090123,-0.045001851339979,0.3032338798415147,0.1495241576666655,GOOD,-1.2345415823712311,4.500794401553861,0.2426896364987791,9.359586690019206,3.480699126614363,1.7396029852245585,0.1684341772056739,9.118473254998584,2.440295689343862,14.860653865476126,-1.5719555258746294
SEG_024,2020-03-31,-0.0468346706263761,0.0343760029816271,-0.2947376373749937,-0.0533286958536368,GOOD,-1.5719555258746294,-2.843201891314646,-0.1163875400261345,43.43902604941915,9.726430460467746,1.75147747813337,0.2368030259631976,9.118473254998584,2.440295689343862,14.860653865476126,-0.8768582244768073
SEG_024,2020-04-30,0.3869609460858435,-0.1392712169091233,0.3064228286357778,0.1761173417422243,GOOD,-0.8768582244768073,-5.460150120299109,-1.249821020139546,0.6937959010906825,2.895300019739164,0.7712276195682708,0.2930639726500617,9.118473254998584,2.440295689343862,14.860653865476126,-0.2077237496384493
SEG_024,2020-05-30,0.0046147401672496,0.1486232217040224,0.284765843433158,0.0743153895201972,GOOD,-0.2077237496384493,1.850173049261704,-1.1181710945651897,15.045893479034728,5.707404443512299,1.5545884433652828,0.1418052904872761,9.118473254998584,2.440295689343862,14.860653865476126,0.5627787870042565
SEG_024,2020-06-29,-0.0237888800398216,0.2025981057082558,0.5674801836650234,0.0885956794608466,GOOD,0.5627787870042565,-1.2216059592407582,-1.0973231599505038,28.47152308726712,8.670708262427652,0.6428254675994904,0.0281517351040181,9.118473254998584,2.440295689343862,14.860653865476126,-0.2755223363006662
SEG_024,2020-07-29,0.2565464073113648,0.4794869379377804,0.4637546349028712,0.1948313253482021,GOOD,-0.2755223363006662,-1.6854321212664587,-0.9184509361234724,24.37482565629496,5.888807684979184,1.638722865477004,0.223164639492906,9.118473254998584,2.440295689343862,14.860653865476126,-0.8018531490959023
SEG_024,2020-08-28,0.3083446184830151,-0.0120985043651925,0.3428612958985135,0.1113235235781063,GOOD,-0.8018531490959023,-5.262247746446467,-1.3729788621090522,44.643859806768695,5.337099664756095,1.4814741241741207,0.2075446268122721,9.118473254998584,2.440295689343862,14.860653865476126,-1.517292555100446
SEG_024,2020-09-27,0.073382056684514,0.197514440389201,-0.2812737677603953,0.0152043125814471,GOOD,-1.517292555100446,-4.8422891529525804,-1.0357937737161529,10.985117252043896,9.272561233340149,1.3843152883728989,0.2706543427264655,9.118473254998584,2.440295689343862,14.860653865476126,0.458176537550864
SEG_024,2020-10-27,0.2284790682363036,-0.3688414329053954,-0.035945362219993,0.1845540743779278,GOOD,0.458176537550864,2.4962111869302,-0.1537854127213331,336.7292316109894,13.367781309624007,3.38456685756751,0.8428799644452668,9.118473254998584,2.440295689343862,14.860653865476126,-1.712468520810172
SEG_024,2020-11-26,0.0412286076348183,0.2492543018325559,0.3003508071199117,-0.0483613783917096,GOOD,-1.712468520810172,-0.91376489115666,-1.29819254884895,320.799218096977,9.950137883050743,2.1991625969595874,0.5393604910160078,9.118473254998584,2.440295689343862,14.860653865476126,0.4603213971760451
SEG_024,2020-12-26,-0.0909347021624939,0.380906106984675,0.0213394873532284,-0.0365578139581835,GOOD,0.4603213971760451,3.416862059773381,-1.4360599844632218,303.1832793123032,5.444963700411873,1.5204430545759038,0.0617770754680429,9.118473254998584,2.440295689343862,14.860653865476126,0.6107313776197324
SEG_024,2021-01-25,0.0289110705020383,-0.1596757860117719,0.0197168789240457,-0.0813294566568884,GOOD,0.6107313776197324,-5.987631466651221,-1.1976432524113634,34.506779117023825,6.123099541919796,1.593867090722614,0.1771362856619272,9.118473254998584,2.440295689343862,14.860653865476126,-1.7749876316612183
SEG_024,2021-02-24,0.1189133532307553,-0.0428643601935573,0.4574372766925983,-0.0556276620189554,GOOD,-1.7749876316612183,-0.8414118428167878,0.0643125155327826,47.36917469720097,8.588881824163966,0.9336069951911694,0.1693433525026746,9.118473254998584,2.440295689343862,14.860653865476126,-0.7384388813816898
SEG_024,2021-03-26,0.335434737076559,0.4109857705357553,-0.1586707073784296,0.0168491950874428,GOOD,-0.7384388813816898,-2.411550749273116,-0.0348962117658151,4.964711947104234,7.176743767484242,1.2538817344305284,0.1283426714203222,9.118473254998584,2.440295689343862,14.860653865476126,0.3425761379361224
SEG_024,2021-04-25,0.1195542304576809,-0.0842501612810843,0.3921298474515139,-0.001873574153145,GOOD,0.3425761379361224,-4.880198953290475,-0.4899545435419412,4.261693084990837,4.9794908592223965,1.9717058554535287,0.2079038959606776,9.118473254998584,2.440295689343862,14.860653865476126,0.3388065104329837
SEG_024,2021-05-25,-0.0241943927362328,0.2535071710471084,0.0795499884224993,-0.0087271984279325,GOOD,0.3388065104329837,-3.798858718795323,-0.6813813612153343,22.9376531957986,8.819123835334498,1.957909121524382,0.178754114717396,9.118473254998584,2.440295689343862,14.860653865476126,-1.74864164910724
SEG_024,2021-06-24,-0.0272078470507567,-0.4900512865362635,0.4256221791030005,0.2774571361231243,GOOD,-1.74864164910724,-5.277931421810665,0.4638898487742637,8.21623408573578,2.491746627883092,1.6506937483897213,0.136797302777442,9.118473254998584,2.440295689343862,14.860653865476126,-0.08306168010574
SEG_024,2021-07-24,0.3512555657869475,-0.4421901704539882,0.2684468059393939,0.1853478068085633,GOOD,-0.08306168010574,-2.2033245519554834,-0.9085511502727076,20.100140901574058,7.446965259360694,1.5870019441150158,0.1634991253052841,9.118473254998584,2.440295689343862,14.860653865476126,0.6870820247323507
SEG_024,2021-08-23,0.3546154266005655,-0.4920977664962146,-0.0481973297134961,0.1111166942429573,GOOD,0.6870820247323507,0.5044259582390715,-0.6076218985933164,10.25667856916031,6.355402328035812,1.979591369276936,0.249239017804116,9.118473254998584,2.440295689343862,14.860653865476126,-1.1651528595513274
SEG_024,2021-09-22,0.3438374482535983,0.2815630931314602,0.0640551350851378,-0.0210816982955495,GOOD,-1.1651528595513274,-9.44544741465522,-0.8310141505301962,36.25493411678096,7.92041777848456,0.9679968552202344,0.3099801484003525,9.118473254998584,2.440295689343862,14.860653865476126,-1.6618819090470824
SEG_024,2021-10-22,-0.0535902160716369,0.0517858513612479,0.1692022786038963,0.2028185297122165,GOOD,-1.6618819090470824,-9.581631620565132,0.0931973984827494,329.62518008749566,3.930718233122168,2.229092399652169,0.3724441368545352,9.118473254998584,2.440295689343862,14.860653865476126,-1.4300573124080769
SEG_025,2020-01-01,0.3471694489476807,0.1277443518155853,0.1799597908559901,0.1382195658500131,GOOD,-1.005548317535668,-5.731967575819526,0.0695785256487016,35.74272341011678,7.379470416305749,1.7977653589275286,0.1944288857418746,9.838030343822572,4.046399054335166,98.90000788986222,-1.7307998379384202
SEG_025,2020-01-31,0.0639234815405749,0.0823690458577517,0.440558450674225,0.0445070131251501,GOOD,-1.7307998379384202,0.6746063112123455,0.1568752588637612,4.097358171734439,2.4975493803552817,1.9318172777979503,0.1348719473167746,9.838030343822572,4.046399054335166,98.90000788986222,-0.8602689831835247
SEG_025,2020-03-01,0.0846471081555725,0.0262556031551487,0.2294155121078461,0.1075779997671387,GOOD,-0.8602689831835247,-6.04459435668173,-0.502345388584418,21.171109749567425,5.520639639438262,2.075019046313756,0.1692944672616945,9.838030343822572,4.046399054335166,98.90000788986222,-1.7091716843664413
SEG_025,2020-03-31,0.3119059151516957,-0.3556538186536291,-0.1855884199121001,0.1844602270654225,GOOD,-1.7091716843664413,0.5678702719344351,0.2265433151891991,5.902907883551234,3.7011403116841537,1.5993423358774186,0.3050228585159444,9.838030343822572,4.046399054335166,98.90000788986222,-1.7318076718385873
SEG_025,2020-04-30,0.0846660298172285,0.4518217527774427,0.241440192364797,0.0634479436586384,GOOD,-1.7318076718385873,-1.4235286836038643,-1.419435716826059,7.665225534790087,4.971738833482538,2.3641579761005964,0.2117031463104526,9.838030343822572,4.046399054335166,98.90000788986222,0.6341662311009619
SEG_025,2020-05-30,0.295601850535234,-0.3578601942673884,0.2306618197231089,-0.080539581367908,GOOD,0.6341662311009619,3.335858093591291,-1.0688370885986518,40.956253461413205,5.910349249964103,0.8778620744682629,0.1474778751879137,9.838030343822572,4.046399054335166,98.90000788986222,0.2570053929645466
SEG_025,2020-06-29,0.1087875771566347,0.0730590917892893,0.2091875784630847,0.26011491518564,GOOD,0.2570053929645466,-2.871586773418638,-0.0599330092417678,30.285485510829684,8.095609851987497,1.605316406284,0.2314554786643755,9.838030343822572,4.046399054335166,98.90000788986222,-0.0514860018786314
SEG_025,2020-07-29,0.1245373694188244,0.3663455525626551,-0.0073053421051542,0.219924648477943,GOOD,-0.0514860018786314,-3.855575093563447,-1.0343554332815943,19.769856460019152,6.327955606330615,2.117090994660214,0.2499973356379163,9.838030343822572,4.046399054335166,98.90000788986222,0.3148850648630255
SEG_025,2020-08-28,0.2229582648297022,0.3659535733283666,0.3364877635413681,0.1287979174557602,GOOD,0.3148850648630255,0.6109827356988262,-0.3779112898534584,6.189080567625976,6.474822585889818,1.083005217788387,0.2414868580754613,9.838030343822572,4.046399054335166,98.90000788986222,0.6329072824137708
SEG_025,2020-09-27,-0.073562807003808,0.0702443832289709,-0.1295437144078112,0.0903342768628561,GOOD,0.6329072824137708,-8.195752353416264,0.3723636199811015,8.987170071295186,2.15178866833225,1.910877802310538,0.1413542321857552,9.838030343822572,4.046399054335166,98.90000788986222,-1.147415255403367
SEG_025,2020-10-27,0.3438279143704204,-0.0557705306660537,0.4262289217128565,0.1427419284594987,GOOD,-1.147415255403367,-9.32524534037638,0.223948671428096,301.1631624176936,5.4961393583123686,2.5336400398159045,0.7364238439255528,9.838030343822572,4.046399054335166,98.90000788986222,-1.7265884588882232
SEG_025,2020-11-26,0.0285888965838591,-0.3853553758577547,-0.2105997302561898,-0.032737602933193,GOOD,-1.7265884588882232,-6.166682120229525,-1.320742873039434,315.33971091813027,5.258211474335704,1.3885514427154702,0.3768010340469588,9.838030343822572,4.046399054335166,98.90000788986222,-0.924176912096857
SEG_025,2020-12-26,-0.0864144037913508,-0.4414982177464341,0.050945740110202,0.0280165855361835,GOOD,-0.924176912096857,-5.1367331380470524,-0.7489736833933367,341.3870699329308,2.9677301080154246,1.454420579391346,0.4106593047422706,9.838030343822572,4.046399054335166,98.90000788986222,-1.876706973974703
SEG_025,2021-01-25,0.1464897204511659,0.2523899786503706,0.0465438116671244,-0.053967451246716,GOOD,-1.876706973974703,-3.027647001320004,-0.6858470728180079,24.20857549790533,5.2599503179515175,1.0850223143786124,0.2709958315012093,9.838030343822572,4.046399054335166,98.90000788986222,0.3287265861131732
SEG_025,2021-02-24,0.3817373439154501,0.1750974290185377,-0.0783155136802758,0.1218829800234762,GOOD,0.3287265861131732,-5.430807370516028,-0.686508157164123,4.195417779042515,7.086391955639861,0.9128492556210792,0.2366478606844354,9.838030343822572,4.046399054335166,98.90000788986222,0.6971476734534855
SEG_025,2021-03-26,0.3926543577320438,0.2820236626651993,0.1837820668321204,0.0695009826462033,GOOD,0.6971476734534855,-3.2238699821615127,-1.497997882773821,23.23260268610509,8.6349742782551,1.0831962704342917,0.2541451960798107,9.838030343822572,4.046399054335166,98.90000788986222,-0.8595937498531634
SEG_025,2021-04-25,0.3667534080215197,-0.0178137401245316,0.2380809763506058,0.2357950886487894,GOOD,-0.8595937498531634,-4.728731195356101,-0.2355861185080687,29.257958323018325,6.082627372819858,0.5684442681535664,0.1479234581920941,9.838030343822572,4.046399054335166,98.90000788986222,-0.3868709132859841
SEG_025,2021-05-25,0.0503191742662902,-0.1046950988588534,-0.1893207315545656,-0.0441398926822132,GOOD,-0.3868709132859841,-5.808125524415156,-0.636075135903803,30.52226547331372,9.659337389591728,1.20268854389989,0.2265132516642759,9.838030343822572,4.046399054335166,98.90000788986222,0.9148023158415984
SEG_025,2021-06-24,0.0306802666918945,0.2526940011065758,0.1074462730118022,-0.0016286860040515,GOOD,0.9148023158415984,-4.875552928750527,-0.5804013168961901,29.975683364442453,2.126996929288997,1.6748216931123774,0.1841102993941213,9.838030343822572,4.046399054335166,98.90000788986222,0.685599780295723
SEG_025,2021-07-24,0.1382644750337274,0.4014449939845398,0.3054357637180567,0.0652652131193597,GOOD,0.685599780295723,0.5494951258201191,0.0249304829953771,26.90657268507361,8.298441879553812,1.4744649195701958,0.0158322254205923,9.838030343822572,4.046399054335166,98.90000788986222,0.4352489899089342
SEG_025,2021-08-23,0.3160419323148451,0.1716130781559405,0.305021321856037,0.0411978929401606,GOOD,0.4352489899089342,2.412002526370159,-0.7840685190744545,8.85933184591896,8.143726754896026,1.5579242097789203,0.0066378784758174,9.838030343822572,4.046399054335166,98.90000788986222,-1.2028658017172291
SEG_025,2021-09-22,0.3681239247060971,-0.055422343243932,-0.1006313117680699,-0.0920873321341842,GOOD,-1.2028658017172291,3.820980344995608,-0.7843579621387768,4.498325964913075,6.9075416699192855,1.1398448114157764,0.2175927110277595,9.838030343822572,4.046399054335166,98.90000788986222,0.0037750477196376
SEG_025,2021-10-22,0.1469043357942122,-0.1370008212566671,-0.0473192777964914,0.2618030360461703,GOOD,0.0037750477196376,-6.863705179787942,-1.1078264119585823,341.05617353261863,5.168689436372907,2.2733902363200453,0.3012268013072045,9.838030343822572,4.046399054335166,98.90000788986222,-0.5515849594671429
SEG_026,2020-01-01,0.3959756768115264,0.1929858153889659,0.1796473656074024,0.0011684288998852,GOOD,-0.3874499399438946,-3.1911081446012526,0.375780737804092,32.04831431549034,9.544593790175322,0.8489856830987088,0.2962284605823357,5.469259615425312,3.933038272292965,19.185154771556835,-0.9588392878522236
SEG_026,2020-01-31,0.3975532382982816,-0.2259644037357144,0.312156127888454,0.086634691046401,GOOD,-0.9588392878522236,1.3853257198033475,0.2676048833313624,11.227410304160657,4.223464245700328,1.30311237228179,0.1589800068612623,5.469259615425312,3.933038272292965,19.185154771556835,0.2118166084416065
SEG_026,2020-03-01,-0.0026959302473596,-0.4181910985700902,0.2146376552202225,-0.0898512244514684,GOOD,0.2118166084416065,4.671434166604536,-0.6523594862554121,3.722018345071082,3.99987329225998,0.7487860765351392,0.0629866569881606,5.469259615425312,3.933038272292965,19.185154771556835,-0.1837081436615219
SEG_026,2020-03-31,-0.0516369513128968,-0.0200335798267354,0.4272531667472508,0.1370123082316544,GOOD,-0.1837081436615219,-4.9854619606762105,-0.9991810583002334,5.392032665601565,3.9068737005473766,1.261600826672421,0.1110457219509326,5.469259615425312,3.933038272292965,19.185154771556835,0.2589368658888691
SEG_026,2020-04-30,0.2970555597422408,0.4435475772091063,0.3981745246050374,0.1478266222433134,GOOD,0.2589368658888691,-0.6197686366972128,-0.3421310614820365,4.276734953569461,2.485495562357567,0.6834508953538738,0.1160300396469589,5.469259615425312,3.933038272292965,19.185154771556835,-1.180355992444757
SEG_026,2020-05-30,-0.0674858906021481,-0.3724642093330456,0.5272042089860765,0.0767673613273764,GOOD,-1.180355992444757,-0.6072218233526883,-1.3684194817866746,33.8782228737287,6.474064412844368,1.2814520131963447,0.2119218399470657,5.469259615425312,3.933038272292965,19.185154771556835,-1.977763388317052
SEG_026,2020-06-29,0.2759816788550764,-0.2668880159811472,0.2396182679290123,0.1638896126270537,GOOD,-1.977763388317052,-4.241199627793311,0.0903293554202575,43.99690837420921,6.953844434099073,1.0477568128951111,0.2028498106742168,5.469259615425312,3.933038272292965,19.185154771556835,-0.2927675907514916
SEG_026,2020-07-29,0.1270383816853645,-0.171806331069668,-0.1267668143122947,-0.0589241385093672,GOOD,-0.2927675907514916,-8.986832917531599,0.0788328474876203,9.680727088589212,6.585697062372065,1.7692172584961043,0.1765258824470175,5.469259615425312,3.933038272292965,19.185154771556835,-1.8606271517656567
SEG_026,2020-08-28,0.2623115182699668,-0.0553756863927588,-0.081162769914378,0.2188102336051189,GOOD,-1.8606271517656567,-5.32499712878589,-0.6283037437032799,47.98706756968236,8.034989080294586,1.1351851617400244,0.2444055025670873,5.469259615425312,3.933038272292965,19.185154771556835,-2.053304039400225
SEG_026,2020-09-27,-0.0262954686972358,-0.1913255855193028,0.0086102840450222,0.047531998068902,GOOD,-2.053304039400225,-1.2034013132367125,-0.1433992513328734,2.865882306317741,6.056862939547526,2.062960660438424,0.2958197474049137,5.469259615425312,3.933038272292965,19.185154771556835,-1.1863747991907696
SEG_026,2020-10-27,-0.0022964351754234,-0.2996280965167672,0.5176501965607336,0.2141055228364579,GOOD,-1.1863747991907696,0.0179020847072877,-0.1104368464374394,349.0961627913275,6.798098426605096,1.8408404325369387,0.4533310621103068,5.469259615425312,3.933038272292965,19.185154771556835,-0.113958283783504
SEG_026,2020-11-26,0.2080515686408861,-0.0813047116352688,-0.15394801203636,0.081720837581472,GOOD,-0.113958283783504,-9.367117751844525,-1.061188237071729,300.1848536129173,8.784200709654126,2.7715407935613845,0.8952359148201054,5.469259615425312,3.933038272292965,19.185154771556835,-1.5035604390459911
SEG_026,2020-12-26,0.2672930887652501,0.45258822899053,-0.0016364013661133,0.1960325550315136,GOOD,-1.5035604390459911,-7.236332316761727,0.4797560871649591,318.1408572978869,2.5898492549590264,1.0230644627923502,0.2142530904194515,5.469259615425312,3.933038272292965,19.185154771556835,-1.940000901718976
SEG_026,2021-01-25,-0.0027982777679913,0.0856863924317714,0.3889794612222784,-0.0824380696555696,GOOD,-1.940000901718976,-7.032625084657124,-1.1517067817010729,44.269111477583216,7.750693391220839,1.125956725682799,0.1573931854937832,5.469259615425312,3.933038272292965,19.185154771556835,0.0145029939124869
SEG_026,2021-02-24,-0.089253985970924,0.3428814207150682,0.5195840551783977,-0.0916024958150216,GOOD,0.0145029939124869,-4.316158631272333,0.0748281610758829,5.5484504768190055,9.488912833347165,1.0290251393817405,0.07659661550288,5.469259615425312,3.933038272292965,19.185154771556835,0.5640426081710987
SEG_026,2021-03-26,0.2304543576067678,0.4411617556730414,0.579391661428813,0.2990779656863325,GOOD,0.5640426081710987,3.175817546726257,-1.3692449611649913,7.221612290562357,9.393243737864177,2.016142282883836,0.1678543016768022,5.469259615425312,3.933038272292965,19.185154771556835,-1.8992339758588992
SEG_026,2021-04-25,0.0871276509685501,0.0995491626079392,0.5792833862642097,-0.0021801444261861,GOOD,-1.8992339758588992,-0.7595798834421625,-1.121795671367117,26.773417105593804,8.316702315125877,1.1427991185225477,0.0711630797161791,5.469259615425312,3.933038272292965,19.185154771556835,-1.4518484715082625
SEG_026,2021-05-25,0.3364257459583079,0.3515026383718064,0.5715458767538815,0.254333715108009,GOOD,-1.4518484715082625,-8.778884472176596,-0.5586654127985655,33.17510992843153,2.518984327759357,1.58116547610017,0.2775595148004304,5.469259615425312,3.933038272292965,19.185154771556835,-0.9428709924123186
SEG_026,2021-06-24,0.1545792586142796,-0.0014122238837751,0.1178405498050053,0.0287292531504835,GOOD,-0.9428709924123186,0.4176451060880399,-0.0687002546228188,24.739601267039085,4.14668366796891,1.3594477315069209,0.2874484950177871,5.469259615425312,3.933038272292965,19.185154771556835,-0.8706983358352823
SEG_026,2021-07-24,-0.0816977560251966,-0.2804737173401965,-0.1172995529556866,0.2452673054766195,GOOD,-0.8706983358352823,-5.41001445520414,0.2774178590935909,28.568519337925807,9.483991255905128,1.2947540815300402,0.2035476142235826,5.469259615425312,3.933038272292965,19.185154771556835,-0.6176736983535889
SEG_026,2021-08-23,-0.057985925320357,-0.0554946845857745,0.0164174564716205,0.1335848898921695,GOOD,-0.6176736983535889,-0.6831127029239425,-0.6477953128345133,23.377549436876794,5.271622202844139,1.7604888241511858,0.0848969356332982,5.469259615425312,3.933038272292965,19.185154771556835,-1.7909815595963476
SEG_026,2021-09-22,-0.0102171344992202,-0.2662096003768975,0.2808193673811822,0.0436371740742798,GOOD,-1.7909815595963476,2.6390508378034347,-0.4744180210433619,32.18271996012293,8.286986367489394,2.042857249464837,0.0808611702000535,5.469259615425312,3.933038272292965,19.185154771556835,-1.1275275904274318
SEG_026,2021-10-22,-0.0808593074007852,-0.2996934031415147,-0.1230183094173924,0.0316965170205343,GOOD,-1.1275275904274318,2.233471695536693,-0.1329213403843607,313.7232278252551,7.645141101123931,2.139690912718113,0.2567599613904159,5.469259615425312,3.933038272292965,19.185154771556835,0.0907348892227139
SEG_027,2020-01-01,0.0134631511693294,0.249137075318955,0.1269944266256009,0.1063301401943076,GOOD,0.3181734162203065,1.3643194886377064,-0.0549792973041876,23.070056863374845,8.335319106929056,1.128614364264413,0.101170156018221,5.370146244005181,3.8296866324714975,14.928114313979536,-0.9529126046399948
SEG_027,2020-01-31,0.2489706345561439,-0.2904152464964926,0.1049747419927247,0.1233787269297363,GOOD,-0.9529126046399948,-1.3373732707928632,-1.2433087184194933,47.167700058894255,2.0774492323279503,2.023654503859908,0.2900807468715403,5.370146244005181,3.8296866324714975,14.928114313979536,-0.4211702050539662
SEG_027,2020-03-01,0.1095736579065,0.1857628058837814,0.0630318454396531,0.2114573618487078,GOOD,-0.4211702050539662,-5.108807282117558,-1.45352031934891,39.26789053984321,9.377153524108811,0.8664657559697422,0.2448990678409485,5.370146244005181,3.8296866324714975,14.928114313979536,0.9074912934536976
SEG_027,2020-03-31,0.2149196535317069,0.1030027859937562,0.2470535443461749,0.2467779022183593,GOOD,0.9074912934536976,-6.936930721771792,-0.7187277069135123,26.724529037786212,3.5067094251380952,0.7950577454309046,0.1667430868990583,5.370146244005181,3.8296866324714975,14.928114313979536,-1.9489760703181915
SEG_027,2020-04-30,0.347371897491237,-0.4067584933979536,-0.2061181403145419,0.1211627101231696,GOOD,-1.9489760703181915,0.3353682462160172,-0.5227733548456654,9.334605261310465,2.5559282846060576,2.12510596464904,0.1290091763691528,5.370146244005181,3.8296866324714975,14.928114313979536,-1.5078267920672472
SEG_027,2020-05-30,0.2297849466070372,-0.4300205673674965,-0.248292137445606,0.1074126720757695,GOOD,-1.5078267920672472,2.895610210651059,-0.6782775313987544,7.8517727515083235,2.8859515863143006,1.3978952992265077,0.1329365366340088,5.370146244005181,3.8296866324714975,14.928114313979536,-0.7102742700667009
SEG_027,2020-06-29,0.3775483828171622,0.3656994939333177,-0.1830609449490595,-0.0177291980094993,GOOD,-0.7102742700667009,0.645074210851563,-0.5504399514379912,30.185472434420653,9.51323403777562,1.4087431263927848,0.1114970827519392,5.370146244005181,3.8296866324714975,14.928114313979536,-0.8707728492569168
SEG_027,2020-07-29,0.0377204887632382,-0.4925566912361598,-0.1715772107157228,-0.0744119828206818,GOOD,-0.8707728492569168,2.113487487305715,-0.4482869903908453,45.51512694702635,9.033915131745257,1.4642412116946708,0.2248002991173415,5.370146244005181,3.8296866324714975,14.928114313979536,0.0612147299046073
SEG_027,2020-08-28,0.0439558924969253,0.3809940734423388,0.1106759616144273,0.1801266158897861,GOOD,0.0612147299046073,-5.538269088667963,-0.2739449765767217,40.49923824140574,3.401010299626157,1.168618510706784,0.2979594378033559,5.370146244005181,3.8296866324714975,14.928114313979536,-0.8926704425161589
SEG_027,2020-09-27,0.1289140760327316,0.4108330954542758,-0.134900112981574,0.1274461063609545,GOOD,-0.8926704425161589,4.185310420803479,-1.0206094848283855,43.52697959465244,4.190210216197719,1.7354223860758315,0.1756969505732033,5.370146244005181,3.8296866324714975,14.928114313979536,0.5190209988669339
SEG_027,2020-10-27,0.2490219962840443,0.222409389184674,-0.1044706179360835,0.097395030889744,GOOD,0.5190209988669339,-1.707641580563342,0.4906327630390534,303.8266818059224,7.841796487831761,3.482401287576211,0.7982396940545313,5.370146244005181,3.8296866324714975,14.928114313979536,-0.1420108493831258
SEG_027,2020-11-26,0.0263833090937587,0.0060645717727777,0.1159507380727386,-0.0707218031917017,GOOD,-0.1420108493831258,1.2460421169441886,-0.737688864117001,337.2978718576363,8.846185159349655,1.996883458542378,0.3628962589948806,5.370146244005181,3.8296866324714975,14.928114313979536,-1.85262984489578
SEG_027,2020-12-26,0.3585684878247998,-0.1728896374233397,0.3738084250526203,0.0939036949317365,GOOD,-1.85262984489578,-1.7735718946506154,-1.015412781930245,347.5009212038382,3.122046081470711,1.9600054684051276,0.2600586801734044,5.370146244005181,3.8296866324714975,14.928114313979536,-0.844510403115224
SEG_027,2021-01-25,-0.0909669361748228,-0.3994848789480582,-0.0352698116620165,0.1138615332288935,GOOD,-0.844510403115224,-8.836220502325281,0.027178093958059,33.86915708826939,3.227971818486332,1.1053661227398266,0.0706287419575586,5.370146244005181,3.8296866324714975,14.928114313979536,0.4310909932803705
SEG_027,2021-02-24,0.2375220653872892,-0.2838335004295548,0.3270681272669166,0.2346004564606857,GOOD,0.4310909932803705,-0.384817161127188,-0.0671791335934341,44.85049400582659,5.1249471122233095,0.97626431452524,0.0159942265039019,5.370146244005181,3.8296866324714975,14.928114313979536,-1.2848456040390537
SEG_027,2021-03-26,0.286204847609235,0.2671142384539399,0.5359384970719352,0.0498578813933026,GOOD,-1.2848456040390537,-8.629203548725124,-0.656634538949368,49.46453124827145,4.696933139593991,0.7900940227464225,0.1345364083381045,5.370146244005181,3.8296866324714975,14.928114313979536,-1.5209150199877992
SEG_027,2021-04-25,0.3411430287979662,0.2969241651548823,0.4474055997855803,-0.0328468450188294,GOOD,-1.5209150199877992,-3.7647998505271865,-1.2846323428209971,16.35707330803557,6.496432937788154,0.8725484447219083,0.0767147193868809,5.370146244005181,3.8296866324714975,14.928114313979536,-1.5333055920490823
SEG_027,2021-05-25,0.3694616139973711,-0.3791960386007418,-0.1075980119757594,0.0426305303673977,GOOD,-1.5333055920490823,-3.967907653675293,-0.8675195572975074,19.45933297752139,5.670207453971874,0.815705487467111,0.2496894028701018,5.370146244005181,3.8296866324714975,14.928114313979536,-0.2683872100983776
SEG_027,2021-06-24,0.0844899805036892,-0.4326687314699586,-0.1032952303440336,0.0206136994586739,GOOD,-0.2683872100983776,4.746537393757063,-1.2963728202502265,26.809076514564367,9.924250300063129,2.035675548787202,0.1382830213771278,5.370146244005181,3.8296866324714975,14.928114313979536,0.8211970880981141
SEG_027,2021-07-24,0.1999335725767697,0.4814158948575997,0.3266838293500907,0.1711602089540761,GOOD,0.8211970880981141,0.4058111607579242,-0.8359069053034329,31.76767258410017,9.071736257530755,1.3605643444130575,0.3237563951941822,5.370146244005181,3.8296866324714975,14.928114313979536,-0.1264371736445247
SEG_027,2021-08-23,0.0675526090623765,0.1085333221562449,0.2265332229734987,0.0529485598535124,GOOD,-0.1264371736445247,-6.513617839282002,-0.3250629051830005,49.419043218080574,3.860847235990368,1.6173751634762952,0.2564967459113403,5.370146244005181,3.8296866324714975,14.928114313979536,-0.907313977386506
SEG_027,2021-09-22,0.2689566419590184,0.2572457435991296,0.2577896056432326,-0.0760307933761016,GOOD,-0.907313977386506,-5.55077904440331,-1.1966588292159448,10.21926650480885,2.303253724459646,2.008653160799452,0.1690308183098859,5.370146244005181,3.8296866324714975,14.928114313979536,-0.191456601791387
SEG_027,2021-10-22,0.2696278180082585,-0.1713101481328383,-0.0496862010226787,0.1574408286421622,GOOD,-0.191456601791387,-2.1869071060665224,0.4551350089146702,332.40232125398165,9.307640835675652,2.4272929931504086,0.9260881669935256,5.370146244005181,3.8296866324714975,14.928114313979536,-1.4206209873185216
SEG_028,2020-01-01,0.2171834796369543,-0.3584679891297629,-0.116201988510751,-0.0632962430307989,GOOD,-0.2413545910914941,2.4683131793774398,0.3636253804620106,11.815506408894269,2.625316108837116,1.6644698360670662,0.093087065526611,0.5574052677591168,4.3623470254916485,6.9984919977644005,-0.7273537994666118
SEG_028,2020-01-31,0.0224624791145949,-0.3235644951026795,-0.0759275125504237,0.0141411560071165,GOOD,-0.7273537994666118,-0.4659434182866295,-0.9562784304853452,39.06444627090197,2.640127775133441,2.247502306985761,0.1951166971560515,0.5574052677591168,4.3623470254916485,6.9984919977644005,0.4420348198279825
SEG_028,2020-03-01,0.1206880354236708,0.0052925542696878,0.3614352940774517,0.2041297857638551,GOOD,0.4420348198279825,1.9033790173382368,-1.4603778457354115,19.070965583397925,8.832337682439855,1.7053938988445023,0.2111490659070049,0.5574052677591168,4.3623470254916485,6.9984919977644005,-0.6987090185585807
SEG_028,2020-03-31,-0.0236006455389703,0.2266482351399906,-0.0684374500631898,0.0854604938800551,GOOD,-0.6987090185585807,-4.37279672598741,-0.2879492866867135,3.596982484025557,3.093250794104538,1.4419610664878242,0.1261742290048153,0.5574052677591168,4.3623470254916485,6.9984919977644005,0.758110632352847
SEG_028,2020-04-30,-0.0935828638760182,0.000699808674817,0.352810838347912,0.0965814870731689,GOOD,0.758110632352847,4.104274778960237,0.4409852734535036,18.657244884981743,5.916408914793182,1.5374234086495286,0.148001931420831,0.5574052677591168,4.3623470254916485,6.9984919977644005,-1.4581941574785664
SEG_028,2020-05-30,-0.0805865511578602,0.4216032484507375,0.0463434103050574,0.1262434368203949,GOOD,-1.4581941574785664,-3.455530819621286,-0.9894831661690716,45.65429976268761,7.777962347780387,1.4279275791175106,0.1631303822144559,0.5574052677591168,4.3623470254916485,6.9984919977644005,-1.3417903319272504
SEG_028,2020-06-29,0.2482277060214602,0.1509063347081329,0.5338668806972824,0.1942656822407001,GOOD,-1.3417903319272504,-9.482386419012933,0.1262528205128652,31.5476356843706,7.411404790178303,1.8216028917266849,0.2392250106370876,0.5574052677591168,4.3623470254916485,6.9984919977644005,0.8292016664689064
SEG_028,2020-07-29,0.1277353850911007,0.1810664843571736,-0.0711407689551016,0.1408597307751828,GOOD,0.8292016664689064,2.62273849860885,-1.4753252250443305,38.54860927622981,7.155179125762549,1.9798565590284452,0.1213462960577283,0.5574052677591168,4.3623470254916485,6.9984919977644005,0.4306326522171483
SEG_028,2020-08-28,0.3504978249980074,0.0185370438542152,-0.130059073206741,0.0691779439622866,GOOD,0.4306326522171483,-6.206931469011666,-0.8955608680747924,48.3841715504234,7.267888479629211,1.3086470869837543,0.1553814418811349,0.5574052677591168,4.3623470254916485,6.9984919977644005,0.2889124454360874
SEG_028,2020-09-27,0.3382002350848935,0.2276520793841626,-0.2200139045838516,0.1544720994609943,GOOD,0.2889124454360874,-4.834107814629226,-1.2145730365958611,37.43650362250416,9.440134927528517,1.2615989264063416,0.1274775073057265,0.5574052677591168,4.3623470254916485,6.9984919977644005,-0.9186267803137927
SEG_028,2020-10-27,0.3081946890492858,-0.4984214224154453,-0.2371426545354033,0.1785266829068648,GOOD,-0.9186267803137927,-0.182182123324992,-0.0339155281938674,308.5317128063743,9.997211109781269,3.530121781217273,0.8292245002985984,0.5574052677591168,4.3623470254916485,6.9984919977644005,-1.914045970898566
SEG_028,2020-11-26,0.3742416557305985,-0.0493392157026222,0.4329334094473423,-0.025744783279476,GOOD,-1.914045970898566,-7.259059010910397,0.0183293699008946,312.967595824207,9.218186311222048,1.477157266187095,0.2709549410990273,0.5574052677591168,4.3623470254916485,6.9984919977644005,-1.4819241193071786
SEG_028,2020-12-26,0.3341809959576787,-0.3338738673939571,-0.0361869731758807,0.0510914150615977,GOOD,-1.4819241193071786,-4.867721233926716,-0.3287071997705084,323.8948559333363,7.382436738046025,1.9000566246558035,0.5117484580023028,0.5574052677591168,4.3623470254916485,6.9984919977644005,-0.5081762367499008
SEG_028,2021-01-25,-0.0963866708229397,0.0824454485565957,0.5888569506829486,-0.0612632596162904,GOOD,-0.5081762367499008,-9.891070644296803,-0.2940302562702579,49.34484212177168,8.090911761870133,2.198912049911728,0.2149341480748096,0.5574052677591168,4.3623470254916485,6.9984919977644005,0.4168385793146038
SEG_028,2021-02-24,0.1147268106659881,-0.1292148777703942,0.5011369765458233,0.2997780541039222,GOOD,0.4168385793146038,4.114865701035852,-0.1698434293497899,18.92178491160611,2.4579323515477807,1.1688558381152507,0.1199758456494919,0.5574052677591168,4.3623470254916485,6.9984919977644005,-1.5934286543970346
SEG_028,2021-03-26,0.1284596296792533,0.1983082696930196,0.35269816854506,0.2551882205159578,GOOD,-1.5934286543970346,-0.9713623535378436,0.2380105634127458,13.973376509197776,7.594116970982536,1.7626485830101393,0.0897143570399072,0.5574052677591168,4.3623470254916485,6.9984919977644005,0.896709046852598
SEG_028,2021-04-25,0.2294380525866637,-0.0248005724332184,0.0718139335081395,-0.0248260259535041,GOOD,0.896709046852598,4.363207140036415,0.1252380955544645,0.831515205568556,4.881644897069602,0.8159721033936016,0.2604478336643591,0.5574052677591168,4.3623470254916485,6.9984919977644005,-1.788444826176696
SEG_028,2021-05-25,0.1221530796347507,0.106763016317309,0.0601486717558217,0.1450369381724607,GOOD,-1.788444826176696,-3.5812557929287028,0.3629669389348864,46.542225210414045,9.894971707960307,1.915860080126087,0.2331245843213785,0.5574052677591168,4.3623470254916485,6.9984919977644005,-0.3577498993568124
SEG_028,2021-06-24,0.04693148660352,-0.3049230448011907,-0.1711546996021804,0.1080217715389549,GOOD,-0.3577498993568124,2.8520391564815064,-0.490726768497441,6.393067724229784,8.374566083376997,1.2457335546797108,0.2520968709948533,0.5574052677591168,4.3623470254916485,6.9984919977644005,-0.0669483346992599
SEG_028,2021-07-24,0.3373928884670252,-0.3319471486180382,0.1016580302979505,-0.0537285432750924,GOOD,-0.0669483346992599,-6.386475796622486,-1.0767183576459736,37.6626260370798,7.277960819000542,0.8536463875553932,0.17477814701667,0.5574052677591168,4.3623470254916485,6.9984919977644005,-1.410448410700241
SEG_028,2021-08-23,-0.0198823611102869,0.4289673591144441,0.512383666970885,0.206523529530638,GOOD,-1.410448410700241,-6.135571859859004,-0.547395364172699,44.8755441869055,2.984784881202958,0.9899407110794856,0.2214310855521643,0.5574052677591168,4.3623470254916485,6.9984919977644005,0.2264707194443539
SEG_028,2021-09-22,-0.0547791227864457,0.1917845482587896,0.4847465463088868,0.2727119820593956,GOOD,0.2264707194443539,-0.9898086937516536,-0.2120269187804195,18.85051612189677,7.739541872916687,1.894169494392914,0.1923964060060481,0.5574052677591168,4.3623470254916485,6.9984919977644005,-1.9739812055201191
SEG_028,2021-10-22,0.1809499724442064,0.3561410116923023,0.4276027337463996,-0.010579665723163,GOOD,-1.9739812055201191,-8.684794890353547,-1.321721146401199,337.02906094200927,9.497685205230496,2.901131033772046,0.536903006901095,0.5574052677591168,4.3623470254916485,6.9984919977644005,-1.99821370313711
SEG_029,2020-01-01,0.0976561919197012,0.0382929433313162,0.1145424931074202,-0.0421196853633286,GOOD,0.8064555703089538,2.5582498184111966,-0.5003346699479085,22.789226527298,6.81172330876546,0.8076626707853694,0.1686127900099697,8.067370375245211,2.646781773510125,60.16176386980413,-1.7097371374250765
SEG_029,2020-01-31,0.2514834047643238,0.0988803082714926,-0.0219977158893631,0.2961340447920561,GOOD,-1.7097371374250765,4.952729066573372,-0.0869554642741092,23.914137345208623,8.629498435002866,1.5630549897875128,0.2690347761343371,8.067370375245211,2.646781773510125,60.16176386980413,0.1603034451411474
SEG_029,2020-03-01,0.3905713975809893,-0.166855453307165,0.4450962248823766,-0.0157547657249273,GOOD,0.1603034451411474,2.1562797827726303,-0.0991851726811294,2.6283152115187947,8.923455165388509,0.919213799451986,0.1577743106699668,8.067370375245211,2.646781773510125,60.16176386980413,-0.3953520577628425
SEG_029,2020-03-31,0.3921947710775292,0.1592503109006312,0.4636664214974186,0.2964252859996731,GOOD,-0.3953520577628425,-4.93884778517066,-0.1442026276376604,49.515714998657685,8.06171348043458,1.2433177875531876,0.1682581451029122,8.067370375245211,2.646781773510125,60.16176386980413,-1.635601936712717
SEG_029,2020-04-30,0.2481881578380755,-0.3049078233457456,0.4706269978970961,0.0575089815179096,GOOD,-1.635601936712717,1.283997199454619,-0.339232640477189,40.25358932246391,8.798477764998403,1.6775972453434516,0.1367928792246062,8.067370375245211,2.646781773510125,60.16176386980413,-1.3619600276994737
SEG_029,2020-05-30,-0.031219520263807,0.1959555259528883,-0.0380265876092294,-0.0420708471245576,GOOD,-1.3619600276994737,1.2257377649458192,-0.0293622068876326,0.4566257306284349,7.807660094269591,1.4290009326024704,0.1618546760785955,8.067370375245211,2.646781773510125,60.16176386980413,0.6791075913842872
SEG_029,2020-06-29,-0.0261972703913011,0.4503981544278602,0.0843999580405706,0.2366640364176717,GOOD,0.6791075913842872,-8.559284021453875,0.4483175199311338,8.981643969216641,2.419776923498323,2.3658088148871443,0.2881770310181832,8.067370375245211,2.646781773510125,60.16176386980413,-1.3367729757238014
SEG_029,2020-07-29,0.3848634866944265,0.1269725465964556,0.0635945962406762,-0.0864028688704892,GOOD,-1.3367729757238014,-2.6706115935717225,-0.124031788168021,47.72776818740629,7.222375735354437,1.3004144172169512,0.2333017524156289,8.067370375245211,2.646781773510125,60.16176386980413,-1.2538844002043688
SEG_029,2020-08-28,0.2292594257355151,0.277730811116649,0.4784062105147215,0.1601243745747236,GOOD,-1.2538844002043688,-0.202067891681386,-0.7653538881003497,6.00001928084628,2.6610959244997234,1.5519577453315878,0.2610104755238699,8.067370375245211,2.646781773510125,60.16176386980413,0.1851030346838101
SEG_029,2020-09-27,-0.0884866193426755,0.0729819088231722,0.2153675089146831,0.0094899228028233,GOOD,0.1851030346838101,1.9151557154445715,-1.1378068121677656,24.20957386491976,7.156773191853581,1.3543841171079802,0.1958443795221812,8.067370375245211,2.646781773510125,60.16176386980413,0.3888831841916683
SEG_029,2020-10-27,-0.0682508494192058,0.4088805233106798,0.4157023443561788,-0.0260440605719968,GOOD,0.3888831841916683,-9.703804173268765,-0.387879672386306,326.8208394883106,8.497570069437483,1.4317274037477037,0.1833332272441086,8.067370375245211,2.646781773510125,60.16176386980413,0.6046823613811747
SEG_029,2020-11-26,0.2568745621250108,0.2900676924862017,-0.188319604261537,0.201195276401829,GOOD,0.6046823613811747,3.4640344735971915,-1.1386716535388912,329.95513032943603,3.4395004514052863,2.5015257317484387,0.6278798259351004,8.067370375245211,2.646781773510125,60.16176386980413,0.4928276668461754
SEG_029,2020-12-26,-0.0355920047496221,-0.2937700997841321,-0.1549107642543403,0.1249984838269963,GOOD,0.4928276668461754,-9.474920807263592,0.459856869648652,325.3074155370064,4.908477125541935,1.5627313318527571,0.1830465080345805,8.067370375245211,2.646781773510125,60.16176386980413,0.2538826235709674
SEG_029,2021-01-25,-0.0999572178410847,-0.1994000222819577,0.5515931543053323,0.1077772286671981,GOOD,0.2538826235709674,-0.1126363276575812,-0.610159424843564,28.853573460296843,7.560811955507757,1.66209078378557,0.3484404619385669,8.067370375245211,2.646781773510125,60.16176386980413,-1.3239106457711411
SEG_029,2021-02-24,0.1691047434158263,-0.2901604943876691,-0.2108917817744964,0.2279053182743059,GOOD,-1.3239106457711411,-7.17889523413025,-0.9005815408217137,41.631390234534784,9.659383424175262,1.5440634308053165,0.0995467336128962,8.067370375245211,2.646781773510125,60.16176386980413,-0.8905595770361482
SEG_029,2021-03-26,-0.0357539425451144,0.1223127426357195,-0.2330763064707536,0.0019869484325481,GOOD,-0.8905595770361482,3.554899002982605,-0.6998812488307395,4.162703806437729,4.033435146601538,1.2816411109362338,0.1963535001354821,8.067370375245211,2.646781773510125,60.16176386980413,-1.4757081708091602
SEG_029,2021-04-25,-0.0647209769875996,0.2326748987242555,0.5958233421281565,0.17872117354146,GOOD,-1.4757081708091602,-4.417866107414423,-0.1853638939891591,41.02541041054854,6.839557538273517,1.3438914367098873,0.116442973135964,8.067370375245211,2.646781773510125,60.16176386980413,-1.725381227466225
SEG_029,2021-05-25,0.1168135657122056,-0.4740901368557089,0.2432465219702416,-0.0689901612099253,GOOD,-1.725381227466225,-8.350148012789424,-0.40326243032841,3.297967958956028,7.121419911919483,1.4412088236136862,0.225495308351961,8.067370375245211,2.646781773510125,60.16176386980413,0.8789951574209611
SEG_029,2021-06-24,0.3344276852834871,-0.2742345312711091,-0.2911230006206619,0.0508623927220261,GOOD,0.8789951574209611,-4.320514729047248,-1.2899945410678744,46.28179301452022,3.405850978283624,1.7017923233792167,0.1050303910760443,8.067370375245211,2.646781773510125,60.16176386980413,-0.4275076290035096
SEG_029,2021-07-24,0.144809300063329,0.0289601188071086,0.3304099821667541,0.2461593397915265,GOOD,-0.4275076290035096,-0.8879958354980353,0.2931404865974676,8.537370830027902,9.572082445137076,1.4128822959492209,0.2004494974784904,8.067370375245211,2.646781773510125,60.16176386980413,-0.6435441076073859
SEG_029,2021-08-23,0.3840001418767399,0.0316821377848959,0.2351552806334123,0.2398520064432956,GOOD,-0.6435441076073859,-8.08641695316199,-1.4810050623616824,25.678270948388672,3.2439302597977475,0.986071395018175,0.1943676750508104,8.067370375245211,2.646781773510125,60.16176386980413,-1.326207354605878
SEG_029,2021-09-22,-0.0735676872788308,0.2254192727744093,0.5770498620952338,0.1830009662435297,GOOD,-1.326207354605878,-0.8694551417704215,-0.0864264747830243,9.155226289838552,9.889970204472624,1.991872298046549,0.2181134291003876,8.067370375245211,2.646781773510125,60.16176386980413,-1.222349193464238
SEG_029,2021-10-22,0.1138825413606861,0.441677009451887,0.4932489390032793,0.2256093002222899,GOOD,-1.222349193464238,2.8688221149454574,0.3949092970141992,320.3257392237255,4.501895299270487,1.1868568387422536,0.2365533529030658,8.067370375245211,2.646781773510125,60.16176386980413,-0.702497190469886
SEG_030,2020-01-01,0.2489409764285816,-0.0945285483159106,0.2546579463121711,0.2643545622569245,GOOD,0.1489437287198737,0.7124010948440684,-0.0948165724527119,37.48339762727194,3.95380997623336,1.9637069411927823,0.3322665633952415,5.056731501438836,2.6235562865219797,99.79544257877332,0.8116058119064584
SEG_030,2020-01-31,0.3401659479176304,0.0281114182180024,0.2482742476323274,0.1429494185705543,GOOD,0.8116058119064584,0.1178325262127835,0.2638611311273342,26.17582079164632,3.80054862349118,0.9420289184916284,0.2996199299881654,5.056731501438836,2.6235562865219797,99.79544257877332,-1.7116679208088916
SEG_030,2020-03-01,0.3762418011237179,-0.0772777311838578,0.041185289274421,0.0493134795717251,GOOD,-1.7116679208088916,3.710677625134197,-1.0004695529978511,26.955981124481948,8.131311288941273,0.8822718946368524,0.1420251160349814,5.056731501438836,2.6235562865219797,99.79544257877332,-1.1148951056536145
SEG_030,2020-03-31,0.0065329723143364,0.2380257221398982,0.2119577501286515,-0.0130147220997322,GOOD,-1.1148951056536145,3.996671657167553,-0.2140527290772049,41.28636937343249,2.2834330162652954,1.312003486936101,0.1705169446172601,5.056731501438836,2.6235562865219797,99.79544257877332,-2.033363412742202
SEG_030,2020-04-30,0.0778720319490548,0.115530248435988,-0.0043033788463802,0.0415570977543713,GOOD,-2.033363412742202,3.3529441493489127,-1.1276845872094023,17.72661619218578,2.8107022303821925,1.4333757632919797,0.0950713896380274,5.056731501438836,2.6235562865219797,99.79544257877332,-0.0815315219718721
SEG_030,2020-05-30,-0.0231446668106352,-0.3761573514855719,0.1386709392534151,-0.037747839780308,GOOD,-0.0815315219718721,-6.608571506586074,-0.7092823479427477,14.964247630721218,5.426731758844458,0.979000500321724,0.2445997467462564,5.056731501438836,2.6235562865219797,99.79544257877332,-0.7089890352003743
SEG_030,2020-06-29,0.1192860344658778,0.3393574613284819,-0.1543491294541436,0.0414951108309361,GOOD,-0.7089890352003743,-4.611448807614715,0.2410281406226668,9.92323089788319,3.516536550813899,0.6038624584396793,0.0963003999181854,5.056731501438836,2.6235562865219797,99.79544257877332,-0.0786637126232331
SEG_030,2020-07-29,0.3504989051506166,-0.3396874989106893,-0.1209072682742904,0.0917179940929974,GOOD,-0.0786637126232331,-6.013005697862175,-0.6578093545277741,27.50618364496812,8.398560683830766,1.8690510326894847,0.1840053776145886,5.056731501438836,2.6235562865219797,99.79544257877332,-0.9098937502785084
SEG_030,2020-08-28,0.3408832654352337,0.0018585825413058,0.5312051256574979,0.2372251654435375,GOOD,-0.9098937502785084,-8.354008239767113,-1.284240830053196,1.0576103352470612,3.244335910327467,1.5557584809706242,0.2757798238228375,5.056731501438836,2.6235562865219797,99.79544257877332,-0.720664948706515
SEG_030,2020-09-27,0.2391551592567405,-0.1578590018327158,0.5787946741087595,0.1949726224184897,GOOD,-0.720664948706515,-5.658000564326716,-0.5281415122357773,38.0449948567718,3.981978393650839,0.82334556143499,0.1400887567229451,5.056731501438836,2.6235562865219797,99.79544257877332,0.3370948556580198
SEG_030,2020-10-27,0.2833638024144619,0.3641668056214654,0.594831354400964,-0.0010582516600774,GOOD,0.3370948556580198,-7.023813112762627,-0.0870782020283205,340.4976234223936,7.609159632352394,1.7524344882289191,0.2358110790151719,5.056731501438836,2.6235562865219797,99.79544257877332,-2.3811765395540823
SEG_030,2020-11-26,0.1955980994884219,0.134477191781447,-0.093554226991422,-0.0470816749296094,GOOD,-2.3811765395540823,4.855981937666691,0.3581966630549598,321.3151488518943,11.93173886535427,2.6215064824094547,0.8042324078080659,5.056731501438836,2.6235562865219797,99.79544257877332,-0.7660628823819491
SEG_030,2020-12-26,0.0532229732727961,0.1333099751183714,-0.0917151160568169,0.0344711405815954,GOOD,-0.7660628823819491,-2.3520446091436416,-0.2122536889962034,315.2144994996693,4.153968713496694,1.7354282920393382,0.3960426551274513,5.056731501438836,2.6235562865219797,99.79544257877332,0.1924566927568758
SEG_030,2021-01-25,0.0599204424586378,-0.4524436057973532,-0.2631997838580435,-0.0791477451907672,GOOD,0.1924566927568758,-6.820336734654349,-0.5558836716389755,45.42409874741801,2.806093599254341,0.9444896845309586,0.2565575091374833,5.056731501438836,2.6235562865219797,99.79544257877332,0.5495646861009001
SEG_030,2021-02-24,0.0521783475262247,-0.4031127790440058,-0.2877045749525326,0.1207072906805981,GOOD,0.5495646861009001,-5.031823997135978,-0.0174157945806496,18.06924817820341,8.230466460520688,1.4387255924998488,0.1324914558316438,5.056731501438836,2.6235562865219797,99.79544257877332,0.1627374759160775
SEG_030,2021-03-26,0.0050166509461671,-0.115950643366343,0.4984744198302102,-0.0478058379007619,GOOD,0.1627374759160775,-8.194684791448832,-0.3268770878265772,45.60884158463827,7.234841276252815,1.045749738065675,0.2449717457093706,5.056731501438836,2.6235562865219797,99.79544257877332,0.8763837812326871
SEG_030,2021-04-25,-0.0625601994178518,0.0465790228471931,0.008608171875244,0.1901402636593535,GOOD,0.8763837812326871,-6.97001324591515,-0.0584610677708334,2.190555307206488,3.533653820646557,1.695943778804389,0.1985852038420685,5.056731501438836,2.6235562865219797,99.79544257877332,-0.7422608739610137
SEG_030,2021-05-25,0.3267191471386255,0.4068148475911173,0.5776135415777979,0.2579652111709476,GOOD,-0.7422608739610137,0.7598881182181376,0.3216983591932916,3.3854247938173323,5.3520332887031286,2.24782862761921,0.2411059403395195,5.056731501438836,2.6235562865219797,99.79544257877332,-0.3036631847494346
SEG_030,2021-06-24,0.1995768311401778,0.1967062277159611,-0.1839591871150529,-0.0818219096785696,GOOD,-0.3036631847494346,1.915855702661796,-0.1123933316738767,37.03575984184947,5.179950624407881,1.535791378211072,0.1775511277422842,5.056731501438836,2.6235562865219797,99.79544257877332,-0.8946069634396095
SEG_030,2021-07-24,-0.0172408899748886,0.2507277914082881,0.0457353778649026,0.2117488693900314,GOOD,-0.8946069634396095,-5.927587165654683,-1.131867319291822,8.000152771136898,3.7424617762632817,1.9336979884154064,0.3312771501967545,5.056731501438836,2.6235562865219797,99.79544257877332,-1.4180557046993711
SEG_030,2021-08-23,0.127720493464983,0.2077540212912795,0.1725658821534451,0.0213640685453268,GOOD,-1.4180557046993711,0.6238205658474545,-0.3956981581583114,8.555454844210091,2.364899726722585,1.1735839131689312,0.1343216354397712,5.056731501438836,2.6235562865219797,99.79544257877332,-0.0875745747546377
SEG_030,2021-09-22,0.3418012361144888,0.4272479573858633,-0.0566086300757188,0.216248527322769,GOOD,-0.0875745747546377,-6.264878885127278,0.1468205334242043,26.72974620617361,2.011199691810935,1.080448638840338,0.1447342233745089,5.056731501438836,2.6235562865219797,99.79544257877332,-0.9595264342969184
SEG_030,2021-10-22,-0.0583769219129241,0.2054617172776638,0.1943475651564773,0.1888318363833772,GOOD,-0.9595264342969184,-0.8277694923920187,-0.8507297190239835,302.8631715573204,8.527377248430739,2.474118003117654,0.3391440481375517,5.056731501438836,2.6235562865219797,99.79544257877332,-0.1480557532816693
SEG_031,2020-01-01,0.0343967512395926,0.0816637995079208,0.4269596649140059,0.2011590790613395,GOOD,-1.5551394722928,-6.524152860438985,-0.0474277521088188,18.43200033468536,9.21734514707368,0.7287922082368058,0.0716049547773607,6.525902641871914,2.799301237688803,81.68470296426482,-0.0758099871533143
SEG_031,2020-01-31,0.331176085681135,-0.3111400785322638,0.1414665449337627,0.1917919968974788,GOOD,-0.0758099871533143,-9.684290441480254,-1.1741627024821484,8.886713466606732,5.153578680000711,1.4857443243862034,0.043495307558776,6.525902641871914,2.799301237688803,81.68470296426482,-0.4268692190257136
SEG_031,2020-03-01,0.0226269172691708,0.4091310549163724,0.5733469185401041,-0.0599064805379304,GOOD,-0.4268692190257136,0.901469374125174,0.1159854533044772,30.164675824243552,5.02300103807393,0.5598933490783816,0.1768402399937333,6.525902641871914,2.799301237688803,81.68470296426482,-1.648437758291189
SEG_031,2020-03-31,0.2222410564671372,-0.4562599574612153,-0.0764913499868969,-0.0665617815623984,GOOD,-1.648437758291189,-0.5892343521523653,-1.4730061919629511,48.31803813926733,9.660941528776926,0.9648867193293728,0.2693776230255798,6.525902641871914,2.799301237688803,81.68470296426482,-0.7008603970622813
SEG_031,2020-04-30,0.2537278774565651,-0.2976783578155183,0.1323828874804419,0.1251404937874981,GOOD,-0.7008603970622813,-7.552833373764345,-0.8364873606129233,7.725666181671936,2.4470040526107804,1.6734177637269574,0.1796395573404268,6.525902641871914,2.799301237688803,81.68470296426482,0.4971426028291377
SEG_031,2020-05-30,0.3124624507297793,-0.397184688265308,-0.032935357896168,0.1046169665052201,GOOD,0.4971426028291377,-7.872474603219658,0.3243339244173875,1.2000434945058591,5.417083465181771,0.7702949713054896,0.1507650019285269,6.525902641871914,2.799301237688803,81.68470296426482,-1.6853624248259318
SEG_031,2020-06-29,0.3394950519666726,-0.1152561926337608,0.4958015221608137,0.2291139480519731,GOOD,-1.6853624248259318,-7.456614078122969,-1.2797286924045912,5.086812733287544,9.646792547810929,1.126315612965161,0.1592808563576303,6.525902641871914,2.799301237688803,81.68470296426482,-1.4776317667228291
SEG_031,2020-07-29,0.3616598037060432,0.4198736033201538,0.5060278418586561,0.1418025527927367,GOOD,-1.4776317667228291,-2.042790390382254,-0.3007770302688259,33.971665585504674,3.201760285682532,1.5482504656533782,0.0792489086287514,6.525902641871914,2.799301237688803,81.68470296426482,0.7168892478011724
SEG_031,2020-08-28,0.0741928416319272,-0.396077437169155,0.5246109198728628,0.16469268610809,GOOD,0.7168892478011724,2.1607912227866777,-0.0773866355615326,3.818474631330415,2.0174301184245325,2.226667440547618,0.16053859681992,6.525902641871914,2.799301237688803,81.68470296426482,-0.6302893725835504
SEG_031,2020-09-27,0.0601280016741908,-0.1094004255034373,0.3492091172722403,0.2142184376011468,GOOD,-0.6302893725835504,-8.990295479465571,-0.344314241000218,47.979265722151,4.227809139768351,0.8980121764780263,0.3038909960460768,6.525902641871914,2.799301237688803,81.68470296426482,-0.8491031309853374
SEG_031,2020-10-27,0.0925086988233356,-0.1806842200889701,0.0814488629487132,0.1773683338548209,GOOD,-0.8491031309853374,1.9025238569756056,-0.8330697098639419,340.1070464193934,7.231633777714068,1.232606855108206,0.2292297953657521,6.525902641871914,2.799301237688803,81.68470296426482,-0.5056593352899739
SEG_031,2020-11-26,0.1668853234224073,0.0324744324103932,0.4392637782328057,0.0538509013760618,GOOD,-0.5056593352899739,-3.672388584135555,-0.3442471209676183,334.674947638546,7.986267996986745,2.5488445588079824,0.4447204493235027,6.525902641871914,2.799301237688803,81.68470296426482,0.7612792494060778
SEG_031,2020-12-26,0.396952656099927,-0.4828453483998892,0.2025370212386079,0.2830463085579654,GOOD,0.7612792494060778,-9.106339151632572,-0.8013049310317855,342.4375749563161,8.934180067696982,1.7342478902308882,0.0612323422335192,6.525902641871914,2.799301237688803,81.68470296426482,0.4690513990092003
SEG_031,2021-01-25,0.3266561029534801,0.4718196014414858,0.5216585180086588,-0.0030010366119821,GOOD,0.4690513990092003,-9.16201501186989,-1.2243973744327457,48.10259926907,7.631702848856245,1.1238472717532757,0.0283318152492111,6.525902641871914,2.799301237688803,81.68470296426482,0.4158202643640789
SEG_031,2021-02-24,0.0858421156335001,0.2014017634541528,0.2964725883561847,-0.0704918817376298,GOOD,0.4158202643640789,3.057154658232614,-1.4396285392807922,18.262210913478395,2.631946339907992,1.0015632218763235,0.268222741739206,6.525902641871914,2.799301237688803,81.68470296426482,0.014320650731383
SEG_031,2021-03-26,-0.0251413875616427,-0.3175754884647971,0.3692021446384574,0.1992428497298062,GOOD,0.014320650731383,-5.507384560609107,-0.6769550335026173,16.866849528243254,8.251175263216922,1.8683550401509708,0.1875476155347564,6.525902641871914,2.799301237688803,81.68470296426482,-1.9829860047759715
SEG_031,2021-04-25,0.3405785711201067,-0.4678808927225054,0.3760196362154347,0.1013181691180133,GOOD,-1.9829860047759715,2.4902014162712653,-0.140192911800117,43.79882568653542,6.433247370207712,1.8066322804322972,0.2087720197738197,6.525902641871914,2.799301237688803,81.68470296426482,-0.4856841094637108
SEG_031,2021-05-25,0.254676407677363,-0.0763297384124231,-0.1588794265341398,0.2892489316819207,GOOD,-0.4856841094637108,4.668894255653736,-1.249733287943382,10.59321217253894,6.952350083350946,1.0291085944388063,0.117038344543177,6.525902641871914,2.799301237688803,81.68470296426482,-1.1350305925272324
SEG_031,2021-06-24,0.1796471439491338,0.3417129894883128,0.434902952039122,0.0873744382781274,GOOD,-1.1350305925272324,-0.3716374853514281,0.1545073595713086,8.241217976313697,8.426714084832557,1.768369088521062,0.1583054358522735,6.525902641871914,2.799301237688803,81.68470296426482,-1.164219293908468
SEG_031,2021-07-24,-0.0610957117278068,0.1031901670902762,0.4619483471060133,-0.0887804560675325,GOOD,-1.164219293908468,-1.876481275283039,-1.3693616656674454,29.855537791169063,8.052171522956312,1.0070405216766576,0.1276824165660827,6.525902641871914,2.799301237688803,81.68470296426482,-0.3726209300267569
SEG_031,2021-08-23,-0.0838166041659744,-0.2308319875222493,0.5789968320214038,0.1259187252666787,GOOD,-0.3726209300267569,1.853385547228937,-1.408638774632679,15.729014610205189,9.548073131358912,0.7680736805684356,0.1734720624909415,6.525902641871914,2.799301237688803,81.68470296426482,0.8933120108595247
SEG_031,2021-09-22,0.0990681942560377,-0.3051162934715119,0.3766580436496226,0.1902752499456324,GOOD,0.8933120108595247,0.5398521581314224,-1.305240328143266,20.36432806272476,7.931610733483934,0.7644651967045758,0.2066832154125741,6.525902641871914,2.799301237688803,81.68470296426482,-1.2047351861609048
SEG_031,2021-10-22,0.1935877546521622,-0.1178882682550472,0.2277223831559054,0.2408108384531983,GOOD,-1.2047351861609048,-7.726932836803723,-0.5737875539250248,344.2601936407211,2.746326920558112,1.8780673771703669,0.2970297400808162,6.525902641871914,2.799301237688803,81.68470296426482,-0.8548356247238316
SEG_032,2020-01-01,0.2870875004040951,-0.1123657283253176,-0.1120614230833311,0.1441548931803615,GOOD,-1.864073125997404,-7.713978897754008,-0.2444207073091786,24.87614121191428,8.437811554368839,1.07020575429932,0.3166002849932794,3.923005379162521,4.294167509724882,43.09014457465179,-1.1135575046956574
SEG_032,2020-01-31,0.3844735592506193,0.2814455173547181,-0.2215490844173652,-0.0623544023787741,GOOD,-1.1135575046956574,4.010839569822867,-1.177055030045482,14.005866116475918,4.906626126370935,0.8526982832976754,0.1233790189097552,3.923005379162521,4.294167509724882,43.09014457465179,-0.1263178018748152
SEG_032,2020-03-01,0.0289720497509215,-0.026739046137901,-0.0695763268557808,0.2506631476940076,GOOD,-0.1263178018748152,-7.893291346002802,-1.2520675514387989,28.436672496892136,2.316741130558974,2.097281087295965,0.2036983245277794,3.923005379162521,4.294167509724882,43.09014457465179,0.7704347802621712
SEG_032,2020-03-31,0.3585700581989615,-0.3710157614884699,0.0300590393038937,0.2379342574615237,GOOD,0.7704347802621712,-4.394753565994217,-0.1355982063234713,25.29712149876813,4.102619461858786,2.1561050685848717,0.2736312707341051,3.923005379162521,4.294167509724882,43.09014457465179,-2.038232534632508
SEG_032,2020-04-30,0.2219333926478723,0.2410425602688687,-0.0796648932265434,0.2284940140271199,GOOD,-2.038232534632508,2.795896765436753,-0.9186787996318686,7.910290200313074,5.194243362774205,0.8577135050710258,0.1769427955986621,3.923005379162521,4.294167509724882,43.09014457465179,-0.6516688662734474
SEG_032,2020-05-30,-0.0532484399194346,-0.034122403945858,0.2782360343754602,0.2600506061860613,GOOD,-0.6516688662734474,-8.712661804973331,-0.0364437534161161,45.87301759404992,9.379925989922576,1.8372364045480771,0.1138587715280665,3.923005379162521,4.294167509724882,43.09014457465179,-0.604213657703011
SEG_032,2020-06-29,0.0586424311340731,0.4964382320968018,0.1376655145836745,0.1809163354077481,GOOD,-0.604213657703011,-5.824374058703485,-1.4234353222685872,7.787055875559773,5.759740361303913,1.5918128277807968,0.116632625788128,3.923005379162521,4.294167509724882,43.09014457465179,-0.7128031079701975
SEG_032,2020-07-29,0.200538706683388,-0.1197151760578136,0.5428136998987214,0.0445971035646174,GOOD,-0.7128031079701975,-2.8988554090163685,-1.391844969816612,43.40103008707714,9.62116007558205,1.538036462139374,0.0589813426767585,3.923005379162521,4.294167509724882,43.09014457465179,0.0730513776589349
SEG_032,2020-08-28,-0.058204358288132,-0.4307409504510067,0.0645616320784255,0.0193347211890693,GOOD,0.0730513776589349,3.06933694553247,-0.4504441139980422,33.4822199840372,4.075577806477444,2.000098554425356,0.1201982188758866,3.923005379162521,4.294167509724882,43.09014457465179,-0.8328609399346837
SEG_032,2020-09-27,0.0710095739490008,0.2531760506101324,-0.1519200468156876,0.0397105036435772,GOOD,-0.8328609399346837,-2.86750873153959,-0.1223390134594233,8.034457998569987,7.573520686434745,1.3926952596031907,0.2828429652946357,3.923005379162521,4.294167509724882,43.09014457465179,-0.1906815184357748
SEG_032,2020-10-27,-0.0950342455472482,0.2830723739696985,0.2374157747529743,-0.0688765146651158,GOOD,-0.1906815184357748,-0.7523143874909106,-0.8525348504772345,349.31839735191454,9.51175247039536,2.392530455320208,0.4586542308705886,3.923005379162521,4.294167509724882,43.09014457465179,-1.8174370164501887
SEG_032,2020-11-26,-0.0247468602042603,-0.0413409327431067,-0.1672620724923827,0.2457205394399399,GOOD,-1.8174370164501887,4.549641870775666,-0.6872267236888008,326.03458491052913,2.0294151299142005,1.8088690299045973,0.4197143970638725,3.923005379162521,4.294167509724882,43.09014457465179,0.8742373641269229
SEG_032,2020-12-26,0.1246643254120513,0.4694575114427284,-0.2122985509571628,-0.0125508912035598,GOOD,0.8742373641269229,-3.697358366499162,-0.4078275445940436,308.3050514016089,5.020452571877079,1.273562741154661,0.2910491402869392,3.923005379162521,4.294167509724882,43.09014457465179,0.5927902903626368
SEG_032,2021-01-25,0.1884182146009223,-0.4856289821099012,0.4324014144198223,-0.0935234925092921,GOOD,0.5927902903626368,-2.4687219985889453,0.2355162966958484,34.965857304308805,7.191293418350706,1.5726940296063712,0.2375564829937094,3.923005379162521,4.294167509724882,43.09014457465179,-1.5077797070618562
SEG_032,2021-02-24,0.1712335080871328,0.0231698227977018,0.388573025928765,-0.0546480002214048,GOOD,-1.5077797070618562,-3.5742457911608945,-1.1462096787578826,29.74459050694746,6.34210303043581,1.2132294726283568,0.2253721170457516,3.923005379162521,4.294167509724882,43.09014457465179,0.5021367358390019
SEG_032,2021-03-26,0.1187468358654798,-0.2167516372941984,0.2583388406344605,0.2700542387541614,GOOD,0.5021367358390019,4.930448318379391,0.1118795251434223,5.190601978316134,7.1969966898218685,1.6998108198557635,0.1924240378259133,3.923005379162521,4.294167509724882,43.09014457465179,-0.3059397470756059
SEG_032,2021-04-25,0.2758633793287935,0.4272289093191455,-0.2102681348459971,0.0776413425903365,GOOD,-0.3059397470756059,-9.510466940584392,-0.920191081587892,21.0320428803083,3.783034966998115,1.3805067913782545,0.1556407548702598,3.923005379162521,4.294167509724882,43.09014457465179,-0.7807517972711742
SEG_032,2021-05-25,0.1347871212309282,-0.3755594391330058,0.5708544918475753,0.2656117274282786,GOOD,-0.7807517972711742,2.306269628352606,-0.0923300864601857,37.0576528444173,2.060841079927492,1.1401897968041237,0.0760769578704758,3.923005379162521,4.294167509724882,43.09014457465179,-0.784210868975956
SEG_032,2021-06-24,0.3398035804133186,-0.2355009294495234,0.4546357573003004,0.2180552837530902,GOOD,-0.784210868975956,-6.37668341351775,0.3003745065489269,20.72783300007679,2.124240519180704,0.8435047916532221,0.120257855735506,3.923005379162521,4.294167509724882,43.09014457465179,0.8968166734141313
SEG_032,2021-07-24,0.3100171951250934,0.0999456742217462,0.0015809443099026,0.2836642371779306,GOOD,0.8968166734141313,-6.372533303975363,0.4469806461239216,9.633020168642664,7.15547486503826,2.069507653899169,0.2909394510792359,3.923005379162521,4.294167509724882,43.09014457465179,0.6547287554402988
SEG_032,2021-08-23,-0.035564767795087,0.1362734913111604,0.5796200711675095,-0.0305130916740923,GOOD,0.6547287554402988,-2.2408438296865327,-0.6251968259964957,4.978896196940857,8.409375794311181,1.4875270161718137,0.2187447922232981,3.923005379162521,4.294167509724882,43.09014457465179,0.7676727818549622
SEG_032,2021-09-22,0.3215153633138979,0.1273183816422921,-0.0657928894936734,0.1211622034283076,GOOD,0.7676727818549622,-6.94356134981799,-1.31346918604314,21.871051941639973,7.031153009535803,1.70364480530007,0.1310486738856276,3.923005379162521,4.294167509724882,43.09014457465179,-1.962143911582184
SEG_032,2021-10-22,0.3602971970006818,-0.4212274955824477,0.0441643642094796,0.1969358495896135,GOOD,-1.962143911582184,-3.194406073414183,-0.2369964155913928,317.90606758987724,3.917775073797865,3.262015688568188,0.6254452323444468,3.923005379162521,4.294167509724882,43.09014457465179,-0.2899355237557131
SEG_033,2020-01-01,0.3473023942881363,-0.4072228589849068,0.1448205460620019,0.0445589271566841,GOOD,0.4867013461717805,-4.137996870949301,-0.5179260850631975,1.097848420495212,2.5886077574799824,2.051810974950507,0.0604566231666381,4.861713374468615,3.0198827654209226,10.707665340479744,-1.5293143335411383
SEG_033,2020-01-31,0.0876271847252306,-0.186415064084889,0.517472159905662,0.2234196220669258,GOOD,-1.5293143335411383,-9.84789562557211,-1.142645855848992,28.36469249099992,6.8532388719802455,0.822110274760228,0.3051570005398037,4.861713374468615,3.0198827654209226,10.707665340479744,0.1257165292562894
SEG_033,2020-03-01,0.1419554963518531,0.1140049964188997,0.1918344945051751,-0.0366446926541669,GOOD,0.1257165292562894,3.898747688709975,-1.114309480695266,1.477762138826466,2.184305400728876,1.6651129125070196,0.1894675357546411,4.861713374468615,3.0198827654209226,10.707665340479744,0.0965442712479537
SEG_033,2020-03-31,-0.0426057715022103,-0.2830422145910739,-0.0052142446882388,-0.01209555541443,GOOD,0.0965442712479537,4.097721553584215,-0.964818935488664,24.07874360652176,9.6258348877412,1.3695797727114083,0.2489993040916875,4.861713374468615,3.0198827654209226,10.707665340479744,-1.4502693727346134
SEG_033,2020-04-30,0.2725972280241986,-0.0041982946093233,0.1613908920564584,0.059976860649431,GOOD,-1.4502693727346134,-7.405607268451552,-0.1258850865656768,44.365744559986936,4.248662111870724,1.2069672378984049,0.1638209914666238,4.861713374468615,3.0198827654209226,10.707665340479744,0.5719271136799106
SEG_033,2020-05-30,0.0557925647707771,0.2940995261507615,0.5583858672518602,0.0951327158018102,GOOD,0.5719271136799106,-3.643940173499684,-0.0058414597559881,40.7946099783289,6.983287698481029,1.717523022067549,0.2084944138970731,4.861713374468615,3.0198827654209226,10.707665340479744,-1.9554341708198133
SEG_033,2020-06-29,0.0869802433918962,0.1326984675179547,-0.2421603724027943,-0.0331003788428018,GOOD,-1.9554341708198133,-2.329647848040203,-0.3262615142791232,14.673677311793748,8.613491349056488,1.6945037697757284,0.2837717753839949,4.861713374468615,3.0198827654209226,10.707665340479744,-0.961991783260377
SEG_033,2020-07-29,-0.0850300248166548,-0.3200957640331949,-0.0095869542177907,0.2163585489568558,GOOD,-0.961991783260377,-8.91039503196059,-0.1860907767465667,18.598214218407744,8.23611642804461,0.8243567420078228,0.120078361938801,4.861713374468615,3.0198827654209226,10.707665340479744,-0.3161683520151289
SEG_033,2020-08-28,0.0644346945500836,-0.0346233727971521,0.4157154790267728,0.2594975895662568,GOOD,-0.3161683520151289,-4.216136751665073,-0.2963961778257018,26.3631180738894,2.8233615494345843,0.9214331124806364,0.1233250387306707,4.861713374468615,3.0198827654209226,10.707665340479744,0.1802675979202541
SEG_033,2020-09-27,0.3299563194488919,-0.4251758040938647,0.503397618097388,0.0687000563208219,GOOD,0.1802675979202541,-5.233250579231105,-0.8597571820296286,9.85616261126836,8.421801536913769,1.6013205021110053,0.3393895630841801,4.861713374468615,3.0198827654209226,10.707665340479744,-0.4813771694587426
SEG_033,2020-10-27,-0.0379536604405004,-0.3288602709663609,-0.005812716245249,0.0531430072677788,GOOD,-0.4813771694587426,-5.724446287247954,-0.2126667829855437,342.8051533459718,9.903638124742926,2.709939207368909,0.3938629606486769,4.861713374468615,3.0198827654209226,10.707665340479744,-0.4864944326476001
SEG_033,2020-11-26,0.1014053949602253,0.3958295250942334,0.5262310346570782,-0.0843519021946494,GOOD,-0.4864944326476001,-8.958188280102608,-1.3097603644452958,340.12566410566825,12.786029356777563,2.5952960469535853,0.8240527469117025,4.861713374468615,3.0198827654209226,10.707665340479744,-0.1108013547061615
SEG_033,2020-12-26,0.1782251006909214,-0.1868253387971327,0.2510885822949222,0.0573309966875428,GOOD,-0.1108013547061615,-3.1812738820906787,0.1973446256085802,348.35762638988786,2.971303572838046,1.8615478095866,0.4438708743778056,4.861713374468615,3.0198827654209226,10.707665340479744,0.0598679173764484
SEG_033,2021-01-25,-0.076082880700169,-0.4896039728914617,-0.2053778753117745,0.0291436161440275,GOOD,0.0598679173764484,-3.464763064718852,-1.159617094874133,9.557984666566515,9.2182118780781,1.0650345721380945,0.1852622257422951,4.861713374468615,3.0198827654209226,10.707665340479744,-1.766545711878568
SEG_033,2021-02-24,0.3670551780173229,0.3680148724652154,-0.0662810780481442,0.2139776141735201,GOOD,-1.766545711878568,4.207172912093634,-1.349915649537338,16.466448712319725,6.902005063988437,2.114554301435584,0.2123128156402974,4.861713374468615,3.0198827654209226,10.707665340479744,0.2420706179730968
SEG_033,2021-03-26,-0.0311183371266231,-0.0393062374003125,-0.1863401637420102,0.2447579596877142,GOOD,0.2420706179730968,3.3169761877678727,0.431672526828603,20.664695887604225,5.574237922920897,0.7516954157694349,0.1327719664281758,4.861713374468615,3.0198827654209226,10.707665340479744,-1.380296917054017
SEG_033,2021-04-25,0.2306344877559834,0.4763494527380287,-0.0102797732101412,0.192345832236726,GOOD,-1.380296917054017,-6.042819496296126,-0.9075316233727132,4.139713701981934,6.468121876450901,2.040462387015932,0.2243577111206586,4.861713374468615,3.0198827654209226,10.707665340479744,-2.034142507419657
SEG_033,2021-05-25,0.0029456171950886,-0.4219832712773651,0.5745886880542723,-0.0758932286129133,GOOD,-2.034142507419657,-6.757967978550079,0.1370228884378108,9.395871493088292,2.8362777436047875,1.1070994985352345,0.2357475445364316,4.861713374468615,3.0198827654209226,10.707665340479744,-1.5907676883635806
SEG_033,2021-06-24,0.3292294171205127,0.2604879583744806,-0.0193571132595753,0.0816087861516754,GOOD,-1.5907676883635806,-2.432328860574163,0.3282505293199496,10.939241542181833,4.909150265787586,2.1736548802570903,0.25799489949885,4.861713374468615,3.0198827654209226,10.707665340479744,-1.1299060647623114
SEG_033,2021-07-24,0.2900105297573093,-0.3120465273511461,-0.0499454089940743,-0.0343214700035274,GOOD,-1.1299060647623114,3.047470701177671,-0.2032340749790617,7.364486702141954,9.009569889734587,1.8229246068485607,0.1302667390987344,4.861713374468615,3.0198827654209226,10.707665340479744,-1.292673629456059
SEG_033,2021-08-23,-0.0064851169781511,-0.4714137503784864,0.2956969535186652,0.0810563664196634,GOOD,-1.292673629456059,3.9039157946002794,-1.331866467678147,21.573681835854806,3.204960369880676,1.6109248096541418,0.2446410535311951,4.861713374468615,3.0198827654209226,10.707665340479744,-0.7375505906517744
SEG_033,2021-09-22,0.0362944333619649,-0.402187302342546,0.2837595734318365,0.1928006438255905,GOOD,-0.7375505906517744,-5.589911581264851,-0.6946157935761645,29.702458260925745,6.23650202795554,1.2616871696298115,0.0952181998822942,4.861713374468615,3.0198827654209226,10.707665340479744,-2.233516389870973
SEG_033,2021-10-22,0.2231724286412605,0.4589717172911971,-0.102378211888156,-0.0787448915986464,GOOD,-2.233516389870973,-6.007326330382325,-1.36830522817177,305.05159954557547,3.81172012583019,2.7926521610394963,0.6880930835068899,4.861713374468615,3.0198827654209226,10.707665340479744,-1.5788379176211014
SEG_034,2020-01-01,0.3533338833150861,-0.26138051472431,-0.0163987508915496,-0.072218146423562,GOOD,-1.4684991828262095,3.4980383279043785,-1.2163326894902733,0.6367413945612965,5.796805526490363,1.123210900070264,0.0843548805362314,5.280781448810794,3.53230901247546,47.675832911648406,0.8822413737577548
SEG_034,2020-01-31,-0.0615114660161543,0.1792029422541018,0.4677807011362946,0.1376020620827187,GOOD,0.8822413737577548,-1.252617128080896,-0.5233853180226902,12.375521463367434,2.875087979148418,1.8339225335314069,0.1556664961353723,5.280781448810794,3.53230901247546,47.675832911648406,-1.817311013706688
SEG_034,2020-03-01,0.3176795155863749,0.0252691842850034,-0.1494257362224666,-0.0413668162368043,GOOD,-1.817311013706688,-5.430965929788432,-0.0276270756769576,22.63081762591818,7.878520032810035,2.3808549183222354,0.2099339987277022,5.280781448810794,3.53230901247546,47.675832911648406,0.6254679175327678
SEG_034,2020-03-31,0.0821446659369422,-0.486438946219165,0.0173637402878747,0.1840628604106273,GOOD,0.6254679175327678,1.6178944331337153,0.2139123211075027,45.10834136742991,6.76594832446306,0.8637389265471763,0.2149957616957103,5.280781448810794,3.53230901247546,47.675832911648406,-1.6479221768110757
SEG_034,2020-04-30,-0.0896363610479966,0.4786374375992934,0.4706389717625829,0.163746765238306,GOOD,-1.6479221768110757,-2.532516528192386,-1.0112643900873632,37.050621470736736,9.786324705524477,1.330416109900038,0.2653875106589708,5.280781448810794,3.53230901247546,47.675832911648406,0.0170203659138419
SEG_034,2020-05-30,0.3774072035319292,0.1387337528760108,0.5689077544698975,0.2508576143589368,GOOD,0.0170203659138419,3.488320735736613,-0.6014613064031056,47.915306268667,6.215255032476916,0.9755008446704588,0.1668280105074686,5.280781448810794,3.53230901247546,47.675832911648406,-1.9654995582593164
SEG_034,2020-06-29,0.0955131128026091,-0.0827057142163329,0.5945493373917223,0.0237293189483066,GOOD,-1.9654995582593164,-2.1988340055381173,-0.8134511137877172,30.61837148776697,5.467676984985643,1.5377394719606032,0.3357097915671499,5.280781448810794,3.53230901247546,47.675832911648406,-0.6802816338235929
SEG_034,2020-07-29,0.0442042667798346,0.4694698900605356,0.149034317094905,0.1742106799695822,GOOD,-0.6802816338235929,-7.746583723665831,0.4333429379728699,31.18975667586209,7.314562568819929,1.2724046041744672,0.1844264726969819,5.280781448810794,3.53230901247546,47.675832911648406,-1.9203986597387
SEG_034,2020-08-28,-0.0922038001795926,-0.4590469061037503,-0.0452844311079119,0.137228647242295,GOOD,-1.9203986597387,-5.412677488652218,-0.6393543429336621,33.012665746402014,2.005133691424253,1.1970642203425532,0.1980092574872128,5.280781448810794,3.53230901247546,47.675832911648406,-1.770316157780104
SEG_034,2020-09-27,0.3295052718445406,0.1653259989509305,0.3919968404224083,-0.0379851938674293,GOOD,-1.770316157780104,-5.939966573270682,0.4918285121478607,9.83637065889343,6.6817986916458505,0.734383122252735,0.0890940389936377,5.280781448810794,3.53230901247546,47.675832911648406,0.6641315612645529
SEG_034,2020-10-27,0.077316118958326,0.3117090886719544,0.2733401838512475,0.0690253150436687,GOOD,0.6641315612645529,-8.527919550273534,-0.9774781775445622,315.1011327643092,4.485886405307172,2.292216953036144,0.5143268564457766,5.280781448810794,3.53230901247546,47.675832911648406,-0.4983886428447113
SEG_034,2020-11-26,0.1890837085961414,0.1833211836789574,-0.120444001816076,-0.0457236992826691,GOOD,-0.4983886428447113,-5.484066012688419,-1.328804145793108,328.3332545038755,7.026550618478916,1.963705818234524,0.3331771105526785,5.280781448810794,3.53230901247546,47.675832911648406,0.3666787046087061
SEG_034,2020-12-26,0.1184464078249122,-0.361390124808465,0.0977111982160809,0.0253041848654006,GOOD,0.3666787046087061,0.6889775794996673,-0.5632422513634885,321.3834585497352,10.364045319643433,2.8672308948608536,0.7062717709660048,5.280781448810794,3.53230901247546,47.675832911648406,-1.14872095467706
SEG_034,2021-01-25,0.3787458768739167,-0.0790813782183157,0.3802708098778651,0.1460834202374481,GOOD,-1.14872095467706,-6.360315168612925,-0.4755864087773689,6.36374302986627,6.346156412357831,1.5719255419617646,0.1480940939108635,5.280781448810794,3.53230901247546,47.675832911648406,0.549199100356654
SEG_034,2021-02-24,0.0963296611828201,-0.0970578739786205,-0.2946424386164022,0.2229924105495081,GOOD,0.549199100356654,-3.0966887057723804,-1.3913075315258043,2.7346377336140093,8.639154314170689,1.7769539803163432,0.1875503186440849,5.280781448810794,3.53230901247546,47.675832911648406,0.211678912279445
SEG_034,2021-03-26,0.0452884620630867,-0.0185320996448926,-0.0018231631973184,-0.075654092069141,GOOD,0.211678912279445,0.1161949907415582,-0.0212731552578304,2.6510133227604094,3.640515596643926,0.7551874754715704,0.1636686736715295,5.280781448810794,3.53230901247546,47.675832911648406,-1.1168579783753616
SEG_034,2021-04-25,0.011771791782425,0.1756807613348076,0.4670301261491918,0.0203568834907992,GOOD,-1.1168579783753616,4.837379448473214,-1.4870983987209672,24.24775720524189,7.502197575610868,0.8701851565783781,0.0792558867665295,5.280781448810794,3.53230901247546,47.675832911648406,0.4378002913998335
SEG_034,2021-05-25,-0.039482791275447,-0.4031363632738137,-0.1161357112732059,0.0894969613094817,GOOD,0.4378002913998335,-3.342761875236718,-1.3886936765008504,6.090570725472178,5.236458688003988,2.215560664445352,0.2606606974286543,5.280781448810794,3.53230901247546,47.675832911648406,-0.2326965258656685
SEG_034,2021-06-24,0.1733596237758976,0.3216864586827163,0.31318840231908,0.243725555116413,GOOD,-0.2326965258656685,-3.5146945178978486,-0.2276056703678091,9.240392648311769,8.548400804078488,1.8228863656529348,0.1688304269160295,5.280781448810794,3.53230901247546,47.675832911648406,0.8031077712500729
SEG_034,2021-07-24,0.1733405128134452,-0.0238416010106619,-0.0389674301407924,0.1670142117143263,GOOD,0.8031077712500729,-2.6055379546426902,-0.1646006811383167,19.559461022101637,7.581221628180455,0.9576696468576564,0.2020456489521213,5.280781448810794,3.53230901247546,47.675832911648406,-1.1341985859913086
SEG_034,2021-08-23,-0.0860146705678767,-0.0429177200784796,0.2077881757206205,-0.0955921424015222,GOOD,-1.1341985859913086,-0.3233651834999413,0.2864419468818819,30.99382312762714,2.3410543744628622,2.030520835454441,0.2605325780180644,5.280781448810794,3.53230901247546,47.675832911648406,0.5207280046852234
SEG_034,2021-09-22,0.261532633969002,-0.223095960847139,0.5835783171838751,0.043099065126891,GOOD,0.5207280046852234,-2.451915680157379,-0.8023318364836198,35.311230840182176,5.124994606557199,0.7813114994370562,0.2060489866991968,5.280781448810794,3.53230901247546,47.675832911648406,-1.340913068302601
SEG_034,2021-10-22,0.2596045544860801,-0.1607089231946935,0.3436640998184494,0.2146787468792179,GOOD,-1.340913068302601,1.4391138022889134,-0.8941402297693948,319.6964364752956,9.329280188043445,2.171435013692705,0.3567981490288504,5.280781448810794,3.53230901247546,47.675832911648406,-0.6595744343492603
SEG_035,2020-01-01,-0.0468897823265422,0.434233908946233,0.1287717058605956,0.2039637125478225,GOOD,0.9343311447553624,2.128332248024821,-0.0347058952509622,11.830859298047349,9.198354475543226,0.7996131148811364,0.1939410408083978,0.9268267548118344,4.27495280274078,15.917967432517043,0.4648241710102028
SEG_035,2020-01-31,0.1100280781178764,-0.4356300975238782,0.2507132621514458,-0.0542104868965796,GOOD,0.4648241710102028,-8.906774583288083,0.0267038997161701,30.32666505548881,8.725434841481414,2.1876518178763145,0.1851620627735805,0.9268267548118344,4.27495280274078,15.917967432517043,-1.3123877456161523
SEG_035,2020-03-01,0.0888144729033732,0.4888708638950867,0.2164016954662009,-0.0201062286027731,GOOD,-1.3123877456161523,-3.4372771890257656,-0.9278213348165671,10.05963710775744,3.296716656331003,2.0002469016060087,0.273530559762734,0.9268267548118344,4.27495280274078,15.917967432517043,0.4107969605407557
SEG_035,2020-03-31,0.1910539732286447,0.1291156631695652,0.3017924248172752,-0.0185841559373164,GOOD,0.4107969605407557,3.3993651723753224,-0.7808779958727112,20.40136850189232,6.372646740942666,0.6848659988155535,0.0678282012807962,0.9268267548118344,4.27495280274078,15.917967432517043,-0.3618875035125553
SEG_035,2020-04-30,0.3554942500899862,0.1422323772918767,0.1465579224461555,0.2329611635430895,GOOD,-0.3618875035125553,-2.894006948823079,-0.7957878953742208,30.92394318422517,6.469578495825624,0.9988011508099084,0.1302272743062272,0.9268267548118344,4.27495280274078,15.917967432517043,-1.1480702255651951
SEG_035,2020-05-30,0.0880591134502623,-0.4291323828015296,-0.2296705744082246,0.2129549429334606,GOOD,-1.1480702255651951,-8.231087569291267,-1.0388529889065177,30.074479259751,4.647358359249978,1.007036536799222,0.2565253835771576,0.9268267548118344,4.27495280274078,15.917967432517043,0.8121171204849491
SEG_035,2020-06-29,0.0256909235955268,0.2032733139239638,-0.2388424636036286,0.248589334362337,GOOD,0.8121171204849491,-8.878343157348358,-0.3492882513791562,42.659760831952,9.45447239942833,1.6189798437030494,0.2274076644795592,0.9268267548118344,4.27495280274078,15.917967432517043,-1.2165056041993063
SEG_035,2020-07-29,0.248758954151751,-0.3891255290599725,0.1238808359446688,0.2669565349368272,GOOD,-1.2165056041993063,-9.55032955494433,-0.8239095148234712,13.044055253457742,4.6763299636857525,1.669763152356927,0.0369214374437728,0.9268267548118344,4.27495280274078,15.917967432517043,-1.347857129581354
SEG_035,2020-08-28,0.2669363347053869,0.4241742622654494,0.2970025146088568,0.2513080717990652,GOOD,-1.347857129581354,-8.906321472786882,0.395995193181279,45.21619327738944,7.624726643264499,1.8671962733412997,0.0946063905943266,0.9268267548118344,4.27495280274078,15.917967432517043,-0.4438298483994742
SEG_035,2020-09-27,0.3749538913974172,0.0981476287490829,0.2511893856259228,-0.0677626046910326,GOOD,-0.4438298483994742,4.199010148212079,-0.9589831870298122,2.0870488524665,2.2848006782887404,1.6538288151187657,0.2870363605124774,0.9268267548118344,4.27495280274078,15.917967432517043,-2.04968813925784
SEG_035,2020-10-27,0.0517091757861592,0.3498335024449959,0.5743190840257675,-0.0914226951263948,GOOD,-2.04968813925784,1.604198640043574,0.1227263390447837,326.7092930555861,8.882355772220397,2.385942950700058,0.4927971645123738,0.9268267548118344,4.27495280274078,15.917967432517043,-0.9957472353611284
SEG_035,2020-11-26,-0.0739297912004412,0.2656815154643938,0.3258964785390618,0.0718874594609075,GOOD,-0.9957472353611284,-7.933443548278898,-0.6240942907632507,344.857336437573,9.860276454898791,2.156554926127421,0.4807258937832996,0.9268267548118344,4.27495280274078,15.917967432517043,0.0241646528145136
SEG_035,2020-12-26,-0.0710387466916061,-0.2679665752351969,0.2297557265240302,-0.0091496455280021,GOOD,0.0241646528145136,3.3250300743879784,0.0863616844448085,328.4024305812194,9.927509892092177,1.3953975002916224,0.4931852339538883,0.9268267548118344,4.27495280274078,15.917967432517043,-1.0322597965481903
SEG_035,2021-01-25,-0.0616941621279173,-0.3732841056692907,-0.137465869975564,-0.0825122287448469,GOOD,-1.0322597965481903,-0.17186572137199,-1.0115113109634994,14.620636079354671,6.848990762103715,1.5431008049035646,0.1544947741956967,0.9268267548118344,4.27495280274078,15.917967432517043,-0.9368054413401878
SEG_035,2021-02-24,0.0250994277684768,0.0436461955745589,0.1454363266731028,0.1940874511403585,GOOD,-0.9368054413401878,3.726512960205989,-1.059425421900424,35.65669294547994,9.53141590159736,1.701034141761511,0.0708252962381738,0.9268267548118344,4.27495280274078,15.917967432517043,-1.903371784720676
SEG_035,2021-03-26,0.1634220938868018,-0.2324647507156511,0.3279945186322722,0.1013781610261743,GOOD,-1.903371784720676,3.5063806635328216,-0.0889966495251142,31.09358902506817,4.23827076425827,1.0667899509203145,0.1320093170356601,0.9268267548118344,4.27495280274078,15.917967432517043,0.351545287756031
SEG_035,2021-04-25,0.0152679633533179,0.2419086586904947,-0.1103073313051965,0.0489559940246067,GOOD,0.351545287756031,-7.870581518575438,0.4558194016680901,34.917096957667695,7.199264691125868,1.571019840523343,0.1789978719325149,0.9268267548118344,4.27495280274078,15.917967432517043,-1.7964108646249204
SEG_035,2021-05-25,-0.0831219081942045,-0.2220326692742098,0.0457589929578568,0.230871540203978,GOOD,-1.7964108646249204,-5.813612767915327,-0.2805045487890205,24.76787493335026,8.90218248263527,1.276557870958445,0.0887083084784576,0.9268267548118344,4.27495280274078,15.917967432517043,-0.3959255117844329
SEG_035,2021-06-24,-0.0077866015586045,-0.0689150353335444,-0.2529663138511613,0.0220592291096034,GOOD,-0.3959255117844329,-4.78293192343147,-1.4480157954982815,30.436964614122385,9.14535488702168,1.9663400724080735,0.2144067358463917,0.9268267548118344,4.27495280274078,15.917967432517043,-0.7787963381268455
SEG_035,2021-07-24,0.1954793133457904,0.2572522165428484,0.0068499464780661,0.2316957820103482,GOOD,-0.7787963381268455,-3.586762162005976,-0.0415477316295136,36.77072441294816,2.4569487456915797,0.987912781769548,0.2072611024307136,0.9268267548118344,4.27495280274078,15.917967432517043,-0.3543220433263979
SEG_035,2021-08-23,0.238984762457827,0.3585140927947398,0.5441784663594158,0.0854010147566646,GOOD,-0.3543220433263979,-1.4754541848958649,-0.4621742776021256,8.127443477625029,5.050328282554893,1.9069696155332676,0.3003397518161014,0.9268267548118344,4.27495280274078,15.917967432517043,-1.263389425551546
SEG_035,2021-09-22,-0.0924082931850101,0.2995889237716699,0.555870508752417,-0.0657852530515012,GOOD,-1.263389425551546,-1.8579316553669152,-0.8249352936285343,19.730060189443154,6.924377994195812,1.095291385547862,0.1529456227670362,0.9268267548118344,4.27495280274078,15.917967432517043,-1.428244969386728
SEG_035,2021-10-22,0.3051297484769073,0.1079991758789056,-0.1881242284461436,0.1273764302157654,GOOD,-1.428244969386728,-6.032236831531748,-1.1424312078385253,323.13621342825394,5.519274235300463,2.764511826348065,0.8191181286735059,0.9268267548118344,4.27495280274078,15.917967432517043,-1.4107669415156447
SEG_036,2020-01-01,0.2089746522008558,-0.4504203257510628,-0.1969980933581237,-0.0845992887489334,GOOD,0.0386339733975648,2.908554163609692,-0.3402185690800186,2.0977793460368046,7.738861574408556,0.6499800158742916,0.1664141984119452,8.756026031090505,0.7233901524123004,63.03381783850141,0.1290524165084285
SEG_036,2020-01-31,0.0287225373689762,0.1783878195653176,0.4717412767147017,0.0413340167416374,GOOD,0.1290524165084285,-0.9913174173202162,-0.8005406989281851,3.8739571373678494,5.550501472543631,1.370175176160695,0.0888445022467788,8.756026031090505,0.7233901524123004,63.03381783850141,0.5949805102662488
SEG_036,2020-03-01,0.085679680962629,0.3226929432229418,0.0743727033157187,0.1567548108889917,GOOD,0.5949805102662488,-7.85380776695595,-0.8469189165984581,39.408223092662894,4.6798862800061,1.2425219459402164,0.1825218898519997,8.756026031090505,0.7233901524123004,63.03381783850141,0.7438570399280023
SEG_036,2020-03-31,0.3867506000923478,0.1219163688358471,-0.1557184626797458,-0.0821557691965323,GOOD,0.7438570399280023,3.678089893373931,-1.4489294274712787,30.451907296284897,8.464273709839926,1.4544682275551837,0.2314843557715818,8.756026031090505,0.7233901524123004,63.03381783850141,-1.95301964139319
SEG_036,2020-04-30,0.1907432493300744,-0.1559472535555077,-0.1066181522536597,0.2322907077750154,GOOD,-1.95301964139319,0.8938964251512296,-0.7378206735460189,49.8910425786719,2.627559778403005,0.8192400697717412,0.268412737278779,8.756026031090505,0.7233901524123004,63.03381783850141,0.1766788818477604
SEG_036,2020-05-30,0.1517479434527939,0.0744392471784678,0.1934097272199103,0.0672320471375208,GOOD,0.1766788818477604,2.7139261974185267,-0.4444872021942505,2.571575197242948,5.778633276176318,1.3765045092006396,0.1241364439863879,8.756026031090505,0.7233901524123004,63.03381783850141,0.2760119707355044
SEG_036,2020-06-29,0.3180044702263315,-0.2069346911380476,-0.080373904140174,-0.0027706629067482,GOOD,0.2760119707355044,-4.570525635306833,-0.5883576525030081,37.40941396817448,2.9233353551073744,0.9692428033465196,0.1896289013529232,8.756026031090505,0.7233901524123004,63.03381783850141,-0.1280328958371957
SEG_036,2020-07-29,0.0809405799198525,-0.1480153906311309,0.1550790985584212,0.2658542047807485,GOOD,-0.1280328958371957,-0.9217212464269444,-0.602063957060812,20.9425114951146,6.554738034476107,2.092266588241516,0.1658925364221,8.756026031090505,0.7233901524123004,63.03381783850141,-1.2729247289667025
SEG_036,2020-08-28,0.2882241357463067,-0.0923825601182496,0.2262798026152877,-0.0447439384295175,GOOD,-1.2729247289667025,-5.696722156378799,-0.8723113221233485,4.075297865458872,5.368180722297783,2.189917984758134,0.201220893696182,8.756026031090505,0.7233901524123004,63.03381783850141,-1.7008964399417292
SEG_036,2020-09-27,0.286322487883658,0.3998724682622827,0.4887651272763476,-0.0937950993574531,GOOD,-1.7008964399417292,-6.049358163158274,-0.3908424420448859,46.50625827530781,7.942831939518175,0.9426488336679688,0.1080358963295989,8.756026031090505,0.7233901524123004,63.03381783850141,0.54015907758755
SEG_036,2020-10-27,0.2450232824941561,0.4899334838465952,-0.180860020492916,0.2467519954720428,GOOD,0.54015907758755,3.563905889804513,-0.7912644575915786,320.11587533985403,6.455526247110063,2.4308149962719585,0.3689418203123422,8.756026031090505,0.7233901524123004,63.03381783850141,-2.3130000657670213
SEG_036,2020-11-26,0.3491769460463542,0.0914780021366286,0.2549666344895556,0.2976536414688217,GOOD,-2.3130000657670213,1.0812263474677175,-0.7900847353053235,322.444767099125,10.27099780028057,2.9694832135772504,0.8849019910910018,8.756026031090505,0.7233901524123004,63.03381783850141,0.6043799711874737
SEG_036,2020-12-26,0.1385530237112704,-0.365394460160709,-0.1348942991246528,0.2063822853254024,GOOD,0.6043799711874737,4.049321693484558,-1.3324210174045503,344.77995857886367,6.748426293912427,1.6333931462927218,0.3613138653102031,8.756026031090505,0.7233901524123004,63.03381783850141,-1.7472416515294693
SEG_036,2021-01-25,0.1192935205128873,0.0086671912858872,0.2292727898908377,0.2779072397142837,GOOD,-1.7472416515294693,-5.539772008363888,-0.8177655779080399,28.20656691405089,9.178413005184748,1.5214921421596153,0.2295130184060231,8.756026031090505,0.7233901524123004,63.03381783850141,0.399292587538304
SEG_036,2021-02-24,0.0614000364544531,-0.1814216989479943,-0.1394257690149374,-0.0427213756980466,GOOD,0.399292587538304,1.019386226205247,0.47841074661888,10.534034457258002,6.15307976473905,1.533382546406079,0.1913658242562013,8.756026031090505,0.7233901524123004,63.03381783850141,0.6461008360477367
SEG_036,2021-03-26,0.0423954783588369,-0.3814489223968748,-0.0535363499971319,0.0755666977871458,GOOD,0.6461008360477367,-5.672817684053831,0.3353861310992987,49.44027871123336,8.027750438816515,1.9265603928748527,0.1492013680286782,8.756026031090505,0.7233901524123004,63.03381783850141,0.6935235948088578
SEG_036,2021-04-25,0.0034215560263523,0.3387899958245319,0.3793782647845683,-0.0890599501180901,GOOD,0.6935235948088578,4.3978505459402975,-0.4203405002070082,39.949600098704046,2.0533208542088204,1.805157992035059,0.0277159611080905,8.756026031090505,0.7233901524123004,63.03381783850141,0.4727993520599929
SEG_036,2021-05-25,0.3709029791797689,0.0711651625223648,0.3588804766561254,0.1083575580304226,GOOD,0.4727993520599929,-5.57587628237957,-1.280770246442394,35.31610999971019,8.757952995296751,1.2478639702950016,0.1189557399134718,8.756026031090505,0.7233901524123004,63.03381783850141,-0.9651421651077504
SEG_036,2021-06-24,0.3322513756782488,0.4930772504095225,0.3584703683990538,-0.053414943908335,GOOD,-0.9651421651077504,-8.813993810384252,0.0866405102974439,36.36807951120672,4.616925725741814,1.3658128718864266,0.0973106511279271,8.756026031090505,0.7233901524123004,63.03381783850141,0.711127548229086
SEG_036,2021-07-24,0.1564220565262491,0.2770455708659328,0.3361288213666067,0.0259239700206294,GOOD,0.711127548229086,-3.4993356354044245,0.3647360012695742,39.70986996639401,4.540217589759747,2.0143961379786144,0.2331259161622113,8.756026031090505,0.7233901524123004,63.03381783850141,-0.9591301824619148
SEG_036,2021-08-23,-0.082181906889444,0.1344971554524082,-0.2928264705738249,-0.0452501309324998,GOOD,-0.9591301824619148,4.147435525828175,-0.1533047378707186,13.264302339447816,3.211464851171205,2.0718326906196,0.2871239021384583,8.756026031090505,0.7233901524123004,63.03381783850141,0.2200779619022311
SEG_036,2021-09-22,-0.0007135158971968,0.3758639476352311,0.5557494823982982,0.2428627184727299,GOOD,0.2200779619022311,-9.952034342923897,-1.3654774652318489,27.886858065134728,3.668375772833258,0.8802124076406349,0.1288478174707519,8.756026031090505,0.7233901524123004,63.03381783850141,-0.1607140074944754
SEG_036,2021-10-22,0.0901451149248569,0.083898955842225,0.2739431643026574,0.0936932251765165,GOOD,-0.1607140074944754,-7.299034981665427,-0.8997988575593852,311.59466686660016,4.3369273345456,1.7537375536716682,0.3698082865529364,8.756026031090505,0.7233901524123004,63.03381783850141,0.4465805395806885
SEG_037,2020-01-01,0.2524094005229244,0.2736817813081401,0.135364860714292,0.2218885238886154,GOOD,-0.602173724298422,-3.8199562183892057,-1.030279919073544,14.546511794598349,6.059899223751197,2.113503352073716,0.268080551814254,4.914991357065718,1.6626391771212443,11.353629341407546,-0.6802256873296791
SEG_037,2020-01-31,0.2858993288993537,-0.2383947471157532,-0.0141434776030021,0.0565513575346187,GOOD,-0.6802256873296791,-4.019807324480335,0.3247374602352584,13.415861683154622,7.82549477928568,1.0340836396761404,0.1734334386817133,4.914991357065718,1.6626391771212443,11.353629341407546,-0.1549915486113491
SEG_037,2020-03-01,0.1049057715434954,0.0725056966813055,-0.150118371230276,-0.017519671381855,GOOD,-0.1549915486113491,4.218166914014786,-0.273392057258615,16.484208825683343,6.83968964456125,0.6532841347491172,0.1938074481177729,4.914991357065718,1.6626391771212443,11.353629341407546,-0.4215587165022229
SEG_037,2020-03-31,-0.0548736446334663,0.2047305206454401,0.52100570810907,0.2067368202388672,GOOD,-0.4215587165022229,-0.1760262568427038,-0.4627020029654594,18.104887580675133,3.587518512321549,1.0564545177586289,0.2355258227868032,4.914991357065718,1.6626391771212443,11.353629341407546,-1.4391269900867982
SEG_037,2020-04-30,0.0146672341607044,0.3012853947386456,0.519588402185529,0.0326008451384164,GOOD,-1.4391269900867982,1.0000152418803872,0.3800275923854244,1.8037486245788488,2.16022698611747,2.254421923882971,0.1580597997840579,4.914991357065718,1.6626391771212443,11.353629341407546,0.2774411632498779
SEG_037,2020-05-30,0.1424499729360832,-0.343054493642675,-0.028680208162815,-0.0079979043258562,GOOD,0.2774411632498779,-6.29036891827978,-0.955083508045742,6.182141532374858,8.272428892723127,1.64208890138316,0.0899086231758753,4.914991357065718,1.6626391771212443,11.353629341407546,0.2131054029632679
SEG_037,2020-06-29,0.0349993305727231,-0.4150833705326388,-0.2334987815167107,0.1888451477989233,GOOD,0.2131054029632679,-3.76929964644974,-1.4705164321861868,41.51257594738079,6.838974888263617,1.023981630012271,0.2656587974570589,4.914991357065718,1.6626391771212443,11.353629341407546,-0.542195107107329
SEG_037,2020-07-29,-0.002857959898294,0.1056915809162188,-0.0190292663403259,0.0294906926904699,GOOD,-0.542195107107329,-9.648520726469831,-0.9519005200429912,10.133334658920472,4.11415964181795,1.8011240655239769,0.2210992716096041,4.914991357065718,1.6626391771212443,11.353629341407546,0.6938734059459339
SEG_037,2020-08-28,-0.053468802488398,0.4668863296980463,0.2048966329597093,0.0933398076427667,GOOD,0.6938734059459339,-2.001941445478033,-1.0107719245194149,0.8606266204841229,5.976279123279896,1.206963234387337,0.1211457179581046,4.914991357065718,1.6626391771212443,11.353629341407546,-1.3583114983901532
SEG_037,2020-09-27,-0.045847852333373,-0.2759391398885885,0.5776715354800424,0.0589394473171406,GOOD,-1.3583114983901532,-4.452675602196941,-0.3736934645630652,32.14092825003334,4.659483798967078,1.9331537465058437,0.2826165119637512,4.914991357065718,1.6626391771212443,11.353629341407546,-1.6237028209183926
SEG_037,2020-10-27,-0.0153721436572007,0.3648277144290005,0.14083031590334,-1.237665447959002e-05,GOOD,-1.6237028209183926,-0.7526729436885127,-0.5529706847160212,336.15162068592383,6.533113644157743,1.0394227073354292,0.2297929238333693,4.914991357065718,1.6626391771212443,11.353629341407546,-0.4300748438368665
SEG_037,2020-11-26,0.0557274786401954,-0.1621315193599207,-0.1644492228861247,0.0285771926909613,GOOD,-0.4300748438368665,-3.901985749070208,-1.488856460628735,334.5198669318945,8.040303442621797,2.1960913841188514,0.3107368262816217,4.914991357065718,1.6626391771212443,11.353629341407546,0.4194506424614586
SEG_037,2020-12-26,0.2260043123205726,-0.1781620423393546,0.3379813547037295,0.1057724462592817,GOOD,0.4194506424614586,4.891330383688507,-1.3371313822086095,305.2521938181304,7.59404451116946,1.6895614274581838,0.4017902819089973,4.914991357065718,1.6626391771212443,11.353629341407546,-1.899023468013744
SEG_037,2021-01-25,0.274074381297371,-0.3338030263977676,0.0938411338834035,0.2887665096332568,GOOD,-1.899023468013744,-3.637266625257076,-1.1585558261548743,40.15768152646314,5.897547014943682,1.6883273953147095,0.1353519082577505,4.914991357065718,1.6626391771212443,11.353629341407546,-0.0098910867244225
SEG_037,2021-02-24,0.0483755116074654,-0.0645205974895931,-0.0351987090114602,0.2687880870110577,GOOD,-0.0098910867244225,-2.162798458071113,-0.2697990255125599,18.58159063898413,7.20176572596703,0.872038658253838,0.1685551534480314,4.914991357065718,1.6626391771212443,11.353629341407546,-0.6318056862684339
SEG_037,2021-03-26,0.2069999104440039,0.2144748000148929,0.1674418057804256,0.0004957451585234,GOOD,-0.6318056862684339,4.043037481253277,0.354159187477294,36.006512864003525,8.819169397821526,0.7847936061582177,0.1375895854194945,4.914991357065718,1.6626391771212443,11.353629341407546,0.8479876001881079
SEG_037,2021-04-25,-0.0950894068267642,-0.0836970569251047,-0.1646858310442858,-0.0731807947358182,GOOD,0.8479876001881079,-5.322392355486979,-1.1246511459459718,34.70225859204227,6.301851955568408,1.328315901991874,0.1449268403709964,4.914991357065718,1.6626391771212443,11.353629341407546,-0.1604041510601118
SEG_037,2021-05-25,-0.0217734893159121,-0.1495472070847189,0.203240480236775,-0.0095881958456115,GOOD,-0.1604041510601118,3.918192482662274,-0.950838770207948,41.03772152644049,8.944745267997124,1.5641802186650515,0.1361411205572461,4.914991357065718,1.6626391771212443,11.353629341407546,-1.8300217159001644
SEG_037,2021-06-24,0.1016341795560267,-0.245250615767298,0.1869152939128831,0.1637470281201246,GOOD,-1.8300217159001644,-7.713672954256504,-0.0386838433676739,13.999276674660017,4.10350093624948,0.9032835617426904,0.2592970459698273,4.914991357065718,1.6626391771212443,11.353629341407546,-1.2270191927589953
SEG_037,2021-07-24,0.2830271712800357,-0.1698398100163363,0.3947808144097044,0.1368679899119592,GOOD,-1.2270191927589953,2.1094937328918477,0.242673167823064,33.42484567658221,5.787254703599614,0.9870759074534344,0.2506437130983101,4.914991357065718,1.6626391771212443,11.353629341407546,0.5249335466257947
SEG_037,2021-08-23,-0.0543308655561987,0.3033538283029473,-0.1681575102433562,-0.034072645081687,GOOD,0.5249335466257947,-5.1499318617074845,0.2919066841876814,2.6094593617971675,6.09364210410323,1.5551684217504111,0.2912224019241987,4.914991357065718,1.6626391771212443,11.353629341407546,-0.8761193604135668
SEG_037,2021-09-22,0.1501875525713243,-0.3827035036625498,0.2041306216561941,0.0509238206562984,GOOD,-0.8761193604135668,-2.882829976641577,-0.8764763349495914,26.0992852289125,6.245484058749655,1.9557641590319184,0.2207725424408108,4.914991357065718,1.6626391771212443,11.353629341407546,-0.796222465173287
SEG_037,2021-10-22,0.3727449664241443,0.3336049339006599,0.340212910090354,0.2359504414714671,GOOD,-0.796222465173287,-2.6485974309854496,0.0779301114460682,334.2683792562186,11.463240677104125,3.063840305882475,0.833924196425792,4.914991357065718,1.6626391771212443,11.353629341407546,-1.371307895199557
SEG_038,2020-01-01,0.0551953491883409,-0.405891515977377,0.0319806838350473,0.0015041306698123,GOOD,0.7641304059353815,-0.8983837880535628,-1.4329436175939725,13.74757090273278,5.829878950017333,0.5681218968933978,0.1399981411892402,0.6013880063626378,2.266194780683948,52.60025947905228,0.7574207222835009
SEG_038,2020-01-31,0.2126352058992795,0.4711406944109567,0.4409931378616677,0.2452741286695882,GOOD,0.7574207222835009,4.958473660895182,-0.2355198345410718,24.515024264816557,5.787587329741477,1.9136204285993597,0.1906033426000571,0.6013880063626378,2.266194780683948,52.60025947905228,0.1278454387212861
SEG_038,2020-03-01,-0.0809032031538566,-0.4711630298724735,0.5048386219291343,-0.0387232997845424,GOOD,0.1278454387212861,3.063698319823642,-1.2367035883244184,20.97862915473596,8.76642508026521,0.907044265468582,0.2566845407988141,0.6013880063626378,2.266194780683948,52.60025947905228,-0.1642211759020596
SEG_038,2020-03-31,-0.0512622696984921,0.0440834855845433,0.585063085461544,-0.0223270486143075,GOOD,-0.1642211759020596,-9.749883189872095,0.1745470564364033,42.41150129574034,4.531842285259751,1.5888936190271,0.1911170253718786,0.6013880063626378,2.266194780683948,52.60025947905228,0.4544652725082172
SEG_038,2020-04-30,0.3721504873270413,0.0163404495579838,0.5464906453940703,0.0612692338716349,GOOD,0.4544652725082172,0.0446176225114687,-1.370090198622049,41.2523771678258,6.012205549926397,1.8281745954514157,0.1106893383715952,0.6013880063626378,2.266194780683948,52.60025947905228,0.1961453975880238
SEG_038,2020-05-30,0.0377627276201882,-0.3013165988868721,0.154919247838306,-0.0308127145907291,GOOD,0.1961453975880238,2.5678954580154194,-1.4935512347345872,13.6881569626031,4.805478222233925,1.1895382837741209,0.1845784724827295,0.6013880063626378,2.266194780683948,52.60025947905228,0.1190219130414976
SEG_038,2020-06-29,0.1830946442867549,-0.0369946279513691,-0.1953644787802549,-0.0637753123566479,GOOD,0.1190219130414976,-7.215116659086055,-0.3177029397096496,48.28827977929539,8.133780549129,1.9616218920804276,0.1549119199914065,0.6013880063626378,2.266194780683948,52.60025947905228,-0.1105007813726565
SEG_038,2020-07-29,-0.0593625334009588,0.2242767657580772,-0.0779410937651688,0.2349233289983588,GOOD,-0.1105007813726565,3.522187977796708,-1.1178278811662137,37.79162717540207,3.061878520875398,0.7298147801541188,0.2011075220336852,0.6013880063626378,2.266194780683948,52.60025947905228,0.6329053332640049
SEG_038,2020-08-28,-0.0297869631460311,-0.1844590200932118,-0.0966356579084118,-0.024701883575918,GOOD,0.6329053332640049,-7.343318688205085,-0.9101353100038456,34.877908021061984,4.116361146713022,1.306030105384551,0.1442198785942553,0.6013880063626378,2.266194780683948,52.60025947905228,-1.92469263842882
SEG_038,2020-09-27,0.2209129554146629,-0.0503268552608783,0.2679237665112009,0.2326921766116459,GOOD,-1.92469263842882,2.5208628831680464,-0.7286386168643204,26.89743919995103,3.6853023763749375,1.6928248789886258,0.1252017776130205,0.6013880063626378,2.266194780683948,52.60025947905228,0.0841188869505111
SEG_038,2020-10-27,0.2981357004072107,-0.2925530423061463,0.3296884437772736,0.1015061007488107,GOOD,0.0841188869505111,1.9144254478383933,-1.3184849990416698,338.6704497824319,9.065710796013768,2.8233489413209583,0.6550162682682132,0.6013880063626378,2.266194780683948,52.60025947905228,-0.9408008498490352
SEG_038,2020-11-26,0.2291660906043412,-0.3135744893907769,-0.1741662463506894,0.1347283045142619,GOOD,-0.9408008498490352,-4.331347645263583,-0.3232184365201758,301.6924892821804,7.610306269205389,1.6748044905989306,0.2661043688195099,0.6013880063626378,2.266194780683948,52.60025947905228,0.7354973181682702
SEG_038,2020-12-26,0.1107038813661631,-0.1652875219533456,0.2830931820920249,-0.059916924872662,GOOD,0.7354973181682702,-5.405865554204698,-0.5663175352397845,309.30803632439864,2.173999752939266,1.7296286019863147,0.0976077768632422,0.6013880063626378,2.266194780683948,52.60025947905228,-0.9379521851735122
SEG_038,2021-01-25,0.1174842384865688,-0.1006665194513495,0.4506867700757819,0.0010299078326596,GOOD,-0.9379521851735122,-4.931826090526851,-0.1428883164949252,15.008664891171811,9.766125376760336,2.0465351501796687,0.2447890303885239,0.6013880063626378,2.266194780683948,52.60025947905228,-0.8878361702968217
SEG_038,2021-02-24,0.1534803789401624,-0.0790140150048269,0.3966652031423514,0.2815927761122226,GOOD,-0.8878361702968217,-9.571672436145027,-0.4755912994387041,46.117679886737,9.09276196937866,2.308199626335515,0.3327077502989688,0.6013880063626378,2.266194780683948,52.60025947905228,0.8598936823476171
SEG_038,2021-03-26,0.3862138761877576,0.2518500919606476,-0.1830982558647857,0.033258845772056,GOOD,0.8598936823476171,4.554876918762771,-0.8814529211392488,38.29115559960192,8.411916991835978,1.2674551365866389,0.0648223591175419,0.6013880063626378,2.266194780683948,52.60025947905228,-1.291533572916495
SEG_038,2021-04-25,-0.0262544952317829,0.3829547403161856,-0.0288458997251535,-0.0678498918277214,GOOD,-1.291533572916495,-6.95017027446454,-1.3196662109474184,12.236626131138925,7.477708611211074,1.768839878043951,0.0749864756045217,0.6013880063626378,2.266194780683948,52.60025947905228,0.6907647289409102
SEG_038,2021-05-25,0.0723559316244477,-0.0291993055505375,0.3181077946323347,0.1795118993893023,GOOD,0.6907647289409102,0.0265527564613048,0.1626939842624064,35.311205030509086,8.10444938641487,0.8346749301634192,0.1020755330410905,0.6013880063626378,2.266194780683948,52.60025947905228,0.1148118929902104
SEG_038,2021-06-24,-0.033236865699725,0.2732604393892871,0.5082191612934703,0.2279164304576802,GOOD,0.1148118929902104,-3.6311134028875607,-0.7122992793602472,3.5828397970151804,5.906474630229274,1.91586139596584,0.2393728786335978,0.6013880063626378,2.266194780683948,52.60025947905228,0.4475450211481434
SEG_038,2021-07-24,0.2042611672660709,0.2678439262148557,0.0322193095538942,0.0359403803987977,GOOD,0.4475450211481434,-0.8415021450254869,0.0033689200607054,45.72930003600926,7.164618148212044,0.7957974680078012,0.0730651568661904,0.6013880063626378,2.266194780683948,52.60025947905228,-1.1662308618196668
SEG_038,2021-08-23,0.1177003141226259,-0.1604133443231394,0.2886404414615636,0.0702845279894696,GOOD,-1.1662308618196668,-4.197767264179186,0.142550028572262,1.7413330305440289,9.66810196369988,1.2170982725177115,0.066505750476966,0.6013880063626378,2.266194780683948,52.60025947905228,-1.7640186882326685
SEG_038,2021-09-22,0.317116247514004,-0.0350772976411213,-0.2256235755111413,0.1744262478729208,GOOD,-1.7640186882326685,2.936997198068374,0.1071005136805118,0.6112244579508042,4.552206225916118,1.634959225113653,0.1859724213185571,0.6013880063626378,2.266194780683948,52.60025947905228,-1.3184824938390458
SEG_038,2021-10-22,0.143069692156528,0.4599210520848253,0.0615330515817653,0.2085438640550115,GOOD,-1.3184824938390458,-6.120264260985143,-0.2317656410342692,330.1818023648579,8.419347161544017,2.0847890434881275,0.4383187157323332,0.6013880063626378,2.266194780683948,52.60025947905228,0.7054298811866612
SEG_039,2020-01-01,0.1274946810114683,-0.4514564017596605,-0.0464574401389062,-0.0513794217470386,GOOD,-0.6038986415152878,-4.493438186115752,0.2783318698306116,34.31938192594663,4.018614436727913,1.2972441238267458,0.1756494934329359,6.106453671674783,1.0683039421066027,81.28351093420395,-1.108019284228258
SEG_039,2020-01-31,0.1713742489637267,-0.3212718196716928,0.0211968256187006,-0.0929924027718003,GOOD,-1.108019284228258,-0.4602595006359653,-0.3084421886252868,17.862224106454967,2.292898805813105,1.9356881961504664,0.1807924383790164,6.106453671674783,1.0683039421066027,81.28351093420395,-1.1843159855703989
SEG_039,2020-03-01,-0.0527137125802985,0.2267874043035828,0.2696280207045767,0.0724402186057468,GOOD,-1.1843159855703989,4.577791630256645,-0.122016077976806,12.20503520919946,8.604571277116566,1.7859955974846595,0.1599850530154612,6.106453671674783,1.0683039421066027,81.28351093420395,0.8781741232762021
SEG_039,2020-03-31,0.1292097845697439,-0.4234638562307621,0.0355157959048347,-0.0412998211105064,GOOD,0.8781741232762021,-0.43278275290767,0.264073775725405,19.09564976119707,9.842131896340792,0.8275707977584481,0.2692575098454888,6.106453671674783,1.0683039421066027,81.28351093420395,-0.1162403986017696
SEG_039,2020-04-30,0.111264954510106,-0.4776165248160784,0.5553229925937229,0.0027432016181765,GOOD,-0.1162403986017696,3.243880429783829,0.1737066345266495,21.671764167085307,2.931403445818709,1.0871722554947216,0.1720778695292877,6.106453671674783,1.0683039421066027,81.28351093420395,-0.9076109814759352
SEG_039,2020-05-30,0.157019786310038,0.3542436494955678,-0.0806228375074907,0.2195816399122215,GOOD,-0.9076109814759352,-2.9062239957739493,0.0214380910318829,21.8472817073713,7.974958341649966,1.78874402884247,0.1038829892784778,6.106453671674783,1.0683039421066027,81.28351093420395,-0.8455955884096416
SEG_039,2020-06-29,0.2023112840900966,0.4097464098130197,0.3103874240549001,0.0090717613847584,GOOD,-0.8455955884096416,-9.719215767601442,-0.6713503203211311,6.488347155887131,4.136426237967087,1.667195032564433,0.3026098669639981,6.106453671674783,1.0683039421066027,81.28351093420395,-1.1683220038207092
SEG_039,2020-07-29,0.0106618427664964,-0.4819270766600333,-0.0078520491797332,-0.0745110165733508,GOOD,-1.1683220038207092,0.6805040623228411,0.1539499530292174,29.395708225952376,7.078181302263186,1.1203917805183377,0.128713405658783,6.106453671674783,1.0683039421066027,81.28351093420395,-0.7071446142546669
SEG_039,2020-08-28,-0.0937163876632201,-0.1594040221002489,0.0117296832827167,0.0777532254212457,GOOD,-0.7071446142546669,1.138567346964923,-1.0787252108418888,34.88626821712158,7.383887612227276,1.255487973447667,0.1552329333228233,6.106453671674783,1.0683039421066027,81.28351093420395,-1.4625755623958905
SEG_039,2020-09-27,0.3838618043013234,0.1313840634117909,0.2051931626085375,0.0381196769568085,GOOD,-1.4625755623958905,4.773029073654682,-0.7616170897478949,14.591152128151624,4.522704687803935,1.852668726664748,0.1422795820429193,6.106453671674783,1.0683039421066027,81.28351093420395,-2.242206316726679
SEG_039,2020-10-27,-0.0166328473975318,-0.148373621963766,0.0883777124721831,0.2983303361086254,GOOD,-2.242206316726679,4.6003560294085375,-0.3871210255615114,324.53784383448965,3.877748511748572,3.131489816876224,0.5262296359511858,6.106453671674783,1.0683039421066027,81.28351093420395,-0.5913258240100936
SEG_039,2020-11-26,0.3248340954016671,-0.4030201778132491,-0.1035251573460203,0.2968523624856256,GOOD,-0.5913258240100936,-7.320663422544306,-1.1817649637628402,338.87623398914286,7.875685690575629,2.315918249806342,0.5674006315280512,6.106453671674783,1.0683039421066027,81.28351093420395,-2.058724128575419
SEG_039,2020-12-26,0.1090899977850128,0.0992485380089261,-0.0125368521105521,0.0452698726364244,GOOD,-2.058724128575419,3.2713679991860545,0.4204788004327204,338.0876565859513,4.54220077409176,2.8060024137367887,0.6794594095589364,6.106453671674783,1.0683039421066027,81.28351093420395,0.6858260130854624
SEG_039,2021-01-25,0.1474166071296787,-0.0360860579737766,0.4435245926089233,0.0797823702006572,GOOD,0.6858260130854624,-7.335600584739333,-0.923184379885534,26.63328529516842,4.672438786204749,1.539654864712598,0.171903187642283,6.106453671674783,1.0683039421066027,81.28351093420395,-0.1814774634145895
SEG_039,2021-02-24,0.0916767119622149,0.1531042413271955,0.5768226524922446,0.0641175216104833,GOOD,-0.1814774634145895,-0.716860492803983,-1.2228559164746693,30.99601473784493,9.991279070407495,1.762264609301137,0.2915945406070854,6.106453671674783,1.0683039421066027,81.28351093420395,-1.821649580797144
SEG_039,2021-03-26,0.062510155177908,-0.2500592457766916,0.2123755325596452,0.0887654175888391,GOOD,-1.821649580797144,-4.445561317050513,-0.0140692502060149,44.1756240240782,7.2329283588730915,1.7062816469083475,0.3239658975769556,6.106453671674783,1.0683039421066027,81.28351093420395,0.7263917606104677
SEG_039,2021-04-25,-0.0193103631668951,-0.1309356784592561,0.4871851773216112,-0.0299156025881502,GOOD,0.7263917606104677,3.820785269117202,-0.8545515964530401,14.64909578294039,9.155565263681993,1.150634511796281,0.2282853597249959,6.106453671674783,1.0683039421066027,81.28351093420395,-0.5238598797040384
SEG_039,2021-05-25,0.2016244934635355,0.4897133278987082,0.4170782011687017,0.2891221149605698,GOOD,-0.5238598797040384,-8.332640550618585,-0.291986408265301,16.562961739333517,9.361246520810043,0.8369186665174634,0.1316499618723737,6.106453671674783,1.0683039421066027,81.28351093420395,0.8903562478992595
SEG_039,2021-06-24,-0.0965583430654981,-0.4676774316875369,0.3091851380892993,0.2468250856392607,GOOD,0.8903562478992595,2.932534558920068,-1.3592687728547643,20.854480548789656,4.080233984193625,1.958954476818063,0.1781922390634844,6.106453671674783,1.0683039421066027,81.28351093420395,0.1004355998237512
SEG_039,2021-07-24,0.2235446698561638,0.0341708117333368,-0.278651886473082,0.0923230255477244,GOOD,0.1004355998237512,-5.605553931184591,-0.7032065268113057,41.11578789545243,8.150092127317574,1.3556985128070034,0.2675803694322279,6.106453671674783,1.0683039421066027,81.28351093420395,-1.2636586709998965
SEG_039,2021-08-23,0.2248149023951806,-0.0714114622218644,-0.1883488379920966,-0.0416065041808176,GOOD,-1.2636586709998965,2.378428866693225,0.0071557133140942,5.589186669138896,3.3516277293243704,1.3239634613432942,0.1498164767702887,6.106453671674783,1.0683039421066027,81.28351093420395,-1.869088792425251
SEG_039,2021-09-22,0.2977765496171676,-0.2899150158129059,-0.2125868663413591,0.1568142285755755,GOOD,-1.869088792425251,3.4879296692925923,-0.5168461389466752,12.236422209806951,4.0799964274432,1.3081279406772452,0.2350103475527706,6.106453671674783,1.0683039421066027,81.28351093420395,-1.9496150512982175
SEG_039,2021-10-22,0.2497808361721104,0.068231189811967,0.2349853167844576,0.2045290951133399,GOOD,-1.9496150512982175,-5.673543547175026,-1.057956920859656,318.5425559295488,4.901793880093284,2.5115753439124404,0.8188575409611185,6.106453671674783,1.0683039421066027,81.28351093420395,0.1520482758564943
SEG_040,2020-01-01,0.2605696838669163,0.2454572384821813,0.5965057690824282,0.0623378529458472,GOOD,-0.1705621431500031,-7.443848106369007,-0.8115729146621895,7.7938428473232015,8.820883780783134,1.0752128208478602,0.11637990425424,2.510789413308266,1.5844871798677775,58.42347742026054,0.6048599507436816
SEG_040,2020-01-31,0.1426228919937331,-0.3308791229815613,0.1727131838638128,-0.0298450574755715,GOOD,0.6048599507436816,-9.786511063343497,0.3938965062015145,17.118349755117734,4.474466276552037,1.182628459450347,0.1941284998498962,2.510789413308266,1.5844871798677775,58.42347742026054,0.6603060807513709
SEG_040,2020-03-01,0.294637123195795,0.1499966621171101,0.0208513174124896,0.0837286846918105,GOOD,0.6603060807513709,3.594530412428167,0.1799542717077817,42.28729673433917,8.264699506025636,1.597383243878981,0.1701565616196205,2.510789413308266,1.5844871798677775,58.42347742026054,-1.81865981684577
SEG_040,2020-03-31,0.2321220428974945,-0.1015087766468374,-0.2110439817843926,0.0318060323817029,GOOD,-1.81865981684577,-1.7007327867683577,-0.4304922543971894,37.06289438073676,8.980924909081892,2.036667823361612,0.0435997574589865,2.510789413308266,1.5844871798677775,58.42347742026054,-0.1042485690096546
SEG_040,2020-04-30,0.0239859731670179,-0.2439279273355763,0.3654922005863203,0.1758796153555316,GOOD,-0.1042485690096546,-6.323694225958743,-0.1207250994834256,22.803302547868597,2.321862338744252,1.6403874271200931,0.2010674767134123,2.510789413308266,1.5844871798677775,58.42347742026054,-0.4414628182800745
SEG_040,2020-05-30,-0.0049929166833414,0.3306923800518128,-0.2426979577874626,0.2612534348146585,GOOD,-0.4414628182800745,-9.087023302048587,-1.0448275023111613,29.283869550258103,6.650163500147003,1.2329506177056544,0.1220042003335491,2.510789413308266,1.5844871798677775,58.42347742026054,-1.827982632644481
SEG_040,2020-06-29,0.059429169409037,0.1339057018835435,-0.1232167539710616,-0.0534374432507215,GOOD,-1.827982632644481,-7.039056371911329,-0.4152623327169438,10.749697163065436,5.897845345733223,1.6665589387330175,0.2413687230208842,2.510789413308266,1.5844871798677775,58.42347742026054,0.3311836832336991
SEG_040,2020-07-29,-0.0442380490899777,0.3865174833136932,0.3996562777337775,-0.0220804941983892,GOOD,0.3311836832336991,-0.783800770840454,-0.5874911249840604,0.0247561379327521,8.03648200077825,1.7464868610211486,0.2363032843993891,2.510789413308266,1.5844871798677775,58.42347742026054,0.5841297124602358
SEG_040,2020-08-28,0.1536464910331355,0.0142002350371754,0.5562921276744579,0.0198549069887396,GOOD,0.5841297124602358,-6.264669968805207,-0.9494233030402282,28.06321587527628,4.470432139988048,1.2306784510512712,0.223690899639612,2.510789413308266,1.5844871798677775,58.42347742026054,-1.6051770819860145
SEG_040,2020-09-27,0.1437902204935151,-0.1807924516993225,0.5769189511134707,0.0882025316232082,GOOD,-1.6051770819860145,-9.016607877563183,-0.6359701652381393,15.232048963966957,9.40236269605338,1.5430763072261189,0.2788881180177676,2.510789413308266,1.5844871798677775,58.42347742026054,-0.7639560363823725
SEG_040,2020-10-27,-0.008672164404409,0.2787917935007191,0.3865673833237775,-0.014713420548438,GOOD,-0.7639560363823725,-5.199762087342831,-0.4392009605187827,305.1458558755913,4.400491352531403,2.491470221136162,0.5450737609894841,2.510789413308266,1.5844871798677775,58.42347742026054,-0.2469291364707834
SEG_040,2020-11-26,-0.0218061372939346,0.2663973822909592,0.4072300147607888,0.2409429137645458,GOOD,-0.2469291364707834,-7.643010132869938,0.4134139644573076,349.05772040552466,7.227925038053372,1.9923182485468285,0.2796291023813635,2.510789413308266,1.5844871798677775,58.42347742026054,-1.6997320107792666
SEG_040,2020-12-26,0.3664217727737703,-0.0280183260565253,0.4706137832328312,0.021447248371813,GOOD,-1.6997320107792666,-4.994167529786791,-0.7921328570063222,337.26069678192835,5.597663003684096,1.6767132416544612,0.294214990254625,2.510789413308266,1.5844871798677775,58.42347742026054,0.3743999057950348
SEG_040,2021-01-25,0.2811113720386747,-0.0959188934020145,0.5718119574182405,0.0414447833472272,GOOD,0.3743999057950348,4.624786390761626,0.0340971987576381,0.9739811787504936,7.634711277616804,0.9797630183052342,0.2100743217177202,2.510789413308266,1.5844871798677775,58.42347742026054,-0.3495629032418454
SEG_040,2021-02-24,0.0867375933515987,-0.1781542045809452,0.4118279728603787,0.0302740530910138,GOOD,-0.3495629032418454,-7.008217819317288,-1.070040291286173,25.1471711099532,8.851227538225832,0.7781706202377457,0.0957950655020167,2.510789413308266,1.5844871798677775,58.42347742026054,-1.8945484536036932
SEG_040,2021-03-26,0.1398413492049804,0.2212639793227632,0.1228845831516445,0.2884532688459996,GOOD,-1.8945484536036932,-0.108726465322487,-0.1243980681936189,45.444367344114426,5.896330788722403,1.0504071337694931,0.1734182545012141,2.510789413308266,1.5844871798677775,58.42347742026054,0.7333163808790912
SEG_040,2021-04-25,-0.0492800419922375,0.1396286662123496,-0.0515584015540321,0.0477795315925012,GOOD,0.7333163808790912,-8.334538138824605,-1.231430532323573,37.49131041541276,4.596364139150307,1.8128719465613383,0.1427585099216761,2.510789413308266,1.5844871798677775,58.42347742026054,-1.2794972524335144
SEG_040,2021-05-25,-0.0247902125499832,-0.201144370629727,-0.1200051232751255,-0.0647979365639054,GOOD,-1.2794972524335144,-1.4090024814100772,0.0255743214590964,13.035956605030009,6.248219836789965,0.997838111847158,0.0286539757842243,2.510789413308266,1.5844871798677775,58.42347742026054,0.4830899142227933
SEG_040,2021-06-24,-0.0659980465817253,0.2859007097724922,0.3402624209609062,0.0255844949400428,GOOD,0.4830899142227933,3.57655243270505,-0.6083192564953388,44.22926091209531,3.4731202317039447,1.5113298844507763,0.215696852472616,2.510789413308266,1.5844871798677775,58.42347742026054,-1.9638862855664545
SEG_040,2021-07-24,0.2388344011136839,0.2040603105651275,-0.07017800105173,0.1990601120373048,GOOD,-1.9638862855664545,-8.212143446254705,-0.6784420992831748,19.815399052971895,5.890860247498572,0.7052514637045989,0.1589614120415963,2.510789413308266,1.5844871798677775,58.42347742026054,-0.5786635434606796
SEG_040,2021-08-23,0.156130834570059,-0.4837987306288288,0.0934862248308138,-0.0871663929230325,GOOD,-0.5786635434606796,1.9741736717972904,0.0802750071705786,24.60047352412582,6.598523755893264,1.8167536474505173,0.2929639140773818,2.510789413308266,1.5844871798677775,58.42347742026054,0.4823673445377009
SEG_040,2021-09-22,0.3871137684519985,0.2805882104660192,0.1785861934900396,0.2194363907381903,GOOD,0.4823673445377009,-8.68404616706909,0.344993762201768,30.501574147557463,9.94359780495688,1.8539837460702864,0.2438721459473192,2.510789413308266,1.5844871798677775,58.42347742026054,-0.2641422705172715
SEG_040,2021-10-22,0.0384324560527322,-0.0487114124793128,0.492486528269311,0.1955746357208648,GOOD,-0.2641422705172715,-8.904613198897934,-0.2043202731725013,316.9904859565374,6.221711741752202,2.400772707497324,0.5087990883283715,2.510789413308266,1.5844871798677775,58.42347742026054,-2.159583635025358
SEG_041,2020-01-01,0.0773226555185151,0.3803117403008376,0.4805188105938617,-0.0389580870007057,GOOD,0.2615321617746036,-6.907837430929952,-1.1368265583977626,1.3112245252065502,6.815371748476906,1.996822842428993,0.2478027899080645,4.848656544158761,3.3604691630722923,76.99278281742687,-1.4275858635436571
SEG_041,2020-01-31,0.3773302974897133,-0.1725389520037469,-0.0161973756878156,-0.0079584578926353,GOOD,-1.4275858635436571,-5.4560573961635415,-0.6514327229409871,13.55389700568424,9.490418131344214,1.0418842144155938,0.1574811531694414,4.848656544158761,3.3604691630722923,76.99278281742687,-0.6818738288072157
SEG_041,2020-03-01,0.3494398159697154,-0.0603590598470711,0.4507415186853135,0.0500455767673966,GOOD,-0.6818738288072157,1.1591356829764052,-0.0201744704159447,19.020828250502905,5.574499096783808,1.1536921676174672,0.0630964000122156,4.848656544158761,3.3604691630722923,76.99278281742687,0.1355045317893238
SEG_041,2020-03-31,0.3072497081929792,-0.407148182621272,-0.1424128945467398,0.2653132843324647,GOOD,0.1355045317893238,-8.17444371101823,0.0132127137428219,6.017916254958422,5.912867411413312,1.5594745701079995,0.2108173001818825,4.848656544158761,3.3604691630722923,76.99278281742687,-1.2658343480177745
SEG_041,2020-04-30,-0.0045094281050285,0.4851521036832852,0.4198120918588277,0.0439433916746942,GOOD,-1.2658343480177745,-8.320114618737605,-0.5860925016381524,0.3627797141779687,8.42729338526809,1.2272143543392735,0.2221993476631765,4.848656544158761,3.3604691630722923,76.99278281742687,-1.1333847973343938
SEG_041,2020-05-30,0.3728658918663178,0.3365346347190856,0.0907339964162299,0.2391232629180009,GOOD,-1.1333847973343938,4.995598461614616,-1.3310970567102338,32.17909776053183,5.117489688154567,1.3489146274919213,0.2470108047910756,4.848656544158761,3.3604691630722923,76.99278281742687,-0.333733867445149
SEG_041,2020-06-29,0.2236798081447601,-0.176729067822028,-0.1733377630809446,-0.0004007513005781,GOOD,-0.333733867445149,-8.080775456284506,-1.1884833702412194,34.75351053096827,8.098302724301266,0.7016586421888944,0.2044306352638138,4.848656544158761,3.3604691630722923,76.99278281742687,-1.569374539331142
SEG_041,2020-07-29,0.2304760951291195,-0.1282959608915819,0.0733887332746805,-0.0370069223068977,GOOD,-1.569374539331142,4.044373801194094,0.4306003771928026,37.0983335410869,8.48255739621328,1.1189600627388183,0.3144306920719651,4.848656544158761,3.3604691630722923,76.99278281742687,0.7160034004272466
SEG_041,2020-08-28,-0.0188131428138162,-0.0024446084791653,-0.0245416643970544,0.1501249950325015,GOOD,0.7160034004272466,-6.022279826337818,-0.8578545297909055,39.16344494589792,4.652656378060393,1.876987306180419,0.0243472065988127,4.848656544158761,3.3604691630722923,76.99278281742687,-0.511589019039373
SEG_041,2020-09-27,0.3567884668992992,-0.4535005499461672,0.0393330938089792,0.1394029907063326,GOOD,-0.511589019039373,-7.627411324517961,-1.470123077203834,44.85943474721152,2.7369911920954504,2.3310985405536364,0.1620066292348549,4.848656544158761,3.3604691630722923,76.99278281742687,-0.4280313983853259
SEG_041,2020-10-27,0.3916843936408938,0.3561404265325024,0.1830544806746709,-0.0462378416749368,GOOD,-0.4280313983853259,-0.4471714421300277,-0.8771382350289305,323.47434904409533,9.22306360345254,1.6436766565828125,0.5118263503875127,4.848656544158761,3.3604691630722923,76.99278281742687,0.3731140511875295
SEG_041,2020-11-26,0.206804786132395,0.2163152925401797,0.1300108607375735,0.199487566444544,GOOD,0.3731140511875295,-7.055693552736233,-1.061377741176873,306.4903806170253,9.53831303969595,1.5694932148056149,0.3089039781254629,4.848656544158761,3.3604691630722923,76.99278281742687,-1.4935143267254771
SEG_041,2020-12-26,0.1019192661430678,0.3869179235027324,-0.2052946111202171,-0.0095106385628262,GOOD,-1.4935143267254771,-0.1094596123947049,-0.8427484823694757,348.6978372417946,7.346850907253304,1.4694537685058464,0.1912647736917662,4.848656544158761,3.3604691630722923,76.99278281742687,-0.3502526053595664
SEG_041,2021-01-25,0.2799468088877652,-0.3682929029468893,0.079818856994015,0.16448073132402,GOOD,-0.3502526053595664,4.019366150805549,-1.431549374044896,45.30072651794977,5.080240108482851,0.9254607833771604,0.1809524848951568,4.848656544158761,3.3604691630722923,76.99278281742687,-1.0506201123170156
SEG_041,2021-02-24,-0.0285227669975509,-0.4658859607921609,0.4152949952635644,-0.0352459180451524,GOOD,-1.0506201123170156,-1.4186990096297445,-0.5323102793443137,17.19508848627964,7.029703370900502,1.7983532209835822,0.1445878914253625,4.848656544158761,3.3604691630722923,76.99278281742687,-1.2072948271996409
SEG_041,2021-03-26,0.0074180955186247,0.1213125606090175,0.1912914842059961,-0.0528723485918032,GOOD,-1.2072948271996409,1.5276657992404967,0.3477712621890059,16.862729563074446,9.140214752335512,1.063768281106308,0.2337343580516132,4.848656544158761,3.3604691630722923,76.99278281742687,-0.4915167487309185
SEG_041,2021-04-25,0.1744503932309001,0.163248070303376,0.3012114165022442,0.0369500093557516,GOOD,-0.4915167487309185,-9.053233439256893,-0.7691555108649357,32.114634672334034,9.718028398950027,0.8842843134006737,0.1234018349538655,4.848656544158761,3.3604691630722923,76.99278281742687,-1.1246521273651224
SEG_041,2021-05-25,-0.0444315168251181,0.0504647695473979,-0.0338579102332195,0.2493226955760248,GOOD,-1.1246521273651224,-3.457538386438205,0.4686233988337014,4.148362191875482,8.935739932756409,1.440058957829697,0.1527009700001612,4.848656544158761,3.3604691630722923,76.99278281742687,-2.0439672566393847
SEG_041,2021-06-24,0.3992723968286239,-0.3051220168046026,0.456011534575499,-0.0112571633579988,GOOD,-2.0439672566393847,1.001184852189846,-0.7921270053748088,30.04681497064892,3.214169535808741,2.166389184818357,0.2556089999608615,4.848656544158761,3.3604691630722923,76.99278281742687,-0.9566096386094858
SEG_041,2021-07-24,0.0813280751535937,-0.2695764549546335,0.5524471498836379,0.1123480295144124,GOOD,-0.9566096386094858,-8.497928900972354,-1.1687289679809312,31.71563105990768,6.945474101677983,2.084962184796004,0.2782624345162674,4.848656544158761,3.3604691630722923,76.99278281742687,0.8619651858013642
SEG_041,2021-08-23,0.3710959939477236,0.1096655534507016,0.4724656766800322,0.0113685519960885,GOOD,0.8619651858013642,4.233486622669492,-0.9070071370933596,45.04783098464778,9.77607091792012,1.901437174015845,0.117929002276925,4.848656544158761,3.3604691630722923,76.99278281742687,-1.0787959355554757
SEG_041,2021-09-22,0.3690716650336727,-0.4996463874364608,-0.0738036830909033,0.1223029514197115,GOOD,-1.0787959355554757,3.845782287433053,-0.2737654657068116,47.96378764018968,2.473777816007707,1.1700112447073605,0.0505374939116392,4.848656544158761,3.3604691630722923,76.99278281742687,-0.052282077087443
SEG_041,2021-10-22,0.2822964652333222,0.3069882763658097,0.5558195515015123,-0.0030147749446682,GOOD,-0.052282077087443,-0.3087306299422749,-0.718000671395415,309.6685648890485,13.674632212543925,2.250679959803548,0.8506244698018758,4.848656544158761,3.3604691630722923,76.99278281742687,-1.682570330446414
SEG_042,2020-01-01,0.049411107682587,-0.3751355071271995,0.3686205577033171,0.0817469720652002,GOOD,-1.8548339441653088,4.684894392741871,0.3210123288632454,17.068859515799385,4.176822301714891,2.2461076850948203,0.1819677716323659,1.4748160006906923,3.1798741052477646,47.11093323840287,-0.0148009056525442
SEG_042,2020-01-31,-0.0435812137018951,-0.0334743155098664,0.226480716851431,0.2504969290189763,GOOD,-0.0148009056525442,1.916834207695436,0.0169190658793885,11.231670723423104,2.824401324306306,2.352854659406989,0.2632418932975774,1.4748160006906923,3.1798741052477646,47.11093323840287,0.8298285589435953
SEG_042,2020-03-01,0.0812746906328669,0.3693612877276943,0.2984195496520296,0.234683646862504,GOOD,0.8298285589435953,-3.674888231979402,-0.2238801851095246,43.25836217773914,4.241628518243133,1.8256973441295177,0.1510206443023672,1.4748160006906923,3.1798741052477646,47.11093323840287,-1.7758870000038165
SEG_042,2020-03-31,0.1539117758304985,-0.0803546408788973,0.4526666225949239,0.2932346444030442,GOOD,-1.7758870000038165,-8.483035261210546,0.111982978665065,12.137210959860722,5.95980866082836,1.4872949801888815,0.1733930262594916,1.4748160006906923,3.1798741052477646,47.11093323840287,-0.8829295253742246
SEG_042,2020-04-30,0.2904609636450589,0.208529088555738,0.2046036842910687,0.2349648105073573,GOOD,-0.8829295253742246,-2.2154982160337138,0.3504861841731821,19.129361227937498,6.813298470246653,1.4271007333414962,0.1753544662006494,1.4748160006906923,3.1798741052477646,47.11093323840287,-0.0775789654399589
SEG_042,2020-05-30,0.1878127623159943,-0.382526636371541,0.3876276069488589,0.0442803310755552,GOOD,-0.0775789654399589,3.5568441007814293,-0.6563413468706081,19.687254994470248,7.95447820662647,1.4025852710758402,0.3102787067280806,1.4748160006906923,3.1798741052477646,47.11093323840287,-0.2008682557412631
SEG_042,2020-06-29,0.1866724612690928,0.0227653908526616,0.5461773012490827,0.2252642685330527,GOOD,-0.2008682557412631,1.6644615790021433,-0.1618632687914176,1.2820285618452445,6.535439978881937,0.877109848186963,0.3255472369455645,1.4748160006906923,3.1798741052477646,47.11093323840287,-1.2493377436210285
SEG_042,2020-07-29,0.3603348464226122,0.3018952461210978,0.3561516308111015,0.239772033366396,GOOD,-1.2493377436210285,2.275526488163884,-0.8119005508366459,48.67897814720444,3.989608661927728,1.2085321641897817,0.0253684946273771,1.4748160006906923,3.1798741052477646,47.11093323840287,0.2666062557737397
SEG_042,2020-08-28,0.3954878450736676,-0.2368263023450141,0.4142769220809109,-0.0162475926921434,GOOD,0.2666062557737397,-1.7908342575706264,-0.8562376984848863,20.066043642654694,4.788313137350572,1.9064860078523216,0.2422567007826566,1.4748160006906923,3.1798741052477646,47.11093323840287,-1.4029518653399091
SEG_042,2020-09-27,0.0668816333703871,0.1164027269053068,0.3658733935999876,0.2344942598518837,GOOD,-1.4029518653399091,2.4302466555500573,-1.2974036646757825,36.09703335554617,7.11561390197666,1.3120450613517118,0.2365019561507859,1.4748160006906923,3.1798741052477646,47.11093323840287,0.3245964268969376
SEG_042,2020-10-27,0.0913481921037625,-0.2353196080328823,0.3366564775772137,0.0402375618726051,GOOD,0.3245964268969376,3.43670346157214,0.0095416927221023,347.965416747534,4.582078219409426,1.039605195058983,0.2653230836045525,1.4748160006906923,3.1798741052477646,47.11093323840287,-1.2605014659289029
SEG_042,2020-11-26,0.250114150502934,0.0604852907076752,0.3810935199553454,0.1153017436799648,GOOD,-1.2605014659289029,0.4345413009750114,-1.102760775486176,304.527110871548,11.783755058926182,3.633060228131889,0.8079916788290231,1.4748160006906923,3.1798741052477646,47.11093323840287,-1.82080694316219
SEG_042,2020-12-26,0.2579440502083449,0.0328277524843785,0.0570810654739219,0.2685033303059344,GOOD,-1.82080694316219,4.341124378474319,0.1291461717555588,344.3725551659194,4.351298070753814,1.8819002639327107,0.2271383567257196,1.4748160006906923,3.1798741052477646,47.11093323840287,-1.2785790014520657
SEG_042,2021-01-25,0.1212680273731575,-0.4592271577872069,0.1931884947382705,0.1670085310717739,GOOD,-1.2785790014520657,-2.582606089360797,0.1664959295850856,49.16311473361223,3.962813906379696,1.238524534184216,0.2894892328849214,1.4748160006906923,3.1798741052477646,47.11093323840287,0.4921953499489425
SEG_042,2021-02-24,-0.0937908228606241,-0.2563197987929696,-0.2813034417347743,0.144888205776433,GOOD,0.4921953499489425,-3.782112387233712,-0.3975476920847209,28.404285085290336,5.298588525417926,1.8582444014847856,0.1507340179620954,1.4748160006906923,3.1798741052477646,47.11093323840287,0.8830230648395496
SEG_042,2021-03-26,0.3443020705220948,0.4791310830943568,0.3721135022889304,0.1826983714008251,GOOD,0.8830230648395496,2.0513912813803525,-0.9728853191239432,18.51142509449814,9.200422878593551,2.156285301463615,0.1643917620192984,1.4748160006906923,3.1798741052477646,47.11093323840287,-1.2950213478582566
SEG_042,2021-04-25,0.3790455464020336,-0.3655071979637254,0.4739502299182346,0.2945023170186126,GOOD,-1.2950213478582566,-1.925868625310235,-1.2424706504252343,49.05055124963799,8.27374887380029,1.4040104202430477,0.1522794094636921,1.4748160006906923,3.1798741052477646,47.11093323840287,-0.0964505939260256
SEG_042,2021-05-25,0.3036267840351676,0.1040915863798888,0.3480956220143176,0.1870258143608107,GOOD,-0.0964505939260256,-1.6889076134848384,0.4701541695589393,23.26432178509736,6.594073226250017,0.7051960954985121,0.1739187531496838,1.4748160006906923,3.1798741052477646,47.11093323840287,-0.3727251701673386
SEG_042,2021-06-24,0.1180921251500314,0.453164011208628,-0.1457929371304538,0.1239834918036111,GOOD,-0.3727251701673386,-9.136813518124637,-0.8047937977816695,43.37885741379448,3.183040980325748,1.7218636935058504,0.092623823326207,1.4748160006906923,3.1798741052477646,47.11093323840287,-0.5994574303561373
SEG_042,2021-07-24,0.1848768131882401,0.4473511270920107,0.3549844512702469,0.1854448753527954,GOOD,-0.5994574303561373,0.5632672940602728,0.3854963054263112,49.31032970407829,3.721633116114188,1.465715102666423,0.2226981471748326,1.4748160006906923,3.1798741052477646,47.11093323840287,-1.6347675564256712
SEG_042,2021-08-23,0.0652666227242512,0.0698573648811603,0.4883718286243038,0.2785071146701038,GOOD,-1.6347675564256712,-1.905810797939612,-0.1373565407563379,15.722929635172362,2.0542027336888617,1.6842587009170713,0.2503695622059631,1.4748160006906923,3.1798741052477646,47.11093323840287,0.1553060764437682
SEG_042,2021-09-22,-0.0401583083919402,0.477353849046032,0.2524654139374633,0.1119087917021257,GOOD,0.1553060764437682,0.9883450561708536,-1.00240093499747,30.076273446431085,8.070568024491678,0.91235102928123,0.0935835407666052,1.4748160006906923,3.1798741052477646,47.11093323840287,-0.6026948382081634
SEG_042,2021-10-22,0.1474875253761824,-0.3804999043659113,-0.2198048466090464,0.2784588557587721,GOOD,-0.6026948382081634,4.2354483550809015,-0.7250977187616536,320.3787093539874,7.571320442820046,2.006578282479574,0.5881846784029816,1.4748160006906923,3.1798741052477646,47.11093323840287,-1.494232508347042
SEG_043,2020-01-01,-0.0704268996316564,-0.1268530182876414,-0.1483381993952691,0.2854399024997017,GOOD,-0.5108381116239535,-9.930084609218726,-0.7304929598232526,1.3826779276274737,9.241160367016713,1.7378511025391918,0.3289933444784462,5.476739100730377,0.1999637321276674,60.61594267256624,-1.059827283221051
SEG_043,2020-01-31,-0.0057589522135192,0.1208723969623547,-0.1363919654362455,-0.0126504570967723,GOOD,-1.059827283221051,3.081456424651416,0.3252292596499795,29.985915263804905,6.591880093629854,2.219439830109504,0.2941873854158631,5.476739100730377,0.1999637321276674,60.61594267256624,-1.9716443506726569
SEG_043,2020-03-01,-0.0112539943034622,-0.3511502458575258,0.4370959043547197,-0.0878633331594389,GOOD,-1.9716443506726569,-1.9361522918678595,0.4160627393968026,47.03520056615884,8.45763867701578,1.319366800124513,0.1990336998184946,5.476739100730377,0.1999637321276674,60.61594267256624,-0.2243952922712667
SEG_043,2020-03-31,-0.0097916201125594,0.0184888479663826,0.5102075419556305,0.0990604197775116,GOOD,-0.2243952922712667,4.960128584488288,0.3399982800691825,46.89091311941559,9.4288517629199,1.461592259413511,0.1336178122915153,5.476739100730377,0.1999637321276674,60.61594267256624,-1.3264394902679322
SEG_043,2020-04-30,-0.041809186083432,0.0544618447532025,0.004509548258781,0.0462774042528312,GOOD,-1.3264394902679322,2.263782526265995,-1.1233196289233274,20.214234680529824,4.8665712510719406,2.054089984678648,0.2558946225578073,5.476739100730377,0.1999637321276674,60.61594267256624,-0.5215593286715428
SEG_043,2020-05-30,0.3548340315359086,0.2076374348596597,0.4551559830607465,-0.0604878519541795,GOOD,-0.5215593286715428,-0.0473110018516944,-0.8588938726206568,26.366874412818508,6.600694340598935,1.622251468300445,0.2085821611163088,5.476739100730377,0.1999637321276674,60.61594267256624,0.7781037287019043
SEG_043,2020-06-29,0.0004660438096581,-0.1796835799852336,0.1031141131160434,-0.0207833937020327,GOOD,0.7781037287019043,-3.605212002518989,-0.6297223511775294,4.119444448674225,2.1906732017540573,0.8750302012231286,0.1996715778092493,5.476739100730377,0.1999637321276674,60.61594267256624,0.0357386374955308
SEG_043,2020-07-29,0.0529487911522932,0.4922873585399981,0.3936666947489569,0.2083370944382322,GOOD,0.0357386374955308,-2.0867480526204565,-1.4167349161493945,47.33899276300799,4.456958645110877,1.625070082972203,0.2776013867293623,5.476739100730377,0.1999637321276674,60.61594267256624,-1.1454409365552047
SEG_043,2020-08-28,0.2204662140967459,0.2392570528980793,0.180862918683639,-0.0811169804132932,GOOD,-1.1454409365552047,-7.176414837863415,0.4283742239738057,2.621762761379076,8.60315404439958,2.027672618776929,0.2345539424524632,5.476739100730377,0.1999637321276674,60.61594267256624,-1.7564462401957872
SEG_043,2020-09-27,-0.0108549412014127,-0.1291760751520591,0.3292648027855799,0.2642648405268585,GOOD,-1.7564462401957872,4.24946451772437,0.2847121539945474,35.620528951402946,2.5837078520080192,1.0150061255887235,0.1251848984517484,5.476739100730377,0.1999637321276674,60.61594267256624,0.4527261373759545
SEG_043,2020-10-27,-0.0922036452396442,0.4220863385609442,-0.1145731448360635,0.175755808104071,GOOD,0.4527261373759545,-9.92891823078739,-1.019225229925004,340.681887386458,8.650432308360976,3.2574452310176243,0.7097540122896193,5.476739100730377,0.1999637321276674,60.61594267256624,-1.6747666168875597
SEG_043,2020-11-26,0.085891888728677,0.3377873107936884,-0.2597188924227946,-0.0433322322405826,GOOD,-1.6747666168875597,0.0279920836745137,0.2638895798054006,321.1420300157352,11.564317864785934,3.4487594910701764,0.7864958513129153,5.476739100730377,0.1999637321276674,60.61594267256624,-0.8547760322650645
SEG_043,2020-12-26,0.3393405230840159,0.2366335683594359,-0.0546465570607553,0.1761125028438192,GOOD,-0.8547760322650645,-3.7954021941350655,-0.9438266330564882,345.0537902077647,8.533797131730637,1.6420772989145205,0.2839269500546467,5.476739100730377,0.1999637321276674,60.61594267256624,-1.3937299352711383
SEG_043,2021-01-25,0.0977342368729387,0.1960017663771406,0.1042153836488679,0.1651852121636252,GOOD,-1.3937299352711383,-0.4360441735706803,-1.269443196670356,45.110857036408056,5.908294443279523,1.0256526811601132,0.1657216485163349,5.476739100730377,0.1999637321276674,60.61594267256624,-0.4855700561008781
SEG_043,2021-02-24,0.0282495817367628,0.1809056007491303,0.5375573875421085,0.0592818149471484,GOOD,-0.4855700561008781,-5.729427614565035,-0.3597833326235535,5.424602613221586,2.9552056428734206,2.1117174709173785,0.3277658116731055,5.476739100730377,0.1999637321276674,60.61594267256624,-0.6881499429955404
SEG_043,2021-03-26,0.1773749934377308,-0.0020327851117538,-0.1855964730202928,0.2982233853211855,GOOD,-0.6881499429955404,-8.359841580159221,-1.042709841757547,41.65473669322724,3.475826626039029,2.02389574628343,0.3133152746209544,5.476739100730377,0.1999637321276674,60.61594267256624,-1.9010194640976528
SEG_043,2021-04-25,0.2076604134250503,-0.061891438526315,-0.1715171627862644,0.138800590542336,GOOD,-1.9010194640976528,4.004233871059785,0.033580362416917,9.448471206631217,3.683450861269841,1.073582704663398,0.1524405654713065,5.476739100730377,0.1999637321276674,60.61594267256624,-1.4929110475672978
SEG_043,2021-05-25,0.0706737460921985,0.4504143986910742,0.5296557974664575,0.0400468869865996,GOOD,-1.4929110475672978,-0.3379724484203592,-0.7173762711877474,7.654875869609895,4.334444791412031,0.974909836790991,0.1885669388612837,5.476739100730377,0.1999637321276674,60.61594267256624,-1.28210554516769
SEG_043,2021-06-24,0.2290061083480011,-0.0611284075281793,0.4842035814857292,-0.0722468470233014,GOOD,-1.28210554516769,-2.0716509646393515,-0.386293736679882,7.168172503681236,9.71341230377874,0.6628053277835558,0.1680468203631673,5.476739100730377,0.1999637321276674,60.61594267256624,-0.929875976864358
SEG_043,2021-07-24,0.1671368830556489,0.1185862252152148,-0.1470762822652502,0.273120225434471,GOOD,-0.929875976864358,-7.847702849486513,-1.292414804036668,11.683098228984178,5.049707114900407,1.5080371521029263,0.2283290800481514,5.476739100730377,0.1999637321276674,60.61594267256624,-1.855097505430247
SEG_043,2021-08-23,-0.040178953643877,-0.2754819261865597,0.2654579336321033,0.1254555033015684,GOOD,-1.855097505430247,-0.2670605677368058,0.3216229152147207,46.86054683159734,7.158321224811956,1.231180849337555,0.2462010875945254,5.476739100730377,0.1999637321276674,60.61594267256624,0.918965318196033
SEG_043,2021-09-22,0.2740347036632486,0.1828811726761038,0.251347651519165,0.0380585014227959,GOOD,0.918965318196033,-3.175235784151136,0.3388530447867028,7.656895911031658,6.291637413468617,1.2200712040056003,0.1008288735375648,5.476739100730377,0.1999637321276674,60.61594267256624,-1.214312319796328
SEG_043,2021-10-22,-0.0128234201556456,0.467370006356029,0.599226432528271,0.2527749960431953,GOOD,-1.214312319796328,-9.685943115681049,0.1109009578802833,307.1991887102108,5.679456556461539,2.840215167266612,0.6179742765063014,5.476739100730377,0.1999637321276674,60.61594267256624,-0.8500708404397914
SEG_044,2020-01-01,-0.0045174622223281,-0.3053980622589216,0.4862455223230726,0.1637303912166529,GOOD,-0.1650671771244278,3.505314938356271,-0.4035889675849873,38.19882899227675,5.265664719034232,1.5527837965293558,0.0774162262125334,4.289389075820068,3.6442077807835513,20.591508035367067,0.3095998351522496
SEG_044,2020-01-31,-0.0456749091192011,0.1522374410355076,-0.0297117530240979,0.2331551580301905,GOOD,0.3095998351522496,-0.6460586474704186,-1.3982285827486256,10.858906931312063,6.413544588680544,0.7916116161463422,0.0994711385865627,4.289389075820068,3.6442077807835513,20.591508035367067,-0.0507694738071859
SEG_044,2020-03-01,-0.0098423833280828,-0.0570196582091198,0.3245726480022664,0.0543882684927967,GOOD,-0.0507694738071859,-5.900200271945534,-0.0080566006804978,28.16820024298132,3.246845462396034,1.309815068806091,0.2391719197426198,4.289389075820068,3.6442077807835513,20.591508035367067,0.7739764298870162
SEG_044,2020-03-31,0.1056448657679955,-0.0314202364854628,0.4812270892010562,-0.0477779663723103,GOOD,0.7739764298870162,-5.2567809510575945,0.3660404348878951,30.61624487138841,7.882540978675223,1.8929987558217771,0.1668874416017699,4.289389075820068,3.6442077807835513,20.591508035367067,0.4791065503903105
SEG_044,2020-04-30,-0.0571249707733614,-0.491331317125471,0.4760243421980542,-0.0788989176407199,GOOD,0.4791065503903105,-5.300591781933312,0.3036075138553433,10.150353514993304,3.204823491451537,1.1343026860616086,0.2940496637199973,4.289389075820068,3.6442077807835513,20.591508035367067,0.0745156441877096
SEG_044,2020-05-30,0.3546228025685997,0.0834485210814709,0.4454290583875426,0.0900349329072855,GOOD,0.0745156441877096,-5.6538842652096815,-1.2970010220656407,28.09437780075237,9.20653646472462,0.8732013664705885,0.1411075839653995,4.289389075820068,3.6442077807835513,20.591508035367067,0.8966785419932057
SEG_044,2020-06-29,0.2091444462898369,-0.3417195784921641,0.1970890869633423,0.087827070653029,GOOD,0.8966785419932057,0.349455682336691,0.307303223749843,48.80623635402338,7.31095271977197,0.9328915076544122,0.1741496065635295,4.289389075820068,3.6442077807835513,20.591508035367067,-2.0157049927518647
SEG_044,2020-07-29,-0.0322006297102876,-0.1190508568822362,0.041432778754771,-0.0318168170239386,GOOD,-2.0157049927518647,0.3218224630996271,0.1359034085629018,46.54710905288775,6.6791296346134095,1.0750199033822974,0.2997053707411279,4.289389075820068,3.6442077807835513,20.591508035367067,0.562442445462404
SEG_044,2020-08-28,0.3733020390263264,0.0667830060707689,0.4970434762969536,0.2951261195093706,GOOD,0.562442445462404,-8.966650123458116,-1.2301131989951268,15.005227058147325,5.148926014707327,1.1123476808008887,0.353826833558742,4.289389075820068,3.6442077807835513,20.591508035367067,0.7671885696328458
SEG_044,2020-09-27,0.2344519331944428,0.4615751105116513,-0.0113712745672873,0.1845632725738938,GOOD,0.7671885696328458,-8.753909578020291,-0.2943748834197088,39.96588345421474,2.127644277922045,2.1529585627440357,0.2101025384068985,4.289389075820068,3.6442077807835513,20.591508035367067,0.6632450885156171
SEG_044,2020-10-27,0.3256264129754743,-0.307976853002438,-0.0477787436259333,0.1081726428993936,GOOD,0.6632450885156171,-2.6558642478398,0.3116333062482166,302.60055350117574,3.910431426794224,1.2980744959794135,0.2250343404069808,4.289389075820068,3.6442077807835513,20.591508035367067,-1.975742278024572
SEG_044,2020-11-26,-0.0797721308736632,0.249997623228257,0.3837885572837594,0.0832350094896868,GOOD,-1.975742278024572,-1.7308882961376977,-1.2387002874606845,348.9124331349675,6.993357241790168,2.467861242856938,0.3502021694969859,4.289389075820068,3.6442077807835513,20.591508035367067,-0.0997672824144019
SEG_044,2020-12-26,0.3522674101223088,-0.1199830667048906,-0.2676151579189342,0.1687615670868268,GOOD,-0.0997672824144019,-4.965476315454332,0.1062920616952212,342.6813330477674,8.272962833912029,1.872134785802704,0.3729626296921219,4.289389075820068,3.6442077807835513,20.591508035367067,0.6457814262434743
SEG_044,2021-01-25,0.2595585534780767,0.0523826494284229,0.1399473775437251,0.0066690119603458,GOOD,0.6457814262434743,3.7816417223000425,-1.3304093956131464,33.31112970163736,4.548911384432264,1.6403494252430226,0.1735700552165489,4.289389075820068,3.6442077807835513,20.591508035367067,-1.6190571248317225
SEG_044,2021-02-24,0.3031133270340538,-0.3929503914493246,-0.2330268356248997,0.0493553163557027,GOOD,-1.6190571248317225,2.0218558501763617,0.0577533556131582,43.184519959767,2.077161951250262,0.8444728676689088,0.2911180622040562,4.289389075820068,3.6442077807835513,20.591508035367067,-0.7047269679448189
SEG_044,2021-03-26,0.208730334305699,-0.3437562094423554,0.2635137406668058,0.248539751676052,GOOD,-0.7047269679448189,3.1010215354227224,0.0722632656237194,5.291636888893386,2.975827160845185,1.9042852839204445,0.179129797287481,4.289389075820068,3.6442077807835513,20.591508035367067,0.3001717810641735
SEG_044,2021-04-25,-0.0594222002268776,-0.4082961177955986,0.556252729016746,-0.0984635459394176,GOOD,0.3001717810641735,-6.503863795449692,-1.400002737090302,3.970597828515227,4.563239611712201,1.5924258542029757,0.2145790749174363,4.289389075820068,3.6442077807835513,20.591508035367067,0.0087480269716113
SEG_044,2021-05-25,0.3939647894177599,0.1054578252604154,-0.1325416078992977,0.0152253977404973,GOOD,0.0087480269716113,2.975123397361367,-1.377467312775309,9.24639236464515,2.050507132980722,0.8426962706787927,0.0711120605913574,4.289389075820068,3.6442077807835513,20.591508035367067,-1.7870499977709513
SEG_044,2021-06-24,0.170999217686929,0.4727237164180397,0.3299703181654904,0.1811472379018859,GOOD,-1.7870499977709513,-7.194279188444879,-0.857189107592609,49.59902064044607,3.299388610998867,1.5105024956563953,0.1414844840753984,4.289389075820068,3.6442077807835513,20.591508035367067,0.1461740663728403
SEG_044,2021-07-24,0.153327226790022,-0.2145969851444794,0.08387097661089,0.2297874282144279,GOOD,0.1461740663728403,-2.0417373247091035,-0.1903156654453863,48.4069521291297,4.013345377531596,1.872067226520248,0.1091793018452005,4.289389075820068,3.6442077807835513,20.591508035367067,-1.766423462534601
SEG_044,2021-08-23,0.0721116263519728,0.232914180013567,0.2578608496493481,0.2270814044180356,GOOD,-1.766423462534601,1.4665071180432676,-0.0677805774520039,0.5999471907197129,7.954149584442444,0.6574607184169163,0.1276730009414621,4.289389075820068,3.6442077807835513,20.591508035367067,-1.3043214254826374
SEG_044,2021-09-22,0.0807398933845608,0.1810808152370665,0.3103759956610685,-0.0736484749042954,GOOD,-1.3043214254826374,2.595877645805178,-0.5984260982556266,37.109632347138735,5.843590460446083,1.6160757498157128,0.2992958373139334,4.289389075820068,3.6442077807835513,20.591508035367067,-1.0980524423998692
SEG_044,2021-10-22,0.3995487136578908,-0.309714948921564,0.2285062138251785,-0.0829202065144044,GOOD,-1.0980524423998692,-3.025827756526919,-0.5767195623462236,346.1723010228022,8.77185284764845,2.5853634454063794,0.3435045108979194,4.289389075820068,3.6442077807835513,20.591508035367067,-2.3761053242691683
SEG_045,2020-01-01,-0.0080451905094318,-0.4051537959546644,0.052162479795958,-0.0400400690111813,GOOD,-1.04734806195896,-9.674789924473789,-0.715536204601581,15.176106553442088,9.641566089023032,1.5611678175249812,0.1404178043406909,8.018063513676417,3.342683150889541,17.277994864462798,0.8586462649456048
SEG_045,2020-01-31,0.2618646021900209,-0.0671437573797437,0.552597801882307,-0.0360717401285703,GOOD,0.8586462649456048,-9.103593749548937,0.4228788332046791,3.3453039649688874,4.58626000321055,1.4096642848436272,0.1357099345727828,8.018063513676417,3.342683150889541,17.277994864462798,-1.099492210577059
SEG_045,2020-03-01,0.3716689940327092,0.3036220462352323,0.0747108723331703,-0.0948129625414112,GOOD,-1.099492210577059,-7.620964049706552,-0.2390819294659507,34.2028784075678,5.431979454256699,0.7768320501311035,0.0635100027093989,8.018063513676417,3.342683150889541,17.277994864462798,0.8831024042253152
SEG_045,2020-03-31,0.2623783751329581,0.307124284569282,0.4776877829083811,0.047827016011857,GOOD,0.8831024042253152,-9.053125118720184,-0.6058435831962747,20.85002893437067,3.6756479111061537,1.102059774613839,0.0917912095532177,8.018063513676417,3.342683150889541,17.277994864462798,-0.4222001341580109
SEG_045,2020-04-30,0.0562685207794287,0.415737911327481,0.5752750853342481,0.2147224553839306,GOOD,-0.4222001341580109,-1.3417030356282726,-0.8378785595546732,9.718888588941027,3.0170627811833555,1.3314986402795783,0.2660361511920664,8.018063513676417,3.342683150889541,17.277994864462798,-0.6313498079869452
SEG_045,2020-05-30,0.0144633505795332,0.0928347826703422,-0.086683911591845,0.2278627939495416,GOOD,-0.6313498079869452,-2.9537118721130806,-1.4612054182073468,25.54802331355518,2.764661275395354,2.0137427574924045,0.2801031086605186,8.018063513676417,3.342683150889541,17.277994864462798,-1.2101088080715183
SEG_045,2020-06-29,0.1454702387105273,0.1025997765394339,0.5018195156189043,0.2833090982670391,GOOD,-1.2101088080715183,-3.2577261265840605,0.0548664360222475,39.56407896054748,4.209682924265123,0.7471481059295527,0.1825637835281308,8.018063513676417,3.342683150889541,17.277994864462798,-0.5582427618037241
SEG_045,2020-07-29,0.0232928083216149,0.1330698207248242,-0.0055070599872478,0.2299347121138945,GOOD,-0.5582427618037241,-7.808197053110122,-0.9544848657150922,16.001783491931,9.882276553760068,1.4307650380903407,0.1167054339931247,8.018063513676417,3.342683150889541,17.277994864462798,0.1178461097226733
SEG_045,2020-08-28,0.2229207887805813,0.4577256956972864,0.2378284688634668,-0.0518550327550781,GOOD,0.1178461097226733,1.03242321514767,-1.110113836474684,39.942424932170375,4.259650066389231,2.01571853375662,0.2164600958663656,8.018063513676417,3.342683150889541,17.277994864462798,-0.1269537549712157
SEG_045,2020-09-27,-0.0945429924943409,-0.239012120632529,-0.170346359413169,-0.0898865222071968,GOOD,-0.1269537549712157,1.4356044405799242,-1.3425806556845956,23.246974041982327,9.278452992020831,1.0488567286067312,0.2561518196227852,8.018063513676417,3.342683150889541,17.277994864462798,-1.4497838317241307
SEG_045,2020-10-27,0.1969225326334658,0.2584615671194121,-0.2030296151100645,0.0094208224294877,GOOD,-1.4497838317241307,0.5944509737054773,-0.5933330314641778,308.1450546482505,3.0282854630234066,3.044687065030568,0.4689944784050243,8.018063513676417,3.342683150889541,17.277994864462798,-0.783487491956899
SEG_045,2020-11-26,0.1762875611972119,-0.1311780054736671,-0.0162581417812116,0.1882004987449319,GOOD,-0.783487491956899,-0.5666449180700326,-0.2073433648961153,319.77688490524827,9.612883723561886,3.4895853794654705,0.7010969563570218,8.018063513676417,3.342683150889541,17.277994864462798,0.0103562323673461
SEG_045,2020-12-26,0.1828084444868987,0.068529628510635,0.4949336518387311,-0.0776563265240887,GOOD,0.0103562323673461,-8.02199864797183,-1.3722441952385198,303.39473267641347,3.2125594080837496,1.8499887130640515,0.4143516928105212,8.018063513676417,3.342683150889541,17.277994864462798,0.2290507189895482
SEG_045,2021-01-25,0.2773297829937819,0.4723194342634158,0.0043422443646404,0.0650567154394778,GOOD,0.2290507189895482,-2.613164476987734,-0.4097772380389206,26.23396717621122,7.134549664838832,1.187990691353557,0.068598977359511,8.018063513676417,3.342683150889541,17.277994864462798,-1.3000205213335077
SEG_045,2021-02-24,0.3071820758553392,-0.0515018540690805,-0.1962757670395995,0.2645697500367912,GOOD,-1.3000205213335077,-6.4110193710944605,-0.2104828404855441,27.884228909099544,2.4198648120702835,2.093478152019688,0.1767593260858538,8.018063513676417,3.342683150889541,17.277994864462798,-0.5024878594714447
SEG_045,2021-03-26,0.0095004519765367,-0.2673343498262315,-0.1626323285774967,0.2481932554771695,GOOD,-0.5024878594714447,-5.155746185683617,0.0119261538137582,33.513150139081766,2.154045850649293,1.665262946123849,0.105228625919303,8.018063513676417,3.342683150889541,17.277994864462798,-1.4404543793421705
SEG_045,2021-04-25,0.2485623725315135,0.0500310813483709,-0.2638829813889268,0.1358674646496939,GOOD,-1.4404543793421705,-1.2589122178258323,-1.4856952525767455,35.09121055924424,6.652665727236685,1.3200341749908018,0.2868585258734679,8.018063513676417,3.342683150889541,17.277994864462798,-1.172166472992137
SEG_045,2021-05-25,0.0063891654918188,0.0362299830269063,0.5236805965372309,0.1977015573465581,GOOD,-1.172166472992137,-1.6560592084042085,-0.4782407523927126,7.993166087129095,3.6126873346669353,1.4770994405693554,0.0931658168338501,8.018063513676417,3.342683150889541,17.277994864462798,-0.222602236170981
SEG_045,2021-06-24,0.0301709241890625,-0.3808323394472701,-0.043156442742908,-0.0884730087353484,GOOD,-0.222602236170981,-0.2288707339935349,-0.476389784067621,20.28454102746772,3.4786562986787253,0.6933133657302657,0.2132564565912963,8.018063513676417,3.342683150889541,17.277994864462798,0.4245077541168111
SEG_045,2021-07-24,0.3371171601324647,-0.2998573648947531,0.2131862779120524,0.1989092150289111,GOOD,0.4245077541168111,0.1130949945385477,0.2733043073603236,40.89301463342108,4.887506572233424,0.8786766949666929,0.2440736719612432,8.018063513676417,3.342683150889541,17.277994864462798,-1.407413994522833
SEG_045,2021-08-23,0.342190214408793,-0.2476674227654483,0.1599894450711553,0.0239606261621723,GOOD,-1.407413994522833,-7.286212795187756,-0.8321359722859756,24.979635680763074,7.759536825929386,1.8066925499373727,0.1822723217254798,8.018063513676417,3.342683150889541,17.277994864462798,0.3459340877843074
SEG_045,2021-09-22,0.2769293210106242,0.4208189509189296,0.1321580164488172,0.1386961498419716,GOOD,0.3459340877843074,0.0053647001116381,0.3756503499823576,3.88370626284566,2.858092718387386,0.6567078636567838,0.0687606899451123,8.018063513676417,3.342683150889541,17.277994864462798,0.1612306667547652
SEG_045,2021-10-22,-0.0943940455213669,-0.2257686784106536,-0.2999914685405649,0.0780242454451945,GOOD,0.1612306667547652,4.418125952722935,-1.3055346600184168,318.40248823736187,7.1661769265404605,2.056466377147141,0.1883917291538544,8.018063513676417,3.342683150889541,17.277994864462798,-1.8261809321634428
SEG_046,2020-01-01,0.3660215879846543,-0.3254187106017467,-0.1986719095894267,0.1899236119830692,GOOD,-0.7222953243831469,3.2966000862170386,-0.1101628458880661,13.656727697725158,2.1804715813920925,1.6969622052610271,0.1535032595340437,6.548742957938276,4.766882466830016,79.2762525605914,-0.771717580586492
SEG_046,2020-01-31,0.0077377873106217,-0.1024610647706742,0.039682520381423,-0.0851355329232709,GOOD,-0.771717580586492,-3.0144762531938865,-1.1499542150958313,0.663453182861462,9.179264905693156,1.7616356488751863,0.3025740195694102,6.548742957938276,4.766882466830016,79.2762525605914,-0.0739099041536074
SEG_046,2020-03-01,0.2549508723675034,0.2188708370862243,-0.1175712315608046,0.0069137752783682,GOOD,-0.0739099041536074,4.447844125925551,-1.1238603705939876,34.48376001715255,8.482831418630397,2.34430651282968,0.1490447531613398,6.548742957938276,4.766882466830016,79.2762525605914,0.0903867741065505
SEG_046,2020-03-31,0.3284991079395432,0.0589443963180961,0.332652241287193,0.2167855090842273,GOOD,0.0903867741065505,1.1378894799159305,-0.9269657825822416,4.420799984801215,4.938377228752224,1.9563560898815824,0.1990320635321866,6.548742957938276,4.766882466830016,79.2762525605914,-0.119384192120261
SEG_046,2020-04-30,0.3509104466858218,0.2261986028479341,0.1866903136009433,0.0282844952797739,GOOD,-0.119384192120261,-3.894975314964049,-0.3395764171812059,18.605495790945053,9.868102332796878,1.800276917979977,0.0892494311051197,6.548742957938276,4.766882466830016,79.2762525605914,-1.8079291155093185
SEG_046,2020-05-30,0.3447145405952284,0.1757106970419629,0.0670432003162499,0.2845545662394504,GOOD,-1.8079291155093185,-6.201995400551072,-1.2247170160292973,46.235953777532536,7.163713125381181,1.4452162938655813,0.2154676295267452,6.548742957938276,4.766882466830016,79.2762525605914,-1.6328822882477194
SEG_046,2020-06-29,0.3448704534871717,-0.1565462387624914,0.5264688147138086,0.2930856365712369,GOOD,-1.6328822882477194,-4.875251813954372,-0.2346051062343555,37.23969465472845,8.808782863541577,1.6326739540323048,0.3043004225904928,6.548742957938276,4.766882466830016,79.2762525605914,0.8922840199140428
SEG_046,2020-07-29,0.3123427521184638,-0.103649824248676,0.4410990340790036,0.2522892061229943,GOOD,0.8922840199140428,-1.840048949199346,-0.4608623071936473,28.773229570701904,4.037737306028918,1.6425839661008157,0.3152224199911239,6.548742957938276,4.766882466830016,79.2762525605914,0.4354352270667309
SEG_046,2020-08-28,0.2420053448891377,0.2877242441095391,0.1402619928511172,0.030194919502302,GOOD,0.4354352270667309,-4.400168111720976,0.3738561331474856,26.15605132911052,8.554887198972686,1.1244916391092692,0.1885806738305869,6.548742957938276,4.766882466830016,79.2762525605914,0.4622479946393399
SEG_046,2020-09-27,0.2757827579526252,-0.3935733718736857,0.2764224125408532,0.0814616356959974,GOOD,0.4622479946393399,3.428515280036507,-1.123337734994264,0.0298060078857576,8.348751960353878,1.419966009073132,0.0868399251184518,6.548742957938276,4.766882466830016,79.2762525605914,0.4035180931524201
SEG_046,2020-10-27,-0.0638966631332882,0.4501106016826326,-0.082349985240247,0.0624479481663036,GOOD,0.4035180931524201,-1.8704967605044764,-1.3068255491323686,340.72471752427765,2.1880449066293237,0.8353572657358908,0.1396995467997523,6.548742957938276,4.766882466830016,79.2762525605914,-0.8271044759393072
SEG_046,2020-11-26,0.2880339252966698,-0.4286638493312757,-0.0719094886829002,0.2804050627915648,GOOD,-0.8271044759393072,-4.637285657794955,-0.6939983813379937,334.8909257343266,4.401723822544192,1.4530492031401925,0.1902609744882777,6.548742957938276,4.766882466830016,79.2762525605914,-0.7402615314616898
SEG_046,2020-12-26,0.1948453982157844,-0.0215605152009458,0.2533228593617868,-0.0832500467326718,GOOD,-0.7402615314616898,-9.527229424566606,-0.8607363052443124,301.5520160107993,7.60505202255234,2.6488100695257124,0.419570158764644,6.548742957938276,4.766882466830016,79.2762525605914,0.8601853197631666
SEG_046,2021-01-25,-0.0509965910661903,0.1885911419028394,0.258208551947565,0.0404219685468742,GOOD,0.8601853197631666,-2.645373046997378,-1.4453437420730697,1.933578760463095,5.899587199631301,2.074420044110401,0.181217125755528,6.548742957938276,4.766882466830016,79.2762525605914,-0.6903149028841523
SEG_046,2021-02-24,-0.0585176585413906,0.2242786350148174,0.3440476407719323,0.2689243557870555,GOOD,-0.6903149028841523,1.2357833240981415,-1.017242720669378,49.200012337148,2.2747371985240283,1.182214348508106,0.2424303468729245,6.548742957938276,4.766882466830016,79.2762525605914,0.5026858425185692
SEG_046,2021-03-26,0.0082776770506696,-0.0893929072100389,-0.2907354443114891,-0.0486463380055753,GOOD,0.5026858425185692,1.7125235902036433,0.3710763678892632,22.2214985896273,6.016580890490608,1.5366268440529056,0.2761689608186619,6.548742957938276,4.766882466830016,79.2762525605914,0.0558318731939655
SEG_046,2021-04-25,0.3624902365195115,0.1537023166144707,-0.2561566097446988,0.1342644247939245,GOOD,0.0558318731939655,-2.633514980906398,0.3045234896499802,14.669473787231391,3.301969470966845,1.0907012292906908,0.1283916182335879,6.548742957938276,4.766882466830016,79.2762525605914,-1.9938899577168356
SEG_046,2021-05-25,-0.0226019048371733,0.3373744344474423,-0.1207892273818584,0.0944989807875235,GOOD,-1.9938899577168356,1.6361017239686966,0.1136053152959275,45.2704981627433,8.179701350731825,0.6096818419407151,0.0540834912253447,6.548742957938276,4.766882466830016,79.2762525605914,0.068333037626496
SEG_046,2021-06-24,0.2415165677054591,0.3455384186904955,-0.0941407282468293,0.0778665656102255,GOOD,0.068333037626496,3.6748279388348974,-1.296924558811884,6.960265387594328,7.922851144003685,2.056036807999277,0.1669654165448705,6.548742957938276,4.766882466830016,79.2762525605914,0.0376265403274471
SEG_046,2021-07-24,0.0833378217903425,0.1989211993662525,-0.2815161553206449,0.1100700882008357,GOOD,0.0376265403274471,-0.4775200176814991,-1.287343778928748,23.68290015814336,4.231217648761935,1.5111612562204144,0.1545466137883888,6.548742957938276,4.766882466830016,79.2762525605914,0.7513058194590476
SEG_046,2021-08-23,0.0313877883470841,0.4486620326690548,0.0218783283767324,0.0605307892176913,GOOD,0.7513058194590476,3.59924360303593,0.2510659566153179,6.050543868582425,3.2959625772462795,1.3817010724178198,0.1433562443648448,6.548742957938276,4.766882466830016,79.2762525605914,0.3253842793613813
SEG_046,2021-09-22,0.3982602206838089,-0.1266831341581905,-0.0632939850532132,-0.0732724458847482,GOOD,0.3253842793613813,-7.2173472215845615,-0.6734884662054506,27.98332908740482,3.85798634305282,0.8995216936950343,0.0980193031944807,6.548742957938276,4.766882466830016,79.2762525605914,-0.3530033744699681
SEG_046,2021-10-22,-0.0944031895255351,-0.44000601388368,0.4092783831875686,-0.0548989667756464,GOOD,-0.3530033744699681,-1.2164072472021772,-1.482285018215416,344.01923224756933,3.0964943361001724,3.284045291296644,0.7332962588119927,6.548742957938276,4.766882466830016,79.2762525605914,-1.2370400313115335
SEG_047,2020-01-01,0.1830787046429988,-0.252932178773426,0.3780723726165126,0.2359083790350661,GOOD,-1.0135686307730778,-6.619869266304117,-0.9750630944014868,2.983650845427416,5.454968276197248,2.2009477757645204,0.3141042742918445,8.68126200679631,0.433170683239945,51.338458798726585,0.5980397548891793
SEG_047,2020-01-31,0.2358279903475017,0.4307799814170765,0.0516986050072721,0.1425746048580778,GOOD,0.5980397548891793,1.2291275979028526,-1.2453472989892096,30.74478877685513,8.323740751120287,1.844182306430042,0.1336346298842962,8.68126200679631,0.433170683239945,51.338458798726585,-0.7773184348945998
SEG_047,2020-03-01,-0.0213574370691903,0.0989788511489219,-0.0411350894911577,0.20923966787772,GOOD,-0.7773184348945998,-9.536289824100235,-1.367332047794958,4.242133239088341,9.13320373159933,1.0205177472048617,0.2491488509598733,8.68126200679631,0.433170683239945,51.338458798726585,-1.12646144717012
SEG_047,2020-03-31,0.0966336715252454,-0.035492907090732,0.4261302462817057,0.2668443064137775,GOOD,-1.12646144717012,-1.9706356966537388,-0.8458244663577261,15.40709318793524,9.58796754300069,1.414968391825535,0.1363421511342067,8.68126200679631,0.433170683239945,51.338458798726585,-0.1040894279368416
SEG_047,2020-04-30,0.2442258447019796,0.1952495616688405,0.5311085992601916,0.1420819270591195,GOOD,-0.1040894279368416,-1.3901783372535554,-0.5613437989789956,4.549384747231033,5.91740429253737,1.3620786580064277,0.2427849645733428,8.68126200679631,0.433170683239945,51.338458798726585,-0.5225828559902813
SEG_047,2020-05-30,0.0257964694094708,-0.2317883749741252,-0.0558739193731817,0.0155787843299919,GOOD,-0.5225828559902813,-5.304225505126286,0.3116216409826926,45.36088155188217,6.528119396642838,1.2753161727166529,0.1622880662116319,8.68126200679631,0.433170683239945,51.338458798726585,-0.1052401354047767
SEG_047,2020-06-29,0.1588358807418499,-0.0884607562532862,-0.0624808658809628,0.06953924497868,GOOD,-0.1052401354047767,1.5247107982323005,0.2811007914974299,6.963883639218066,8.159272234936486,1.2728170344155167,0.2695383103996194,8.68126200679631,0.433170683239945,51.338458798726585,-1.5159018652113512
SEG_047,2020-07-29,0.1713879590962201,-0.1788575112487042,0.4182275765867634,0.132699610352852,GOOD,-1.5159018652113512,0.8688904780234239,0.2522913409987257,31.929767968888257,3.645870602019503,1.829512314760795,0.2239157630614472,8.68126200679631,0.433170683239945,51.338458798726585,-1.206086302483645
SEG_047,2020-08-28,0.2237386674045677,-0.0030443118885262,-0.078929567691183,0.0937373272092385,GOOD,-1.206086302483645,-1.4771592103973905,-0.4251827695757235,7.316995879533033,6.8478700561553385,0.952034674894461,0.2225951941108415,8.68126200679631,0.433170683239945,51.338458798726585,0.7021056788422051
SEG_047,2020-09-27,0.3919337831179833,-0.4967329273630202,-0.1299647202283736,0.2736487992251243,GOOD,0.7021056788422051,-3.178591511985175,0.4817075066364433,29.17918034686082,4.216733307309055,1.6764262724743273,0.1699363274965404,8.68126200679631,0.433170683239945,51.338458798726585,-0.8648424450409629
SEG_047,2020-10-27,0.1138536484096673,0.4816966614839404,0.2357445969974342,0.0905472619449264,GOOD,-0.8648424450409629,-8.208328395367337,-1.13779054398959,318.06674665217264,8.410398304116129,0.6837392972760438,0.210229374463246,8.68126200679631,0.433170683239945,51.338458798726585,-0.0785051977927923
SEG_047,2020-11-26,0.1742453498215326,-0.2315857102913997,0.4054835743181522,0.2702991239518616,GOOD,-0.0785051977927923,-6.92660890073284,0.2826230773373983,328.3283669724613,2.078848785843374,1.561120883972776,0.3467568220934546,8.68126200679631,0.433170683239945,51.338458798726585,-1.3383795720230005
SEG_047,2020-12-26,0.1149013215328762,-0.2695116682318031,0.256480711276048,0.128246840094705,GOOD,-1.3383795720230005,-1.7107630870992576,0.1815359925681698,307.5851447965779,6.429681991584301,1.529424300133459,0.2657135044166366,8.68126200679631,0.433170683239945,51.338458798726585,-1.8070377780714568
SEG_047,2021-01-25,0.3125596857937872,-0.2968587909511382,0.2546669707871712,0.2817893271458023,GOOD,-1.8070377780714568,1.1068416328130954,0.4573449935627878,13.486457917671771,5.890056617531972,0.9658096109021403,0.2979901030354529,8.68126200679631,0.433170683239945,51.338458798726585,-1.69993662025554
SEG_047,2021-02-24,0.1297533065438539,-0.3343574412771674,-0.1438112011115031,-0.0118633530155698,GOOD,-1.69993662025554,-6.418438851330997,-0.8830115283251811,28.981878556644634,6.797730675315234,1.1684443344627142,0.0780333200481538,8.68126200679631,0.433170683239945,51.338458798726585,-0.8566100994718753
SEG_047,2021-03-26,-0.0590014315823666,0.212425011725225,0.0982748004447442,0.1956657555345249,GOOD,-0.8566100994718753,-0.7742061744599606,-0.7396747317459198,27.06323108265394,4.173786413975284,1.8628561016088696,0.1143626235641182,8.68126200679631,0.433170683239945,51.338458798726585,0.4356980833340715
SEG_047,2021-04-25,0.1619676900740293,-0.1779199837094858,0.1491289359092965,0.1462551337119957,GOOD,0.4356980833340715,-0.9016909593191472,-0.7540778943223398,35.17281937500721,6.807628383454069,1.8642283713443304,0.2018668950624749,8.68126200679631,0.433170683239945,51.338458798726585,-1.206770555265567
SEG_047,2021-05-25,0.0035654552948785,-0.1857882190252432,0.0645920563245384,-0.0004937359245604,GOOD,-1.206770555265567,-6.5365678392972,-0.2991287279467201,23.485651225095644,2.1942078284318542,2.2181262761843668,0.174905771566454,8.68126200679631,0.433170683239945,51.338458798726585,-0.9268452930822008
SEG_047,2021-06-24,0.1261229035000118,0.3001006396254845,0.0499828905946825,0.038073660014631,GOOD,-0.9268452930822008,-2.635637920019197,-0.0516430222194261,45.45940176551708,2.715687241397044,1.1614209603385854,0.1573243131054604,8.68126200679631,0.433170683239945,51.338458798726585,-0.1016326318655199
SEG_047,2021-07-24,0.3985495405638929,-0.0214692491434649,-0.1483125090805956,0.2414587783381181,GOOD,-0.1016326318655199,-1.0134216922219963,0.1202843069391284,42.29512737553317,9.833291970577484,1.193495661293024,0.2107972087828205,8.68126200679631,0.433170683239945,51.338458798726585,-1.7712311662357216
SEG_047,2021-08-23,0.3579249589098754,-0.4076232193749401,0.3257815152223528,-0.0799739710974958,GOOD,-1.7712311662357216,3.980151406133025,-0.5937983371462028,14.657640509916108,8.86800202345215,0.9537591911059236,0.1975881754632349,8.68126200679631,0.433170683239945,51.338458798726585,-1.8664692589873024
SEG_047,2021-09-22,0.0557991734394013,0.0205079694597341,-0.0913659283173896,-0.0630916070313911,GOOD,-1.8664692589873024,-0.1806713138035611,0.0685259084675888,47.6919441919055,9.532070263689455,0.8555513590287434,0.1462418970433173,8.68126200679631,0.433170683239945,51.338458798726585,-0.3334208613670587
SEG_047,2021-10-22,0.3474610022005669,-0.2637547774822876,0.4269558568686836,-0.0218459975640942,GOOD,-0.3334208613670587,-8.989268454964872,-1.2969793935262544,340.8644880291609,8.429844768879015,2.5702381321424017,0.8461203101970176,8.68126200679631,0.433170683239945,51.338458798726585,-2.3541906640531995
SEG_048,2020-01-01,0.3308441453016143,0.3342799199163231,0.2164780527714021,0.0117108209800875,GOOD,-1.2758623373460776,-7.372824917337763,-1.2802476329590426,12.410739869656744,7.121088958144829,1.6846868146969418,0.0345813634639929,1.782016490299344,0.3368878863634746,15.59094104657852,-0.8526917492050172
SEG_048,2020-01-31,-0.099713304314008,-0.0392272954516631,0.418954247541434,0.1710101656742648,GOOD,-0.8526917492050172,-1.8779656969493332,-0.6922030763507978,26.2525392571912,9.696839192351892,2.0658980528551782,0.1311751128660263,1.782016490299344,0.3368878863634746,15.59094104657852,-0.8375168387372837
SEG_048,2020-03-01,0.2591779278130371,0.2493433013945714,0.3764681356123597,0.1093881664778891,GOOD,-0.8375168387372837,-2.4527117768756863,-0.5005466025137926,40.24193623528505,3.655144099796836,1.6419041903545009,0.1703829987405591,1.782016490299344,0.3368878863634746,15.59094104657852,-1.086208676173455
SEG_048,2020-03-31,0.2021978769606545,-0.0875869960891285,0.0383497995850902,0.049449366402256,GOOD,-1.086208676173455,-7.01945728618897,-1.467916917568886,21.77687688733341,7.107629403492659,0.840132121899166,0.2207901842636747,1.782016490299344,0.3368878863634746,15.59094104657852,-2.0299182971892127
SEG_048,2020-04-30,0.2746126560116004,0.1490713193547764,-0.0282250750308879,-0.0022032882502218,GOOD,-2.0299182971892127,-6.593927714564241,-0.6219479254943141,24.33879166813164,5.730792386108057,1.514016776240268,0.302960575836446,1.782016490299344,0.3368878863634746,15.59094104657852,0.7219102478832979
SEG_048,2020-05-30,0.1079000136242,-0.4486537482934744,0.5529528880937673,0.2588155467510905,GOOD,0.7219102478832979,-5.568728703181932,-1.393761316678597,23.25447086594702,5.092454784336479,1.6654677492405097,0.1608043554163795,1.782016490299344,0.3368878863634746,15.59094104657852,0.5460634649703546
SEG_048,2020-06-29,0.0773871921788685,0.0125615041822695,0.1293972889816162,0.2735908716361447,GOOD,0.5460634649703546,-2.8081223292921877,-0.7950351337872092,9.67396509287572,9.375882298154686,0.9882126803261388,0.2941377468950503,1.782016490299344,0.3368878863634746,15.59094104657852,-0.4513208073424883
SEG_048,2020-07-29,0.2555525115191568,-0.2303913901754695,-0.2777848418164548,-0.0125224809924528,GOOD,-0.4513208073424883,-9.63790229167506,-0.6931758920246225,39.92555872087406,5.682327768023356,1.4910346186723715,0.0803356784037317,1.782016490299344,0.3368878863634746,15.59094104657852,0.2858273078634779
SEG_048,2020-08-28,0.1584987602592303,-0.3767022052144033,0.0945580607849599,0.0950067294639592,GOOD,0.2858273078634779,-9.45766117427647,0.0586157522796055,36.433222051314,6.530804604646429,0.6213003115240957,0.2017725074206429,1.782016490299344,0.3368878863634746,15.59094104657852,-1.2919772122101252
SEG_048,2020-09-27,0.0889624943217338,0.1606162616183695,0.0958753135674062,0.1890174079990526,GOOD,-1.2919772122101252,-7.866831373932724,0.3299896299292779,4.659480086294693,5.071116285071362,1.4647781421262136,0.1576499430891629,1.782016490299344,0.3368878863634746,15.59094104657852,0.3263112242776335
SEG_048,2020-10-27,0.3767798302059696,-0.3055065541090379,0.2123653909139173,0.0670356208070268,GOOD,0.3263112242776335,-7.725303199859915,-0.4058880572291192,312.7573940867284,9.32857008043623,1.1066710539964526,0.2555738854584847,1.782016490299344,0.3368878863634746,15.59094104657852,0.5141714809692
SEG_048,2020-11-26,0.0327538442881328,-0.0173354239239383,-0.2405198343307897,0.0873226461265504,GOOD,0.5141714809692,3.8723267621485657,-0.5130355341101138,303.99847651623827,10.676850248079882,3.5667892701106343,0.8104321925010769,1.782016490299344,0.3368878863634746,15.59094104657852,0.1777818427824938
SEG_048,2020-12-26,0.3252969155793126,0.4556684267261903,-0.0677249735643036,0.1234274344084422,GOOD,0.1777818427824938,2.2157064164554328,-0.838800271875791,333.2470749789972,11.213673243260285,3.46054405918098,0.950638237901076,1.782016490299344,0.3368878863634746,15.59094104657852,0.3858176061113977
SEG_048,2021-01-25,0.2413007158002429,0.3061889603275829,0.4004665010193817,-0.0018813841754231,GOOD,0.3858176061113977,-3.4918995033879616,-0.9556229363656996,46.99700232924335,4.404551595382355,2.195053549814481,0.2926273134659942,1.782016490299344,0.3368878863634746,15.59094104657852,-0.3400864081407669
SEG_048,2021-02-24,0.1958464223904255,0.3016737987333976,-0.0681219503592914,0.2296275977729915,GOOD,-0.3400864081407669,2.6673229169260466,-1.0620948839076438,47.80883984593228,5.714780623029152,0.7504020122432532,0.0279252980039448,1.782016490299344,0.3368878863634746,15.59094104657852,-1.8108333194486927
SEG_048,2021-03-26,0.0814964540773816,0.2425235688675246,0.0773623772704271,0.032485253510131,GOOD,-1.8108333194486927,-7.563317870006918,-0.5376526572035012,46.420492478788766,2.5305647715905923,1.1878192163372354,0.2646147836172252,1.782016490299344,0.3368878863634746,15.59094104657852,0.769219722379355
SEG_048,2021-04-25,0.3075304174131442,-0.3459540574683033,0.1258567257264461,-0.0877617945260231,GOOD,0.769219722379355,-8.226603942959674,-1.0286353605014094,43.955292179360434,5.934886212815971,2.111660764790229,0.1873843928259139,1.782016490299344,0.3368878863634746,15.59094104657852,-1.5629557687719473
SEG_048,2021-05-25,0.3247250304934059,-0.2135324087497899,0.2495154516702633,-0.0340422292467615,GOOD,-1.5629557687719473,-5.092856519656699,-0.7463047079265328,4.143918715663192,2.656758909363165,1.8564185260101225,0.0665488041849892,1.782016490299344,0.3368878863634746,15.59094104657852,-0.1101277618645968
SEG_048,2021-06-24,0.1463242370507914,-0.4076849525095951,0.5730541915761711,0.223239397100757,GOOD,-0.1101277618645968,4.877559064107887,-1.4958254773734787,8.8786535086798,3.0678664023532285,2.191699777072569,0.1598126697861758,1.782016490299344,0.3368878863634746,15.59094104657852,0.6100730101577476
SEG_048,2021-07-24,0.3133786883204593,-0.1427494982923699,0.2147975301650774,-0.0838280672871424,GOOD,0.6100730101577476,-5.047873917970287,-1.4221155047965717,29.143175140897103,9.905477347344975,1.6958096948828778,0.2739918286457926,1.782016490299344,0.3368878863634746,15.59094104657852,-0.2391143448998703
SEG_048,2021-08-23,-0.0150328043957943,-0.1091358376727185,0.5941330130496925,-0.0569846115489891,GOOD,-0.2391143448998703,-0.7684737253729459,-0.4478250135230526,41.5901108133558,4.275558837569713,0.6743130394020819,0.1519932503760301,1.782016490299344,0.3368878863634746,15.59094104657852,0.0410978610467291
SEG_048,2021-09-22,0.2217320135834632,0.1999427267528433,-0.213491829136208,0.1425934351199624,GOOD,0.0410978610467291,-9.519493945681289,0.2043128660121203,33.25042879686002,7.559270171681661,1.8193990732857608,0.1133475400173959,1.782016490299344,0.3368878863634746,15.59094104657852,-1.5490626824678997
SEG_048,2021-10-22,0.0468266347553186,0.2056574286120982,0.0609846269799219,0.2227863458707842,GOOD,-1.5490626824678997,4.76898009111615,-0.8813478102347947,316.33048251664167,3.925450233297751,1.740833134708177,0.4381445188259968,1.782016490299344,0.3368878863634746,15.59094104657852,-1.5917460982580849
SEG_049,2020-01-01,0.1938353989368155,0.4374361985110548,-0.1112053095845083,0.0892913122659375,GOOD,-1.953703636529372,-7.652035647169395,-1.1170227923231475,3.3027675185025416,2.251036098070225,2.0004494689195846,0.1387756293610683,1.664875781787902,3.2571240140089377,94.25787305209091,-1.0479175003797945
SEG_049,2020-01-31,0.1488084638994334,0.1583294493448177,0.0577406719725749,0.1836566920953226,GOOD,-1.0479175003797945,-8.006451187754289,-0.846183631639462,48.33485584981163,5.378787199163724,1.0468075645126789,0.212948646845712,1.664875781787902,3.2571240140089377,94.25787305209091,-0.8092537716564864
SEG_049,2020-03-01,0.2499276235102187,-0.4925612966032762,0.404886012135157,0.2817158289271604,GOOD,-0.8092537716564864,-2.6965869357227223,0.4767376830362717,7.4083887197172125,9.0737530076707,1.0866625630589586,0.2114353650657307,1.664875781787902,3.2571240140089377,94.25787305209091,-0.2010923761546885
SEG_049,2020-03-31,0.353653448083458,0.2207843898274967,0.0760831746056986,0.2083439767635617,GOOD,-0.2010923761546885,0.670478270534014,0.1004172506165046,18.651194623552197,2.021898454701736,1.6070225936807463,0.3179948261254488,1.664875781787902,3.2571240140089377,94.25787305209091,-0.5351642698037121
SEG_049,2020-04-30,0.0055308809422174,-0.1674820804569445,0.2927990769743671,0.194618185591854,GOOD,-0.5351642698037121,-2.036963508573528,0.2791727413048617,49.6815534645646,6.899710293208255,1.6187675161337616,0.1671598352955019,1.664875781787902,3.2571240140089377,94.25787305209091,-0.4786049364712594
SEG_049,2020-05-30,0.3001397231199787,-0.0450474995066038,0.3471964868297995,0.1188492724007167,GOOD,-0.4786049364712594,1.336603662718426,-1.410972680382644,16.630270338771822,5.2586903923344765,1.820490875394173,0.3103383666989435,1.664875781787902,3.2571240140089377,94.25787305209091,-1.3546160475439335
SEG_049,2020-06-29,0.3391171873258244,0.4290484075512221,0.5226946852798091,0.1435041832086373,GOOD,-1.3546160475439335,-5.272306781098004,-0.3182126697465846,22.463566908501274,4.402260058612417,1.667889071330936,0.0836649055486596,1.664875781787902,3.2571240140089377,94.25787305209091,-1.9013148531425037
SEG_049,2020-07-29,0.35219021506445,-0.2458580851941364,-0.0611706778119764,0.1122971273339415,GOOD,-1.9013148531425037,4.280128831584802,-0.6015001350793248,19.84900906765849,5.440086069569811,2.029745340209689,0.1971939035326683,1.664875781787902,3.2571240140089377,94.25787305209091,0.8304282825047116
SEG_049,2020-08-28,0.307212338967226,0.0465459297591216,0.0750795521937985,0.1007007356540737,GOOD,0.8304282825047116,1.9194458164400512,-0.2199606927038158,15.310206178166291,6.801959792573106,0.6862474207509788,0.241555230928037,1.664875781787902,3.2571240140089377,94.25787305209091,0.9464897924190052
SEG_049,2020-09-27,0.2306442929519685,-0.2124428616488367,-0.1957155066005104,-0.0060666354726876,GOOD,0.9464897924190052,-1.5886792847080642,-0.8428252312952771,27.253162732758568,3.60205662335225,1.612991882546892,0.0500817068756324,1.664875781787902,3.2571240140089377,94.25787305209091,-1.5488418349305562
SEG_049,2020-10-27,0.3732892791921813,-0.4793091036419575,-0.1831102703662681,0.1997640989155071,GOOD,-1.5488418349305562,-0.138142486030242,-0.1563782653645802,320.77878235349857,9.247636343625151,2.099825952834899,0.5502558445093256,1.664875781787902,3.2571240140089377,94.25787305209091,-1.843032845511057
SEG_049,2020-11-26,0.3658707353799734,-0.1905075758853176,0.18808758722545,0.119472267147966,GOOD,-1.843032845511057,4.742204080026815,0.2464423197722565,342.65151431303576,2.026625749682517,1.0545357475367096,0.2338164222698065,1.664875781787902,3.2571240140089377,94.25787305209091,-2.032896130366882
SEG_049,2020-12-26,0.3721819507705088,0.4651436744553631,-0.1979663164287041,0.0805166373775298,GOOD,-2.032896130366882,1.489996891676407,0.0590750505714399,323.2648612971528,2.9767800856376807,3.090850609827375,0.6912013304520973,1.664875781787902,3.2571240140089377,94.25787305209091,0.826495343559994
SEG_049,2021-01-25,0.2945000137836862,-0.146759836551558,0.0490926133538909,-0.0242799355229602,GOOD,0.826495343559994,0.8797286471233736,0.3218398677390792,31.01709850295459,9.755376922685493,1.6830331293652945,0.211747491878927,1.664875781787902,3.2571240140089377,94.25787305209091,0.9571113933590084
SEG_049,2021-02-24,0.0710505938542627,0.022086708361044,0.3205768226186058,-0.0223318234721114,GOOD,0.9571113933590084,1.3597153833028202,-0.7972348327966168,17.009038796091907,5.114225673238355,1.7000513271013462,0.0466806184111913,1.664875781787902,3.2571240140089377,94.25787305209091,0.2691481655946161
SEG_049,2021-03-26,0.3059047155173845,-0.2876400190031304,-0.1288706819790037,0.1549956932169887,GOOD,0.2691481655946161,1.2160151486122626,-1.3661988679150157,49.65111231232109,3.814009596974323,1.6905064755010544,0.264563711883806,1.664875781787902,3.2571240140089377,94.25787305209091,-1.9235436331227969
SEG_049,2021-04-25,0.2854195082852735,-0.1127243986560851,0.2782746436594702,-0.0203547689319535,GOOD,-1.9235436331227969,-3.206358717223944,-1.4925565187493073,17.771073064625753,9.901299158607737,2.0986301458015237,0.2088433927069482,1.664875781787902,3.2571240140089377,94.25787305209091,0.4875137851607708
SEG_049,2021-05-25,0.3187595583775557,0.4695837297675771,0.4758061618889357,-0.0659098949012768,GOOD,0.4875137851607708,-1.0802726238391358,-0.3771754240076967,5.824694630833527,3.0861624165433525,1.407731585430135,0.2657125248780708,1.664875781787902,3.2571240140089377,94.25787305209091,-1.1213896389159983
SEG_049,2021-06-24,0.0703516659131386,0.1249465481253661,-0.2707679129575819,0.2340906847658166,GOOD,-1.1213896389159983,-5.319127343176135,0.144329151893267,14.672565847239932,8.869255310688867,0.8727309816569575,0.1761856121928853,1.664875781787902,3.2571240140089377,94.25787305209091,-1.0765842150943676
SEG_049,2021-07-24,-0.0315402593616143,-0.2417185990833241,0.041623044754212,-0.038785295842087,GOOD,-1.0765842150943676,-3.819552513065532,-1.3512054983507165,26.54811641714917,2.600893288748684,1.3482088983603109,0.2142165073835751,1.664875781787902,3.2571240140089377,94.25787305209091,0.7919577261227984
SEG_049,2021-08-23,0.3906269322527766,-0.1722461567463268,0.3406202769560263,0.247801953963711,GOOD,0.7919577261227984,-0.9564038441092606,0.2031397834438475,18.12660810104541,2.761258123793548,0.9053926710967516,0.0703941889691799,1.664875781787902,3.2571240140089377,94.25787305209091,-1.25929614587059
SEG_049,2021-09-22,-0.0086905212088996,-0.2876895324719832,0.4203344290774685,-0.0073922483650484,GOOD,-1.25929614587059,2.622007887136311,-0.3995832241350319,27.065316555266527,8.874020640829988,2.072729007294116,0.2519326419147713,1.664875781787902,3.2571240140089377,94.25787305209091,0.3972964977905087
SEG_049,2021-10-22,0.2452411090808533,-0.2027935988730236,0.1971300713130067,0.0190184238566032,GOOD,0.3972964977905087,1.284528962983268,-1.4185251398102614,345.9419156901405,5.361369257746188,2.641570029709493,0.5156991425488829,1.664875781787902,3.2571240140089377,94.25787305209091,-0.5950954701071328
SEG_050,2020-01-01,0.1845076125141138,0.3666921936264171,0.2677549893485262,-0.093261803775085,GOOD,-1.409594932985085,0.6224224485451089,-1.161260832281982,47.86457785300002,8.910602371838577,1.5239209817733246,0.3016870906091347,8.044017626732362,0.5018435041376045,16.837980736143287,-1.4378787919147515
SEG_050,2020-01-31,0.1614875617439774,-0.2266855867453608,0.4151949119334379,0.210504924779654,GOOD,-1.4378787919147515,-1.786543439562056,-1.3812566782575382,10.550375883749853,7.335058295037814,0.7908222862340697,0.106402067598455,8.044017626732362,0.5018435041376045,16.837980736143287,-1.2873347570334863
SEG_050,2020-03-01,0.1022602966938968,0.0907701284553335,0.5196716123856493,0.0150651015918261,GOOD,-1.2873347570334863,2.84209969150659,-1.2507023855014987,21.01120921038064,7.18670091660356,1.3842230026175315,0.2506460279577659,8.044017626732362,0.5018435041376045,16.837980736143287,-0.1180928172056481
SEG_050,2020-03-31,-0.0044175306454836,-0.2470637880913916,-0.1846280677694499,-0.0262568270729594,GOOD,-0.1180928172056481,-8.200341466757541,-0.1579524539592842,6.622428711901673,2.32164956515167,2.159435453350014,0.2138632236706526,8.044017626732362,0.5018435041376045,16.837980736143287,-0.3494010768738906
SEG_050,2020-04-30,0.2420340843301965,-0.3670379298536488,-0.1036778953008789,0.2837599251050161,GOOD,-0.3494010768738906,-0.2222050491491387,-0.0655269904319297,41.49853538581137,2.110079372725238,0.9529314737090108,0.1582670869005231,8.044017626732362,0.5018435041376045,16.837980736143287,-0.7810578501114611
SEG_050,2020-05-30,0.2621571050880973,0.2855974817517709,0.4819210278382981,0.0300446450032293,GOOD,-0.7810578501114611,-0.1071965859607679,-0.1393709439774664,22.17058862116923,3.612391522989048,1.5103308377986269,0.0644576849144713,8.044017626732362,0.5018435041376045,16.837980736143287,0.8121112093544921
SEG_050,2020-06-29,0.3349755371580161,0.3581135865059879,0.2960731984562548,0.0959653332499072,GOOD,0.8121112093544921,-3.4382377137690687,-0.995777472808102,21.66466953738872,3.2688407934549204,1.8133609072015084,0.2232465183883799,8.044017626732362,0.5018435041376045,16.837980736143287,-1.2244939141563365
SEG_050,2020-07-29,0.1621409978310499,-0.2961601211622033,-0.2006251626225119,0.0148839746138389,GOOD,-1.2244939141563365,-7.344098825810223,0.0381071271563711,23.66169832113952,8.101066680526277,0.8972722713889608,0.2106177015823738,8.044017626732362,0.5018435041376045,16.837980736143287,0.8602049612057187
SEG_050,2020-08-28,0.0121578680326903,-0.2990759932366692,0.4774630281929224,0.2357871874476528,GOOD,0.8602049612057187,-5.955407601543708,-0.5392994251762979,21.90646451145654,3.067893863746272,1.7927899957398432,0.1775553819556572,8.044017626732362,0.5018435041376045,16.837980736143287,-1.2354307871919818
SEG_050,2020-09-27,0.3932465588618641,0.0517465584702618,0.27769964889123,-0.0421231326168048,GOOD,-1.2354307871919818,-4.4374888179419685,-0.9903776393844508,4.941729929973221,8.896019259589542,1.4285534492637302,0.12357649940476,8.044017626732362,0.5018435041376045,16.837980736143287,-1.4455610668735157
SEG_050,2020-10-27,-0.0685161129863714,0.4571541315675423,-0.2035927629686654,0.2595102676237026,GOOD,-1.4455610668735157,-6.335587081566054,0.4153579275078611,346.568581296488,8.846801257943756,2.169049983762883,0.5078579256104194,8.044017626732362,0.5018435041376045,16.837980736143287,-1.4787837101965715
SEG_050,2020-11-26,0.2137596677878375,0.4774517456317528,-0.2969662462608019,0.2834486067878307,GOOD,-1.4787837101965715,0.3445666771031757,-0.3922552254836835,328.3975531687201,7.011684148372367,2.633783669374528,0.7591552324062704,8.044017626732362,0.5018435041376045,16.837980736143287,-0.2666278977288259
SEG_050,2020-12-26,0.282081107887807,-0.2488322876689812,0.4241338733192338,0.1344769424184164,GOOD,-0.2666278977288259,0.0475442232836051,0.4213079750772166,328.26078368873226,4.8551000413948255,1.6825583811815323,0.3699942888018366,8.044017626732362,0.5018435041376045,16.837980736143287,-0.4915677467301553
SEG_050,2021-01-25,0.0623575279332825,0.3577964405428466,0.0211925880927252,0.2035706110035393,GOOD,-0.4915677467301553,-2.602741767364256,-0.6383536166324946,28.121763846438885,7.517834369913833,1.0108914512819949,0.321626192529355,8.044017626732362,0.5018435041376045,16.837980736143287,-1.805318551013083
SEG_050,2021-02-24,0.3332757780100284,-0.2950406486758375,0.0711238874605493,0.2983824215490084,GOOD,-1.805318551013083,0.2144112799064714,0.4518545351709135,22.064058750283333,3.085769964500198,1.6995584851957464,0.0807028006009239,8.044017626732362,0.5018435041376045,16.837980736143287,-0.0806279401315965
SEG_050,2021-03-26,0.0282282695609994,0.4182034551165969,0.0682243630904682,0.296526233197483,GOOD,-0.0806279401315965,3.347023477759608,0.2862054736775821,4.674147941475465,9.388537301821083,1.4564035273553058,0.034199020914299,8.044017626732362,0.5018435041376045,16.837980736143287,-0.5969942697295537
SEG_050,2021-04-25,0.1991617341968829,0.2464177357338889,0.5444445430101428,-0.0035160003776236,GOOD,-0.5969942697295537,-5.843777484326608,-1.1659245393082944,37.866319975208064,7.829316735646522,1.9894689960741248,0.1379605583100692,8.044017626732362,0.5018435041376045,16.837980736143287,-1.411238012069484
SEG_050,2021-05-25,0.2978611432455814,0.3874682734217055,-0.2099158102285924,0.1014801817622161,GOOD,-1.411238012069484,-1.364878049753239,-1.4998141761555417,34.818954150735884,9.477238616758566,2.0268938643118526,0.2700184852913407,8.044017626732362,0.5018435041376045,16.837980736143287,-1.4387955590075647
SEG_050,2021-06-24,0.2694503497239618,0.4807049008250716,0.2145338015200589,0.1669194378711519,GOOD,-1.4387955590075647,2.3347103771143587,-1.0315608868379147,2.2602084027380567,3.435132515183452,1.8066339330700496,0.0658160301359707,8.044017626732362,0.5018435041376045,16.837980736143287,0.147731536557065
SEG_050,2021-07-24,-0.0693624203590256,-0.0505329875228913,0.2567815916319454,-0.0874036397997253,GOOD,0.147731536557065,0.8609283943657129,-0.7667151745091296,37.82946947223185,8.088740843510248,1.870119580734385,0.1335644997993313,8.044017626732362,0.5018435041376045,16.837980736143287,-1.963403193706556
SEG_050,2021-08-23,0.3168098341716695,-0.3409311289062348,0.0402775280688741,-0.0314499396844636,GOOD,-1.963403193706556,-7.373563868801337,0.1858154221311267,21.017832721965167,2.6786184766541457,1.0114683392866324,0.1247093460028679,8.044017626732362,0.5018435041376045,16.837980736143287,0.0996616389911473
SEG_050,2021-09-22,0.1173092299299579,0.1996875391349162,-0.1504297372734094,0.1854788050659354,GOOD,0.0996616389911473,3.257429563679741,-0.4382683940236738,45.04569282086653,6.733463340936604,2.1088577957383,0.1835325483548034,8.044017626732362,0.5018435041376045,16.837980736143287,-1.518261887746601
SEG_050,2021-10-22,0.1265275797150923,0.3287755399735097,0.2348426333037241,0.1642066495635915,GOOD,-1.518261887746601,-3.264121402999053,-1.1557299701728114,341.8345014731275,5.560606317470991,1.6336938825482084,0.3852956947083769,8.044017626732362,0.5018435041376045,16.837980736143287,-0.1454323549595771
SEG_051,2020-01-01,0.0973035257657355,0.1496552793730968,0.3412040774811136,0.2266817394948546,GOOD,-1.89751138980738,-7.303111083169426,0.2515981678932968,39.9471447342735,3.923863286256865,0.8001631971772956,0.2612710070466381,7.501533986274606,2.714360177910751,85.71757980671889,-1.773757467489447
SEG_051,2020-01-31,-0.0629135346356975,0.0390028845688499,-0.2247889056414309,0.1100303487109138,GOOD,-1.773757467489447,-6.082897111914026,-0.4021851400110134,41.40550538089501,2.352148498756927,1.4532307358766787,0.2545675678742486,7.501533986274606,2.714360177910751,85.71757980671889,-0.686928304031352
SEG_051,2020-03-01,0.2950140670705877,0.1987755197007162,-0.2195552172797951,-0.0408711116765736,GOOD,-0.686928304031352,-3.668163859741409,-0.2322910495590229,4.00784415667545,8.081116755118513,1.2472337794907389,0.158621776280712,7.501533986274606,2.714360177910751,85.71757980671889,-0.1046287805741427
SEG_051,2020-03-31,0.0688407437129322,-0.4668938758561056,-0.2896233461645037,-0.0890712774535887,GOOD,-0.1046287805741427,-9.636891834860394,0.1191949654085937,1.5173703743643296,4.579972873027558,2.033438539148773,0.3204347296279965,7.501533986274606,2.714360177910751,85.71757980671889,0.2923649927584572
SEG_051,2020-04-30,-0.0586836968065932,-0.3095779830159256,0.5577797891559895,-0.0606957601339249,GOOD,0.2923649927584572,-1.9145299143104584,-0.7569210073762005,39.37328928368018,7.987773952999333,1.6416423765658377,0.2375795677522209,7.501533986274606,2.714360177910751,85.71757980671889,-1.2292549012433418
SEG_051,2020-05-30,0.056422012966294,0.172178559863251,0.4152206087323508,0.101608036892435,GOOD,-1.2292549012433418,-5.617931046247029,-1.1814510958635742,27.288761665212316,3.18354890348603,1.8975765131854432,0.2661471357337353,7.501533986274606,2.714360177910751,85.71757980671889,-1.161786796486882
SEG_051,2020-06-29,0.1611110803121834,0.2679871028408697,-0.1644804763931598,0.2297428094244857,GOOD,-1.161786796486882,-0.6751755489062674,-1.415080334035849,18.97226291480451,2.3230653111424253,1.2669084012316527,0.0511996791318919,7.501533986274606,2.714360177910751,85.71757980671889,-1.0354537318558965
SEG_051,2020-07-29,-0.0986022052838016,-0.2387147032782974,-0.0789484438292223,0.0381408650775787,GOOD,-1.0354537318558965,-4.577998885076581,-0.4682185906905038,26.501761060192656,5.241466783149312,1.5841869198080507,0.1430342186272962,7.501533986274606,2.714360177910751,85.71757980671889,-0.9162953805133024
SEG_051,2020-08-28,0.0347046401786899,-0.2721552476982211,-0.0105236222400541,0.1645295621424851,GOOD,-0.9162953805133024,2.3236732002611067,0.0702798154477057,18.766276437640077,2.3349852295245714,1.6311413860182764,0.1488870711742778,7.501533986274606,2.714360177910751,85.71757980671889,-0.1510303674298675
SEG_051,2020-09-27,0.0039582574382046,-0.0898165359936468,0.4704230565785461,0.1233049495816935,GOOD,-0.1510303674298675,1.7978483437084805,-1.4660112742727032,31.219907022496237,7.089959797448244,1.9291102226594632,0.1934143472480883,7.501533986274606,2.714360177910751,85.71757980671889,-0.9173535280260297
SEG_051,2020-10-27,-0.0677427408817717,-0.2321893140525094,-0.257712058459783,-0.0510358158789535,GOOD,-0.9173535280260297,2.523473225002265,-1.2514710889726135,327.78967206002585,6.234317048699034,0.8769904497559746,0.2729288238828655,7.501533986274606,2.714360177910751,85.71757980671889,0.6633685437289624
SEG_051,2020-11-26,0.3284728789470248,-0.3225549269655521,0.553600697415155,0.0993788894428431,GOOD,0.6633685437289624,-2.265049756259897,-0.7438241583379896,338.1926410599366,6.226570406421575,1.1135721394707794,0.2604891897601415,7.501533986274606,2.714360177910751,85.71757980671889,-1.56481706180669
SEG_051,2020-12-26,-0.0672347227428073,0.1966445401317077,0.257167216465717,0.0180604449689078,GOOD,-1.56481706180669,-1.4286935725972718,-0.1610096444639719,336.527588705531,5.261129695033236,1.0476111648758026,0.1724319913557846,7.501533986274606,2.714360177910751,85.71757980671889,-1.4003570159030654
SEG_051,2021-01-25,0.2584955600295602,-0.1317434853147755,0.3527056922058435,0.1113284183469088,GOOD,-1.4003570159030654,-5.356224481674994,0.0565896816827344,4.108413853483378,8.987553539322546,1.9009752615382367,0.125493018255586,7.501533986274606,2.714360177910751,85.71757980671889,0.5005995240601715
SEG_051,2021-02-24,0.0949404260392189,-0.1453239176709823,0.3752636703573052,0.2030632027703877,GOOD,0.5005995240601715,-9.36521207691106,-0.6934416325590163,11.453952908934696,7.406007252278782,1.402779432146674,0.2937900216762142,7.501533986274606,2.714360177910751,85.71757980671889,-0.8975699111519666
SEG_051,2021-03-26,0.3796092132682652,0.4114329496714941,-0.2790623098477875,-0.0661572561567066,GOOD,-0.8975699111519666,-3.83212561248685,-0.940424712552366,14.530038279660095,6.605675277708274,1.839616136790821,0.1480565635407151,7.501533986274606,2.714360177910751,85.71757980671889,-0.5888956505507865
SEG_051,2021-04-25,0.2860184484193712,0.2307800733220962,0.0315346145428645,0.1224361291450445,GOOD,-0.5888956505507865,-7.323180567799253,0.4645998817001757,16.57756146993289,9.77980894650542,1.565744620741454,0.313238902561641,7.501533986274606,2.714360177910751,85.71757980671889,0.5527431525793745
SEG_051,2021-05-25,0.2441286509481407,-0.462459018158196,0.3181447101769831,-0.0769906282629787,GOOD,0.5527431525793745,-6.417743429023043,0.3329718145151952,10.446858767320172,8.120371450420473,1.0572072257173395,0.1755499283450167,7.501533986274606,2.714360177910751,85.71757980671889,-1.6015234726732088
SEG_051,2021-06-24,0.057536904824824,0.2088780561251969,0.0552480008870803,-0.0112484699287862,GOOD,-1.6015234726732088,-8.4673650834645,-1.310850222240306,29.992759397157997,6.209691313889623,1.6849644247646884,0.1987093511126578,7.501533986274606,2.714360177910751,85.71757980671889,-1.4604673328033826
SEG_051,2021-07-24,0.2032282478198046,-0.3013811167992926,0.2339859327843548,0.1523494383060424,GOOD,-1.4604673328033826,-6.748266130532292,-0.6900109850760068,16.15100838223233,3.8057408356196367,2.041325330207516,0.2580631728074278,7.501533986274606,2.714360177910751,85.71757980671889,0.2028589798317765
SEG_051,2021-08-23,0.3781052957619178,0.4181303959343018,0.2506876504810022,0.1019545778532814,GOOD,0.2028589798317765,-5.0883840034058,-0.7213186607463988,23.08565637496856,6.005468062065748,1.4001405700974632,0.2262476947631814,7.501533986274606,2.714360177910751,85.71757980671889,0.9053877419204572
SEG_051,2021-09-22,0.3459119476690215,-0.4893280572331629,-0.1336540692461044,0.2281395436125077,GOOD,0.9053877419204572,-9.559026667540117,-1.2865084210844566,38.93165082299064,2.896117004736688,1.0374668707414323,0.2576818727604285,7.501533986274606,2.714360177910751,85.71757980671889,-1.6705017895905423
SEG_051,2021-10-22,0.0221929180934901,-0.1227088769238297,0.1250457106020308,0.1811354413549651,GOOD,-1.6705017895905423,-5.74526226263036,0.4580034851442591,305.9850472809257,12.798221105810216,2.9719193197879834,0.7400760053616197,7.501533986274606,2.714360177910751,85.71757980671889,-2.136693921769444
SEG_052,2020-01-01,0.3190326147764032,0.086557083869678,0.3808690689298479,0.062911609395462,GOOD,-1.5359326227713808,0.8443107632187861,0.3832002761302231,30.32841667606107,6.046820708983082,0.8011910810872441,0.1666338887056409,5.622678617211529,1.2066360260070306,39.70021346948185,0.5383127120018917
SEG_052,2020-01-31,0.1091344895837627,-0.4077752586070647,0.5404000888230991,0.1781668327630033,GOOD,0.5383127120018917,-5.590774253377417,-0.4606395134910193,20.3623965161546,7.977162542513217,1.8784511177639047,0.1797261942795067,5.622678617211529,1.2066360260070306,39.70021346948185,0.2943938929741697
SEG_052,2020-03-01,0.0687459060462141,-0.00762447017735,0.0559468953743767,0.0741484998651977,GOOD,0.2943938929741697,-9.30462395556205,-0.1126273409130376,5.8256323435689925,3.0302915827343453,1.9816675214962536,0.1280767175145014,5.622678617211529,1.2066360260070306,39.70021346948185,-0.8324466340310415
SEG_052,2020-03-31,-0.0035307136370648,0.4902582619740624,0.1682309068474441,-0.0187271167000469,GOOD,-0.8324466340310415,3.268094018931769,-1.323240506378229,43.56175987524397,2.21815618194843,0.7478511326380173,0.0978711140569415,5.622678617211529,1.2066360260070306,39.70021346948185,0.6604430558351373
SEG_052,2020-04-30,0.2725806482615077,-0.4000542539895573,-0.1420426607814791,-0.0125583700715693,GOOD,0.6604430558351373,-4.663069912934445,0.1347953592210029,25.453790854771206,3.4672311804437905,1.48621354281369,0.1483377387801195,5.622678617211529,1.2066360260070306,39.70021346948185,0.867016461677472
SEG_052,2020-05-30,0.1122367797905652,0.061370861859254,0.5121760757888569,0.1484714663352328,GOOD,0.867016461677472,2.470873064970567,-0.9191983528485396,48.15645293904164,2.926628544455773,1.2949819798666895,0.2464952179687844,5.622678617211529,1.2066360260070306,39.70021346948185,0.5091199140886916
SEG_052,2020-06-29,0.3925734491923078,0.2802432640945105,0.0083483529731349,-0.0050297305676732,GOOD,0.5091199140886916,3.6908641327494607,-0.026683764253186,26.43039790410372,5.259657981760536,1.1354656723271692,0.2560369345494367,5.622678617211529,1.2066360260070306,39.70021346948185,-2.0072883237551125
SEG_052,2020-07-29,-0.037931436846404,-0.3975252608431447,0.0335065424917674,0.176443110984466,GOOD,-2.0072883237551125,2.333852952065831,-0.4852010552846966,49.65952506827629,6.6467490021912585,0.8430633097475224,0.1561912877333913,5.622678617211529,1.2066360260070306,39.70021346948185,0.3645658014612294
SEG_052,2020-08-28,0.3674807973793643,0.2146527692330145,0.1077971442990353,0.0020976054158779,GOOD,0.3645658014612294,-3.9571740005665976,-0.3042992695247883,28.639368945276573,9.54072759306207,1.3607418784696903,0.2167507796259786,5.622678617211529,1.2066360260070306,39.70021346948185,0.1976769273232314
SEG_052,2020-09-27,0.334789995776559,0.1567712001235162,0.4472539670573823,0.1566997277875544,GOOD,0.1976769273232314,1.190285168188602,-0.1481827694434034,38.05421999887963,8.833617297184603,0.9577100484376718,0.2337336930576591,5.622678617211529,1.2066360260070306,39.70021346948185,-1.6317949688179114
SEG_052,2020-10-27,0.2917653797797132,0.0792795820839615,0.2730993051584185,0.1275044806247973,GOOD,-1.6317949688179114,-1.5199019272315528,-0.9111849960495032,338.6149751024091,9.098707277154524,1.6445843987070368,0.2746045501767279,5.622678617211529,1.2066360260070306,39.70021346948185,-0.0071850764686507
SEG_052,2020-11-26,0.3766442409721152,0.3905396773694137,-0.2024806189055806,0.2356745504746883,GOOD,-0.0071850764686507,-6.654581357415955,0.0610562285973461,338.8134390000664,10.438996756327878,3.059541979645752,0.8775933157136038,5.622678617211529,1.2066360260070306,39.70021346948185,-0.1066678490546315
SEG_052,2020-12-26,0.2111089345055728,-0.4770393297819596,0.20211769138038,-0.0379996734917349,GOOD,-0.1066678490546315,-3.1422775502735814,-0.6645926837274052,344.58037466947746,7.1354876424067815,0.8704169797864035,0.0869993879508646,5.622678617211529,1.2066360260070306,39.70021346948185,-0.0685359946422492
SEG_052,2021-01-25,0.3973459382519173,-0.2718896454573142,0.2460579663392723,0.0303112348024444,GOOD,-0.0685359946422492,3.61790020336975,-0.1996208243971797,44.92609499024799,6.16166818967599,1.7105526329786422,0.2020962031356057,5.622678617211529,1.2066360260070306,39.70021346948185,-0.7793333949278966
SEG_052,2021-02-24,0.3093864931946123,-0.2152985719739377,-0.2972349851762823,0.0378731547594682,GOOD,-0.7793333949278966,-0.0462567302057213,0.4631961009272376,45.11242534784341,6.5301427012686135,1.158222024488435,0.0087878626853662,5.622678617211529,1.2066360260070306,39.70021346948185,-1.6406217238490317
SEG_052,2021-03-26,0.292038025510469,-0.0937690690866699,0.3867947416219857,0.1178001692192381,GOOD,-1.6406217238490317,-0.086220845650299,-1.313005212193715,27.530697503102523,6.583306215899951,1.338910240307272,0.2548042085051261,5.622678617211529,1.2066360260070306,39.70021346948185,0.3994964113391316
SEG_052,2021-04-25,0.0083160527606796,0.0617940610790928,0.4278679250430943,-0.0606988886832844,GOOD,0.3994964113391316,3.234303162885928,0.0329820095045358,40.361623290369145,4.509557460040272,1.374663304555394,0.3325190258231663,5.622678617211529,1.2066360260070306,39.70021346948185,-0.2491849581624743
SEG_052,2021-05-25,0.3216539196373555,0.2772186120379496,0.0588034420260881,-0.0404191844445443,GOOD,-0.2491849581624743,1.597172764399204,0.1995270775114186,13.59507278578031,9.191951217684869,1.830029758400868,0.1857357420932754,5.622678617211529,1.2066360260070306,39.70021346948185,-0.2152472218559894
SEG_052,2021-06-24,0.2761664227535377,-0.4990218206754824,0.3009447043164593,0.1055594427414182,GOOD,-0.2152472218559894,3.610085310626824,-0.7214274248092629,49.92217460839111,2.9342715641087453,2.035174005748688,0.1037167601088183,5.622678617211529,1.2066360260070306,39.70021346948185,0.4497684833097728
SEG_052,2021-07-24,-0.0593929474491065,-0.3066671057469119,0.2507008776169782,0.2294242172524111,GOOD,0.4497684833097728,-9.61772005469544,0.3906870345208411,18.7595719575183,2.4478900201360947,1.5532512653536596,0.0483502747909426,5.622678617211529,1.2066360260070306,39.70021346948185,-1.5314185796078883
SEG_052,2021-08-23,-0.0634185997477292,0.2377303490146456,-0.2511088184429466,0.0631164186407754,GOOD,-1.5314185796078883,-0.5569414583808499,-1.1082009692215824,29.12312185370315,5.546508946542335,1.3686472533872722,0.1295075472228618,5.622678617211529,1.2066360260070306,39.70021346948185,-0.7449128057087138
SEG_052,2021-09-22,0.0102553853299575,-0.220199776663471,-0.2848638861913485,0.0981075180788324,GOOD,-0.7449128057087138,-5.777485699496646,-1.1753754309090676,35.71576846500148,5.592200689639777,1.0015863078562637,0.1974400667215216,5.622678617211529,1.2066360260070306,39.70021346948185,-2.155299592526511
SEG_052,2021-10-22,0.2356967126206635,0.0963120098202906,0.0100954347663836,0.1221857958992332,GOOD,-2.155299592526511,3.0867251558707025,-0.0500236656458723,341.3003014304263,14.38263120558698,3.610667689851186,0.8868095335476938,5.622678617211529,1.2066360260070306,39.70021346948185,0.5270127484374056
SEG_053,2020-01-01,0.0013092858520936,0.4158193838671908,0.0611810698944475,0.0868771152039927,GOOD,0.6884393112385844,-3.03617447495743,-1.090165915346958,49.80554316159856,9.26110334183412,1.889293463684501,0.1646166842280715,1.7603238751354495,4.66379444852159,35.78789361932792,0.9222943559948515
SEG_053,2020-01-31,0.0899147745691985,-0.2811289299254292,0.0797096029980158,0.2300669476786089,GOOD,0.9222943559948515,-5.233660921563625,-0.5645445809401859,27.305639376281064,9.811464866695715,1.1293247877216497,0.0642186898270626,1.7603238751354495,4.66379444852159,35.78789361932792,0.1332109978517881
SEG_053,2020-03-01,0.3457002716804896,0.0451887942606817,-0.0236115758259684,0.1370220096385008,GOOD,0.1332109978517881,-7.469596319136251,-0.3423869561698636,2.3892812955569944,8.912982606624873,1.1200205005343058,0.0801985475905945,1.7603238751354495,4.66379444852159,35.78789361932792,-0.0355999123981136
SEG_053,2020-03-31,0.1155798721141806,-0.2152393758674796,-0.2523898898597303,0.0806954568770239,GOOD,-0.0355999123981136,2.480006303818758,-0.7032808442354497,26.709090958640957,9.421471604214505,2.184548717980192,0.2789771030344811,1.7603238751354495,4.66379444852159,35.78789361932792,-0.1327784358704243
SEG_053,2020-04-30,0.1566953941073946,0.4151705293852711,-0.2323392926706957,0.233583143834701,GOOD,-0.1327784358704243,3.172722253006919,0.2885324630235859,29.44965382525473,8.618582259559155,0.8533702642419112,0.1186224079056374,1.7603238751354495,4.66379444852159,35.78789361932792,-0.5780249024918299
SEG_053,2020-05-30,0.3868391954148849,-0.328380379285516,0.1915125646153374,0.1938191885642629,GOOD,-0.5780249024918299,0.9684279210991296,-0.2870118254731446,11.693225710793753,5.408164016400786,1.9472703845774932,0.2580545690164157,1.7603238751354495,4.66379444852159,35.78789361932792,-1.0986110925601975
SEG_053,2020-06-29,0.3383215312472933,0.3480760717041813,-0.1405050524386721,0.1726126968738885,GOOD,-1.0986110925601975,-9.56264566572704,-1.0421834204729594,37.513561341778654,9.678139074968424,0.7501219834122872,0.2434191210526866,1.7603238751354495,4.66379444852159,35.78789361932792,-0.6981399925015579
SEG_053,2020-07-29,0.259591464089789,-0.0713108002932266,0.3126707794844721,0.2977870765894501,GOOD,-0.6981399925015579,0.5016731911624515,-0.6946813186868426,46.90971914547101,3.8875993430800735,1.3430716693047835,0.2501550275732344,1.7603238751354495,4.66379444852159,35.78789361932792,-1.761596900293816
SEG_053,2020-08-28,0.2962020055035569,-0.134913692142546,-0.2979736824445043,0.1162482593763753,GOOD,-1.761596900293816,2.610209901363433,-1.139102053286013,31.45874639947109,4.62312481843728,0.7974433934191175,0.2218772278449499,1.7603238751354495,4.66379444852159,35.78789361932792,0.7433015750896758
SEG_053,2020-09-27,0.2297775736676175,-0.4851678477429854,0.0015459171322513,0.2955493493297169,GOOD,0.7433015750896758,0.3012124000015035,-0.6901306276108057,7.517025892618911,2.5828973962567714,1.7484513812103537,0.2960129613771666,1.7603238751354495,4.66379444852159,35.78789361932792,-0.2538631418807611
SEG_053,2020-10-27,0.1853091327054205,-0.1726074548969639,0.0581373987497753,0.0826902888863176,GOOD,-0.2538631418807611,-9.408477743246436,-0.3187345782777742,338.62854453990684,4.148139848424147,1.2904481731247868,0.1799948773811247,1.7603238751354495,4.66379444852159,35.78789361932792,-2.031037634902129
SEG_053,2020-11-26,0.1733630570325167,-0.4838337156691633,-0.1574967353479067,0.2568706241803944,GOOD,-2.031037634902129,-5.036775417806384,-1.4321779317945245,330.2583264901464,7.837094320642892,2.0710785487990417,0.3394997366764368,1.7603238751354495,4.66379444852159,35.78789361932792,-2.0975401473431488
SEG_053,2020-12-26,0.1991114434478843,0.1914064306823261,0.1566251097035336,0.0167470444690306,GOOD,-2.0975401473431488,3.2373675263223376,-0.8245580815354656,336.7712354696281,11.097645077320388,3.394292712490288,0.9094616189014462,1.7603238751354495,4.66379444852159,35.78789361932792,0.7103995574468408
SEG_053,2021-01-25,0.1259318293111988,0.045692388024441,0.1120969062014444,0.2241037569975089,GOOD,0.7103995574468408,0.4292054461128494,-0.6171888844420657,17.8468934907203,3.432338370995576,1.9562204551299296,0.1257012154534498,1.7603238751354495,4.66379444852159,35.78789361932792,-0.1923010028283364
SEG_053,2021-02-24,-0.0020056257424127,0.2691073043056545,0.2910540608173975,-0.0895128430905808,GOOD,-0.1923010028283364,-5.876499334672658,0.0604958545862412,48.1761819176466,2.50784872289948,1.5979269496096586,0.257150865858029,1.7603238751354495,4.66379444852159,35.78789361932792,0.6964650031056293
SEG_053,2021-03-26,0.166098653869596,-0.1155255992563308,-0.1650746280601517,0.1494564997392679,GOOD,0.6964650031056293,-2.4129175584138105,-0.0629205130709518,7.6957661051470785,8.672704763977976,1.1781337195511763,0.1945445759363459,1.7603238751354495,4.66379444852159,35.78789361932792,-2.0474268384548893
SEG_053,2021-04-25,0.2748822399906065,0.2905280116446737,0.1789266004147265,0.172625093234738,GOOD,-2.0474268384548893,-0.3467581213000592,-0.1353225465834118,39.620261727825415,4.949447336904527,1.7408153057222633,0.2556292379278709,1.7603238751354495,4.66379444852159,35.78789361932792,-1.0707262175726475
SEG_053,2021-05-25,0.3338937601460414,0.2555671482866483,0.0511389884564672,0.1910754401074026,GOOD,-1.0707262175726475,-3.150468256042136,-1.4233684088195244,33.65056221366878,3.343357281660859,2.115078177083596,0.1413526596041805,1.7603238751354495,4.66379444852159,35.78789361932792,-0.6925898302605631
SEG_053,2021-06-24,0.3262407994811583,-0.2316775601267388,-0.1356995639144796,0.1094339501654307,GOOD,-0.6925898302605631,-4.088994913238223,-1.219291681751312,41.32342108161247,6.891099351296655,1.077122449088875,0.1687606059134814,1.7603238751354495,4.66379444852159,35.78789361932792,0.3957611224488079
SEG_053,2021-07-24,0.241762794303533,0.2393605230454593,0.4620688046688379,0.2158140372973243,GOOD,0.3957611224488079,-6.667042724830048,0.3812104492570132,27.309104412970942,9.21214311860628,1.7395476479459078,0.1728828991154795,1.7603238751354495,4.66379444852159,35.78789361932792,0.2440045177729548
SEG_053,2021-08-23,0.0303642022595067,0.184469257895123,0.5243974148861512,-0.0253592832891933,GOOD,0.2440045177729548,0.8363126206451437,0.3643222225204532,8.894928885234087,9.560195108851827,1.2455752217567535,0.2585097681089951,1.7603238751354495,4.66379444852159,35.78789361932792,-0.1933730005869077
SEG_053,2021-09-22,0.3730323686790624,-0.278347873178614,0.3251379102471722,0.0373300180725482,GOOD,-0.1933730005869077,0.2965621318726104,-1.2955585535831209,43.02251003363329,9.516635507612303,0.728058810542232,0.1696202077182239,1.7603238751354495,4.66379444852159,35.78789361932792,0.6641155173440625
SEG_053,2021-10-22,-0.0871703648879068,0.1458208299400814,0.16704149049941,0.2825035911389562,GOOD,0.6641155173440625,-1.619726457702777,-1.4687351791577958,316.0220707789018,5.90214704114218,2.258617454488318,0.4603575404359755,1.7603238751354495,4.66379444852159,35.78789361932792,-0.5751727598221261
SEG_054,2020-01-01,-0.0811547283604362,0.3385628190951323,-0.1108327205845887,0.0230321916586376,GOOD,-1.051175419974291,-3.1948490320679594,-0.8464643384873967,16.38830721463903,2.857777787244073,1.7010522199991724,0.1162834293456982,5.4546546296308405,3.5529619644188446,58.19769593776613,-1.3741633782165914
SEG_054,2020-01-31,0.3087694079409677,-0.0241443684112901,0.4612878706720504,0.1098099115412768,GOOD,-1.3741633782165914,-3.606248783246407,0.2031186568337712,2.289608499428908,9.678401685999084,1.2530711897826414,0.3110968374032684,5.4546546296308405,3.5529619644188446,58.19769593776613,-1.96413602201212
SEG_054,2020-03-01,0.2216560214846675,-0.3908953049519748,0.5553481116353232,0.2169817062829048,GOOD,-1.96413602201212,-4.692107381970651,-0.5867340507666412,30.78593817696426,9.583801209783166,0.961870918347104,0.2298871070371986,5.4546546296308405,3.5529619644188446,58.19769593776613,-1.2322426913171172
SEG_054,2020-03-31,-0.0699288360585579,0.2325017812469016,-0.1815290422589457,0.0912055283985332,GOOD,-1.2322426913171172,-8.053361635467791,0.1894043760635817,26.339154525773527,8.85162715715086,1.2116294684103477,0.1082199387839045,5.4546546296308405,3.5529619644188446,58.19769593776613,-1.8385774986958447
SEG_054,2020-04-30,0.065446611335153,0.3090978854365114,0.4284525684883684,0.0712607068302723,GOOD,-1.8385774986958447,-5.133172437842815,0.0458511052067147,25.321971779880176,8.33836476530373,1.2294094136539244,0.1103362608368356,5.4546546296308405,3.5529619644188446,58.19769593776613,0.1925406150017201
SEG_054,2020-05-30,-0.0162050703979318,-0.0072881377778825,0.004101472043898,0.0349141329024849,GOOD,0.1925406150017201,0.0397213860914575,-0.4173010791514457,16.976810147198957,6.706569756386555,2.0662631741956003,0.2071045177532253,5.4546546296308405,3.5529619644188446,58.19769593776613,0.8422826317279547
SEG_054,2020-06-29,0.2563380757032943,0.1136478207113789,-0.1400024000419077,-0.0484412631257125,GOOD,0.8422826317279547,3.657301267831522,0.4352687907662669,40.6208942432628,5.424858211599951,1.1253730785335354,0.0779974197784971,5.4546546296308405,3.5529619644188446,58.19769593776613,-1.3963811490061266
SEG_054,2020-07-29,0.3412449972309254,-0.4571250665490096,0.4214593423616672,0.0490014393304736,GOOD,-1.3963811490061266,-0.2898992361417729,-1.035820870507536,47.92306618259149,3.049023189702659,2.156462857434371,0.3127789154592248,5.4546546296308405,3.5529619644188446,58.19769593776613,-1.062918310388817
SEG_054,2020-08-28,0.2996560511215727,0.3684850954814025,-0.2376816817558592,-0.0977721174836856,GOOD,-1.062918310388817,-9.493160450258824,-1.0918174589661085,31.650256896645885,6.444368406424231,1.1040540409779982,0.152406071389461,5.4546546296308405,3.5529619644188446,58.19769593776613,0.9549750217927708
SEG_054,2020-09-27,0.3255610612027683,0.0247918934889775,0.0447608027401795,0.1345734018682308,GOOD,0.9549750217927708,-2.640558912149925,-0.5008310681120267,42.517102021858335,9.92370438198168,0.9544332463171604,0.1383228604888307,5.4546546296308405,3.5529619644188446,58.19769593776613,-2.299564767667682
SEG_054,2020-10-27,0.1205319133377103,0.4494575060357763,0.2788310346897802,-0.0401181258353587,GOOD,-2.299564767667682,-4.5055883922468976,-0.4693719597937171,336.93742294001737,3.3416715812230766,2.3278951682860045,0.5516876252070274,5.4546546296308405,3.5529619644188446,58.19769593776613,-0.0302777157516259
SEG_054,2020-11-26,0.1629138313920744,0.3053847611961308,-0.1444134791433125,0.1173458868495498,GOOD,-0.0302777157516259,1.0556926355204477,-1.1191525632688604,303.1457793438045,8.601448750888064,2.6322020922391296,0.9351866810374272,5.4546546296308405,3.5529619644188446,58.19769593776613,-1.7339891996583656
SEG_054,2020-12-26,0.0524347239139223,-0.4073959137574994,0.0394406971668213,-0.0967540595368083,GOOD,-1.7339891996583656,-6.328772744309009,-0.9752192573318206,308.0075398847301,7.740356657072662,1.2089477015386116,0.0105125055315508,5.4546546296308405,3.5529619644188446,58.19769593776613,0.3442629297472692
SEG_054,2021-01-25,0.1358303718418827,0.0186813004774353,-0.2216172985833766,0.0824109887389575,GOOD,0.3442629297472692,3.49777456560221,-0.5398408403357651,16.04244308931405,7.974612770873071,1.1108047548669275,0.1519563682067071,5.4546546296308405,3.5529619644188446,58.19769593776613,-0.1925487894033229
SEG_054,2021-02-24,0.0894548019571413,0.3627377344013661,0.5479239533053666,0.0301736955119543,GOOD,-0.1925487894033229,-2.336077487096043,0.0510360725951068,33.48921155255338,5.628586255455779,2.0430105271993835,0.1881732892239425,5.4546546296308405,3.5529619644188446,58.19769593776613,-1.7101663229909845
SEG_054,2021-03-26,0.0962477827560024,0.0493740802186009,-0.136512744080572,0.075814607621284,GOOD,-1.7101663229909845,-2.9684128043559586,-1.373356126887102,34.37414214576353,3.586569514447349,1.9726399840168023,0.2623896922157256,5.4546546296308405,3.5529619644188446,58.19769593776613,-1.1151116737058813
SEG_054,2021-04-25,0.2276980429237872,0.4666202231209608,0.5610219028150654,0.2704348535217838,GOOD,-1.1151116737058813,-7.411842068077068,-0.3467038578511359,28.343730758742065,6.918473614102512,1.981809854833069,0.3244389385324425,5.4546546296308405,3.5529619644188446,58.19769593776613,-0.1744616627729339
SEG_054,2021-05-25,0.2664025642987342,0.2994029620807967,0.29152239239574,0.1340706946711625,GOOD,-0.1744616627729339,-6.455919047467068,-0.3986821451206066,11.82273622479534,3.332510609930903,1.862116289778519,0.2933487657380097,5.4546546296308405,3.5529619644188446,58.19769593776613,-1.1002678713098195
SEG_054,2021-06-24,0.1888025785077325,0.3945216502261426,-0.1171321437643221,0.122377654730368,GOOD,-1.1002678713098195,-3.7318690729711337,-0.5217935483934573,32.23032447063455,7.896919473627806,1.9215679873182876,0.0828965926066682,5.4546546296308405,3.5529619644188446,58.19769593776613,-1.319135438699137
SEG_054,2021-07-24,0.0449213968483183,0.4418983460930012,0.2139393456232678,0.0044151719374453,GOOD,-1.319135438699137,2.1614519454252807,0.0498619153815116,30.56064200233328,7.800238199024135,1.0939874335910422,0.2186840378017319,5.4546546296308405,3.5529619644188446,58.19769593776613,-1.8728394761571712
SEG_054,2021-08-23,0.3303071185285813,-0.0612040012874597,-0.1318847476397537,-0.0302677737470218,GOOD,-1.8728394761571712,-9.168437160800057,-1.0070212980103417,45.05362979914836,5.748088107093908,1.6204477206257937,0.2315192294077869,5.4546546296308405,3.5529619644188446,58.19769593776613,-0.3363145536483145
SEG_054,2021-09-22,0.1451637488153526,0.395382723342629,-0.0058109087910666,0.1318314223028301,GOOD,-0.3363145536483145,3.724711483599048,-1.0139456073840212,7.461978878110037,8.498566131306923,1.6741287070797586,0.0377133758457094,5.4546546296308405,3.5529619644188446,58.19769593776613,-1.8768178266970987
SEG_054,2021-10-22,0.0985658434376235,0.2905857468106546,0.4766803447072322,0.1191917901886715,GOOD,-1.8768178266970987,3.250572202108682,-0.9693768656105286,327.7105009142106,6.852639723469784,3.4960575868013226,0.8115519865197407,5.4546546296308405,3.5529619644188446,58.19769593776613,-0.0393686375438939
SEG_055,2020-01-01,0.2842843437211133,-0.2980048059125467,-0.0496828304216947,0.0208414114603022,GOOD,0.6678794151707905,-0.3188973573584253,0.1293454553584143,42.759281320217504,6.5908185434779005,1.0632395305914162,0.1728889960017441,1.0783695920376066,4.205486814085263,75.06068407769206,0.5192590452248245
SEG_055,2020-01-31,-0.0184976259093948,-0.289948583602856,0.3551620037366784,0.2594158945338051,GOOD,0.5192590452248245,-9.657391297190095,-1.2015692495865873,28.85942204575243,8.23376410763632,1.92872390047812,0.2510053554873741,1.0783695920376066,4.205486814085263,75.06068407769206,0.169941612092719
SEG_055,2020-03-01,-0.0879850257468407,-0.1972093418327012,0.1301718655933868,0.1615018810863999,GOOD,0.169941612092719,-7.107230865580369,-0.2758396443240469,9.816630896797196,2.0392998204558594,1.2626756307026072,0.1497389298883892,1.0783695920376066,4.205486814085263,75.06068407769206,-1.8757923220754067
SEG_055,2020-03-31,0.1967424821103559,-0.4070707737751514,0.5706731431458378,-0.0419263798063412,GOOD,-1.8757923220754067,-7.7360241787408945,-1.1964252275890173,10.362280963884496,2.9446337143618395,1.6143457678011854,0.1737471364580583,1.0783695920376066,4.205486814085263,75.06068407769206,0.1920287480898345
SEG_055,2020-04-30,0.1332764072442794,0.1601828123601901,-0.2518468841638467,0.1423349254470375,GOOD,0.1920287480898345,-8.661451177753445,-1.2745808305951647,20.13481449503657,3.03601985652955,0.955198370120088,0.097846519269939,1.0783695920376066,4.205486814085263,75.06068407769206,0.2076889001557165
SEG_055,2020-05-30,0.1232455020248396,0.222999359242163,0.2955459063375121,0.2702122614656544,GOOD,0.2076889001557165,3.986036171988454,-1.1040973376410756,31.14870069428276,7.837447477226807,0.8442028124122714,0.2298440787464059,1.0783695920376066,4.205486814085263,75.06068407769206,0.5874726888343915
SEG_055,2020-06-29,0.0686565921023558,0.0361484588191588,0.2943034966361069,0.0821373005230024,GOOD,0.5874726888343915,2.1688882970957266,0.053297512546073,5.181478392195615,8.11488060861832,1.0956468993151127,0.0891235032593121,1.0783695920376066,4.205486814085263,75.06068407769206,-1.016978170892145
SEG_055,2020-07-29,0.2949184997319676,0.1830417170731998,0.2628135537530089,-0.0437555136623114,GOOD,-1.016978170892145,-9.868867630910552,-0.1701530318462958,49.09919207343245,3.201024627466396,1.0438496170375435,0.071273551635865,1.0783695920376066,4.205486814085263,75.06068407769206,0.0807234768507108
SEG_055,2020-08-28,0.1957006066801171,0.2006256941472969,0.0300544760756967,0.2870705346762399,GOOD,0.0807234768507108,2.5946909328150305,-1.367964851700297,37.10560267268987,7.241251111104254,2.044039788285988,0.1773222544405816,1.0783695920376066,4.205486814085263,75.06068407769206,-2.015429441092894
SEG_055,2020-09-27,0.1981013743029489,-0.3717966692207837,0.3251045258724166,0.0986232245668579,GOOD,-2.015429441092894,-8.542479102068034,0.4377710141798008,5.932516657515991,4.203695487425114,1.4025734054319656,0.1785153037381038,1.0783695920376066,4.205486814085263,75.06068407769206,-2.0821930132191477
SEG_055,2020-10-27,0.0833453043824759,-0.1930548417376568,0.5316180409289915,-0.015194955926114,GOOD,-2.0821930132191477,4.122689896257482,0.2762045970953315,338.9260531053582,2.205164381316055,2.638427881911824,0.4473481986110996,1.0783695920376066,4.205486814085263,75.06068407769206,-2.030303001869477
SEG_055,2020-11-26,0.0809112899536309,-0.3380461373976581,-0.092273884998444,0.0979428359208428,GOOD,-2.030303001869477,-1.013997910236034,-1.3769628786576604,335.94204922078086,9.711952154956672,1.9917524150425492,0.5103606895853043,1.0783695920376066,4.205486814085263,75.06068407769206,0.692169804982457
SEG_055,2020-12-26,0.0141006243600979,-0.3735172237455033,-0.046741093859505,0.1600377081190122,GOOD,0.692169804982457,-4.864145146373454,-0.9778762913806074,343.2027586395288,8.622141115581226,1.5714338255843845,0.1463125104560584,1.0783695920376066,4.205486814085263,75.06068407769206,-0.1737720853131996
SEG_055,2021-01-25,0.2551658610494968,-0.2145442066164092,-0.0752723041714504,-0.0501221268866654,GOOD,-0.1737720853131996,3.619707625928848,-0.68891999190168,24.819351570467752,9.31365244200304,1.5484927889532656,0.1092071249844877,1.0783695920376066,4.205486814085263,75.06068407769206,0.9048143630133004
SEG_055,2021-02-24,0.0541296639401704,-0.4351176144861579,0.0985310415261283,0.1708273881029496,GOOD,0.9048143630133004,-4.420453017386392,-0.6496597849800392,8.624125251833403,3.9687802941370736,1.5765742598258252,0.1641718103979987,1.0783695920376066,4.205486814085263,75.06068407769206,0.2237936017999048
SEG_055,2021-03-26,0.0255497763370941,-0.0658151283656655,-0.200495791884428,0.121976560531254,GOOD,0.2237936017999048,1.958885801985927,-0.4716339540088652,1.9365195956898675,2.213163304692312,2.201909910358933,0.2923892171094462,1.0783695920376066,4.205486814085263,75.06068407769206,-1.5697612639633514
SEG_055,2021-04-25,-0.0498114047597133,-0.1013616600918025,0.3870998199946332,-0.0640077248543971,GOOD,-1.5697612639633514,-2.255801292960707,-0.4112547336052505,25.8425962542848,8.498689337179844,1.7268290485539004,0.1781671778727813,1.0783695920376066,4.205486814085263,75.06068407769206,-0.624447209432496
SEG_055,2021-05-25,-0.0847589736117699,0.2197926127030075,0.5767810509238174,0.1817215086841655,GOOD,-0.624447209432496,-7.067713717926695,-1.4150987504633243,22.64815647217126,3.972024026744549,1.2521721043141991,0.0695389434789675,1.0783695920376066,4.205486814085263,75.06068407769206,-1.181327384120063
SEG_055,2021-06-24,-0.0761008068435,0.3702291718700923,0.0250090194714988,0.1122776536759362,GOOD,-1.181327384120063,-5.49645145988153,0.1020532906147408,8.749031318055783,7.632517945561027,0.5690682494167576,0.1257794550211971,1.0783695920376066,4.205486814085263,75.06068407769206,-0.729717839109991
SEG_055,2021-07-24,0.1658458458610048,0.0281223258105376,0.0198001660565871,0.0703633567792408,GOOD,-0.729717839109991,-6.193590183238594,-1.440631908110352,6.024818704000806,2.043733437881631,0.8711375403345488,0.1632862920802835,1.0783695920376066,4.205486814085263,75.06068407769206,-0.7687881016119772
SEG_055,2021-08-23,0.0001828074714641,-0.0974201473848189,0.4403269024854856,0.2677824853025091,GOOD,-0.7687881016119772,-6.186683009751436,-0.6250502483600899,19.681203528049902,8.58554459505758,0.967267359351013,0.2565763334716535,1.0783695920376066,4.205486814085263,75.06068407769206,0.8870068577971928
SEG_055,2021-09-22,0.3153465186738298,0.1994772542547406,0.1275030524811337,-0.0871661482525441,GOOD,0.8870068577971928,-3.955234913363604,-0.6488729104374771,15.530064316496606,4.642653979470589,1.593817655247593,0.2349577561918638,1.0783695920376066,4.205486814085263,75.06068407769206,-1.640601824568119
SEG_055,2021-10-22,-0.0747112227718108,0.0885142869178479,0.2998828755365517,-0.0502706321658808,GOOD,-1.640601824568119,-9.705282142495069,-0.1897936126188311,329.2782300099552,6.351023898617785,3.502421692468308,0.6496716563201929,1.0783695920376066,4.205486814085263,75.06068407769206,-2.3483707110309564
SEG_056,2020-01-01,0.3108558315668471,0.4292610281152719,0.0555001892521475,0.1424436435973284,GOOD,0.8860805810889595,-0.4167760658620985,-0.2039461722207272,9.93318910272708,6.722537245691856,1.8597859510748849,0.2955540133907243,5.267442303598144,4.058376505890966,29.76288620128039,-1.7394918301327462
SEG_056,2020-01-31,0.1782710073512299,-0.207383982076828,0.0697984897886825,0.0528016089065433,GOOD,-1.7394918301327462,-6.755746213537967,-0.9266899384178764,2.4552086312403465,5.839135025204294,1.0521496863183193,0.1078151761193663,5.267442303598144,4.058376505890966,29.76288620128039,-0.0082250356919639
SEG_056,2020-03-01,0.0611597703281555,-0.3169846668024703,0.3632711672782581,0.2868163481813315,GOOD,-0.0082250356919639,-1.0731798832372714,-0.3342721228530627,45.59848163796158,9.96536455217279,1.238780138756321,0.0308033631395573,5.267442303598144,4.058376505890966,29.76288620128039,-0.0901818049218867
SEG_056,2020-03-31,0.3555354202691976,-0.3348572709901259,0.0877083030589622,0.2952180592887234,GOOD,-0.0901818049218867,-9.60539573270728,-0.56546305044024,25.77856237468935,8.558509820942668,1.5954202584579191,0.1481435390766381,5.267442303598144,4.058376505890966,29.76288620128039,0.4008462350088819
SEG_056,2020-04-30,-0.0725387661120763,-0.3416415254715387,0.2988221838573922,-0.0890282373701792,GOOD,0.4008462350088819,-0.5834489770801952,-1.3098439000603652,46.54444191676988,9.492101880654552,1.9511803621363344,0.1740808180157569,5.267442303598144,4.058376505890966,29.76288620128039,0.6313318456874503
SEG_056,2020-05-30,0.2421730797805525,0.2509256721676102,0.2144062188391365,0.1381895765795015,GOOD,0.6313318456874503,1.700591398557231,-0.6028394713873795,7.330294660272757,2.8956536104381554,2.058101246613532,0.2301375632254998,5.267442303598144,4.058376505890966,29.76288620128039,-0.5484431765379063
SEG_056,2020-06-29,0.1687509078668412,0.125960674789901,0.5681239728688445,0.271121348921914,GOOD,-0.5484431765379063,2.229782993385406,0.202801169017097,48.525410349152295,9.424605929792026,2.1336280750078385,0.1777758926214697,5.267442303598144,4.058376505890966,29.76288620128039,-0.4743880428652088
SEG_056,2020-07-29,0.2789163348087775,-0.0487086553364759,0.4921595997743099,0.0424203441201039,GOOD,-0.4743880428652088,3.906534377463663,-0.3578247430495025,22.017679725780763,6.054783902990775,1.211798026882462,0.0244253079111468,5.267442303598144,4.058376505890966,29.76288620128039,-0.597431733507062
SEG_056,2020-08-28,0.305935142284978,-0.2404993210725861,-0.2578599052361487,0.0897230545288268,GOOD,-0.597431733507062,-8.594543953000311,0.1851852413986616,42.10593819205252,5.041999254431074,0.6967220647187478,0.146748083312215,5.267442303598144,4.058376505890966,29.76288620128039,0.0138710176569632
SEG_056,2020-09-27,0.2239759976714243,-0.4159674798388133,-0.1579521182193722,0.2563959792246948,GOOD,0.0138710176569632,-1.1435508798342813,0.0829265738330695,29.9950855487631,5.387796137314373,1.892318916789248,0.0447279964015583,5.267442303598144,4.058376505890966,29.76288620128039,-0.3693524410569113
SEG_056,2020-10-27,0.0960522665776162,0.4432701617408404,0.3032485480397454,0.2391729518089762,GOOD,-0.3693524410569113,-9.249619364686184,-1.413730612563466,317.7320622762059,7.707055992955802,2.340388051132823,0.7390585260049451,5.267442303598144,4.058376505890966,29.76288620128039,-0.4680778648417653
SEG_056,2020-11-26,0.1117613967973477,-0.1453899560336049,-0.2603809263935691,0.2598347948546647,GOOD,-0.4680778648417653,-7.344560717697429,-0.9317650694520409,344.68814052957293,7.527443561149321,2.917514625922929,0.6987546608548824,5.267442303598144,4.058376505890966,29.76288620128039,-0.2127999452273241
SEG_056,2020-12-26,-0.0464955561644186,0.4310101677495203,0.2229303748762439,0.2435973280811654,GOOD,-0.2127999452273241,-0.3823464291365983,-1.1365494982473572,331.999931128758,9.07813975839298,2.644114325497552,0.4423116789099937,5.267442303598144,4.058376505890966,29.76288620128039,-0.1928921870558258
SEG_056,2021-01-25,0.2049124009024895,-0.1162693236261722,-0.0762105699753803,0.0059325484501019,GOOD,-0.1928921870558258,-9.615684457237496,-0.59388046694248,15.619683694723768,2.5180794265238298,0.630638865854282,0.1574530264825928,5.267442303598144,4.058376505890966,29.76288620128039,0.4663384471264105
SEG_056,2021-02-24,-0.028830153644803,0.4812262872861146,0.0200142273455682,0.2040196873043717,GOOD,0.4663384471264105,-3.900535634694559,-0.4147606857610957,6.252884864935016,6.0202627758777885,1.4016893885627777,0.1742223785630069,5.267442303598144,4.058376505890966,29.76288620128039,0.6188025704110629
SEG_056,2021-03-26,0.1673110380773639,0.0327034421018348,0.1516279079404238,0.1456320972475049,GOOD,0.6188025704110629,-7.938109153694016,-0.9829368383409304,23.976180013767884,9.924761592598143,1.718143948891619,0.1245552769522026,5.267442303598144,4.058376505890966,29.76288620128039,-1.414219632824381
SEG_056,2021-04-25,0.1124572173582569,0.1232390614824042,-0.2429310204069044,0.0199598731811435,GOOD,-1.414219632824381,2.445443806754,-0.3270041213026684,37.834430111281954,7.798166826265165,1.2669207678663108,0.2432182506347532,5.267442303598144,4.058376505890966,29.76288620128039,-1.7360876132999588
SEG_056,2021-05-25,0.3074316850425492,0.4985789866801235,0.4858195169576552,0.185893909357129,GOOD,-1.7360876132999588,-6.799843071947577,-0.0605710982139038,44.72212344423846,4.733832132016442,2.2113949576689067,0.1047085822081986,5.267442303598144,4.058376505890966,29.76288620128039,-1.9596586346782183
SEG_056,2021-06-24,0.178146887239231,-0.4056044414594152,-0.0007943555579859,0.2320235154042594,GOOD,-1.9596586346782183,-7.516399581695031,0.3128581636570133,13.920833077459204,4.416705339884278,0.8187718519699657,0.0656358708042706,5.267442303598144,4.058376505890966,29.76288620128039,-1.92497125923483
SEG_056,2021-07-24,0.0589418375875269,-0.4684342006367303,-0.1260762488297143,0.0156608679103853,GOOD,-1.92497125923483,-1.4917099755565602,-0.6958705060909995,3.1589796655052185,8.044844015856716,1.2653039680155411,0.1978886453427257,5.267442303598144,4.058376505890966,29.76288620128039,0.1842723029354969
SEG_056,2021-08-23,0.2861999344668806,-0.3732227183863923,-0.0671773267157937,0.1152960585750179,GOOD,0.1842723029354969,-0.5426961881856371,-0.4065912434303491,47.82130528522771,7.835886120966169,2.09845685085051,0.2119485009992045,5.267442303598144,4.058376505890966,29.76288620128039,0.9307139262498376
SEG_056,2021-09-22,-0.0515509446281992,-0.420380544343211,-0.0562169300591236,0.10678863778052,GOOD,0.9307139262498376,1.8091529860877424,0.1794692624576095,31.12737580564169,9.352933787972905,1.6603463286383575,0.2776214584430971,5.267442303598144,4.058376505890966,29.76288620128039,0.6528099330828802
SEG_056,2021-10-22,0.2082340831427571,0.0384037540659804,0.4242897139759679,-0.0004096874628045,GOOD,0.6528099330828802,-4.06258649790891,-0.2629098065264208,322.0173315374612,9.442478329343984,2.163573661410825,0.4992020761630379,5.267442303598144,4.058376505890966,29.76288620128039,-0.4665417878736895
SEG_057,2020-01-01,0.247383335398467,-0.1487389570967219,-0.2366547090781275,-0.0685574697778161,GOOD,0.0101491756415186,-9.071993206396414,0.165048041880228,26.89087344434348,8.170339140608274,1.8638518202900156,0.1024666928240237,5.038688804578022,1.8704487518023167,69.69908917602027,-1.25172277869205
SEG_057,2020-01-31,0.1053947969371982,0.2093566257329172,-0.1868132666497865,0.1058671134092475,GOOD,-1.25172277869205,-4.414174377974811,-1.388377273395912,24.275406452893588,2.393213810013127,1.5169312930369163,0.1805675521064432,5.038688804578022,1.8704487518023167,69.69908917602027,-1.1501611897287818
SEG_057,2020-03-01,-0.0320566270548352,0.0303528530245628,0.2223275044947562,-0.0284289835484078,GOOD,-1.1501611897287818,-4.354967251572013,-0.7499106573699652,43.25919534041423,8.2841370643991,1.7312932067747695,0.1595317161962171,5.038688804578022,1.8704487518023167,69.69908917602027,-2.0004255703282348
SEG_057,2020-03-31,0.1487517238052945,-0.4499976536119395,0.4102601281719176,0.0048523192460217,GOOD,-2.0004255703282348,1.85754458584557,-0.8785158348866164,21.179534072122863,4.913500159384566,1.8083626541285225,0.1375686301031559,5.038688804578022,1.8704487518023167,69.69908917602027,-1.4270483346734637
SEG_057,2020-04-30,0.1856050746538537,0.2825168367698142,-0.0223307371794816,0.0275729029320413,GOOD,-1.4270483346734637,1.7188924371922596,0.1105292530150818,1.4445667807577,3.046846642644204,2.142541433759179,0.216700110854858,5.038688804578022,1.8704487518023167,69.69908917602027,-0.823691080741001
SEG_057,2020-05-30,0.3379428229527935,0.2832791069955089,0.4688594026131927,-0.0262698567795017,GOOD,-0.823691080741001,0.5089763130087892,-1.391615195447226,19.82451924406886,4.672016656616357,1.7319322025948003,0.1736092171801649,5.038688804578022,1.8704487518023167,69.69908917602027,-1.4806461799476158
SEG_057,2020-06-29,0.2473962766375966,0.1752675505391928,-0.1557622732965801,-0.0253047790574601,GOOD,-1.4806461799476158,-5.588315109046854,0.4265579396789754,39.90959504691002,5.42545586611831,1.8435109408289925,0.1473817769646183,5.038688804578022,1.8704487518023167,69.69908917602027,-1.7364259428819002
SEG_057,2020-07-29,0.1006180477676411,0.263808908432761,0.2519458164319324,0.0560574055544999,GOOD,-1.7364259428819002,-7.346837265685506,-0.0817180576399874,4.9957350240275815,4.98007416193002,2.1481976904118563,0.176503847336439,5.038688804578022,1.8704487518023167,69.69908917602027,0.1858242980256053
SEG_057,2020-08-28,0.1667044505360795,0.0170695009784241,0.0494204341920923,-0.0760125547465107,GOOD,0.1858242980256053,4.691432811712895,-1.469971983010354,23.729266445640445,6.130163012860925,1.4767395572534274,0.2952406577698813,5.038688804578022,1.8704487518023167,69.69908917602027,0.7261420266271514
SEG_057,2020-09-27,-0.036073924616412,0.3746188065344999,-0.1443997605140834,0.1382097568585829,GOOD,0.7261420266271514,-3.3386749106580167,0.0711869582126345,0.680998687068135,8.415312068056888,1.5658278385244069,0.3575051190932719,5.038688804578022,1.8704487518023167,69.69908917602027,-0.0129337576295511
SEG_057,2020-10-27,0.0315611111102319,-0.335890057395443,0.4307900911755065,-0.0695441241643585,GOOD,-0.0129337576295511,3.7928262536924944,-1.3930575668232004,326.4380943966018,3.830460532630429,2.456680587767091,0.4225833065990561,5.038688804578022,1.8704487518023167,69.69908917602027,-1.9697069103377245
SEG_057,2020-11-26,0.0728596154467548,0.0887422019950764,0.0472825048845896,0.2010235921510754,GOOD,-1.9697069103377245,-1.6883855294040142,0.4474058273285772,331.7779005202664,4.947966276609961,1.3530425413113043,0.2851919768678594,5.038688804578022,1.8704487518023167,69.69908917602027,0.4810683816350622
SEG_057,2020-12-26,-0.0382970494339275,0.0574920825266548,0.3760606945254255,0.101385075820383,GOOD,0.4810683816350622,-4.569562323736112,0.0048429068915285,347.5011811660062,2.3771926183364105,2.13325684646288,0.333657809743481,5.038688804578022,1.8704487518023167,69.69908917602027,-1.4401223244425083
SEG_057,2021-01-25,0.0837136160031219,0.1522070353271368,0.0046852831973936,-0.0417432014051964,GOOD,-1.4401223244425083,3.200817116726613,-1.2771926799424933,47.22321673987399,3.233310635963366,1.6915890823171789,0.1383703738566085,5.038688804578022,1.8704487518023167,69.69908917602027,-0.2146049950525702
SEG_057,2021-02-24,0.2073883085152133,0.2364789823515132,0.579435473249317,0.1728688387277274,GOOD,-0.2146049950525702,2.2339835744302,-1.3302664242573066,21.91941808952777,8.188429200538634,1.9541362823868291,0.1717393891428583,5.038688804578022,1.8704487518023167,69.69908917602027,0.5734825218715187
SEG_057,2021-03-26,0.220757831180536,0.242261492955369,0.1403566885944376,-0.0877179616939182,GOOD,0.5734825218715187,-1.6736673333984662,-0.7409860538678916,8.48579772548666,2.582207733257964,1.3294871485864463,0.1897985278497151,5.038688804578022,1.8704487518023167,69.69908917602027,-1.3246915576918834
SEG_057,2021-04-25,-0.0696108929768349,0.3467948814278211,0.2460664727213556,0.0548099486896878,GOOD,-1.3246915576918834,-9.374461778819944,-0.8420973760670696,31.76708228676092,2.2656011215813754,1.6753431007910946,0.2633740011054016,5.038688804578022,1.8704487518023167,69.69908917602027,-1.3346426698522849
SEG_057,2021-05-25,0.2595933040429602,0.0030413182805739,-0.1696562875800669,0.1496515837126798,GOOD,-1.3346426698522849,2.716556924900232,0.2621931479213191,0.5907651170208694,8.862707788993866,1.8866519695520916,0.1942949552750124,5.038688804578022,1.8704487518023167,69.69908917602027,-1.2142134269164353
SEG_057,2021-06-24,0.1573511081528796,0.2151553844853263,0.0567051224148826,0.0896682545696392,GOOD,-1.2142134269164353,3.575044728848434,0.1851203355935908,17.267018924988275,3.3779997991832573,1.177276428216135,0.3018069621221654,5.038688804578022,1.8704487518023167,69.69908917602027,-0.4903105027893329
SEG_057,2021-07-24,0.0308263810794337,-0.0725025232621491,0.4432666620505099,-0.0158935939686023,GOOD,-0.4903105027893329,-4.575523545395506,-1.3680852282775726,30.13837025297473,3.7395415574512745,1.9390698076799744,0.2633760538618634,5.038688804578022,1.8704487518023167,69.69908917602027,-1.2787862616273058
SEG_057,2021-08-23,0.2431202048469742,0.2556517639037095,0.4204077516006251,0.1678072432294445,GOOD,-1.2787862616273058,-1.063653701171333,-1.2058328757192065,22.82466626180149,6.018713802843829,1.4978335510186849,0.1773178280179146,5.038688804578022,1.8704487518023167,69.69908917602027,-0.5300567180616114
SEG_057,2021-09-22,0.3019525595832575,0.0678985385543087,0.083026461223921,0.1345303372373991,GOOD,-0.5300567180616114,-7.674946686089127,0.2734496260335173,34.52999576883406,2.48736693299264,2.283947962763342,0.180554998502192,5.038688804578022,1.8704487518023167,69.69908917602027,-1.876796711907979
SEG_057,2021-10-22,-0.0335775493178127,-0.0206587232302567,-0.0531832348125345,0.0797656556398383,GOOD,-1.876796711907979,-4.34736752146283,-1.4271416245367554,304.4770858667224,7.83119511523817,2.5548763924600606,0.6125599366066116,5.038688804578022,1.8704487518023167,69.69908917602027,-0.244576809377103
SEG_058,2020-01-01,0.3084556965422494,0.4437014600751066,0.2099231190165968,0.2933621739518716,GOOD,-0.487946407431311,-2.279740915728313,-1.4012477887914974,28.903703226538685,9.392984283691115,0.908433738250574,0.0869288643907645,9.860639863741977,3.3317017971989333,49.996917717221045,-0.0066265295865583
SEG_058,2020-01-31,-0.0925485842484449,-0.2699805559536133,0.5000672958932917,-0.0934890208750046,GOOD,-0.0066265295865583,-4.210902736189687,-0.6320589575260518,5.730716528486313,9.28032601057294,1.5883705095105003,0.2568701104677392,9.860639863741977,3.3317017971989333,49.996917717221045,-2.033535054650609
SEG_058,2020-03-01,0.1790542055649696,0.3020381679887722,0.1327618028475296,0.054493531947442,GOOD,-2.033535054650609,-8.74582892457062,-0.9090565861858304,18.63356731225397,8.374876683529642,1.201735046056673,0.2908895203750945,9.860639863741977,3.3317017971989333,49.996917717221045,-1.768366031504245
SEG_058,2020-03-31,0.1765162597945443,0.428556176418995,0.2848880784181636,0.1564613131982247,GOOD,-1.768366031504245,-2.3449787398669333,-1.405270639268029,24.12939230962231,5.369121300163172,1.720705429529756,0.2088799981303875,9.860639863741977,3.3317017971989333,49.996917717221045,0.4320211247728639
SEG_058,2020-04-30,-0.002506294418641,-0.1906699805805979,0.479719112695737,0.1354806373011834,GOOD,0.4320211247728639,1.8515822773044717,-1.4302615820817663,9.927787159880712,8.184757470761845,0.7819583568041559,0.2697025395366534,9.860639863741977,3.3317017971989333,49.996917717221045,0.8170628602428999
SEG_058,2020-05-30,-0.008810287700935,-0.1299417181509008,0.4340223196972378,0.2773833642286777,GOOD,0.8170628602428999,-1.1751056038749148,-0.6249302501366862,3.726643819886238,2.156361276086532,1.6952584947311544,0.1518667643750463,9.860639863741977,3.3317017971989333,49.996917717221045,-0.155329903295089
SEG_058,2020-06-29,0.2342209808153437,-0.0779181996831853,-0.2171752224382521,-0.094783234879413,GOOD,-0.155329903295089,3.74209810468947,-0.9018183668329756,4.327087368428245,2.722370189671495,2.150062835935268,0.3542145655454778,9.860639863741977,3.3317017971989333,49.996917717221045,-0.1801240447524446
SEG_058,2020-07-29,0.0410962678551138,0.3077628571318159,0.1874884597326658,-0.0597713667189381,GOOD,-0.1801240447524446,3.835922395770384,-0.3170374293794549,38.621296219011306,5.755470218775133,1.3741073006203466,0.0389761512826524,9.860639863741977,3.3317017971989333,49.996917717221045,-1.6548204207599748
SEG_058,2020-08-28,0.2801043934920703,-0.0701034931861578,0.193411286041676,0.0176804380236896,GOOD,-1.6548204207599748,-1.985562511650965,-0.3650638973027214,31.09150394993141,3.274444901252643,1.719602102140703,0.2806632206809295,9.860639863741977,3.3317017971989333,49.996917717221045,-1.6978556119350547
SEG_058,2020-09-27,0.1699678072089293,0.0580300655619858,0.1680351123805007,0.1541116284303448,GOOD,-1.6978556119350547,-2.0629206305362477,-0.1357436081705714,32.04193580347861,8.252714253328158,0.8201535682362204,0.0905996924016768,9.860639863741977,3.3317017971989333,49.996917717221045,0.2889511759242617
SEG_058,2020-10-27,0.1143771580629426,-0.1369786526744493,0.4595036593808302,0.1277398778631409,GOOD,0.2889511759242617,-9.649395529939222,-0.3105968052633472,306.32520989413445,14.546144133029904,2.304753075019592,0.8185165048643794,9.860639863741977,3.3317017971989333,49.996917717221045,0.1111107850366813
SEG_058,2020-11-26,0.0792533451860849,0.3492701274409313,0.2679537659121971,0.1309248911114567,GOOD,0.1111107850366813,-7.198420459761423,-1.4706149205159298,348.8888930822385,6.426368168281351,2.036767565593726,0.7999220310649328,9.860639863741977,3.3317017971989333,49.996917717221045,-1.4418179672533986
SEG_058,2020-12-26,0.0842718867008549,-0.3607997898701938,-0.2344443052592235,0.0843942056930271,GOOD,-1.4418179672533986,-5.284681248868024,0.4146738218930146,323.0285322243936,10.655345218824586,3.3537442034378486,0.8520507187165497,9.860639863741977,3.3317017971989333,49.996917717221045,0.0051258418178269
SEG_058,2021-01-25,0.0483989297788462,0.1021231799191103,0.4056525198159027,-0.0613712026422898,GOOD,0.0051258418178269,2.521785234471526,-0.3971483685872938,14.016544108056294,6.868413371608859,1.443518830832321,0.2100682355886593,9.860639863741977,3.3317017971989333,49.996917717221045,-0.280669614697119
SEG_058,2021-02-24,-0.0114869230884358,-0.3590867250922431,0.5487226175500091,0.0337069705493055,GOOD,-0.280669614697119,-3.260813498490167,0.1223255203237076,44.08207237560425,9.307303600542514,1.070797700345647,0.2160010489515338,9.860639863741977,3.3317017971989333,49.996917717221045,-0.5683204069086008
SEG_058,2021-03-26,-0.0340548250629164,0.3233074959632166,0.011950300730122,0.01745939067855,GOOD,-0.5683204069086008,2.525124852959598,-0.8620791072380893,38.975114563777154,3.0113523604205925,1.87394317636986,0.0709313548495274,9.860639863741977,3.3317017971989333,49.996917717221045,0.1184955899594633
SEG_058,2021-04-25,0.0835844349002277,0.3305045366291765,0.3392759570261116,-0.0927752735075446,GOOD,0.1184955899594633,-9.049460034953253,-0.7014031228489088,46.267038473534114,9.187811395059295,1.452838752869672,0.3252580826708018,9.860639863741977,3.3317017971989333,49.996917717221045,-1.5130598419001076
SEG_058,2021-05-25,0.0056360595944553,-0.3639875704165837,0.4628564862762767,0.0880010813232644,GOOD,-1.5130598419001076,-7.555674994042995,-0.3800199834849456,16.4049177942515,7.768955998747278,1.8650644584645977,0.0745086783107406,9.860639863741977,3.3317017971989333,49.996917717221045,0.0576459753282754
SEG_058,2021-06-24,0.160085324391535,0.4453198679716438,0.4351443764942819,-0.0268927122327156,GOOD,0.0576459753282754,0.7561513914865223,-1.0192590491460345,6.812486050160898,5.357482378035067,1.119812873799996,0.2010255830446254,9.860639863741977,3.3317017971989333,49.996917717221045,-1.0381227855698003
SEG_058,2021-07-24,0.2974206513629444,-0.1268583759200052,0.1333232921311257,-0.0764330184867942,GOOD,-1.0381227855698003,-1.5631260005965366,-0.1039700991949721,47.43956851176986,2.731734580765286,1.7312198134526249,0.3428162708074025,9.860639863741977,3.3317017971989333,49.996917717221045,-1.8025208955470464
SEG_058,2021-08-23,0.3219202528291264,0.3859085798804634,-0.201713428028305,0.2265126456527032,GOOD,-1.8025208955470464,-7.211053323663361,-1.338258344716854,44.005597026504425,7.950945398970086,1.0852865151443072,0.2610550382801813,9.860639863741977,3.3317017971989333,49.996917717221045,-1.8667539895703864
SEG_058,2021-09-22,-0.0733799441873449,0.0695118765247186,-0.1203513865212714,-0.0868687824536101,GOOD,-1.8667539895703864,-3.547180489415478,-0.8721797960924293,0.7352918403608688,9.655848829976732,1.202216565127015,0.2671634271479371,9.860639863741977,3.3317017971989333,49.996917717221045,-1.5123007165599047
SEG_058,2021-10-22,-0.0566881474954763,0.0041800109595245,0.406686828144137,0.1247097513418689,GOOD,-1.5123007165599047,-5.604466472528502,0.1214563346782284,307.0424623032841,11.539895804041802,3.1784363458089397,0.9089990245847644,9.860639863741977,3.3317017971989333,49.996917717221045,0.5831074849514877
SEG_059,2020-01-01,-0.058678770016069,0.40169653125489,0.3528175733693057,-0.0717107056512783,GOOD,-1.3076428946627048,-9.318940957591414,-0.7964099828201057,28.07401704191708,6.886190974907976,1.1570432740619143,0.1663850633791932,1.8418814337651428,2.423261125316504,80.47734820161358,-0.7332760208930036
SEG_059,2020-01-31,0.048384959300368,0.4708202025417137,0.4053044007092793,0.191348813056776,GOOD,-0.7332760208930036,-2.13973129943674,0.2626178983428535,12.097828960938417,8.970856900119557,0.9143847248552444,0.1809114670371964,1.8418814337651428,2.423261125316504,80.47734820161358,-1.4592947439949693
SEG_059,2020-03-01,0.036504247706434,0.0456700208442041,-0.2649739863664007,0.0717067702049155,GOOD,-1.4592947439949693,-1.7806946613979289,0.479452874030885,49.82279362208058,9.127966004584772,2.058676037622472,0.1655770160032321,1.8418814337651428,2.423261125316504,80.47734820161358,0.338664631492625
SEG_059,2020-03-31,0.3838365024956939,-0.182080508767054,-0.0949336450967001,0.2684549360912956,GOOD,0.338664631492625,-0.5406703462026439,0.1996193125533354,20.29460963420737,3.103197964441306,0.7900142507085828,0.1543444941878091,1.8418814337651428,2.423261125316504,80.47734820161358,-0.1849277211348698
SEG_059,2020-04-30,0.1221667503081708,-0.2232997811981445,-0.2548911425908939,0.0440424336462784,GOOD,-0.1849277211348698,-4.713411732011108,-0.7715558415514092,19.853294700181397,3.647919867311182,0.9523648241184766,0.2362129623633275,1.8418814337651428,2.423261125316504,80.47734820161358,-0.5792531394702886
SEG_059,2020-05-30,0.1704210763309796,-0.1666935019022722,0.3890937968499749,-0.0571439473554338,GOOD,-0.5792531394702886,0.4975575927056326,-0.0387602593368838,33.30412059654029,6.8007072866986205,2.0718514707979723,0.1149966337952814,1.8418814337651428,2.423261125316504,80.47734820161358,0.950507180097372
SEG_059,2020-06-29,-0.049941469495372,0.2789091803693054,0.5472634080731138,-0.0620981109111696,GOOD,0.950507180097372,-9.713550901898271,-0.8429320781612202,14.74659692651018,9.539435830425331,1.5562996095591053,0.0241302279892008,1.8418814337651428,2.423261125316504,80.47734820161358,-1.3688461934948986
SEG_059,2020-07-29,-0.0159049554398436,-0.4762069925209664,0.3453780834293681,0.0483796147089518,GOOD,-1.3688461934948986,2.2635895669367656,0.3643350641138738,34.93162987399726,2.6652626206033183,1.0467685987664417,0.1125615567485792,1.8418814337651428,2.423261125316504,80.47734820161358,-0.3105983778435958
SEG_059,2020-08-28,-0.0323834174042907,-0.0622626177883378,-0.0176276914295538,0.2175545004013115,GOOD,-0.3105983778435958,3.078844095987707,-1.3809579311225464,7.895433850560929,5.341446087333354,1.7517612369075313,0.1970254516367063,1.8418814337651428,2.423261125316504,80.47734820161358,0.6276293732905597
SEG_059,2020-09-27,-0.0445031011951692,-0.2854012186614897,0.3475268299687747,-0.0267628881141376,GOOD,0.6276293732905597,4.499186180302607,-0.1906472789289746,34.31968040324767,4.0770373606773935,1.4821507369257374,0.1361574271252607,1.8418814337651428,2.423261125316504,80.47734820161358,0.0965581115689696
SEG_059,2020-10-27,0.0412597747289608,0.4558616417255515,0.1430814235650281,0.2059939874498314,GOOD,0.0965581115689696,2.667872137852214,-0.5726088196790151,327.53722669538763,9.44600262366924,1.6264267265116323,0.143569935003397,1.8418814337651428,2.423261125316504,80.47734820161358,-2.1539104981292425
SEG_059,2020-11-26,-0.0859748336916592,-0.2694003830371271,0.3758965003960596,-0.0736948578114971,GOOD,-2.1539104981292425,-4.109943737702935,0.414785246216333,331.102034902659,9.758677798751735,2.391606981827901,0.2953669455333302,1.8418814337651428,2.423261125316504,80.47734820161358,0.2898459449031031
SEG_059,2020-12-26,0.1894891057853307,-0.4969958046269853,0.0133888260532233,0.2750750721437714,GOOD,0.2898459449031031,-3.5738763534716758,-0.4870354293052159,334.9364846841633,8.082536654723366,1.9766729466806183,0.6605757130517684,1.8418814337651428,2.423261125316504,80.47734820161358,-0.2165652290846758
SEG_059,2021-01-25,0.3549286406256081,0.4554117561979695,0.5914370856325857,0.0347242947831753,GOOD,-0.2165652290846758,3.378603328868269,0.419688709757378,17.958708608935837,8.07972155511634,1.116190871665822,0.17505772348757,1.8418814337651428,2.423261125316504,80.47734820161358,0.8345540979998672
SEG_059,2021-02-24,-0.0267460366871036,-0.1386540130680624,-0.2364044887577601,-0.0762700485957948,GOOD,0.8345540979998672,-1.459082744206837,-0.3447819350205627,32.206266008027484,5.18226769990879,1.3695426326285594,0.2735345872956623,1.8418814337651428,2.423261125316504,80.47734820161358,-1.9501582862426945
SEG_059,2021-03-26,-0.0706050937112877,0.0467353193972809,0.3454159415908834,0.0910002597056863,GOOD,-1.9501582862426945,0.4317777114479177,-1.0167281777245416,23.94909914618501,4.13644705381323,1.8500262402516516,0.2752109377499846,1.8418814337651428,2.423261125316504,80.47734820161358,0.7938987980624359
SEG_059,2021-04-25,0.2311061791846357,0.070275998475239,-0.0399215722376028,0.1324212661352433,GOOD,0.7938987980624359,-4.3754704078412034,-1.049943402103913,0.1389542194569493,5.926212099699751,1.4480320865308176,0.3226399138879098,1.8418814337651428,2.423261125316504,80.47734820161358,-1.7970819462368386
SEG_059,2021-05-25,0.0640458666088057,-0.2820337924310557,0.2695947938646745,0.2313769072623675,GOOD,-1.7970819462368386,-6.812251472618261,-0.7410341156556666,12.755193609747243,9.190751575896918,0.8383375537579753,0.0463016586403815,1.8418814337651428,2.423261125316504,80.47734820161358,0.0536454596505905
SEG_059,2021-06-24,-0.00811487442958,-0.438851694556055,-0.1319068551410562,0.2788099812647169,GOOD,0.0536454596505905,-7.758225550632723,0.0785536501008623,15.385763470467168,8.848091727212006,0.8195115739461666,0.2334039804209349,1.8418814337651428,2.423261125316504,80.47734820161358,-0.934686348023086
SEG_059,2021-07-24,-0.0800830906512177,0.3950302145804987,0.0795793589579851,0.1707067580413664,GOOD,-0.934686348023086,-9.915721009983862,0.028610854731131,27.05069316766629,9.308195973277362,1.278434436086136,0.0537068710789064,1.8418814337651428,2.423261125316504,80.47734820161358,-1.6069034355866982
SEG_059,2021-08-23,0.3514264580482552,-0.4116137520668947,0.0533238694046781,-0.0120223796529224,GOOD,-1.6069034355866982,3.912775852512034,-0.936820225471486,33.91691421512951,9.661502181010018,1.945881148596864,0.1155423984575297,1.8418814337651428,2.423261125316504,80.47734820161358,0.4962058872665106
SEG_059,2021-09-22,0.3980112484193325,0.0564835502948938,0.5838194034153767,0.0804590443470406,GOOD,0.4962058872665106,2.910556292466973,-1.3245463196785463,29.6709543976734,6.748773561183573,1.4369414338328703,0.1541753537899363,1.8418814337651428,2.423261125316504,80.47734820161358,0.3688054152573763
SEG_059,2021-10-22,0.376625628185139,-0.2597306115993838,0.3039328189469587,0.2529221301650433,GOOD,0.3688054152573763,3.27116437564211,-1.2170693955187035,318.50219978158293,6.165286015661872,0.7094589423063551,0.129529715936011,1.8418814337651428,2.423261125316504,80.47734820161358,-1.959181320231444
SEG_060,2020-01-01,-0.014541605608444,-0.1474283568046662,0.5193471921383561,0.2142705384626773,GOOD,-0.5057937990685787,3.6479123483039055,-0.0544212012845886,34.3197727076866,6.524347132114371,1.4408251361826458,0.2706496555213141,9.595634535687868,0.5849758213048509,79.52616930603564,-0.2846895061543539
SEG_060,2020-01-31,0.0057179999930059,-0.1285716195977051,0.1952142692770138,-0.0673787870099245,GOOD,-0.2846895061543539,-5.305789720009076,-0.0007506837882103,34.513369192485534,5.76356143757578,1.7572197199665758,0.0993405373855592,9.595634535687868,0.5849758213048509,79.52616930603564,-1.3466017567770616
SEG_060,2020-03-01,-0.0777714658199633,-0.4496560711382892,0.5931737631247485,0.0358677503978247,GOOD,-1.3466017567770616,-1.975329991550609,0.1165916725898414,30.193694255530872,3.727577809522672,1.5436385346601886,0.1640496173829849,9.595634535687868,0.5849758213048509,79.52616930603564,-1.265927568229741
SEG_060,2020-03-31,0.1542601596884983,0.0818844622343172,0.5092932176227898,0.2214823290975824,GOOD,-1.265927568229741,4.421673925452071,-0.8780165185595656,2.6710222130106875,2.767795860494907,1.647912385083604,0.1844410461873427,9.595634535687868,0.5849758213048509,79.52616930603564,-0.4654355426527169
SEG_060,2020-04-30,-0.0187432117714764,-0.4460256608006935,0.1960798561005017,0.1460167625383899,GOOD,-0.4654355426527169,-0.6209191389432664,0.1773653176334848,11.431923186507175,7.2998828855463485,1.0348276933986558,0.1710312450976642,9.595634535687868,0.5849758213048509,79.52616930603564,0.22017579192585
SEG_060,2020-05-30,0.1436373456843308,-0.2212388764706725,-0.1097197356967029,-0.0473283620937027,GOOD,0.22017579192585,-2.126490576441663,-1.2805875231915864,21.07300906402546,9.627890524659067,1.1508220395252804,0.1648765831195352,9.595634535687868,0.5849758213048509,79.52616930603564,-1.9112812658248728
SEG_060,2020-06-29,-0.0948960592108732,-0.3734670077583247,0.2645725008942765,-0.0947816934359649,GOOD,-1.9112812658248728,-6.882135311662161,-1.3985846597403555,46.85523089557667,7.567028412179213,0.9070395131334904,0.0576454026869909,9.595634535687868,0.5849758213048509,79.52616930603564,-1.3405961858115982
SEG_060,2020-07-29,0.1490135109393866,0.3504864866313906,-0.1855270964957227,0.2503242078519923,GOOD,-1.3405961858115982,0.7677849971461992,-1.417142333112491,38.84230470631422,3.0451422037683797,0.92708138378304,0.1818033525905925,9.595634535687868,0.5849758213048509,79.52616930603564,-0.9714004374666054
SEG_060,2020-08-28,0.0267328277076515,-0.3029585480474991,0.3139637387240309,0.2299513818545374,GOOD,-0.9714004374666054,1.895707912169856,-1.0383817563220454,41.40884035824625,5.655344454026154,1.0526023206091573,0.1881442462061175,9.595634535687868,0.5849758213048509,79.52616930603564,-1.5238979994439
SEG_060,2020-09-27,0.1686345362076347,-0.3679808321006214,-0.2360661036118247,-0.0908328960783443,GOOD,-1.5238979994439,-1.026775677912811,-0.6685788529718486,44.17301968222658,7.486301778452408,1.6518260520360124,0.1092879006079169,9.595634535687868,0.5849758213048509,79.52616930603564,-0.5964022672033702
SEG_060,2020-10-27,0.2040592299434417,0.3606006051964331,-0.1567907815885822,0.1996296732300122,GOOD,-0.5964022672033702,-8.210025473224476,0.0703163896377627,313.18353237507546,8.737174866519027,2.3690512928530323,0.4667316790471407,9.595634535687868,0.5849758213048509,79.52616930603564,-1.4243682398899382
SEG_060,2020-11-26,0.0935496866400616,-0.3377976406303364,0.2107401793676903,0.2205833758969138,GOOD,-1.4243682398899382,-8.222268363110771,-0.5263042447866186,325.0543605744381,4.935139918676781,1.469531737769951,0.1272195480006843,9.595634535687868,0.5849758213048509,79.52616930603564,0.2521549307770733
SEG_060,2020-12-26,0.3207173025969879,0.4074111759160177,0.1144541185993107,0.2012571688801435,GOOD,0.2521549307770733,-4.252529304414853,-0.099147582143527,346.4930777076526,7.672901366372582,2.950694606018371,0.7517341271531388,9.595634535687868,0.5849758213048509,79.52616930603564,-0.0680857911520544
SEG_060,2021-01-25,0.0515983476534989,-0.2130602763682386,0.3867603585489117,0.0018942871704789,GOOD,-0.0680857911520544,-3.385370936396087,-0.6370296419931019,48.98482829196273,7.4788624826770755,1.5516569419167423,0.0955801832163861,9.595634535687868,0.5849758213048509,79.52616930603564,-0.6616259559052963
SEG_060,2021-02-24,0.1084161316744607,-0.4914638601072069,0.2825009081070613,0.0507715260007227,GOOD,-0.6616259559052963,-8.057863431441483,-1.162113392571504,6.734481615513515,9.056513597609,0.7660946083047286,0.0950586992840465,9.595634535687868,0.5849758213048509,79.52616930603564,-0.984117803000343
SEG_060,2021-03-26,0.0082210719057561,-0.0890643398056582,-0.176299109103742,0.2314994595612406,GOOD,-0.984117803000343,-0.1818096017682648,-0.1091473203813819,13.327752677167254,3.210444635236969,1.5775099245780797,0.1935273601380277,9.595634535687868,0.5849758213048509,79.52616930603564,0.7874898074053347
SEG_060,2021-04-25,0.3774798901352688,0.0338009427111758,0.1436930802034525,0.2945314723077968,GOOD,0.7874898074053347,-0.7345112303548191,-0.0201894101087054,46.51525780840363,3.1801512622517363,1.1146460081714844,0.1640241357929518,9.595634535687868,0.5849758213048509,79.52616930603564,-1.4790264710188266
SEG_060,2021-05-25,-0.0576823053582944,0.1007851330257476,0.3144284542071791,0.0054678863900993,GOOD,-1.4790264710188266,-4.917467854358486,-1.0211561189985043,6.698895141543976,9.72555005326305,2.312250096403707,0.3207526380269314,9.595634535687868,0.5849758213048509,79.52616930603564,-1.422672292286395
SEG_060,2021-06-24,-0.0066705037319532,-0.1343667010462996,-0.2481571284815412,0.1126515008087462,GOOD,-1.422672292286395,-6.08886931658888,-1.0953862376605892,40.76182620031181,8.471334498496313,1.2509717725181644,0.1715944464099445,9.595634535687868,0.5849758213048509,79.52616930603564,0.0728585352349586
SEG_060,2021-07-24,0.3241697440611611,0.0290019996427614,0.0651010105400567,0.0495448201302821,GOOD,0.0728585352349586,-4.453075990427237,-0.5661910358315407,36.38821035266083,9.329100828756626,1.679354760490708,0.1872252112508639,9.595634535687868,0.5849758213048509,79.52616930603564,-1.2283290260610695
SEG_060,2021-08-23,0.1267657049051546,0.0868265160330111,0.5054230417944252,0.2189950525473487,GOOD,-1.2283290260610695,1.5813302557253923,0.3029755639461666,31.786391636544295,9.5759155273061,1.173068982131838,0.100917860378979,9.595634535687868,0.5849758213048509,79.52616930603564,-0.253130179089826
SEG_060,2021-09-22,0.1360940687027878,0.3572463487897404,0.0537247184514499,0.2724773220066233,GOOD,-0.253130179089826,-2.4581536968453506,0.4245502621962618,3.1791070218786635,3.6689739171233633,1.068823327239132,0.0751307428308387,9.595634535687868,0.5849758213048509,79.52616930603564,0.6042503295357524
SEG_060,2021-10-22,0.0849695444931313,0.0354864276777308,0.5174328558677985,0.1290746102691901,GOOD,0.6042503295357524,4.052697489223483,0.3341300627573742,315.31747486742046,2.700306881354209,1.699050831415866,0.4266896032412406,9.595634535687868,0.5849758213048509,79.52616930603564,0.2347462234553334
SEG_061,2020-01-01,0.0924029816781722,0.4331251815977522,-0.0426762964772044,0.2990784992805059,GOOD,0.8344013219785424,-0.2400227027615464,-0.3329575777737301,12.390618694066452,9.178084978903124,2.017715991257289,0.2058268175447256,3.995455901181225,3.6152818872306978,98.7299130250986,-0.3303860041478829
SEG_061,2020-01-31,0.0583674434055793,-0.1910537316390055,0.3465548904883407,-0.0776653842544401,GOOD,-0.3303860041478829,-6.699839235344662,0.0406397798344158,11.300273650977694,9.68840443536403,1.6414034006461575,0.0517739827206565,3.995455901181225,3.6152818872306978,98.7299130250986,0.7058418500160792
SEG_061,2020-03-01,0.2431292203473695,-0.3780180774950802,0.5461320130359173,0.2287806551345224,GOOD,0.7058418500160792,-7.868668779888617,-1.2595054942458743,18.418016929138247,6.391862359442361,0.8522302928006051,0.2719716654322663,3.995455901181225,3.6152818872306978,98.7299130250986,0.6606983609260694
SEG_061,2020-03-31,-0.0217907927590785,-0.1372518925693223,0.5725149124275695,0.0117440603349339,GOOD,0.6606983609260694,-3.505816434787944,0.3116871193868806,39.87552391762088,4.078092710200505,1.8785528283398505,0.1750335811748535,3.995455901181225,3.6152818872306978,98.7299130250986,-0.1235570136348087
SEG_061,2020-04-30,-0.0756952855273015,-0.0027799144834611,0.2785342318444406,-0.0345597420045923,GOOD,-0.1235570136348087,2.2380182530774317,-1.4493698523714993,26.45183816959043,8.373061081256694,2.084453164876848,0.2726651754171135,3.995455901181225,3.6152818872306978,98.7299130250986,-1.0505150375536148
SEG_061,2020-05-30,0.1223547863319482,-0.0470336516793304,0.2195742449684233,0.0601220002233045,GOOD,-1.0505150375536148,-7.175495863521935,-0.563938841172974,5.573755979037781,9.288213912364563,1.5575840056173302,0.0449385721220824,3.995455901181225,3.6152818872306978,98.7299130250986,-1.887673796632664
SEG_061,2020-06-29,0.2501329807829481,0.3152910929359543,0.4323042586102748,0.2729716108352241,GOOD,-1.887673796632664,3.9135735783037777,-0.7650247167723829,32.45385792819559,7.2662823786785316,0.8737222746481725,0.1271741882327418,3.995455901181225,3.6152818872306978,98.7299130250986,-1.0558324810791044
SEG_061,2020-07-29,0.3281674313635321,-0.3218185996302349,-0.1847787912253937,0.0236755078622954,GOOD,-1.0558324810791044,-0.0614789672178925,0.3907260774801306,5.995754683547699,2.211758053554017,1.012479103606952,0.2178492006074491,3.995455901181225,3.6152818872306978,98.7299130250986,-0.1865903988241612
SEG_061,2020-08-28,-0.0382910513533675,0.4184730367184928,0.3867574457689851,0.1116346383277266,GOOD,-0.1865903988241612,-8.697331045451337,0.4869091982316733,45.42165586169151,3.5876758767141776,1.0740932932781386,0.2352548288990135,3.995455901181225,3.6152818872306978,98.7299130250986,-0.2323072927914019
SEG_061,2020-09-27,-0.022912651605541,0.2755654483345554,-0.1415907679808456,0.188338336428371,GOOD,-0.2323072927914019,-7.20269453798084,-0.0474913026218473,42.797259794413925,8.272744253047183,1.1563798679069108,0.1999976070834379,3.995455901181225,3.6152818872306978,98.7299130250986,-1.7792862457231382
SEG_061,2020-10-27,0.0761244454504809,0.3932513137147344,0.2933464945450199,-0.0147165390564662,GOOD,-1.7792862457231382,-7.46536063207951,-0.2201267377551645,338.5428912247276,10.54155154388186,3.4816861909230306,0.8111089890526272,3.995455901181225,3.6152818872306978,98.7299130250986,-0.180628015225964
SEG_061,2020-11-26,0.2039618588026849,-0.4985758268287077,0.027231517192555,0.0894725671147998,GOOD,-0.180628015225964,3.4160292649692625,0.1631933036753463,339.0929350085701,3.804014750075498,1.884380689573435,0.5031342677781978,3.995455901181225,3.6152818872306978,98.7299130250986,0.6747315652842827
SEG_061,2020-12-26,0.385996436457181,-0.0304575681902765,-0.217525768155916,-0.0804180277847437,GOOD,0.6747315652842827,-9.316574873985653,-1.1251248957352349,330.35671468743465,8.303297576880986,1.695741562893636,0.5069540011986464,3.995455901181225,3.6152818872306978,98.7299130250986,-1.5479267350859889
SEG_061,2021-01-25,0.32677007317507,-0.1188670170413376,-0.2111967398766912,0.0965568784614839,GOOD,-1.5479267350859889,-8.503349793603189,-0.2103876792591548,47.60751009867587,9.843872460938812,0.8967500334332031,0.2178923577399369,3.995455901181225,3.6152818872306978,98.7299130250986,-0.0691151676681238
SEG_061,2021-02-24,0.2160600064765986,-0.3171149961196856,-0.2193234915488084,0.2436120584398363,GOOD,-0.0691151676681238,2.627217728301904,-0.6305163961195517,35.37257342116714,4.09710696543052,2.060402296569156,0.2643134856979753,3.995455901181225,3.6152818872306978,98.7299130250986,0.8617460710740605
SEG_061,2021-03-26,0.0621559241511531,0.2537516524095505,-0.1820782823068369,-0.0160719246277867,GOOD,0.8617460710740605,-6.749635862318543,-0.1182966532934961,7.63831330151647,9.618272314154256,2.070854518921881,0.1782278731124559,3.995455901181225,3.6152818872306978,98.7299130250986,0.9076945491168336
SEG_061,2021-04-25,0.2771906592228569,-0.2079630773234643,0.5974244500590249,0.0384424464708956,GOOD,0.9076945491168336,2.870965049479162,-0.3678529537575992,35.8677453606154,7.320032417226577,1.781888291906231,0.2736049435571386,3.995455901181225,3.6152818872306978,98.7299130250986,-0.1640665269994506
SEG_061,2021-05-25,0.3791771559184005,-0.0949726249489195,0.0393242453391583,0.2284211542857523,GOOD,-0.1640665269994506,4.895871207587476,-1.0778729264201132,32.80448580134993,9.201745414114672,0.9348200384033856,0.2079998812419678,3.995455901181225,3.6152818872306978,98.7299130250986,-0.4843176581408113
SEG_061,2021-06-24,0.1393942284006373,0.2987380344021476,-0.2399978118421493,0.15910171602589,GOOD,-0.4843176581408113,-5.926659658906638,-0.1326515854450645,24.58881522557873,2.836331118802616,1.170614454882542,0.2235702926615629,3.995455901181225,3.6152818872306978,98.7299130250986,-1.059648928623051
SEG_061,2021-07-24,0.32838592662994,0.4497778959936683,0.3949531883733136,0.1612804638197559,GOOD,-1.059648928623051,-9.79671919102088,-0.1800173212328986,10.987577130931747,5.082934270770238,1.2280410750455688,0.061907234030977,3.995455901181225,3.6152818872306978,98.7299130250986,-0.9823294629926492
SEG_061,2021-08-23,0.2319850988659876,-0.2707613962075818,0.445354742915076,0.089410634806308,GOOD,-0.9823294629926492,-9.051136786435064,-0.039004858183133,39.537707893604,2.360263428779371,1.29144869515203,0.2392626072498865,3.995455901181225,3.6152818872306978,98.7299130250986,0.0812114341972499
SEG_061,2021-09-22,0.3683917448900983,0.1596882348305939,0.0314586935775738,0.0712476252834617,GOOD,0.0812114341972499,-8.91968677816989,-0.3675471281047595,45.91559979067386,4.737767298814553,1.4621106786812896,0.1312665440276255,3.995455901181225,3.6152818872306978,98.7299130250986,-1.503550954034066
SEG_061,2021-10-22,-0.0543380082539023,0.2208965225217882,0.2331825635305741,-0.0153920156033795,GOOD,-1.503550954034066,-1.7931737195717758,-0.7844945966474184,309.24313815690505,10.817283022608049,2.367482345982311,0.7740937466923314,3.995455901181225,3.6152818872306978,98.7299130250986,-0.1707235470114083
SEG_062,2020-01-01,0.1659901513402517,0.1472662795625866,0.0653850967638351,0.1265578775253625,GOOD,-0.4706938402546671,-6.765708430760353,-1.1700526263361806,24.52747482552989,5.870981826265108,0.7812678529466522,0.1849538116981028,7.643028768198926,2.206982690387152,94.6634915622355,0.8003823585720301
SEG_062,2020-01-31,-0.0340741953333873,0.1520343153879302,0.3074550754441066,-0.0886726514685682,GOOD,0.8003823585720301,0.4317930985363887,0.4276694585445206,26.738257937743303,5.801234581991931,1.625241431628798,0.1937619727634353,7.643028768198926,2.206982690387152,94.6634915622355,0.0107847572502962
SEG_062,2020-03-01,0.3679846920371237,0.4407046186250835,0.3164440148658993,0.2600436893577669,GOOD,0.0107847572502962,-5.368489190599103,-1.26942372914228,4.58477572722929,8.159707151784374,1.3294875347473547,0.1721808310461031,7.643028768198926,2.206982690387152,94.6634915622355,-1.72131364730786
SEG_062,2020-03-31,0.2360567455183014,0.285637710826236,0.2732407741351726,-0.0273243986571584,GOOD,-1.72131364730786,-9.314789679809712,-1.2578972341702357,3.4626541107791784,8.737319232435166,2.04341877943766,0.2498680585884296,7.643028768198926,2.206982690387152,94.6634915622355,-0.5979997702432109
SEG_062,2020-04-30,0.3965936589344899,0.0630403581267883,0.1104853266446799,0.2686643281104934,GOOD,-0.5979997702432109,0.664496688165702,-1.4976187774497205,21.043244737449875,6.490099219338132,1.244719204069454,0.1223391141930005,7.643028768198926,2.206982690387152,94.6634915622355,0.7035336014052994
SEG_062,2020-05-30,0.1176292184606634,-0.0990863047708282,0.215156271331336,0.1372343434397545,GOOD,0.7035336014052994,3.272202753386992,-1.3219462272556188,40.81078700769927,5.085255377920054,1.2874906111132485,0.244586247206658,7.643028768198926,2.206982690387152,94.6634915622355,0.0937173071211518
SEG_062,2020-06-29,0.3289504748978684,-0.4669737516116083,0.0660354399668985,0.0412013301692447,GOOD,0.0937173071211518,-2.9461034164749265,-1.4247298897972211,36.95573895652626,9.800411955857252,1.3610793474518477,0.128695695388342,7.643028768198926,2.206982690387152,94.6634915622355,-1.6842290471383263
SEG_062,2020-07-29,0.1206897142495147,-0.3900900417362757,0.2714907617039186,0.1600295435133379,GOOD,-1.6842290471383263,0.4391815565701851,-1.0545196783379285,10.294432584026964,7.557771943268879,1.7755011028400711,0.2978649374536865,7.643028768198926,2.206982690387152,94.6634915622355,-1.3988144267879523
SEG_062,2020-08-28,0.0748822857071531,-0.3384880011602029,-0.155007951584419,0.0654101868701611,GOOD,-1.3988144267879523,-5.504355031836324,0.4748962831253278,42.66626846567301,6.912652152179532,1.945946212366097,0.1528323861127263,7.643028768198926,2.206982690387152,94.6634915622355,-0.8141165957724474
SEG_062,2020-09-27,0.1849583877751628,-0.164600807341009,0.0541238308982017,0.2690412976792246,GOOD,-0.8141165957724474,-3.480632016657255,-0.9029257897678816,16.520379019424038,4.093801788965403,2.075526301185354,0.2742037304707716,7.643028768198926,2.206982690387152,94.6634915622355,-0.5367043819037567
SEG_062,2020-10-27,0.0536957759746785,-0.2426021338584677,-0.2343054606576531,0.2586751410524622,GOOD,-0.5367043819037567,-4.067171077871457,0.3560060650628895,329.4544131474898,8.023851967302617,2.354345166634681,0.7374006715869554,7.643028768198926,2.206982690387152,94.6634915622355,0.2023578517177269
SEG_062,2020-11-26,0.0378939732101533,-0.0491095983602934,-0.0962265423131889,0.252367011516211,GOOD,0.2023578517177269,-6.043084671663918,-0.4483509248633612,333.8010817158116,12.259061318612588,3.0574855526832,0.715400706616705,7.643028768198926,2.206982690387152,94.6634915622355,0.7816656556644914
SEG_062,2020-12-26,0.0640940029192874,-0.0798717578626894,0.2448948767085002,0.0908112160073102,GOOD,0.7816656556644914,4.824907583253774,-0.1619842824701605,326.6589301238005,8.164296202798894,1.3790659089430963,0.2098221053288003,7.643028768198926,2.206982690387152,94.6634915622355,-0.3139400234322752
SEG_062,2021-01-25,0.0245886093292136,-0.3963886576344209,-0.2928215101515075,0.2576864891059661,GOOD,-0.3139400234322752,-8.063668601825395,-0.1174561057487564,5.757176451541951,5.829897568326218,0.67287108122035,0.1085020920353617,7.643028768198926,2.206982690387152,94.6634915622355,-0.9782916991049664
SEG_062,2021-02-24,0.159286058499469,-0.3072836079667106,0.267267530700414,0.2137476039314226,GOOD,-0.9782916991049664,-2.91073551770081,-0.3287897686375427,42.957175440246615,3.005287530260822,1.2263458874515536,0.1524601918206688,7.643028768198926,2.206982690387152,94.6634915622355,-0.1949985167855795
SEG_062,2021-03-26,0.1164186531612893,-0.1956133292503548,0.536010352206822,-0.0406473197831675,GOOD,-0.1949985167855795,-1.5013970373636845,0.1459210221079858,7.071757278307844,7.898373715558147,1.1449123128252336,0.0717741105439262,7.643028768198926,2.206982690387152,94.6634915622355,-0.4251848347445404
SEG_062,2021-04-25,0.2669194313279331,-0.0385290657481667,0.4726245116750453,0.2457276593334646,GOOD,-0.4251848347445404,-1.0764160687171316,-1.119370828110466,29.117513946213503,7.024035553785611,1.8052938259292095,0.211136271008177,7.643028768198926,2.206982690387152,94.6634915622355,0.7776077770617671
SEG_062,2021-05-25,0.115122058879034,0.3061644291794396,0.5304280885778194,0.1437935776066806,GOOD,0.7776077770617671,-6.083628083860546,-0.7790075756229391,14.917231794131014,4.074999254689392,1.2130350133090566,0.1664376169044131,7.643028768198926,2.206982690387152,94.6634915622355,-1.1185939828790834
SEG_062,2021-06-24,0.0114111428504765,0.0420397561097894,0.033887949908168,0.2540072029969202,GOOD,-1.1185939828790834,-7.24649237202551,0.1576271415858816,7.878566508288731,7.3659880602873375,0.7374546191038174,0.1851377831498447,7.643028768198926,2.206982690387152,94.6634915622355,-1.9633405747058188
SEG_062,2021-07-24,0.1287596475063081,-0.3168884048974281,0.0659197225207167,0.1624093118541879,GOOD,-1.9633405747058188,-6.520139500876626,-0.5984755051999449,28.972278317691835,6.035477563229293,1.6176807734087608,0.1913836981446365,7.643028768198926,2.206982690387152,94.6634915622355,0.9261052434927172
SEG_062,2021-08-23,0.3107772020260702,0.3311951088012784,-0.2705974132049678,0.2165878918814853,GOOD,0.9261052434927172,-0.233123416402277,-0.078488756599331,44.85931960525672,6.55264692666265,1.079367691909641,0.2140518576021663,7.643028768198926,2.206982690387152,94.6634915622355,-0.6340396828245358
SEG_062,2021-09-22,-0.0235046808193588,0.304717672272165,-0.2192964771243197,0.1650656699308124,GOOD,-0.6340396828245358,3.339028576692161,-1.3711774130789012,13.17479803723232,9.948375942560428,1.3368524300441755,0.3217766051868131,7.643028768198926,2.206982690387152,94.6634915622355,-1.53911410712914
SEG_062,2021-10-22,0.0141904463490899,0.2939392163706945,0.4512436645474388,0.2788996727673163,GOOD,-1.53911410712914,2.2260010494758795,-0.2809960999441139,314.01654609371883,5.126747568746832,0.888651743404679,0.1970775707921938,7.643028768198926,2.206982690387152,94.6634915622355,0.6171324925414003
SEG_063,2020-01-01,0.0268194444786439,-0.0315539729522674,-0.239051267797821,0.1769032034959069,GOOD,-0.0109633953647003,-3.5833557564787712,-0.5874115025222288,46.64073393336873,2.085649337621902,1.8716380038798572,0.0635124244298347,2.547499276264802,4.401292116558611,22.972182200824143,-1.877842211278416
SEG_063,2020-01-31,0.2049805773324275,0.2509037614899181,-0.0163301697059638,0.2594580016982341,GOOD,-1.877842211278416,-5.83008982519564,-0.7596097855179105,2.8025020205385607,9.53249704262683,0.9509175867529346,0.1227081686592908,2.547499276264802,4.401292116558611,22.972182200824143,-1.2456124179467285
SEG_063,2020-03-01,0.2847912373331007,0.3160647339197713,-0.1464354119338913,-0.0883826457953905,GOOD,-1.2456124179467285,3.7684970294044913,0.0848075171084699,2.3333356257735915,6.321470099449462,1.420367479507651,0.2823849958436315,2.547499276264802,4.401292116558611,22.972182200824143,-0.7172988377888114
SEG_063,2020-03-31,0.3047497128747362,0.297163270409418,0.5255441963189496,-0.0934457925234229,GOOD,-0.7172988377888114,-7.554336008696426,-1.173186828763524,39.85343431398375,4.341392639405679,2.141442029867775,0.139626725173844,2.547499276264802,4.401292116558611,22.972182200824143,-0.6937225706795266
SEG_063,2020-04-30,0.2611061700194594,0.4162918242165854,-0.0669508472494896,0.2532391296221749,GOOD,-0.6937225706795266,1.6428186698006186,-1.2968194211766566,45.86721378426517,7.137544908288854,1.862205413686171,0.1945148583170466,2.547499276264802,4.401292116558611,22.972182200824143,0.7509329143892001
SEG_063,2020-05-30,-0.0470645762149297,0.2866597386628735,0.2406481902461026,0.2449062084641358,GOOD,0.7509329143892001,-9.249303409496246,-0.7804784828451461,27.081199447583405,6.294583491825888,1.984927335579897,0.072489249586695,2.547499276264802,4.401292116558611,22.972182200824143,-1.6011083110939148
SEG_063,2020-06-29,0.2144611535531951,-0.1605216003523079,0.4849888618142948,-0.0743643963936605,GOOD,-1.6011083110939148,-1.0180419638637552,0.1053289019433469,29.24666396600794,7.504740735485679,1.3489713823718483,0.2600720115141648,2.547499276264802,4.401292116558611,22.972182200824143,-0.5717713842090208
SEG_063,2020-07-29,0.0273612302350181,0.0071332359664669,0.36554783607043,0.2788617260676784,GOOD,-0.5717713842090208,-0.5919842212319573,-0.5972609732537952,38.47104867565952,2.6104731437223645,0.8921592655378515,0.0710777328232311,2.547499276264802,4.401292116558611,22.972182200824143,0.0820719580503864
SEG_063,2020-08-28,-0.0764268617360822,0.0309158523223519,0.5694092352849354,-0.083214547527712,GOOD,0.0820719580503864,4.7378031933710005,-0.3944021699439191,40.36712084644034,7.941978252779886,0.6093759998391941,0.1970185850177951,2.547499276264802,4.401292116558611,22.972182200824143,-0.0168419322499616
SEG_063,2020-09-27,-0.0630330448805742,0.3550577465406339,0.4766584764565619,0.0938925036530138,GOOD,-0.0168419322499616,1.969066220813934,0.3650648031463515,29.91321167016424,4.820174223397315,1.7720346183848354,0.2800449468736299,2.547499276264802,4.401292116558611,22.972182200824143,-1.7977336709592282
SEG_063,2020-10-27,0.0774798228524729,0.0981776216502444,0.3616967856673491,0.2589599542746487,GOOD,-1.7977336709592282,-8.469645063653944,-1.1489942201658343,345.2658018068336,9.562771581876898,2.1262957473894994,0.2514099910826858,2.547499276264802,4.401292116558611,22.972182200824143,-1.9398175373685385
SEG_063,2020-11-26,-0.0091060490773999,-0.4785359847492236,0.47143951103341,-0.0401385928859056,GOOD,-1.9398175373685385,-7.357786479195488,-0.1417455923482371,334.2549606453288,4.085384642547524,2.9337177304765616,0.5225450779014996,2.547499276264802,4.401292116558611,22.972182200824143,-1.8925509675525785
SEG_063,2020-12-26,0.3543858140531879,0.2400379086728435,-0.298643045700189,0.1158313864959894,GOOD,-1.8925509675525785,4.642429607722548,-0.9111447140270186,322.1409309197996,14.238748540491692,2.444010569466763,0.8669318878800397,2.547499276264802,4.401292116558611,22.972182200824143,-1.9894278149052795
SEG_063,2021-01-25,0.1542872860998671,0.0801106089535997,-0.0024657390224248,0.0083848490256814,GOOD,-1.9894278149052795,-7.506848386266337,0.2203628029553743,30.69248336669674,5.020185277816965,1.468656234638172,0.1528425634960056,2.547499276264802,4.401292116558611,22.972182200824143,-0.1894656059938405
SEG_063,2021-02-24,0.3374779847011782,-0.310533510237762,0.3136839002622331,0.0987340785782893,GOOD,-0.1894656059938405,3.5566062310702358,-0.7054780956039031,31.733041874294216,3.673624584672351,2.1662739435054936,0.217478921940851,2.547499276264802,4.401292116558611,22.972182200824143,0.352717969343644
SEG_063,2021-03-26,0.0165857287794629,-0.31501347234584,0.5291537102178283,0.0896661201682888,GOOD,0.352717969343644,-7.599730389708819,-0.7826145504826498,7.680547988987291,5.346886878046596,1.9553463441483463,0.1205031214267444,2.547499276264802,4.401292116558611,22.972182200824143,0.7739678499015253
SEG_063,2021-04-25,0.304760605113903,-0.3661787731366086,0.2887078466415172,0.1290818474445574,GOOD,0.7739678499015253,-7.7363593586687935,-0.928324936076617,3.566793472536023,9.392484418433032,1.9660613488414105,0.1671153788625011,2.547499276264802,4.401292116558611,22.972182200824143,-0.8151670486214014
SEG_063,2021-05-25,-0.0241826176963285,-0.1822538873865855,0.3817057549831007,0.1804525690721441,GOOD,-0.8151670486214014,-3.461625325192093,-0.5734552939478299,36.0100775258109,3.2333546069712997,1.200254841710309,0.200272236549938,2.547499276264802,4.401292116558611,22.972182200824143,-1.066598488687947
SEG_063,2021-06-24,0.2320401525644419,0.4539553536466165,-0.2615291402614265,0.0507932844042711,GOOD,-1.066598488687947,-6.111865830775085,-0.4712558831711435,32.31535653353601,6.409798701980259,0.9347320095484052,0.1565877219456114,2.547499276264802,4.401292116558611,22.972182200824143,-0.4073988353259906
SEG_063,2021-07-24,0.22735064081218,0.260283118868867,-0.2635972534176078,0.0090445416387814,GOOD,-0.4073988353259906,2.7648717788364205,-0.0912550411293033,7.851696038332706,8.551376381061447,0.6683495994983943,0.1872158097181741,2.547499276264802,4.401292116558611,22.972182200824143,-0.0211972822240452
SEG_063,2021-08-23,0.3144178449097863,0.2821109673102903,0.0349018765558671,0.0184290096502357,GOOD,-0.0211972822240452,3.251536687387457,-0.0775424037502785,26.91632030667875,8.95784160109998,1.3529042885127462,0.1222548870135977,2.547499276264802,4.401292116558611,22.972182200824143,-1.1189935382732357
SEG_063,2021-09-22,0.0489771265299226,-0.4915639005304785,0.3872183242780283,-0.0561058892880729,GOOD,-1.1189935382732357,-1.6559197153262364,-1.3830247165342655,15.465194355257529,4.44475762546519,1.0969214015926632,0.3259934645815046,2.547499276264802,4.401292116558611,22.972182200824143,-0.5069959438931768
SEG_063,2021-10-22,0.2973062313656029,-0.3223386364428904,0.5352617841379976,0.2662265119923291,GOOD,-0.5069959438931768,-0.4257857958505973,-0.539116915396572,341.59541514280374,6.166247804599537,1.665827558862298,0.1927205392093028,2.547499276264802,4.401292116558611,22.972182200824143,-1.9626470760515575
SEG_064,2020-01-01,0.0528191368660964,-0.4360361542890062,-0.0441101040930626,0.1446936942724455,GOOD,-0.4226095561000432,1.9375652789227933,-1.2744642007141636,36.63694615870622,9.501287252371306,1.948763558468259,0.1429538690837797,4.643127774315338,0.8096697976985858,7.510371650239778,0.389959818207118
SEG_064,2020-01-31,0.3329205494817966,-0.4099523986052019,0.476430768918228,0.0786054019732005,GOOD,0.389959818207118,-3.906230935291106,-0.2811792702367686,48.83821145183081,4.221480642281014,1.8807309655120676,0.1572065866167872,4.643127774315338,0.8096697976985858,7.510371650239778,0.6094617884204105
SEG_064,2020-03-01,0.2491544842688831,-0.3891063352275205,0.1945974716388594,-0.077194776477396,GOOD,0.6094617884204105,-3.6662749488106368,-1.4581264594569734,34.40944468420969,3.344732028617285,0.5675498813320461,0.0268179123979588,4.643127774315338,0.8096697976985858,7.510371650239778,0.5252799061642038
SEG_064,2020-03-31,0.2739978714335472,0.0392413685967069,-0.1259473898293477,0.0584118669883968,GOOD,0.5252799061642038,-9.942267314892396,-0.2363833927152567,16.331873018150446,3.4356834453435416,1.2409061656007712,0.255691423500346,4.643127774315338,0.8096697976985858,7.510371650239778,-0.769704783168655
SEG_064,2020-04-30,0.254892186827626,0.435317556226835,0.1978356534257621,-0.0352644713970875,GOOD,-0.769704783168655,2.154750743800154,-1.1581678143145926,38.91767060926379,8.138450957027953,0.6876489714488032,0.1278113028972956,4.643127774315338,0.8096697976985858,7.510371650239778,0.5199855216716573
SEG_064,2020-05-30,0.1160977727324295,0.3226349536880003,0.3806578613261352,0.273424953949647,GOOD,0.5199855216716573,-7.34034391002695,-0.3883799911596859,44.47676956907255,9.056113056664508,1.4659952438855417,0.264028466259494,4.643127774315338,0.8096697976985858,7.510371650239778,0.1736339857499672
SEG_064,2020-06-29,0.3413819758584296,-0.2961533649676282,0.4331016260034363,0.0630036172274598,GOOD,0.1736339857499672,-2.4151272696007995,-0.2300005240135683,44.16364119615627,9.707800599475563,2.1388464118006034,0.2577164981645859,4.643127774315338,0.8096697976985858,7.510371650239778,0.8186003632148012
SEG_064,2020-07-29,-0.0114834353415318,-0.0451242021862056,-0.0769510560434453,0.1208599904319727,GOOD,0.8186003632148012,-8.370097577480173,0.4462949942705867,9.493595792000193,7.310592085471241,1.993838366093286,0.1630991986722667,4.643127774315338,0.8096697976985858,7.510371650239778,0.8898884892443389
SEG_064,2020-08-28,0.2043868994428014,-0.4008506486339354,0.1865078342276349,0.1032407245966488,GOOD,0.8898884892443389,-4.760085765528139,-1.126330070777437,36.85865610841163,7.826583257683415,0.6851945644564253,0.131471556572443,4.643127774315338,0.8096697976985858,7.510371650239778,-0.6239892528561096
SEG_064,2020-09-27,0.2821269226680815,0.4409745387756617,-0.2821936364065517,0.281067034291187,GOOD,-0.6239892528561096,-4.215358820374469,-0.1987147622786649,21.12459680271061,7.033197326859931,1.3386499353754586,0.2297197662552663,4.643127774315338,0.8096697976985858,7.510371650239778,-1.2039338542171956
SEG_064,2020-10-27,0.3494269785818918,0.0382262656289835,-0.2095939601162781,0.1616756761468012,GOOD,-1.2039338542171956,1.554867931648383,-0.2576601784313372,323.35444413375063,5.556757447512298,1.1271752263961468,0.0971480182669119,4.643127774315338,0.8096697976985858,7.510371650239778,-0.3218294799815665
SEG_064,2020-11-26,-0.044665501444253,0.4699369862185479,0.0770993264138687,0.2412915186084539,GOOD,-0.3218294799815665,-1.884733249309015,-0.9021828420468644,333.0370577042843,3.425560637380137,2.51967135753141,0.6006695322623323,4.643127774315338,0.8096697976985858,7.510371650239778,-1.2131929976071605
SEG_064,2020-12-26,-0.0246623527202934,-0.1092107640439988,0.03177550678207,0.2813364113032082,GOOD,-1.2131929976071605,-4.23291682112373,-1.158370143001742,343.49388046335497,11.597969164218483,2.285118473107497,0.7222614711161773,4.643127774315338,0.8096697976985858,7.510371650239778,-1.0419631247241623
SEG_064,2021-01-25,0.2083713297070182,0.0931766149811773,0.5019982178299254,-0.0349969406621796,GOOD,-1.0419631247241623,-0.9648404338029728,-0.1576750511652931,31.413728980892124,2.072259710073249,1.2481624806708125,0.0922347073749195,4.643127774315338,0.8096697976985858,7.510371650239778,0.2808461740172989
SEG_064,2021-02-24,0.3308265880041933,-0.4775251862030342,-0.0586946326146914,0.0900718067369442,GOOD,0.2808461740172989,-3.819914003120584,-0.3194686623146721,49.85079366881877,2.503433094291081,1.2114106095796382,0.1455877677497603,4.643127774315338,0.8096697976985858,7.510371650239778,-0.0092961207633305
SEG_064,2021-03-26,0.1812179327154428,0.0532457961279665,0.2357600958016207,0.0227974107444335,GOOD,-0.0092961207633305,-6.176348489617933,-0.7961133318307412,30.89034663535961,6.567828612579502,1.3022146390552585,0.0925625884099055,4.643127774315338,0.8096697976985858,7.510371650239778,-0.6647758982461581
SEG_064,2021-04-25,0.3013638519058472,0.3019826598768558,0.4622818996909414,-0.054982175198336,GOOD,-0.6647758982461581,-5.66537110072795,-0.5833289098890493,47.18619459491735,4.746901464835279,1.3016255704837345,0.1977544246483859,4.643127774315338,0.8096697976985858,7.510371650239778,-1.2851794301217387
SEG_064,2021-05-25,-0.0465910792453531,-0.119179358385747,0.3987651603359869,0.1134816766618322,GOOD,-1.2851794301217387,-5.259443557648773,0.0846704781789779,8.333264538229008,7.120077879117111,2.032676214762292,0.3045160180873977,4.643127774315338,0.8096697976985858,7.510371650239778,-1.6140437246333572
SEG_064,2021-06-24,-0.0145493242209122,0.3356942675086091,0.5879266532380814,-0.0343894410178912,GOOD,-1.6140437246333572,-3.1197860793302388,-0.7065847605434841,14.493899253337434,6.814634496076811,0.7224766315002613,0.2202401794735286,4.643127774315338,0.8096697976985858,7.510371650239778,-2.01627984462835
SEG_064,2021-07-24,0.1673206434904181,-0.247337331186464,0.1680751122082559,0.2080689764661774,GOOD,-2.01627984462835,3.1588973708030537,-0.3537312067218945,9.497694624563312,7.325803149014585,0.63338010909441,0.1251561607741846,4.643127774315338,0.8096697976985858,7.510371650239778,0.43354694308602
SEG_064,2021-08-23,0.1704285515511975,-0.2630388094570163,0.2355039534211456,0.0894907273707135,GOOD,0.43354694308602,1.1526924738485498,-1.288027382592377,17.381649246809644,9.87398397120796,1.1215465184135345,0.1365566312928455,4.643127774315338,0.8096697976985858,7.510371650239778,-0.0570420005170077
SEG_064,2021-09-22,0.2941513947045728,0.4151985720748108,-0.2574810326057025,-0.0148583738627306,GOOD,-0.0570420005170077,0.8030577440236506,0.0195445817533903,20.16485299982969,6.737390988385947,2.18821067472296,0.2729090590976976,4.643127774315338,0.8096697976985858,7.510371650239778,-0.6486502052729964
SEG_064,2021-10-22,-0.0913563023836893,0.4682409387105373,0.0216927524556391,0.0171135368856531,GOOD,-0.6486502052729964,1.5088117754459276,-1.1168362077255842,321.9137459914192,6.330898443756487,3.0571047272713145,0.714144936364014,4.643127774315338,0.8096697976985858,7.510371650239778,-2.1574795712793597
SEG_065,2020-01-01,0.0154630976594362,0.418933989820081,-0.0272855136191507,0.2875715769888908,GOOD,-1.6177074074775102,-1.0704098711003578,-1.413468280533036,24.197398228294677,7.32212122338677,1.9811883125599572,0.1313852574534285,7.626142199623783,2.1958612861079727,88.85555989141176,-1.667622422262241
SEG_065,2020-01-31,0.3092501026263309,-0.1257747548458376,-0.029204868927608,-0.0845522541468447,GOOD,-1.667622422262241,1.671781404992121,-1.2663416963278165,45.508059614968666,6.8902546523425885,1.5259321888440232,0.2441974587107039,7.626142199623783,2.1958612861079727,88.85555989141176,-0.2045774025432818
SEG_065,2020-03-01,0.1127351044420838,-0.3217395679337025,0.5450466392159279,-0.0276799853894586,GOOD,-0.2045774025432818,-5.023221719721873,-1.0690902928729336,31.760113555012747,7.279252129488897,1.2855357897480415,0.0563481327959461,7.626142199623783,2.1958612861079727,88.85555989141176,-1.0728494838895952
SEG_065,2020-03-31,0.1402001578389352,-0.1112023643883021,0.1870654684284055,0.1738937192722182,GOOD,-1.0728494838895952,-1.0406841461169734,-0.2984354579884798,16.31287938755842,2.7711112408699483,1.935695797574468,0.12617668238315,7.626142199623783,2.1958612861079727,88.85555989141176,0.1634400517630612
SEG_065,2020-04-30,-0.0969466794688295,0.3304366997021113,0.572504240449234,0.0149879435688761,GOOD,0.1634400517630612,-6.727579597201864,-1.1675517156494144,41.44497359613059,9.195766544099572,0.6746245699376046,0.1842403312015067,7.626142199623783,2.1958612861079727,88.85555989141176,0.1119548084186425
SEG_065,2020-05-30,0.2292060166032421,0.4465048543468458,0.5374664484115643,-0.0728042157611379,GOOD,0.1119548084186425,-2.915478620287565,0.346271422189488,32.004625403577975,7.066458640689286,1.3527262284835468,0.0945124192949821,7.626142199623783,2.1958612861079727,88.85555989141176,-1.1142850383369145
SEG_065,2020-06-29,0.1680358538126127,0.0455778072141587,-0.0782573040147353,0.0386020200123937,GOOD,-1.1142850383369145,0.1266014934959525,-0.3917123030912279,8.54845947807455,6.67564747742375,1.2668711175303664,0.2598377130303652,7.626142199623783,2.1958612861079727,88.85555989141176,-1.0515523213612563
SEG_065,2020-07-29,0.2564013274729897,-0.1873721845343474,0.0654721953279565,0.2909993454884204,GOOD,-1.0515523213612563,-4.476349098799998,-1.3319332085754474,3.328005617387264,4.687905962242898,0.7168482910813148,0.2257399498651721,7.626142199623783,2.1958612861079727,88.85555989141176,-0.5898685793978279
SEG_065,2020-08-28,0.0542569123181936,-0.4072538595026258,0.1034131706408948,0.0229025252736955,GOOD,-0.5898685793978279,1.4702865145491213,-0.2227428523477326,17.83110043867575,3.1291685877778,1.1764060538714876,0.1133310565686499,7.626142199623783,2.1958612861079727,88.85555989141176,-1.005113637026955
SEG_065,2020-09-27,0.2661243367783598,-0.3878650156165151,0.4105236445344537,0.084497639891751,GOOD,-1.005113637026955,-5.4957961623749325,0.1115553078052742,28.55380343625781,3.5955103790734686,1.231417400482133,0.2991963870608425,7.626142199623783,2.1958612861079727,88.85555989141176,-1.727151970779673
SEG_065,2020-10-27,0.0666850195503533,-0.0116696096171058,0.1808840343896794,-0.0111017847203143,GOOD,-1.727151970779673,-6.733401407902842,-1.333708228560583,339.37576527470634,7.507046711506798,1.2658179537321737,0.291401575010648,7.626142199623783,2.1958612861079727,88.85555989141176,-0.8543784032133548
SEG_065,2020-11-26,0.3902015186183892,-0.0728759844873914,-0.266308889823542,0.0897737071097719,GOOD,-0.8543784032133548,-7.373761332174571,0.3272173785688934,303.4158689352223,13.355231116657752,3.056766867762121,0.829798901974858,7.626142199623783,2.1958612861079727,88.85555989141176,-1.460203511833691
SEG_065,2020-12-26,0.3136049619125274,-0.0652050660255962,-0.0156272737991505,-0.0749620487884851,GOOD,-1.460203511833691,-3.3224448906433395,-0.8885408728034243,316.335736524959,7.2871506340925025,1.9091586177173137,0.1535018509140464,7.626142199623783,2.1958612861079727,88.85555989141176,-1.7261232995427809
SEG_065,2021-01-25,0.302888502121899,0.0118578750640342,-0.208625550860944,0.125810023735395,GOOD,-1.7261232995427809,-3.6271632814155073,-0.5432676495910955,14.62686817318809,8.954852246136422,1.4378984045706735,0.2242650808824972,7.626142199623783,2.1958612861079727,88.85555989141176,-1.848356090586036
SEG_065,2021-02-24,0.0894499508049911,-0.3374147222005587,0.4281649526785421,0.1355401335124446,GOOD,-1.848356090586036,-5.344125454371732,-1.080199706351271,19.802688858118543,6.701286173141074,1.5404648727353774,0.2485626551060617,7.626142199623783,2.1958612861079727,88.85555989141176,-0.337563800974749
SEG_065,2021-03-26,0.1150058122798543,0.4716687866004942,0.0073095451846155,0.1438365536556897,GOOD,-0.337563800974749,1.854449215791352,-0.1210125381211757,5.608276668274481,6.25812784407004,1.5827973725495723,0.1965949098214037,7.626142199623783,2.1958612861079727,88.85555989141176,-1.5665664502687544
SEG_065,2021-04-25,0.1656458575499088,-0.2660474566172041,0.5380113446368449,0.1835480968367476,GOOD,-1.5665664502687544,0.5640761276689599,-0.4193948418728863,20.479937517483204,6.176537769467197,2.087878934577253,0.126430548227013,7.626142199623783,2.1958612861079727,88.85555989141176,0.2237668244429149
SEG_065,2021-05-25,0.0384676759545599,0.4378830083802325,0.3988310885804334,0.0190163213588391,GOOD,0.2237668244429149,3.5141601233973194,-0.1600161103148438,36.20985726185932,6.662711404008397,1.2749842510520653,0.1593774485926756,7.626142199623783,2.1958612861079727,88.85555989141176,-1.0420957354783444
SEG_065,2021-06-24,0.3119426078167941,0.3898329398801795,-0.0042659262448661,0.1839915024370391,GOOD,-1.0420957354783444,-2.201510690925449,0.39089571711887,37.09486280052434,8.740696167489038,0.9277498812757377,0.1689865186336715,7.626142199623783,2.1958612861079727,88.85555989141176,0.4930743114581777
SEG_065,2021-07-24,0.1919034937872021,0.2311280782432342,0.2482824392192054,0.2588776101546722,GOOD,0.4930743114581777,2.578874648434521,0.1400033703097549,14.961986440724234,6.323583256455149,1.6353895791674464,0.2520379639506832,7.626142199623783,2.1958612861079727,88.85555989141176,-1.1474392149013215
SEG_065,2021-08-23,-0.0590253551970344,-0.4856112902892362,-0.0046504201326409,0.1322397992882755,GOOD,-1.1474392149013215,4.482293791624768,0.3508810747970858,40.54425921249447,8.319260493867151,1.8729488376411252,0.1135186507469788,7.626142199623783,2.1958612861079727,88.85555989141176,-1.8006334433658373
SEG_065,2021-09-22,0.3369243165846018,0.023072287402405,0.0520967489766947,0.1093480262303684,GOOD,-1.8006334433658373,0.8917917926949777,-0.2236093576299413,10.496002259911265,6.022219916684568,1.8265141491282424,0.2491986151707405,7.626142199623783,2.1958612861079727,88.85555989141176,-0.4407267097258662
SEG_065,2021-10-22,-0.0590419844607925,-0.2542383103835985,0.5874643473867776,0.0966736430951718,GOOD,-0.4407267097258662,-5.8734663637064415,0.3328711887681388,328.82188708013166,9.100063730541835,0.7621497598108212,0.2502469162920683,7.626142199623783,2.1958612861079727,88.85555989141176,0.1718379546525963
SEG_066,2020-01-01,0.3145294564105307,-0.1869190279803163,0.1541333078191796,0.2003431916852817,GOOD,0.2546894729356216,-3.0298082573877867,-0.0019954888241182,38.44011010085587,7.351487655545289,0.828510412879336,0.1489757530346022,6.059410601656105,1.1829546863828,78.93186388438107,-1.970691820448291
SEG_066,2020-01-31,0.2722066026983331,-0.3781394617581869,-0.082981993939442,0.1337972106928235,GOOD,-1.970691820448291,4.377889207487813,-0.4347234796635775,42.64156392719792,9.878070978779231,0.9690507322553782,0.1324596921548882,6.059410601656105,1.1829546863828,78.93186388438107,-0.4381585408053242
SEG_066,2020-03-01,-0.03936870901529,0.2235069455697529,-0.2619637175159827,-0.0763716766533719,GOOD,-0.4381585408053242,2.3952767105785924,0.0952021941701222,42.77926292355674,7.73743087786537,0.6901343931625432,0.1159719135472862,6.059410601656105,1.1829546863828,78.93186388438107,-1.0581788809267014
SEG_066,2020-03-31,0.0496684298372917,0.2146336470621714,-0.1140743310718624,-0.0721284809536431,GOOD,-1.0581788809267014,0.4573999488809814,0.0740355928380731,24.80946749658941,5.032917187066436,1.454813322156988,0.3236936592286438,6.059410601656105,1.1829546863828,78.93186388438107,-1.3809292097539734
SEG_066,2020-04-30,0.2451035594518443,0.0096570009039675,0.2396254670683211,0.1273399747769416,GOOD,-1.3809292097539734,-6.37008263187716,-0.2626360943860764,35.21572537985235,7.013050635687315,1.3483753649104302,0.2077040908447526,6.059410601656105,1.1829546863828,78.93186388438107,-0.7465689337115748
SEG_066,2020-05-30,0.3207770786098899,-0.069798193198833,0.0300462459741696,0.282250551259216,GOOD,-0.7465689337115748,-6.3053461440710485,-0.1986769536985122,43.03870886036529,8.56329085681281,1.249742058498301,0.2537202330963617,6.059410601656105,1.1829546863828,78.93186388438107,-0.8399315891128069
SEG_066,2020-06-29,0.0733586780348937,0.3772207432664197,-0.2088642079990523,0.0160709269228557,GOOD,-0.8399315891128069,0.1826400250320485,-1.4148253253098633,6.701196297377033,6.06446480220637,0.9343512501577476,0.1269817928483567,6.059410601656105,1.1829546863828,78.93186388438107,-0.9110626233610484
SEG_066,2020-07-29,0.3276301568687257,0.0447022735662857,0.0796417884311945,0.2062837292258647,GOOD,-0.9110626233610484,-9.929710215727006,0.3282251842226684,14.749263292956789,6.169920091760564,1.2493407772639848,0.1240872011765288,6.059410601656105,1.1829546863828,78.93186388438107,0.990659134894636
SEG_066,2020-08-28,0.2523976902773889,-0.0877913379926726,-0.2685342691542863,-0.0580627571837549,GOOD,0.990659134894636,-3.072592173639728,0.3975793767471582,31.730299775169662,3.637901683733588,1.3305950197211551,0.1746171368485892,6.059410601656105,1.1829546863828,78.93186388438107,-1.979484376037368
SEG_066,2020-09-27,0.104797371582074,-0.2343990203525596,0.5777816089687828,0.2853338245285741,GOOD,-1.979484376037368,0.039182293439266,-0.4062741249617574,6.768445853298511,9.841033709883284,0.8800272860820098,0.1755893625710858,6.059410601656105,1.1829546863828,78.93186388438107,-0.3085691915957343
SEG_066,2020-10-27,0.1111103390690717,0.4336269263715674,0.1581991164768206,-0.0590205631753888,GOOD,-0.3085691915957343,0.1464831386418854,-0.5934247208228822,326.4434273373253,6.632092906827731,2.227363362107754,0.4946081266485708,6.059410601656105,1.1829546863828,78.93186388438107,-1.6828993180788032
SEG_066,2020-11-26,0.1876722343704157,0.0751327037609203,-0.2595867583412664,0.0981188428465483,GOOD,-1.6828993180788032,1.3425719582174267,0.3348854580413642,343.0133531267986,12.013569412540797,3.3912131296322823,0.7419707620979826,6.059410601656105,1.1829546863828,78.93186388438107,-0.7238159573881651
SEG_066,2020-12-26,0.1528281567118355,0.2635313708945828,-0.0496023442995844,0.1454664364729747,GOOD,-0.7238159573881651,-5.955663673076544,-0.860197890484351,348.0458164031077,2.8950866374777924,1.9077685974684409,0.3051919512807808,6.059410601656105,1.1829546863828,78.93186388438107,-0.7161536658944114
SEG_066,2021-01-25,0.1688187872939429,0.3927566517418213,-0.1777936968112553,0.096383992204922,GOOD,-0.7161536658944114,3.323989756019337,-1.4574540310829358,48.39176141650164,8.448352787065254,2.246551001603801,0.319730938945322,6.059410601656105,1.1829546863828,78.93186388438107,0.2181162124606509
SEG_066,2021-02-24,0.2787794798007139,0.3391437219984858,0.4386848371020718,0.2102638653541901,GOOD,0.2181162124606509,-9.473278164517684,-0.8898662485612776,10.41322931298897,6.031014368534486,1.5996106519846776,0.1392149427410718,6.059410601656105,1.1829546863828,78.93186388438107,-1.3820076780293908
SEG_066,2021-03-26,0.1741883563618856,-0.0568125348396632,0.3726716035845115,0.2847202316283265,GOOD,-1.3820076780293908,-6.489453627044441,-0.6905940430765647,38.04904687214506,5.596056998606,1.9414672081084687,0.0978054445937056,6.059410601656105,1.1829546863828,78.93186388438107,-1.4927418549574143
SEG_066,2021-04-25,0.2025214262770726,0.1226886578883551,-0.1985546242604285,0.2806055645618039,GOOD,-1.4927418549574143,2.388569858325523,0.2466953161229361,48.4662313100666,3.490317675170368,0.9785584866793342,0.1414416726759431,6.059410601656105,1.1829546863828,78.93186388438107,-1.5152936748540633
SEG_066,2021-05-25,-0.0165706263114197,-0.460480772526341,-0.0642305347246076,0.162083512089796,GOOD,-1.5152936748540633,3.0483608207826034,0.2888773543386536,30.560655159819945,7.793289402268699,1.139952173011937,0.1346862378179579,6.059410601656105,1.1829546863828,78.93186388438107,0.0676688607621364
SEG_066,2021-06-24,0.2789809580128582,-0.4337152464711646,-0.2490626064200067,0.1760565116845009,GOOD,0.0676688607621364,2.5829848689013524,-0.9557772114916924,28.25130753781329,3.276488260669862,1.0597762435984486,0.1573282710537653,6.059410601656105,1.1829546863828,78.93186388438107,-1.7876468218179744
SEG_066,2021-07-24,0.2216232734742885,-0.4405027656154026,0.1344490665430447,0.146450255243678,GOOD,-1.7876468218179744,-0.4856232639107567,-1.2111142852276806,37.53264258691961,6.35188913059938,1.5344996158970683,0.2519065331978506,6.059410601656105,1.1829546863828,78.93186388438107,-0.3505291024981481
SEG_066,2021-08-23,0.137334721352992,0.2444088041020525,0.5846672209365917,0.2462200609841997,GOOD,-0.3505291024981481,-6.929708512500051,-1.1450878624142065,3.9064310460745433,5.968071332095975,1.241972450266665,0.1464912084220929,6.059410601656105,1.1829546863828,78.93186388438107,-0.7713132150647235
SEG_066,2021-09-22,0.0325073645725165,0.3900739006243438,0.2811175592698459,-0.0144060308563967,GOOD,-0.7713132150647235,-8.38176557419046,0.1568744424262189,2.580884857269389,3.5393512431072445,1.1897029071625784,0.1326622484779474,6.059410601656105,1.1829546863828,78.93186388438107,-0.2603954205836958
SEG_066,2021-10-22,0.00755611602314,-0.0251088588535844,-0.1656216398511842,0.0597425176163042,GOOD,-0.2603954205836958,-7.452471734275237,0.3685002316529611,307.572321511446,2.2811833042977767,2.766919767601764,0.7059203748678453,6.059410601656105,1.1829546863828,78.93186388438107,-1.5284412202809112
SEG_067,2020-01-01,0.3828484245103756,-0.4740031376590575,0.1152553833616457,0.1461343749209616,GOOD,-1.811368418393947,1.289528583589087,-1.4307854227073715,22.573550109440525,3.281981652589094,0.982912151750364,0.2357777861706399,1.4099070631106327,1.2926355449047036,33.35383531102162,-0.5512246901469827
SEG_067,2020-01-31,-0.0793717758981719,0.0093160902903526,0.4961395499707269,0.1620343905384765,GOOD,-0.5512246901469827,-7.215431952482056,-1.4500965505202863,41.18137108306804,4.529706828006432,2.0353438883384056,0.2156027554458753,1.4099070631106327,1.2926355449047036,33.35383531102162,0.3488810884779595
SEG_067,2020-03-01,0.296173589348326,0.4987936131356504,-0.2001365936358907,-0.0331264509345363,GOOD,0.3488810884779595,4.466195598438679,-0.5520780111218306,0.3144332970634711,4.0546825710769445,1.1647102152824294,0.1297157578308292,1.4099070631106327,1.2926355449047036,33.35383531102162,0.6093373386618786
SEG_067,2020-03-31,0.3125262805282431,0.2595762707407353,-0.0361778149668448,0.2146073905547665,GOOD,0.6093373386618786,-7.244993109940077,-1.211550621795014,32.3972897221563,2.1231740202945906,1.404830136369955,0.1994740897821326,1.4099070631106327,1.2926355449047036,33.35383531102162,0.1325047807698333
SEG_067,2020-04-30,0.2776644061590811,-0.3580839264813822,0.3593115443175743,0.2746076871881454,GOOD,0.1325047807698333,-1.249884373888689,-0.8898181804730325,41.16464199352175,8.382690420303945,1.44677578309852,0.1300930094595702,1.4099070631106327,1.2926355449047036,33.35383531102162,-1.7785822766148487
SEG_067,2020-05-30,0.004122063794743,-0.3173684446464013,0.277397516093842,0.0412488976592012,GOOD,-1.7785822766148487,3.844238832281901,-0.5593504844758617,3.945140410790471,5.724949515025489,1.9743214030504488,0.2427638706196465,1.4099070631106327,1.2926355449047036,33.35383531102162,-0.925139758318758
SEG_067,2020-06-29,0.385337293435362,-0.3660634735945732,0.5532167383317035,0.2308644971014314,GOOD,-0.925139758318758,-1.899251526137192,-1.2761064859887223,1.85276908107595,2.8461495701253785,1.3721012718180323,0.0259450523496839,1.4099070631106327,1.2926355449047036,33.35383531102162,-0.4740304600483734
SEG_067,2020-07-29,0.1685120350921235,0.4221873495101456,-0.2181730840082722,0.2221692783530564,GOOD,-0.4740304600483734,-3.9309487871787274,0.0148961201774877,14.276788656602363,6.853202450414523,1.6858239904001395,0.2355379956951915,1.4099070631106327,1.2926355449047036,33.35383531102162,-1.6671918192052733
SEG_067,2020-08-28,0.1139799400834876,0.3788081773243912,0.5825982739204585,0.1697858048120171,GOOD,-1.6671918192052733,-3.045865478437114,0.4982545384583983,45.39273009064481,6.001599104733401,1.0954392179127288,0.1678724218958913,1.4099070631106327,1.2926355449047036,33.35383531102162,0.927798501719148
SEG_067,2020-09-27,0.2746007167947339,-0.0616780011291476,0.2916142761837035,0.2905686500327907,GOOD,0.927798501719148,-8.35696810053061,-1.4349419997528838,14.578796036433882,8.770966206029282,0.705398486056177,0.0912183408583894,1.4099070631106327,1.2926355449047036,33.35383531102162,0.2837987591030114
SEG_067,2020-10-27,0.1018319613161705,0.236977053628114,0.3876821650279898,0.2733159864660495,GOOD,0.2837987591030114,4.13581482780933,-1.0967999787175935,330.39647264851175,7.842898048479988,0.7790105108254581,0.0743657737774113,1.4099070631106327,1.2926355449047036,33.35383531102162,0.6706290570045117
SEG_067,2020-11-26,0.0152306134946736,0.0403324385659061,0.1588753588001551,0.0081676079304437,GOOD,0.6706290570045117,-9.4139095577408,-1.1845593285967655,311.20007208514374,9.723713608252051,1.767398356922988,0.3156924968217062,1.4099070631106327,1.2926355449047036,33.35383531102162,0.1366951175521414
SEG_067,2020-12-26,0.2572079496669879,-0.4902716564523239,-0.2406737409674826,-0.0334001177570168,GOOD,0.1366951175521414,-2.624980358073203,0.3776008448383752,307.41921993576733,2.116358540015197,2.228976877699409,0.1502913437348396,1.4099070631106327,1.2926355449047036,33.35383531102162,-1.2748132683060909
SEG_067,2021-01-25,0.0089020036234644,-0.4390404967917414,-0.2836436644666689,0.1075988601949911,GOOD,-1.2748132683060909,-5.624637855912366,-0.0713654757430564,20.1653061261166,3.9141815658654986,0.7500997701497722,0.0342678219265471,1.4099070631106327,1.2926355449047036,33.35383531102162,-1.6942829402799005
SEG_067,2021-02-24,0.1858686438505274,0.2781449226150522,0.5993450923337278,-0.051472767436139,GOOD,-1.6942829402799005,1.974818259773789,-1.453714689915701,47.74724873001649,8.803157811900691,1.2831878331304565,0.2331789898250346,1.4099070631106327,1.2926355449047036,33.35383531102162,0.163716115651881
SEG_067,2021-03-26,0.3101999895091986,-0.3611362823433356,0.1450249059601676,0.2735275222562144,GOOD,0.163716115651881,-1.270415968456776,-0.4361349203426994,38.66671866818132,7.814045516242452,1.861129192527,0.2239992787935494,1.4099070631106327,1.2926355449047036,33.35383531102162,0.814044174147478
SEG_067,2021-04-25,0.1708885103283699,0.2330552588167667,-0.0298185878321975,0.2955967898447669,GOOD,0.814044174147478,4.142041227359677,0.2332015620133425,27.380658472052737,5.840231239794191,1.042301665144595,0.1111015031453305,1.4099070631106327,1.2926355449047036,33.35383531102162,0.0478245478499566
SEG_067,2021-05-25,0.3606796786067084,0.3159356477942877,0.5751967521796957,0.1060199954430163,GOOD,0.0478245478499566,-6.264382403206598,-1.262518601263782,4.839053646852265,8.680261149663837,1.9499032659659303,0.0246023385942209,1.4099070631106327,1.2926355449047036,33.35383531102162,-0.9014720549391992
SEG_067,2021-06-24,0.3411902356340101,-0.1816592358613989,0.2959375213363478,0.1221183855705314,GOOD,-0.9014720549391992,-6.112931482897019,-0.4975029954087493,37.96147911747214,9.70282201795911,1.0020173962002872,0.2099350873185458,1.4099070631106327,1.2926355449047036,33.35383531102162,-1.0470854466831296
SEG_067,2021-07-24,0.0298871182088548,0.3478644241745077,-0.2891655380906743,0.0452075338466563,GOOD,-1.0470854466831296,-6.41239733125261,-0.6742541132701068,1.4985663616946698,4.573213122788776,1.9908194930590688,0.1516999234348059,1.4099070631106327,1.2926355449047036,33.35383531102162,-1.5802287510037143
SEG_067,2021-08-23,0.1910023327565594,0.2040536349515485,0.4769071680603904,0.0727769745636485,GOOD,-1.5802287510037143,-9.194972280916884,-1.382879621527546,6.897408987207915,9.04987660908475,1.68167974306197,0.2020839195936709,1.4099070631106327,1.2926355449047036,33.35383531102162,-0.1127792143041082
SEG_067,2021-09-22,0.16953743364755,-0.4083978407925492,0.1562960642351715,0.2682602052026176,GOOD,-0.1127792143041082,-2.299916098258829,-0.3070729833477366,38.35289563573374,9.745167851515328,1.0064737070311234,0.2911509782181306,1.4099070631106327,1.2926355449047036,33.35383531102162,-1.096084187197215
SEG_067,2021-10-22,0.1654392247894801,0.0007971144262147,-0.2369749848008708,0.0048319807315682,GOOD,-1.096084187197215,-7.9608523323123555,-1.0451969684709814,345.6371353412088,7.097387848552407,1.070456912254841,0.1749053378321114,1.4099070631106327,1.2926355449047036,33.35383531102162,-1.9971064001769665
SEG_068,2020-01-01,0.3872764174914508,-0.1540484311844348,-0.2838909725980593,0.1662234510966466,GOOD,0.5981325978755468,-8.28366608731044,-1.436585708546158,23.23241330743396,3.383144332114653,0.8975928079290085,0.2111023937368927,7.022877048532608,4.697513742299915,62.8341787879835,-1.9134790147556735
SEG_068,2020-01-31,-0.0573734770425155,0.0615576002173344,0.1701344320847975,0.0833124938209829,GOOD,-1.9134790147556735,0.8510942621877806,-0.0087247802708245,8.78905177135163,9.868873530869454,0.7001410549373202,0.1507666805881721,7.022877048532608,4.697513742299915,62.8341787879835,-1.2990471454203352
SEG_068,2020-03-01,0.1136078479463002,-0.1491525166513674,-0.1874158991394299,0.1619455841316265,GOOD,-1.2990471454203352,-2.014725947901965,-0.7514774797629067,24.887924542810214,5.435065772248875,1.997237246770502,0.1929145128390753,7.022877048532608,4.697513742299915,62.8341787879835,0.0947286140979835
SEG_068,2020-03-31,0.345602743813817,0.4134464038428194,0.3785274619809829,0.0248226236755718,GOOD,0.0947286140979835,4.559675701929546,-0.8890769980089135,8.885217790988703,3.154612539915407,1.4856676961273283,0.3278986266796084,7.022877048532608,4.697513742299915,62.8341787879835,-1.086524141234218
SEG_068,2020-04-30,0.0499228789762382,0.3252174255728191,-0.2773621082576823,0.1488156917336958,GOOD,-1.086524141234218,-9.897346343925118,-0.5015588295582163,37.176084443386486,7.007372199477883,1.1482888229166237,0.2827186364178927,7.022877048532608,4.697513742299915,62.8341787879835,-0.5756747028754288
SEG_068,2020-05-30,-0.02554961793321,-0.2651215542128509,0.2025008415057678,0.0687422993274753,GOOD,-0.5756747028754288,-3.852515347142736,-1.161846143555911,47.01006275335338,8.054898387286471,1.820907114127436,0.1039344151352727,7.022877048532608,4.697513742299915,62.8341787879835,0.4960273056335654
SEG_068,2020-06-29,0.3763570285710427,-0.1057589094857633,0.5881790690378397,0.1037551772355574,GOOD,0.4960273056335654,0.5538856024935637,-0.725146294609496,17.554119576469922,7.590319799373845,1.283822964849522,0.103944119796855,7.022877048532608,4.697513742299915,62.8341787879835,0.9803671635590724
SEG_068,2020-07-29,0.3917825388781294,0.4563926676407293,0.2592610440506707,0.076771917593104,GOOD,0.9803671635590724,2.7845185487468846,-0.6160043252909673,42.81296277206733,4.156499969369585,1.4873267758682556,0.1154645187972949,7.022877048532608,4.697513742299915,62.8341787879835,-1.9734886465199968
SEG_068,2020-08-28,0.2311957313107091,0.078181095869016,0.2752007505813549,0.0446422487945697,GOOD,-1.9734886465199968,4.624508388264035,-1.2822937994260135,25.512994566302023,6.004788372851926,1.557006675171408,0.19304652934964,7.022877048532608,4.697513742299915,62.8341787879835,-1.0928417565999984
SEG_068,2020-09-27,0.0176467400536201,0.3640944158425571,0.4305255233386709,0.0230398120094763,GOOD,-1.0928417565999984,-3.71085790410208,-0.0221585966065522,18.92018487590691,3.2188830344363613,0.7239240368935872,0.0406680372904564,7.022877048532608,4.697513742299915,62.8341787879835,-1.324563339712213
SEG_068,2020-10-27,0.116411817235785,-0.2472221806302574,0.364429312021203,0.0425121312249509,GOOD,-1.324563339712213,-1.3775192440687078,-1.1558649239362493,348.49482789623346,7.279398482498906,2.4958782268758206,0.6891149061793252,7.022877048532608,4.697513742299915,62.8341787879835,-1.8224858224679887
SEG_068,2020-11-26,0.2832074669142246,-0.398924651216115,0.3392317075372725,0.0972230487290324,GOOD,-1.8224858224679887,-1.7435314416541343,-0.4376071669645351,323.17996555904955,7.0201716337904045,3.139755813922245,0.7013886089004407,7.022877048532608,4.697513742299915,62.8341787879835,0.3062010025056357
SEG_068,2020-12-26,0.238584108601359,0.2889550200663522,0.1503985150679078,0.2456000313242977,GOOD,0.3062010025056357,0.860234804239818,-0.4435298216817203,313.8613721678728,8.410966004119839,1.755955123972334,0.3788923289695449,7.022877048532608,4.697513742299915,62.8341787879835,0.9383747600410886
SEG_068,2021-01-25,0.3330856717159282,-0.4817134563079723,0.4620680189766408,0.2266234698914185,GOOD,0.9383747600410886,-7.273827445755748,-1.1780042675856124,43.90813275093956,4.488016676668722,1.6468279244638675,0.1206174354106158,7.022877048532608,4.697513742299915,62.8341787879835,-1.1473486500882986
SEG_068,2021-02-24,-0.0067559456559473,0.3631898539461761,-0.1933825221850741,0.0605794312088421,GOOD,-1.1473486500882986,1.159612679972705,-0.4442148294466146,0.2095642774535833,9.567744686586703,1.5658657826773776,0.148439579746866,7.022877048532608,4.697513742299915,62.8341787879835,-1.885552147520173
SEG_068,2021-03-26,0.336147527788715,-0.1149494420523093,0.5887088593289906,-0.018945696463717,GOOD,-1.885552147520173,0.4830103965451293,-1.289930856307231,22.33609056128516,8.624575709833305,1.7263387811432052,0.2992807523480868,7.022877048532608,4.697513742299915,62.8341787879835,0.7520008921797732
SEG_068,2021-04-25,-0.0552672773316959,-0.2239775208202472,0.5445225567511147,-0.0160573592847168,GOOD,0.7520008921797732,-2.8773419022607003,-1.2664471083774886,5.346891190935837,7.518870800517916,1.6411072655053802,0.1258585850697475,7.022877048532608,4.697513742299915,62.8341787879835,-0.1556406140564502
SEG_068,2021-05-25,0.2261157779200966,-0.0850591209114554,0.402606855886381,-0.0580150846105036,GOOD,-0.1556406140564502,-4.180693639355963,0.3546257042227398,38.02798091906861,9.519253990338951,1.712268271131102,0.1980293661166896,7.022877048532608,4.697513742299915,62.8341787879835,0.4610774258932897
SEG_068,2021-06-24,-0.0745357307726199,0.0073267464218326,-0.2113300418581741,0.1592056700137118,GOOD,0.4610774258932897,-0.458011873067246,0.1429512131792827,16.432837719967846,4.917268629149467,0.8146407197362123,0.1442970026575636,7.022877048532608,4.697513742299915,62.8341787879835,-1.952701852308033
SEG_068,2021-07-24,0.1187747558233369,-0.276543122994176,0.1770982246777684,0.1824675205927486,GOOD,-1.952701852308033,3.83935967458052,-0.3837765823530477,33.799785698662824,8.696967807033097,1.366292570533587,0.0336579076025446,7.022877048532608,4.697513742299915,62.8341787879835,0.8227200498325102
SEG_068,2021-08-23,0.1339910030318211,0.2604527924674606,0.3435529850723433,0.0871793035028907,GOOD,0.8227200498325102,-8.413245667507653,-1.445019251815605,34.51297078728143,2.8885455595968503,1.478394919758501,0.2172058833514172,7.022877048532608,4.697513742299915,62.8341787879835,0.9480695317656844
SEG_068,2021-09-22,0.346878638874004,0.1768461063185474,0.4912037401076499,0.1352314580492474,GOOD,0.9480695317656844,-6.230286827558082,-0.5191799882815193,6.030723279518568,3.583723872015754,1.070123491497064,0.0700776024820523,7.022877048532608,4.697513742299915,62.8341787879835,0.1711023332270572
SEG_068,2021-10-22,0.109612662194886,0.3632911600622711,0.5097032719302508,-0.0972103560505474,GOOD,0.1711023332270572,-1.794551758290341,-0.1525271725238142,335.8159015137855,4.930691229365952,1.9226643775023256,0.531353274708252,7.022877048532608,4.697513742299915,62.8341787879835,0.1449570118513565
SEG_069,2020-01-01,0.1757430164233281,0.3469159339062341,-0.0663765612351171,0.1665527179007524,GOOD,-2.016572531844989,2.0127052935753778,-0.135519479473843,17.825365463753496,5.495445288404449,1.8405076535833027,0.17132850063444,0.8614886775519626,4.967239553360742,60.2464822447968,-1.658857777937697
SEG_069,2020-01-31,0.3571953413319511,-0.1353228785322499,0.3737110305252873,0.2509887514809427,GOOD,-1.658857777937697,-5.172189058186259,-0.0284002406084526,41.93647817022066,9.157192963253962,2.0750589326829054,0.213631752816936,0.8614886775519626,4.967239553360742,60.2464822447968,0.8645323216324755
SEG_069,2020-03-01,0.3638718217970661,-0.2824143827138473,0.0275808091594172,0.2916900513798504,GOOD,0.8645323216324755,-0.2683339801413869,0.0336875059906787,44.63940180158982,3.2523259688657102,1.7745666623857546,0.1412691464011844,0.8614886775519626,4.967239553360742,60.2464822447968,0.4963545513693551
SEG_069,2020-03-31,0.2100013901971041,0.3657025338868155,0.2200985746328397,0.015423359101502,GOOD,0.4963545513693551,-2.449161738236426,-1.0592187043490249,0.5109449108793462,9.30299777431112,1.8858205674784785,0.2313115067770688,0.8614886775519626,4.967239553360742,60.2464822447968,-0.976046079938736
SEG_069,2020-04-30,0.3070237130502994,-0.1836071770030882,-0.0942301575678166,-0.0410559591623127,GOOD,-0.976046079938736,-8.930976162434707,-0.5474576544807084,18.236420588065183,8.460342032570061,1.648870084535929,0.2071452807753701,0.8614886775519626,4.967239553360742,60.2464822447968,0.5584251310643294
SEG_069,2020-05-30,0.2564575679383721,-0.2549319697090358,0.3009719422531303,0.274287252469255,GOOD,0.5584251310643294,-6.5099118303666055,-0.4000987695050952,4.673619942046797,4.606813074176071,1.8465987275499796,0.222621154613015,0.8614886775519626,4.967239553360742,60.2464822447968,0.4331749493922744
SEG_069,2020-06-29,0.1493344598286267,-0.2404233234472022,0.594262588321576,0.0962335899638066,GOOD,0.4331749493922744,-1.22188294821553,-0.6510274282764983,47.957810432568,4.560458390263238,0.9806277706663896,0.111573972479431,0.8614886775519626,4.967239553360742,60.2464822447968,-0.7273256797616912
SEG_069,2020-07-29,0.3571970435389405,-0.3888329108296653,0.1914077937110182,-0.0694559904759144,GOOD,-0.7273256797616912,-2.609810606071824,0.114360006130942,6.699320388663637,6.738202653653383,1.945399286226542,0.2186637078503137,0.8614886775519626,4.967239553360742,60.2464822447968,0.2774354545787214
SEG_069,2020-08-28,0.0811402934029598,-0.3452355237574835,0.4686737354472237,0.1557967246938182,GOOD,0.2774354545787214,2.1814726962027606,-0.576280442464707,11.354137485605476,5.066819132498549,0.7696473783254635,0.1731075575438316,0.8614886775519626,4.967239553360742,60.2464822447968,-0.6557852191488921
SEG_069,2020-09-27,0.2690728874600523,0.4907752601043262,0.3945316869926842,0.0691406004821184,GOOD,-0.6557852191488921,-7.879803623630278,-0.7837939103743754,22.077147328013787,2.2185317552502486,0.9794139779736886,0.2350030826132639,0.8614886775519626,4.967239553360742,60.2464822447968,0.7528011490583455
SEG_069,2020-10-27,0.0808269000957685,0.3055089657274964,0.3792288287513317,0.0922737375842292,GOOD,0.7528011490583455,1.2895772490516464,-0.5376911213311633,336.1330047477787,3.732104247671522,2.1577045077240564,0.4324553392361288,0.8614886775519626,4.967239553360742,60.2464822447968,0.4074744220085752
SEG_069,2020-11-26,-0.0920271270859365,-0.3142876037309522,0.0980704439197193,0.2285351785209654,GOOD,0.4074744220085752,-2.4511769957829834,-0.8513647510755387,322.9509374766495,3.448543154199281,1.031257635378458,0.2951412294701687,0.8614886775519626,4.967239553360742,60.2464822447968,0.5143434459181477
SEG_069,2020-12-26,0.2852889081528067,-0.1055727624501945,0.1752695766280887,0.2925060693845169,GOOD,0.5143434459181477,-7.210952614806533,-0.4676111663296003,315.0128692377477,2.3655459552225397,1.789590765998039,0.315998964271467,0.8614886775519626,4.967239553360742,60.2464822447968,-1.7982351658160358
SEG_069,2021-01-25,0.2263513255580067,-0.1227530488133978,-0.1138130185795192,0.0912939189243179,GOOD,-1.7982351658160358,2.5225226252980697,-1.0869455346006285,16.91286534378149,7.813033077030768,1.9544569377556305,0.0818230420830005,0.8614886775519626,4.967239553360742,60.2464822447968,0.1243497866592272
SEG_069,2021-02-24,-0.030818422294652,0.1037420565290774,-0.1039007022693393,0.1116055292822044,GOOD,0.1243497866592272,2.538433910368026,-0.2852370731216935,20.32184857723148,7.374575417881168,0.7123419036913519,0.1194602815364529,0.8614886775519626,4.967239553360742,60.2464822447968,-0.0100871241821798
SEG_069,2021-03-26,0.1616577744247322,-0.1066156730702387,0.3114811145542588,-0.0294540373756457,GOOD,-0.0100871241821798,1.702581461949233,0.054841551710919,12.985412033657145,4.774825083506511,0.905508038441888,0.2519288675375155,0.8614886775519626,4.967239553360742,60.2464822447968,0.7875548962803038
SEG_069,2021-04-25,0.2860014272659653,-0.0257346317170948,0.2199394544683995,0.1968814822548865,GOOD,0.7875548962803038,-5.089421727190034,0.2075088389124277,21.45321516377655,4.058979021102885,0.846949401594695,0.1718494319394212,0.8614886775519626,4.967239553360742,60.2464822447968,0.5798838817800096
SEG_069,2021-05-25,0.0608345151375751,-0.0497681568728909,0.3630708450549912,0.1000766503673158,GOOD,0.5798838817800096,-2.502828198222823,-0.8219981440266684,12.73455253198192,5.490673533114098,0.8779567105709869,0.2458907605006521,0.8614886775519626,4.967239553360742,60.2464822447968,-1.372588452273487
SEG_069,2021-06-24,0.3155867836671184,0.0269687418615219,-0.1675536799388349,-0.0276289299820158,GOOD,-1.372588452273487,-3.9633819740735934,0.1745867003535912,22.77208333039385,3.6499363887466414,0.60050294962336,0.0396321433312196,0.8614886775519626,4.967239553360742,60.2464822447968,0.396027586226379
SEG_069,2021-07-24,-0.0263874795952986,-0.3967125556884942,0.3854190548323848,0.2343666448139803,GOOD,0.396027586226379,-0.2312675989783681,-0.5198084946583754,30.337364271540935,9.74969604562639,1.03738910847744,0.183867205935684,0.8614886775519626,4.967239553360742,60.2464822447968,0.4335053595007115
SEG_069,2021-08-23,-0.0211926884323802,0.3830408792435774,0.0347540222303422,0.0155800469762231,GOOD,0.4335053595007115,-3.9377752791578535,-0.3930820788042404,1.619096985011137,3.4057713711259936,0.967123159551097,0.2096762966975216,0.8614886775519626,4.967239553360742,60.2464822447968,-1.5173099567007595
SEG_069,2021-09-22,0.0036651715059359,0.3564778924470514,-0.1387459280456423,-0.0881648096487261,GOOD,-1.5173099567007595,-3.801869936857172,0.4221622047416409,28.431944845137537,6.396744371289859,0.8749169759338447,0.2884332393061732,0.8614886775519626,4.967239553360742,60.2464822447968,-0.4939689860967733
SEG_069,2021-10-22,0.2393041320052767,-0.2313623763959433,0.4459427324659298,-0.0757799910834346,GOOD,-0.4939689860967733,3.025273018120176,-0.5988461007989481,344.17690369749783,8.075785697658468,2.414668870663836,0.3741575445761249,0.8614886775519626,4.967239553360742,60.2464822447968,0.0155601228200631
SEG_070,2020-01-01,0.304169956000781,-0.3400903153180971,-0.0492266483286934,0.0774405045307613,GOOD,0.9253505061469628,3.738196852267573,-1.4893412509570831,11.114620029145,6.502573134452779,1.6574023912978022,0.169347610205484,9.209793248450742,1.946002077535564,22.387675831326494,0.9274124035545748
SEG_070,2020-01-31,-0.0695672126253182,0.3809764038756046,0.2542040061628431,0.1450992668200244,GOOD,0.9274124035545748,-5.124250153967101,-0.1022383629735836,10.949191353529724,6.837690187982698,0.8208693966051177,0.1921582900972535,9.209793248450742,1.946002077535564,22.387675831326494,-1.745511814274428
SEG_070,2020-03-01,0.1466281435645459,0.0409181405691726,-0.2216940265591533,0.2579230713027475,GOOD,-1.745511814274428,-4.185749565563127,-0.8038766435948401,2.387900016630118,9.799521671080832,1.7413409592874387,0.2444566295534196,9.209793248450742,1.946002077535564,22.387675831326494,-1.49760744439209
SEG_070,2020-03-31,0.1152235422973569,-0.0802186991828494,0.0556195667482427,0.0324510747911417,GOOD,-1.49760744439209,2.94518953184088,-0.3940704666894485,15.186119957230131,9.817843926275312,1.4323436145935655,0.0730251811262738,9.209793248450742,1.946002077535564,22.387675831326494,-0.4364971262075977
SEG_070,2020-04-30,0.1931920639188391,-0.4766050766956541,0.3505073614456763,0.1022661979769541,GOOD,-0.4364971262075977,-5.479710606925429,-1.4944215652540946,37.40918431250815,9.949738464557406,1.9298734558359956,0.289124476570366,9.209793248450742,1.946002077535564,22.387675831326494,0.8773215466011265
SEG_070,2020-05-30,-0.0777025746344019,-0.489770437291955,0.3433815697590219,-0.0586869044153549,GOOD,0.8773215466011265,2.6666358677771704,-0.309956281684973,8.295197481725648,8.173177842960019,1.8648576909673509,0.1587979649916239,9.209793248450742,1.946002077535564,22.387675831326494,-0.3771826951825625
SEG_070,2020-06-29,0.3410583556214275,-0.2618033914290628,-0.2706830110285912,0.0036192254490074,GOOD,-0.3771826951825625,-9.48107820919362,-1.0496588919557226,44.93761291983628,4.78796726209631,1.1664413540856282,0.1923774305175954,9.209793248450742,1.946002077535564,22.387675831326494,0.7169485454275283
SEG_070,2020-07-29,-0.0161136439268346,-0.1424791137335028,-0.2633366961883917,0.2238349985308633,GOOD,0.7169485454275283,2.0804098246304044,-0.8118950746430904,48.6712720466329,2.9081768165941098,1.829728573389649,0.0462981041598829,9.209793248450742,1.946002077535564,22.387675831326494,-0.819304083926098
SEG_070,2020-08-28,0.0642803989209779,0.217913513503599,0.5077159034464598,-0.0095854703923577,GOOD,-0.819304083926098,-2.435595376809011,-0.3912320016542665,28.013106914176436,7.561140822372899,0.9472847219492824,0.0927513482898427,9.209793248450742,1.946002077535564,22.387675831326494,-1.58794234430994
SEG_070,2020-09-27,-0.0036259469570702,-0.3377987943996248,0.4648216964428185,0.057645699140836,GOOD,-1.58794234430994,-3.5986789540652904,-1.4855150757454971,26.870181793962526,4.774556968470254,1.9302375414138264,0.2317955380623099,9.209793248450742,1.946002077535564,22.387675831326494,-2.0511571364862387
SEG_070,2020-10-27,-0.0387755761804968,0.3316532892429684,0.4097941267678081,0.2010634340948547,GOOD,-2.0511571364862387,3.1955573610723977,-1.384935581023529,339.0037873139008,8.010854756739391,2.3794516506088392,0.6976222854800992,9.209793248450742,1.946002077535564,22.387675831326494,-0.8166253462143707
SEG_070,2020-11-26,0.2073940356593478,0.4513788450989263,-0.1938860436649722,-0.0029092551261757,GOOD,-0.8166253462143707,-7.0286812549173145,-0.5377557656200866,315.44950030296974,4.973562078348111,1.9635367304134128,0.6706657132796368,9.209793248450742,1.946002077535564,22.387675831326494,0.5130957421160043
SEG_070,2020-12-26,0.1976487792092336,0.3669642229989297,0.276825511333466,0.126542884716837,GOOD,0.5130957421160043,-4.87153258672348,0.471967351389376,304.8894455976624,3.0595126855857053,1.8611463869662024,0.3223473302006721,9.209793248450742,1.946002077535564,22.387675831326494,0.5420047047911918
SEG_070,2021-01-25,0.1408087900742033,-0.2678808665085799,0.0607040458567287,0.2776616466747289,GOOD,0.5420047047911918,-5.888957849876672,-0.8629961587318069,33.38898973652982,6.069567539069372,1.968346315159742,0.087027704511575,9.209793248450742,1.946002077535564,22.387675831326494,-0.6645819467587419
SEG_070,2021-02-24,0.3528531213919335,0.201219521652198,0.5013206091428528,0.0702893767370746,GOOD,-0.6645819467587419,1.4967881771067493,-1.447100594572582,28.554094803739893,3.2667135393527005,1.653894293144039,0.12307091954384,9.209793248450742,1.946002077535564,22.387675831326494,-1.8384741736206556
SEG_070,2021-03-26,0.3372799625151923,-0.2295178840973644,-0.1280533220649228,0.1820602151927194,GOOD,-1.8384741736206556,0.3662485886668811,0.2201196898797883,17.731286589031324,4.542360430603453,1.013790546663013,0.1869318199518577,9.209793248450742,1.946002077535564,22.387675831326494,-0.4616832297740844
SEG_070,2021-04-25,0.1909433455759557,-0.3949325360394069,-0.0860134944351663,0.2365264864247124,GOOD,-0.4616832297740844,-3.375751023913049,0.3346507935416651,23.04977425847621,3.117260471637745,1.2550362516071194,0.2170967933642026,9.209793248450742,1.946002077535564,22.387675831326494,-0.401667598340224
SEG_070,2021-05-25,0.2706244984691004,0.359969542408677,-0.1620071189576905,-0.062630273396616,GOOD,-0.401667598340224,0.6229397451846115,-0.991255318697057,39.894750593381325,4.570688647056339,2.047400992263262,0.218141262923778,9.209793248450742,1.946002077535564,22.387675831326494,-0.5811555630988721
SEG_070,2021-06-24,0.267976885019507,0.4691271707968686,-0.027739995013962,0.1170926168057397,GOOD,-0.5811555630988721,-3.528669123421316,-0.2319052907496124,41.47574066168856,3.586194155314113,1.049734704144854,0.1414077536788878,9.209793248450742,1.946002077535564,22.387675831326494,-0.1644818934099606
SEG_070,2021-07-24,0.1947838901958515,0.0581900211423513,0.0188611357342265,0.0431873764771433,GOOD,-0.1644818934099606,-9.142603036098649,-0.8194133867730209,35.82058233875844,7.324097352614171,2.008114722263077,0.0822123079425981,9.209793248450742,1.946002077535564,22.387675831326494,-0.4971276184593158
SEG_070,2021-08-23,0.0667717681696258,0.0034561811805526,0.40594917404167,0.1940963552215448,GOOD,-0.4971276184593158,2.443134941773561,-0.4170282606512869,48.633026247783576,4.565112096039696,1.509232839746835,0.3000942079628083,9.209793248450742,1.946002077535564,22.387675831326494,-1.6375096959253153
SEG_070,2021-09-22,0.2942680551555048,-0.4820105378355379,0.1571238416397045,0.059159432298705,GOOD,-1.6375096959253153,-1.2324840450005272,-1.163436496817878,15.257178218654454,3.733651749030562,1.7241994605830626,0.1965752897299926,9.209793248450742,1.946002077535564,22.387675831326494,-1.8178561968943996
SEG_070,2021-10-22,-0.0599234507019237,0.0856022342427828,-0.1481042936451418,-0.0363904083591297,GOOD,-1.8178561968943996,-4.7445540865559686,0.0099639759404888,326.6641818670001,4.82135002191878,3.1679492648094643,0.776456299615738,9.209793248450742,1.946002077535564,22.387675831326494,-1.6367586651224957
SEG_071,2020-01-01,0.1970108241269166,0.2880610079574937,0.2449360820051213,0.1620497030541463,GOOD,-0.8740827873854157,2.4721291691389737,-0.6132319563663386,6.718943793292842,5.188015341773434,1.1227733727383793,0.2579524583099151,2.8339968417551527,1.44028213938496,28.74735114703446,-1.834009187304683
SEG_071,2020-01-31,0.3195717314355649,0.4628730534070167,0.0251758559590407,-0.0223178768601669,GOOD,-1.834009187304683,2.539308065739309,-0.2059681856730861,0.938152789017721,3.8527945646359454,0.7493832208668131,0.20229534987015,2.8339968417551527,1.44028213938496,28.74735114703446,-1.6050338788071703
SEG_071,2020-03-01,0.0098030106932308,-0.1292644607796108,-0.1192870223159419,0.1476747816134589,GOOD,-1.6050338788071703,-5.531820561399246,-0.5726392851226607,4.342174883796907,6.735089911353158,1.1072431244569665,0.0146621557396121,2.8339968417551527,1.44028213938496,28.74735114703446,-1.892862089580855
SEG_071,2020-03-31,0.3825452715950745,0.4317642340725407,-0.1707904516513405,0.0943414141508216,GOOD,-1.892862089580855,-4.000386229047187,-0.6995334459707547,46.1734439004538,7.986898387550432,1.765140946423733,0.0184628856329608,2.8339968417551527,1.44028213938496,28.74735114703446,0.720617202061214
SEG_071,2020-04-30,0.3351541963584687,-0.1090776824848339,-0.1034502265018196,0.1102886310613996,GOOD,0.720617202061214,-9.845149478160735,-0.3551141869192658,11.4134585347134,3.3877132058075183,1.2973119386275072,0.1741249769828231,2.8339968417551527,1.44028213938496,28.74735114703446,0.5194238067836766
SEG_071,2020-05-30,0.2295173911251616,0.3573896901527895,0.3059670083239058,-0.0177655995397603,GOOD,0.5194238067836766,-7.026589164156388,-0.6792668087085159,0.6215403388865726,9.49485276893164,1.7562921841346255,0.1888088349298237,2.8339968417551527,1.44028213938496,28.74735114703446,-0.9624172007175864
SEG_071,2020-06-29,0.1176364149886007,-0.3627831046380756,-0.1199553270349312,-0.0603432882157283,GOOD,-0.9624172007175864,3.49892282677375,-0.9245891404702636,45.76965933623381,3.5730191743234805,0.8052770665428195,0.1088782293058789,2.8339968417551527,1.44028213938496,28.74735114703446,-1.9945377399985988
SEG_071,2020-07-29,0.1616794495359519,-0.0233912099076663,0.0782009385888727,0.2674345664741154,GOOD,-1.9945377399985988,2.879795882017893,-1.0831435205036537,12.550392972083824,4.338539909127995,1.7934174054664496,0.1521621285818199,2.8339968417551527,1.44028213938496,28.74735114703446,-0.4929531517368771
SEG_071,2020-08-28,0.1142834395499974,-0.4305385613934587,-0.0049855815431982,0.0360723498466216,GOOD,-0.4929531517368771,-3.379295503373502,0.496010811426381,41.79467217856306,5.955314077122363,1.534220957003144,0.0821480403489398,2.8339968417551527,1.44028213938496,28.74735114703446,-1.1070206140719894
SEG_071,2020-09-27,-0.0086239410893009,0.3822048095516867,-0.0416719801401666,-0.012322928174447,GOOD,-1.1070206140719894,1.572434410525755,-1.344461176267528,24.810512799105886,3.7521943610112807,1.137937575739132,0.2041457162694747,2.8339968417551527,1.44028213938496,28.74735114703446,0.5942344064575096
SEG_071,2020-10-27,0.1504915812012356,-0.1112788202419915,-0.07002441880277,0.1281090431238874,GOOD,0.5942344064575096,-7.517383058488138,0.2482929422471209,338.63554356100644,4.95778499515994,2.4303528849817195,0.8053177946009452,2.8339968417551527,1.44028213938496,28.74735114703446,-0.5212546505584605
SEG_071,2020-11-26,0.1797059549682586,-0.4585375615889283,0.3193929688695775,-0.0308173590962291,GOOD,-0.5212546505584605,1.009133127268159,-0.9675591727611532,332.6418478086918,9.834022817449473,0.7784503082146748,0.1772330908465727,2.8339968417551527,1.44028213938496,28.74735114703446,-1.7272866715720872
SEG_071,2020-12-26,0.0686080792018079,0.3856363841366194,0.1335379136184353,0.27744259914135,GOOD,-1.7272866715720872,-4.137777530463823,-0.9429457450739172,316.0643543229363,6.719731009209506,1.525724787277262,0.5603044815809862,2.8339968417551527,1.44028213938496,28.74735114703446,-1.1439809919291364
SEG_071,2021-01-25,0.0101872528976037,0.0336305206839187,-0.0643347814324091,0.0709364207086293,GOOD,-1.1439809919291364,2.696449568220606,-0.2298179803704441,36.85196008304627,4.348800135977803,1.4160364647968728,0.2842851780821968,2.8339968417551527,1.44028213938496,28.74735114703446,-0.4255584103529671
SEG_071,2021-02-24,0.0379036836783538,-0.0429635714647969,0.056561364643032,0.0500705930064749,GOOD,-0.4255584103529671,-3.229416030283123,-0.1963496064689927,42.80695481278103,9.02776213977562,1.0936309378513374,0.1664268145838661,2.8339968417551527,1.44028213938496,28.74735114703446,0.3806702106509331
SEG_071,2021-03-26,0.2397182966650989,-0.1123005542530242,-0.0895439538082559,0.121381076945711,GOOD,0.3806702106509331,4.470135284455326,-1.365712875608459,32.95607838665494,9.058144372344422,0.8176334122698773,0.1493300141715635,2.8339968417551527,1.44028213938496,28.74735114703446,0.7217555106630875
SEG_071,2021-04-25,0.2044643833162388,-0.4664419297994491,-0.2461705786419105,0.0811245872836647,GOOD,0.7217555106630875,-7.495942572854684,0.1862465904652557,0.5546487037356773,6.13618554520997,1.208793931902442,0.2223055327708391,2.8339968417551527,1.44028213938496,28.74735114703446,-0.8292888613449745
SEG_071,2021-05-25,0.3188139645833501,-0.1149412541059117,-0.038949655900421,-0.0055248428483578,GOOD,-0.8292888613449745,3.234536546662973,-1.4334676066419345,44.97126379478908,3.823148948305123,1.1318928115279496,0.1573717453894808,2.8339968417551527,1.44028213938496,28.74735114703446,-0.0448648633527978
SEG_071,2021-06-24,0.1545980261476603,-0.2887259719740617,0.056722241898941,0.1578448457718837,GOOD,-0.0448648633527978,-9.666202461262415,-0.6908969659953834,35.04215210357996,9.101312154815409,0.8502864685568697,0.2545721164485088,2.8339968417551527,1.44028213938496,28.74735114703446,-0.0911844002445172
SEG_071,2021-07-24,-0.0082949890917923,-0.0896873855005759,0.4718595126855178,0.2644898223121049,GOOD,-0.0911844002445172,1.6415228412988334,-0.2713832703807253,38.55486792024252,5.616975695376708,1.5437786449086537,0.1154674043014843,2.8339968417551527,1.44028213938496,28.74735114703446,-0.609618415653322
SEG_071,2021-08-23,0.2799637531097619,0.1762527793481552,0.4275043475911501,-0.081323667206732,GOOD,-0.609618415653322,-6.921307008045787,-0.6705799221344244,15.233996391198524,8.50565184170961,1.631775368552718,0.1736047002968526,2.8339968417551527,1.44028213938496,28.74735114703446,-1.1421079716706413
SEG_071,2021-09-22,0.1518575145152914,-0.0184221343143924,0.0598244415347526,0.1967563952321845,GOOD,-1.1421079716706413,4.913853105643442,-0.8546943091130179,1.095364929676984,7.3659654043198,1.301408155229907,0.1665633440274785,2.8339968417551527,1.44028213938496,28.74735114703446,-0.1192351949103007
SEG_071,2021-10-22,0.2472346568681719,-0.4413172955635061,0.2831205269009085,0.1244137716966493,GOOD,-0.1192351949103007,1.472634979830998,-0.4098699113083099,320.07363613053934,12.78630795733821,2.2014809686437165,0.7408994908298936,2.8339968417551527,1.44028213938496,28.74735114703446,0.7930624530392147
SEG_072,2020-01-01,0.1682538924011913,-0.3402617462684358,-0.1920017689044248,-0.038432617727877,GOOD,0.0506187430540796,4.486632557612204,0.0389287800203788,38.63075070242689,3.867043344000015,0.862315671986879,0.2381716030352428,5.33521675671191,3.116977458390976,67.2903902792903,-0.8765300783415944
SEG_072,2020-01-31,0.1669467308479869,0.3223585324768611,-0.0228351209337163,0.004965809499072,GOOD,-0.8765300783415944,-5.620949101701186,-1.4395859508775648,35.8981649188161,6.73086723897232,1.8992668578993623,0.280502495824215,5.33521675671191,3.116977458390976,67.2903902792903,0.8714536803273357
SEG_072,2020-03-01,-0.0564509813689746,0.2710827159688272,0.5618771485548573,0.0209947576734061,GOOD,0.8714536803273357,-0.9774391696979504,-1.4614446295357535,14.113849162605602,8.200699363087463,1.8047341445185447,0.2393055417493916,5.33521675671191,3.116977458390976,67.2903902792903,-0.6851107919948971
SEG_072,2020-03-31,0.0901906788304984,-0.3203677753842667,0.2552372038810008,0.2278104112702853,GOOD,-0.6851107919948971,-9.970123614982022,-0.9830729067886748,30.362908739783588,3.299248633300662,2.009722414649167,0.0506855004377935,5.33521675671191,3.116977458390976,67.2903902792903,0.0008779189648573
SEG_072,2020-04-30,0.2712495743325865,-0.22206393138551,0.4077147239507874,0.2246892245242103,GOOD,0.0008779189648573,1.7421500241270564,-0.1125243354097824,41.1013021098006,2.602757481688762,1.9520038881392603,0.1683232540255621,5.33521675671191,3.116977458390976,67.2903902792903,-1.233909677417791
SEG_072,2020-05-30,0.3300161969938241,-0.4944196165623916,0.270615917736401,0.2815392632511052,GOOD,-1.233909677417791,-6.673090009637086,-1.2722044386902478,44.151409583240685,6.221631501907012,1.9841365585789608,0.2271608509190838,5.33521675671191,3.116977458390976,67.2903902792903,0.6709103544276858
SEG_072,2020-06-29,-0.0485219255849209,0.1504913855412161,-0.0726620264780827,0.2089595186141692,GOOD,0.6709103544276858,-0.127453341120832,0.3025050140905587,32.70244729183697,2.745228965793107,0.8706644782445708,0.3352786497625892,5.33521675671191,3.116977458390976,67.2903902792903,-0.1850387804925942
SEG_072,2020-07-29,-0.0427811783702895,-0.4456007857850511,0.2391693612902899,-0.0375696318976095,GOOD,-0.1850387804925942,-9.362030724480764,0.2596710033405436,10.179354262012176,6.105419852084152,1.619016114366954,0.2274699844088062,5.33521675671191,3.116977458390976,67.2903902792903,-1.5930122135929916
SEG_072,2020-08-28,0.3804699005894469,-0.4344100098739446,-0.1565993736542758,-0.0399109437206622,GOOD,-1.5930122135929916,4.188037710035491,-0.3994644258342201,32.56409945715918,8.163153725623037,2.1086870476245028,0.3122101334028129,5.33521675671191,3.116977458390976,67.2903902792903,-0.5096978299015268
SEG_072,2020-09-27,0.3732631967596364,0.1605133701164943,-0.2826835013040978,-0.0410779341568346,GOOD,-0.5096978299015268,-1.3081956320322128,-0.8222418732731125,28.247344934884723,7.132687488010278,1.3308896060878423,0.1073218531766981,5.33521675671191,3.116977458390976,67.2903902792903,-0.2381085943862744
SEG_072,2020-10-27,0.1699184492311709,-0.077017650477147,0.2331026853388596,-0.0550666906856526,GOOD,-0.2381085943862744,3.415193824270194,0.2171591238704127,308.57452519230884,5.77798285520938,1.2383936236541293,0.063320772697423,5.33521675671191,3.116977458390976,67.2903902792903,-0.1097389198315292
SEG_072,2020-11-26,-0.0332655599688294,-0.4832569193832,0.262410394907312,0.0825157912278728,GOOD,-0.1097389198315292,2.066969928357405,0.4885307985965947,321.0639615336874,7.380142682871517,1.8897319619179624,0.0825970968467869,5.33521675671191,3.116977458390976,67.2903902792903,-1.1071473707860136
SEG_072,2020-12-26,0.3015343099641133,-0.1185148087873007,0.2858646636120406,0.1567700095566563,GOOD,-1.1071473707860136,-2.1711899324729886,0.1426405142999431,324.2276485636794,2.0469574380649918,1.2046481197219725,0.3218305648127688,5.33521675671191,3.116977458390976,67.2903902792903,-0.9077185298219456
SEG_072,2021-01-25,0.2309619722159445,0.1577496837273551,-0.0315690670454826,0.1630517777112284,GOOD,-0.9077185298219456,-3.882672198488853,-1.462865284300344,4.501238815034903,9.40826846100152,2.0533306625369634,0.1389434850404218,5.33521675671191,3.116977458390976,67.2903902792903,0.4242227843376929
SEG_072,2021-02-24,-0.008680194797666,0.4094726835657665,0.2128885910377968,0.0620276207414807,GOOD,0.4242227843376929,0.5632393872885508,-1.0001488237076273,18.836126345777952,8.088360515168864,0.6006113492054544,0.2234412040730987,5.33521675671191,3.116977458390976,67.2903902792903,-1.9032784824701887
SEG_072,2021-03-26,0.0877163138920257,-0.3670423862005647,0.3883696042169447,0.175882316554602,GOOD,-1.9032784824701887,-4.67710287619689,-0.1031975930318493,21.245713627279617,6.009857282274916,0.7361963759867972,0.1535407298937126,5.33521675671191,3.116977458390976,67.2903902792903,0.5771503360669771
SEG_072,2021-04-25,0.0836083672154115,0.4416304176925223,0.311702703793656,0.2883589185567843,GOOD,0.5771503360669771,2.406035740116952,-0.9560454660594442,43.85905485557818,6.080166372465154,0.8961514658793344,0.1407941027076491,5.33521675671191,3.116977458390976,67.2903902792903,0.0652156140148763
SEG_072,2021-05-25,0.1258847206759362,-0.001587031418311,0.1659936862624794,0.010578092751116,GOOD,0.0652156140148763,-3.833291886120645,0.4981254666683898,48.0365105447073,3.846568669550868,0.8444004036465396,0.1953423694711352,5.33521675671191,3.116977458390976,67.2903902792903,-1.6583159710610826
SEG_072,2021-06-24,0.2877314166163258,0.4701560030053525,0.0669773649821685,0.1341228695919816,GOOD,-1.6583159710610826,-1.2778476278768558,-0.3661047694594175,24.23009349695988,9.29096823068377,2.016635073286245,0.2551907266045135,5.33521675671191,3.116977458390976,67.2903902792903,-1.516132147543963
SEG_072,2021-07-24,-0.0747511411036705,-0.2434277073592301,0.2443489787875962,0.0547806357876029,GOOD,-1.516132147543963,-3.839065518564485,-0.260234801041918,0.5539817302791961,5.335623049626061,0.6629625651921738,0.1123231314829341,5.33521675671191,3.116977458390976,67.2903902792903,0.8626585596286209
SEG_072,2021-08-23,0.1917034417695604,-0.3230792865965978,0.5032862909903926,0.0507821369477296,GOOD,0.8626585596286209,3.6302170779206815,0.3959660619619178,32.86521428120172,3.2345594518177325,2.2447862143332795,0.2696670899487767,5.33521675671191,3.116977458390976,67.2903902792903,0.5003490197972275
SEG_072,2021-09-22,0.1740807989535791,-0.2846637567831854,0.3763460770067677,0.1939215406103707,GOOD,0.5003490197972275,-4.0027412895883,-0.4704642375708923,35.50577815451928,5.60751847093791,1.1614762816716715,0.3354887842658188,5.33521675671191,3.116977458390976,67.2903902792903,0.6256671815709918
SEG_072,2021-10-22,0.0505539384537117,-0.2529409434288223,0.1726726804330938,-0.080457706680127,GOOD,0.6256671815709918,2.11219119855784,0.290425607681404,340.6549234863443,2.765165169678367,1.6678697796866178,0.4526387107304704,5.33521675671191,3.116977458390976,67.2903902792903,-2.006806812992447
SEG_073,2020-01-01,0.296204722318648,0.2411912355725709,0.2952014804195312,0.2411628277115694,GOOD,0.6054117087801871,0.9663378375526844,-0.3719540078831171,10.886357836618645,2.9456701884676617,0.8331233781390852,0.1730796842875764,1.8945439679974296,3.1230045255232293,74.69929601542283,-0.2752604364860585
SEG_073,2020-01-31,-0.0238471280741195,0.1355677831442392,0.1892076426973162,-0.047041895886743,GOOD,-0.2752604364860585,-1.897807147192351,-0.2111452471133323,41.64116258597442,5.069955485887687,0.9379358071236544,0.2364938445750579,1.8945439679974296,3.1230045255232293,74.69929601542283,-0.1470886112431771
SEG_073,2020-03-01,-0.0322838399676551,0.4085907117378452,-0.0034441310243588,0.2878483972234158,GOOD,-0.1470886112431771,-9.165831932583057,-1.134697091079768,16.841680866349794,3.85702002233149,1.7312702169839291,0.2472673168050677,1.8945439679974296,3.1230045255232293,74.69929601542283,0.674569603938704
SEG_073,2020-03-31,0.2043156040549628,0.3003996096723146,0.2601467300128153,0.0044075118264535,GOOD,0.674569603938704,-3.989818454708642,0.3307473948254078,28.41925171768854,9.814119984345645,1.835832348384272,0.2525035812188191,1.8945439679974296,3.1230045255232293,74.69929601542283,0.5401405567772396
SEG_073,2020-04-30,-0.083022385652978,0.4877373714544363,0.0330194127713769,0.1135792438140767,GOOD,0.5401405567772396,-8.72237405100561,-0.1822364872024158,12.300244952718742,9.481941402124056,1.5644536402084848,0.23833774903745,1.8945439679974296,3.1230045255232293,74.69929601542283,0.2833934393619552
SEG_073,2020-05-30,0.163096136713823,0.0718709478766137,0.580353673787882,-0.0388259209463129,GOOD,0.2833934393619552,3.730278879315376,-0.2160894280137959,38.56220107167202,8.796592882074428,0.5502929615900594,0.0656624092825658,1.8945439679974296,3.1230045255232293,74.69929601542283,-1.87630983561866
SEG_073,2020-06-29,0.1453762600482534,-0.3794840223280993,-0.152969882740163,-0.0097846717704381,GOOD,-1.87630983561866,-7.087432539221436,-0.1790476945240378,15.787427071638488,5.23763353210289,0.8948496997407536,0.2495403700114412,1.8945439679974296,3.1230045255232293,74.69929601542283,-1.372319567669286
SEG_073,2020-07-29,0.2211817933975095,-0.426725413677625,0.5915214097024011,0.0398447426024373,GOOD,-1.372319567669286,-8.70758510110125,-0.3488025253743656,33.162045173100616,9.727985444366247,0.9182663628540516,0.1460440808392843,1.8945439679974296,3.1230045255232293,74.69929601542283,-0.6093636340967745
SEG_073,2020-08-28,0.3179125524454885,0.0976202318238727,-0.2361156111083353,-0.0206896170507776,GOOD,-0.6093636340967745,-6.850492008817735,-1.4193704397994682,14.913499255389867,3.4707879311063925,1.1896903147947826,0.298783494391855,1.8945439679974296,3.1230045255232293,74.69929601542283,-0.7337504268262147
SEG_073,2020-09-27,0.1242769758649585,0.0499501795242258,-0.2999231159556087,0.0083734437626072,GOOD,-0.7337504268262147,-3.341028122254565,0.4175379951975508,20.799140209705147,3.0293663605729853,0.948263657178516,0.2412988831743476,1.8945439679974296,3.1230045255232293,74.69929601542283,-0.1293260061232266
SEG_073,2020-10-27,0.3424274936509812,0.1918282198678007,0.1233924289955568,0.0285411062127838,GOOD,-0.1293260061232266,-0.8754878038958722,0.0728551964643149,331.4937468745247,14.819656367237457,3.3781017085418545,0.909070409321742,1.8945439679974296,3.1230045255232293,74.69929601542283,-0.8728554204059503
SEG_073,2020-11-26,-0.0550857898469222,0.1950765195406397,0.564912251320995,-0.0334165189746678,GOOD,-0.8728554204059503,-4.7933007689054685,-0.9640309162188284,319.1763330968416,14.77280427550037,2.5055355848527525,0.9427792020179246,1.8945439679974296,3.1230045255232293,74.69929601542283,-0.0924129239289066
SEG_073,2020-12-26,0.0770088691595326,-0.4985443775034461,0.0116850561659643,0.1967950465650967,GOOD,-0.0924129239289066,2.116407501932553,-0.8580781087994944,341.7583906843855,4.08457626529029,2.6941586307490004,0.5705064245634437,1.8945439679974296,3.1230045255232293,74.69929601542283,-0.5912168880760675
SEG_073,2021-01-25,0.0244381800378759,0.1664054551495101,0.5296429511795528,-0.0812435965340958,GOOD,-0.5912168880760675,-2.908076755401548,-1.398843150063508,0.5653957232207796,3.9666396315253207,2.010942667335549,0.1095725941798401,1.8945439679974296,3.1230045255232293,74.69929601542283,0.2522702814194584
SEG_073,2021-02-24,0.3463942248812252,-0.3827703331442458,-0.0513377131056723,-0.0926500052378743,GOOD,0.2522702814194584,-0.9368952077121212,0.0769242154336462,27.29658490032379,3.425688569631272,1.8310008066670205,0.0546639092804777,1.8945439679974296,3.1230045255232293,74.69929601542283,-1.9011838722468497
SEG_073,2021-03-26,0.0913094796004006,0.2689454418444531,0.3904621567263787,0.195366247687891,GOOD,-1.9011838722468497,-2.2938772248014754,0.3306771043057399,27.199408246086136,5.194721560745996,2.0063819188883776,0.1591093844815417,1.8945439679974296,3.1230045255232293,74.69929601542283,-1.1042494744213731
SEG_073,2021-04-25,-0.0894791220870932,-0.0551839580075577,0.1864364080965728,-0.0393792945392664,GOOD,-1.1042494744213731,-0.8787925506590479,-0.8241077200987486,48.541307040041495,5.057092266230854,1.8154230449608808,0.2527985024382288,1.8945439679974296,3.1230045255232293,74.69929601542283,-1.854183345206629
SEG_073,2021-05-25,0.0018618409424085,-0.2632700104821787,0.3487496657354481,-0.047139539718367,GOOD,-1.854183345206629,-7.151897966313952,0.4709072629872373,14.999052607881683,8.800033630172313,1.3373649649963173,0.1345092108749807,1.8945439679974296,3.1230045255232293,74.69929601542283,-0.1899848364371155
SEG_073,2021-06-24,0.2843109564499244,-0.0679974519656448,-0.2616856533659234,0.1879337011723355,GOOD,-0.1899848364371155,-2.7554810800701155,0.4376424855375307,29.82904321260288,2.328210173788544,1.5406170239917407,0.0320443761485142,1.8945439679974296,3.1230045255232293,74.69929601542283,0.8673154785106264
SEG_073,2021-07-24,-0.0536717886445992,0.3390956798410847,0.4400922620555763,0.1516805913618979,GOOD,0.8673154785106264,2.9847907895994776,-1.3422784642595722,9.984607875626327,8.849270874885828,0.9976057645841596,0.1898461673716891,1.8945439679974296,3.1230045255232293,74.69929601542283,-1.5209978759929346
SEG_073,2021-08-23,0.067642882232047,-0.2243229482058821,0.004653021728914,-0.0811817218574577,GOOD,-1.5209978759929346,-4.009889523576704,-1.1270585558095636,5.965243693976991,6.751996794712411,1.145020812653171,0.0750953195559886,1.8945439679974296,3.1230045255232293,74.69929601542283,-0.2436230977246208
SEG_073,2021-09-22,0.2418720873901089,0.4877885144869403,-0.1679339489617905,0.0254157788333007,GOOD,-0.2436230977246208,-2.944243921549557,-1.4859791476123216,23.87035263775772,4.181094548902419,1.7486809375678152,0.1320246704209208,1.8945439679974296,3.1230045255232293,74.69929601542283,-0.045478008213282
SEG_073,2021-10-22,0.3792899891360078,-0.4432948465381324,0.1786403239593392,0.2566849967208849,GOOD,-0.045478008213282,3.778008107904988,0.2908000081283795,303.99641299389043,8.00572020194074,2.386732183263079,0.7303071690594023,1.8945439679974296,3.1230045255232293,74.69929601542283,-0.0334206286895318
SEG_074,2020-01-01,-0.0310660520604242,-0.1156326973909703,0.365876818307925,0.0204827458156462,GOOD,-1.7084026759821926,-2.70757282380523,-0.3889519735095508,22.421217711991687,3.728654617479415,1.4728816336456585,0.2364526397873554,5.97407118284185,4.621960535746831,36.33020835525479,-0.731146264859345
SEG_074,2020-01-31,0.306300440623737,-0.1066292730234262,-0.2626230392113033,0.0583238966426432,GOOD,-0.731146264859345,-9.87454477277049,-1.4119664113332973,36.5467017631612,9.09679541832632,0.7638526778051224,0.1795605322292982,5.97407118284185,4.621960535746831,36.33020835525479,-0.2666732024575531
SEG_074,2020-03-01,-0.0959928556388456,0.0450186624211694,-0.1913852735619687,0.243832442809211,GOOD,-0.2666732024575531,-1.1145221309812054,0.4768732363717078,2.93511294033158,7.926239445046042,1.5650345644219712,0.0711895812075915,5.97407118284185,4.621960535746831,36.33020835525479,-0.6333214479044241
SEG_074,2020-03-31,0.204155022883014,-0.1610335844898255,0.3197036071123769,0.2069570331059627,GOOD,-0.6333214479044241,-4.434588450742101,-0.5650181964618892,29.87279048810456,3.850121728030927,0.7222731021869132,0.1514943504974606,5.97407118284185,4.621960535746831,36.33020835525479,-1.6195234589859615
SEG_074,2020-04-30,0.0962115766169876,-0.4504610104614424,0.3449470451481753,0.0721531988471684,GOOD,-1.6195234589859615,4.505121200919358,-0.8023662430460534,40.73637796473591,5.943973477747724,1.0175828135017275,0.0942038146155032,5.97407118284185,4.621960535746831,36.33020835525479,0.1603678207336001
SEG_074,2020-05-30,0.3907412217191028,0.090535848973835,-0.1766440202335993,0.0276091077501475,GOOD,0.1603678207336001,4.439664587934489,-0.9369682268278928,14.26566463922294,4.635021342344824,1.5952201719968475,0.1546823852898499,5.97407118284185,4.621960535746831,36.33020835525479,-0.9504560520863878
SEG_074,2020-06-29,0.1805299018352315,0.2183662619294524,0.235718668627446,0.0391443092502667,GOOD,-0.9504560520863878,-6.829579403617212,0.2726300483788197,42.26341220847895,8.096712489734369,1.1037213640121744,0.0838352842053735,5.97407118284185,4.621960535746831,36.33020835525479,-0.6015708890541542
SEG_074,2020-07-29,0.1985589831851495,0.1858287481292685,-0.1655327475740524,0.0973293799654573,GOOD,-0.6015708890541542,-5.276540104365571,-0.6851975563185488,0.6035805622986445,9.756059754587271,1.4593655327034962,0.3008849462185774,5.97407118284185,4.621960535746831,36.33020835525479,0.5070425831309476
SEG_074,2020-08-28,0.0547984612798718,-0.0769428086989868,0.1028804541337228,0.0185330761936596,GOOD,0.5070425831309476,-7.686049480985542,-0.6568012550205349,46.07527867187002,2.1282834488798272,1.1312530799641838,0.2944124315767542,5.97407118284185,4.621960535746831,36.33020835525479,-1.9931846926588013
SEG_074,2020-09-27,0.1519839382364076,-0.4728268603160511,0.037012944068041,-0.0203808883401892,GOOD,-1.9931846926588013,-3.381713826537193,-0.1412185173357174,31.740419175895934,2.7213290585971137,1.2707307693349863,0.0288399344813993,5.97407118284185,4.621960535746831,36.33020835525479,-1.444643192889675
SEG_074,2020-10-27,0.0734305006509992,-0.0599622907334446,-0.2443454613083772,-0.0484205806873955,GOOD,-1.444643192889675,-8.87420029835528,-1.009410089392504,316.31986286773935,5.538701091239907,1.7445159121815768,0.4805284315217294,5.97407118284185,4.621960535746831,36.33020835525479,-0.4011247628569602
SEG_074,2020-11-26,0.2659614613106008,-0.1346331371829349,-0.2126335612534846,0.2246601948734342,GOOD,-0.4011247628569602,4.812709605459224,-0.5649235012602116,302.7207118717276,12.78145542503804,2.621920700277635,0.9616185006383025,5.97407118284185,4.621960535746831,36.33020835525479,0.8532955188419473
SEG_074,2020-12-26,0.2214928915068726,0.0247128429802134,0.2180209046480459,0.0591438515029168,GOOD,0.8532955188419473,4.050941165575113,0.1952248024717695,320.23078671870246,3.718464638572049,1.1550504200120075,0.2409964757516092,5.97407118284185,4.621960535746831,36.33020835525479,-0.0437149617434044
SEG_074,2021-01-25,-0.0025958557385698,-0.1777308604606757,0.2465458955273518,0.0055372614479102,GOOD,-0.0437149617434044,-3.099908970744752,-0.406122759657419,0.3457786046919653,7.493318228048528,0.7952556330860829,0.125743720171765,5.97407118284185,4.621960535746831,36.33020835525479,-0.3981060870237978
SEG_074,2021-02-24,0.2730460170435345,-0.0217313032778727,0.1266430208173392,0.1924146267435019,GOOD,-0.3981060870237978,-6.334590182951985,-1.4880416571243005,32.11945187310189,6.509295593834435,0.8430685604797918,0.1595559801979913,5.97407118284185,4.621960535746831,36.33020835525479,-0.23213549295871
SEG_074,2021-03-26,0.0209477529563526,-0.3103462766832944,0.435641742715916,0.1760812929465418,GOOD,-0.23213549295871,-2.8141302377691764,0.0722679597528628,6.663071069990584,6.524179279702394,1.9639111295555256,0.1270170281084945,5.97407118284185,4.621960535746831,36.33020835525479,0.4424396393131085
SEG_074,2021-04-25,0.3342885895098411,0.4215593794984474,-0.01005598667215,0.205234626423912,GOOD,0.4424396393131085,4.021569803792348,0.2915390426538988,23.009466519974936,6.938492110935821,1.4065762315208354,0.0437532326685218,5.97407118284185,4.621960535746831,36.33020835525479,0.1462563638450415
SEG_074,2021-05-25,0.1366988804878524,-0.2632429106388282,0.5397468413278292,-0.0362185382132698,GOOD,0.1462563638450415,3.011992872299375,-0.1965888717667556,2.33670478189762,3.9063877872234887,0.8396764919776846,0.1415003941138946,5.97407118284185,4.621960535746831,36.33020835525479,0.3699925270429814
SEG_074,2021-06-24,0.3957876540725417,-0.4347413374239219,0.2551626039297057,-0.0088187224830825,GOOD,0.3699925270429814,-2.2560146139301027,-0.9133298376455888,10.62089091596281,4.375379472651721,1.5903092382952502,0.1611479415625058,5.97407118284185,4.621960535746831,36.33020835525479,-1.08928075901331
SEG_074,2021-07-24,0.3447289951447692,-0.4909072086237712,0.3054010647158642,0.0325597698088833,GOOD,-1.08928075901331,-8.738444410831965,0.1854822526682764,34.50217781294007,3.014701837104508,1.2936145286717171,0.2670111472091995,5.97407118284185,4.621960535746831,36.33020835525479,0.8339383462894777
SEG_074,2021-08-23,0.1182087546899691,0.1897261858683214,0.260102159250498,-0.019304196384209,GOOD,0.8339383462894777,-8.135243464694792,-1.4924396467712373,41.61691382279532,8.308819370528816,2.1540482155846457,0.1134993090217122,5.97407118284185,4.621960535746831,36.33020835525479,0.7253603291989299
SEG_074,2021-09-22,0.2867284087775947,-0.0675040334992468,0.2628751319068349,0.2116330479101772,GOOD,0.7253603291989299,-2.608552971921827,-0.5651211669018548,10.917196498718868,9.51386756154491,1.1831413910074249,0.1699513877237976,5.97407118284185,4.621960535746831,36.33020835525479,-2.2650902621709257
SEG_074,2021-10-22,-0.0831150436589806,-0.1015742391213098,0.5357218084399697,0.1920453026239349,GOOD,-2.2650902621709257,2.0398251089770163,-1.4931019811729287,327.9255845999368,2.418879582765114,2.467365072045748,0.5667853834858835,5.97407118284185,4.621960535746831,36.33020835525479,-2.05273830125345
SEG_075,2020-01-01,0.279305382694393,0.0063395512625907,0.0852248699076382,0.068099198155761,GOOD,-0.9335734774964018,3.890055865319857,0.1837147165230888,21.484996315243265,3.2792082437153693,1.9534515788600983,0.1247409059581003,3.0673620490415017,3.409447775596518,86.85421528989734,0.3882340461941
SEG_075,2020-01-31,0.3024251271350556,0.1623597367265216,0.0211471592699248,0.238779806476415,GOOD,0.3882340461941,-3.9469000082792896,0.4103990613738226,13.118607530692316,5.292984350259811,0.7683958433602069,0.1795093941696657,3.0673620490415017,3.409447775596518,86.85421528989734,-1.373958556269747
SEG_075,2020-03-01,0.1975063044045165,0.1456888734266007,-0.1120208003071065,0.1090874490896209,GOOD,-1.373958556269747,-1.1938811429981726,0.0401493097950949,33.9695567207058,7.988492880720818,1.8648705984543985,0.1843760194329103,3.0673620490415017,3.409447775596518,86.85421528989734,-0.8024633720262387
SEG_075,2020-03-31,0.1990784599989409,-0.4226131941550415,0.2388678872771957,0.1824262812915029,GOOD,-0.8024633720262387,-1.160840346653817,-0.2595582919009915,15.74970327834323,4.508661569011571,2.1370085345361067,0.2541812454164101,3.0673620490415017,3.409447775596518,86.85421528989734,-1.4306088364385587
SEG_075,2020-04-30,0.0037685727436931,0.3235460550855541,0.3975697955873158,0.0746074417132105,GOOD,-1.4306088364385587,-8.023178903911088,-1.055136531958585,29.52388013052192,9.145506345093608,0.9723181833392308,0.148238572011023,3.0673620490415017,3.409447775596518,86.85421528989734,-0.0902614314387253
SEG_075,2020-05-30,0.1928619150217203,0.4345603650847084,0.1803007060663656,0.1603666069347555,GOOD,-0.0902614314387253,3.653442573286153,-0.8409113941204869,14.415832073384848,9.462285002436294,1.1294080637129975,0.1182328937091319,3.0673620490415017,3.409447775596518,86.85421528989734,0.5570527038181107
SEG_075,2020-06-29,-0.008773751240015,-0.0495699760545985,0.3671812581204668,0.2950840977406689,GOOD,0.5570527038181107,-7.937939959434525,-1.1137828854229983,29.578918953302896,6.248436314058244,2.153051620614322,0.2997778850142584,3.0673620490415017,3.409447775596518,86.85421528989734,-0.6467316640741587
SEG_075,2020-07-29,0.3133554469403017,0.4291439550889651,-0.1545461363575819,0.0590766689632309,GOOD,-0.6467316640741587,-2.4397642132546817,-0.5166096528736654,42.36223716787688,8.194809943508325,1.4096017329474215,0.2298260800589487,3.0673620490415017,3.409447775596518,86.85421528989734,-0.0410833387116815
SEG_075,2020-08-28,0.1251256127873792,0.1429600234779433,0.2840383897332174,-0.0768765707915193,GOOD,-0.0410833387116815,4.587966857234395,-0.9197538037986676,19.396642044989964,2.39580716993926,1.5977998353359422,0.2180927841295464,3.0673620490415017,3.409447775596518,86.85421528989734,0.2227873568895066
SEG_075,2020-09-27,0.2616683231868514,0.0755345496716634,0.0330700931007611,0.0223789378033239,GOOD,0.2227873568895066,-1.3756839633593287,-0.4270396981765849,43.49202102740775,4.168148958171308,0.6167235330396938,0.1678781909985744,3.0673620490415017,3.409447775596518,86.85421528989734,-1.6792637002722062
SEG_075,2020-10-27,0.2433492647253825,0.123532140771594,0.2106321111138158,0.2187119048441069,GOOD,-1.6792637002722062,0.1740613067422014,-1.0171162490387975,300.1853651763186,6.967163911943438,2.9081209303731,0.4430841757578491,3.0673620490415017,3.409447775596518,86.85421528989734,-0.9459432225746692
SEG_075,2020-11-26,-0.0403349010247912,0.3394106964990738,-0.2465814231594124,0.2520227794072296,GOOD,-0.9459432225746692,-4.237133741292051,-1.2351830600588172,304.9478226969744,4.5812121842103375,2.6412454812672266,0.4624681527399397,3.0673620490415017,3.409447775596518,86.85421528989734,0.4988738927431992
SEG_075,2020-12-26,0.1031760176684083,-0.2222169464040997,0.1493360169154309,0.2707156196914271,GOOD,0.4988738927431992,-5.16289450290297,0.0032157563961896,317.9236962975813,5.948259672645632,2.0185818001622846,0.7407195973372722,3.0673620490415017,3.409447775596518,86.85421528989734,-1.012741109609362
SEG_075,2021-01-25,0.1154766964711143,-0.4942791312422708,-0.2529271956699093,0.1095099581671083,GOOD,-1.012741109609362,1.8034474338548223,-0.6701501934475211,26.54772432738397,3.062339323232778,1.6268463058347915,0.1122451750151803,3.0673620490415017,3.409447775596518,86.85421528989734,0.5432522413831073
SEG_075,2021-02-24,0.0764501119231953,-0.1749038911870765,-0.1614843751667993,0.256709644963407,GOOD,0.5432522413831073,-6.099818415711326,0.0396804587884567,29.43642087713716,5.778475459394059,1.1100484234128387,0.0950997687991963,3.0673620490415017,3.409447775596518,86.85421528989734,-2.033837315780243
SEG_075,2021-03-26,0.000858242070641,0.0292836681495299,0.5209344095063921,0.2992446196848172,GOOD,-2.033837315780243,1.6329725347512802,0.1729947972040981,41.029111843538274,8.938103797548804,1.9344966808599209,0.226211873421714,3.0673620490415017,3.409447775596518,86.85421528989734,-1.2924896624897892
SEG_075,2021-04-25,0.1041046291365692,-0.4544181310989195,0.259989849988141,0.2239561228055054,GOOD,-1.2924896624897892,3.744604499507034,-0.4746109151395001,20.560611807094197,3.386867764307389,2.079303013075813,0.2198899464718138,3.0673620490415017,3.409447775596518,86.85421528989734,0.6130998028805501
SEG_075,2021-05-25,0.2057317612166869,0.0346741096924158,-0.2726428830265452,0.1434853308703275,GOOD,0.6130998028805501,1.2006137224841638,-1.0748176683617412,33.39867129116744,2.096927916042911,1.6746415321984176,0.1353558243791154,3.0673620490415017,3.409447775596518,86.85421528989734,-0.3547980452166544
SEG_075,2021-06-24,0.1378151960535967,-0.0152090648710239,0.4601703616035469,0.2285076436261054,GOOD,-0.3547980452166544,-2.69532001000686,0.1813992749562258,16.831767927867407,3.2228525611900487,1.2325582452657418,0.1737365836627784,3.0673620490415017,3.409447775596518,86.85421528989734,-1.4249921798641
SEG_075,2021-07-24,0.0351509002097948,-0.4868174843577735,-0.0140041401763583,-0.083105056095008,GOOD,-1.4249921798641,1.302665148311183,-0.7447183616192332,34.56508014058433,4.393240987530775,1.4198553741297213,0.2590124426807091,3.0673620490415017,3.409447775596518,86.85421528989734,-2.0007881184471654
SEG_075,2021-08-23,0.1491326802977167,0.1391582858066321,-0.0995051874538253,0.0004859110022502,GOOD,-2.0007881184471654,-4.948264332360256,0.1567740533938602,38.06341795195147,2.3612591111872083,1.716006398220612,0.1781251833715799,3.0673620490415017,3.409447775596518,86.85421528989734,-1.8839733426826475
SEG_075,2021-09-22,0.2084956267884919,-0.2297351498369957,0.2856062507981184,0.2234968777198,GOOD,-1.8839733426826475,-6.50097575380129,-1.3199534512493876,45.56737859936288,6.80371689647181,1.711493767773799,0.0933984340643378,3.0673620490415017,3.409447775596518,86.85421528989734,-2.0175762707232616
SEG_075,2021-10-22,0.3207658427618606,-0.4824377635967446,-0.1279111805562257,0.0248715613888646,GOOD,-2.0175762707232616,-8.55446440389141,-0.0117964380976782,333.2493947669254,5.769319908958837,1.8596189310865687,0.3163485106895429,3.0673620490415017,3.409447775596518,86.85421528989734,-1.0287490671068995
SEG_076,2020-01-01,0.3368959717319599,0.1963313707284848,0.4253828148827237,0.0105814817727243,GOOD,-0.3524841613407886,-7.612397419881907,-0.2065943216315944,10.989154937980794,9.768592351168408,1.4005994778476047,0.249987784115709,7.377133438190788,4.211585401529311,32.000000615945346,-0.7760894451761711
SEG_076,2020-01-31,0.1743180967001016,0.2164315106176627,0.3810696061846298,-0.033701460184912,GOOD,-0.7760894451761711,-2.791516636401168,0.3561835812979002,10.489348358905676,8.794452248942266,1.3094166560302176,0.1976538920112626,7.377133438190788,4.211585401529311,32.000000615945346,0.005751564495785
SEG_076,2020-03-01,-0.0091033494344935,0.0903554872694345,0.2914829177405371,0.1568966177545732,GOOD,0.005751564495785,-4.427043002962391,0.463452023446018,26.48155313854029,9.14818023432666,1.8001139946031135,0.1551796604144073,7.377133438190788,4.211585401529311,32.000000615945346,-1.030408058506093
SEG_076,2020-03-31,0.0474505244901008,-0.3533185877922625,0.0433363246991918,0.0447255278280445,GOOD,-1.030408058506093,-5.313860951253833,-0.2542849101311064,29.68599007873817,2.1872286160924546,1.3308738004536116,0.1106569468307966,7.377133438190788,4.211585401529311,32.000000615945346,-0.5055910312272416
SEG_076,2020-04-30,0.2624663581863482,-0.2799364056157815,0.126381467335987,0.0801239896555954,GOOD,-0.5055910312272416,-1.3109272315753788,0.4613920472786481,44.19517337205365,3.823991922827145,1.5723715098601134,0.1360045817863175,7.377133438190788,4.211585401529311,32.000000615945346,0.6151721442305792
SEG_076,2020-05-30,0.3062756962946654,0.2629102615899876,0.0855719535404634,0.2295688249848267,GOOD,0.6151721442305792,0.7170103723726591,-0.2446252310609482,22.40104975388527,7.368790560279606,1.3426484644727683,0.1677298120152339,7.377133438190788,4.211585401529311,32.000000615945346,-0.83628526445824
SEG_076,2020-06-29,0.190462483923736,0.2032669429443038,-0.2364588129192001,0.2164246721421779,GOOD,-0.83628526445824,-5.290597046106175,-1.0949499071635542,26.24156589708996,9.910663355502075,2.211563820958089,0.2664381305844924,7.377133438190788,4.211585401529311,32.000000615945346,-1.0042044328078068
SEG_076,2020-07-29,-0.0801042272039021,-0.0475669745434301,-0.1108821532391607,0.1056753339359429,GOOD,-1.0042044328078068,-9.027970546438665,-0.5117749929051376,2.903906836296,6.648247081190344,1.304116919182896,0.297403679723914,7.377133438190788,4.211585401529311,32.000000615945346,-1.285486925540407
SEG_076,2020-08-28,0.2135937578626221,-0.3323517337069882,0.4440968058626001,-0.0159608468248607,GOOD,-1.285486925540407,-2.3241034772291176,-0.6779501705562618,26.25618130820026,8.88995642397133,2.2440694735215923,0.2589864639174233,7.377133438190788,4.211585401529311,32.000000615945346,0.7671031809364447
SEG_076,2020-09-27,-0.0245311608992691,0.0936778217490621,0.3131328850827869,-0.0278373178407064,GOOD,0.7671031809364447,1.7952690274901784,-0.2947455193421646,31.60174185399882,4.669917091025575,0.7917611193096821,0.239473784373252,7.377133438190788,4.211585401529311,32.000000615945346,-1.112511739193503
SEG_076,2020-10-27,-0.022656849293417,0.0670724335837414,0.4102004631312066,0.109197898636983,GOOD,-1.112511739193503,-0.1650510224545769,0.024835886035732,325.53717783354824,3.070520807235201,2.806277813310667,0.5672294485965267,7.377133438190788,4.211585401529311,32.000000615945346,-2.134283374132904
SEG_076,2020-11-26,0.3577041879362984,-0.1119760296101226,0.3843826075258011,0.2862896162152009,GOOD,-2.134283374132904,-8.223674552842008,-0.5906368108669462,306.5977585388147,5.8483810889325,1.6970105089120957,0.5017308505954591,7.377133438190788,4.211585401529311,32.000000615945346,-0.2055502607490779
SEG_076,2020-12-26,0.2033476914967058,-0.2690322307951472,-0.0525891384872782,0.1825760409575131,GOOD,-0.2055502607490779,2.743060302360975,-0.1772941156657315,330.3735971086175,5.632971341688647,1.3445747231727398,0.4528674103756247,7.377133438190788,4.211585401529311,32.000000615945346,0.3443979110326233
SEG_076,2021-01-25,0.145414899021028,-0.0397583357167804,0.2527650860875034,0.2449008808093201,GOOD,0.3443979110326233,2.975468772495512,0.4930874403478857,9.55044602540106,4.83450589719516,1.1868320717528,0.167151395713414,7.377133438190788,4.211585401529311,32.000000615945346,0.5953314403477955
SEG_076,2021-02-24,0.2698675375489939,0.2659421575874723,0.4558779077593455,0.1632800665461955,GOOD,0.5953314403477955,-8.497749344679944,-0.8414608040412723,31.60628081959042,7.450764467964034,1.8283512985101928,0.1587571282163555,7.377133438190788,4.211585401529311,32.000000615945346,-0.0640012500565585
SEG_076,2021-03-26,0.0787381996474354,0.143707454902039,0.1723178463473693,0.1471469241485121,GOOD,-0.0640012500565585,1.0872604574237403,-0.4668434221469097,35.545417227658625,4.241253510916681,0.9290960355092828,0.218339824688499,7.377133438190788,4.211585401529311,32.000000615945346,-0.6007182583273799
SEG_076,2021-04-25,0.0046182889665313,0.4718585839595638,-0.0197730142064224,0.023427509927046,GOOD,-0.6007182583273799,-9.228906074382287,0.3394924506777628,5.120136496626859,3.2190750799303647,1.0438729232670612,0.2110914498913209,7.377133438190788,4.211585401529311,32.000000615945346,-0.1489147740224539
SEG_076,2021-05-25,-0.0753902174590077,-0.0994036530274589,0.5914321556655513,-0.054467665182652,GOOD,-0.1489147740224539,-4.096840640254078,0.3687876578635627,26.690750793270944,2.5971822585853683,0.6852933646328873,0.1794066764691114,7.377133438190788,4.211585401529311,32.000000615945346,-1.3914718506547996
SEG_076,2021-06-24,0.1251671240400901,-0.0535913144221392,-0.251906866682028,0.2529920582238544,GOOD,-1.3914718506547996,4.602840986388156,0.1085931178626078,31.37815306596816,4.85728397526453,1.6199037588161855,0.1932155485602958,7.377133438190788,4.211585401529311,32.000000615945346,0.3605756541278261
SEG_076,2021-07-24,0.1872524887703554,-0.2065555451457223,0.5234814903524092,0.2958703047987894,GOOD,0.3605756541278261,-3.651123450067353,0.2124495569955251,47.68894214114663,8.515228213170108,0.9901211644502064,0.1997981100023608,7.377133438190788,4.211585401529311,32.000000615945346,0.5923408716601132
SEG_076,2021-08-23,0.0596490013590672,-0.2813702094675414,0.1487482097404354,0.1647620684156197,GOOD,0.5923408716601132,-4.673991473508013,0.3898065760466376,18.30257417746112,7.651347811043053,0.7941354650809789,0.2035564178136372,7.377133438190788,4.211585401529311,32.000000615945346,0.2551335909544475
SEG_076,2021-09-22,0.2312731923132473,-0.2664785749877946,0.1581395615201631,0.2846927659498461,GOOD,0.2551335909544475,-6.8743403951819575,-1.4245082715644666,28.246743541161106,2.709825893129511,1.6065598637711551,0.2914509255037643,7.377133438190788,4.211585401529311,32.000000615945346,-2.059533693078191
SEG_076,2021-10-22,0.2212664803999565,0.4959297688427978,-0.0959082133771835,-0.0299798628685298,GOOD,-2.059533693078191,2.8180465466527505,-0.0272239838116126,303.4486284665727,4.775675810982513,2.9320768191667925,0.6370198688874216,7.377133438190788,4.211585401529311,32.000000615945346,-1.4166281024538188
SEG_077,2020-01-01,0.1435280839641942,0.240723676472092,0.5310137311829553,0.1439037415829437,GOOD,-0.8180734580143179,-3.370698243051315,-0.8266597835253489,47.41522936581148,9.180478761529017,0.984015099862777,0.2803333723481485,5.936868022300284,2.769369809246314,65.03017401868931,-1.7438033325424396
SEG_077,2020-01-31,0.175905698805322,0.1455304312268582,0.5485127334148534,0.2564961343956995,GOOD,-1.7438033325424396,1.8160345885762796,-0.900296213659985,13.672870646285384,5.836101733839748,1.7103715133656294,0.0764330434156486,5.936868022300284,2.769369809246314,65.03017401868931,-1.981588511300702
SEG_077,2020-03-01,0.3086492157073791,-0.2966043375879911,0.138168063981646,0.0798993953698919,GOOD,-1.981588511300702,4.9433572361388975,-0.3170173345451819,35.948277957524574,3.0029994568833427,1.3439216243846823,0.2274153766647552,5.936868022300284,2.769369809246314,65.03017401868931,0.7855375210500314
SEG_077,2020-03-31,0.3855467163074105,0.270650535331948,-0.2741953802800403,-0.0393749403215874,GOOD,0.7855375210500314,-0.4837765155865767,0.4384888400558164,37.4550644418486,6.601103766322672,1.8674827536512868,0.2364014782014063,5.936868022300284,2.769369809246314,65.03017401868931,-1.7125741505575696
SEG_077,2020-04-30,-0.0417124705097442,0.3906916990027398,0.0740545082047612,0.0809679551711073,GOOD,-1.7125741505575696,1.1938232977934824,0.4798953595085125,20.69314697217471,9.620372002003164,0.829911511273612,0.3305435864078689,5.936868022300284,2.769369809246314,65.03017401868931,-1.6713787157767577
SEG_077,2020-05-30,0.3576353029925759,-0.2221151577391023,0.4301769551270968,0.2686877460243452,GOOD,-1.6713787157767577,2.73544443826604,-1.2439881245249584,34.00246862282916,9.830786718140851,1.2016395023334052,0.2371334976845129,5.936868022300284,2.769369809246314,65.03017401868931,-1.3418401616359292
SEG_077,2020-06-29,0.3498221873811172,-0.2912432273835091,0.0939463106897051,0.0693506883195839,GOOD,-1.3418401616359292,-3.685359639500588,-0.7838331517994857,37.0184697270935,2.7502987667532546,1.8122135714252103,0.1291924895794141,5.936868022300284,2.769369809246314,65.03017401868931,-1.952034447078614
SEG_077,2020-07-29,0.2178323518649827,-0.2239218219052816,0.0632448554655005,0.0097391256504228,GOOD,-1.952034447078614,-7.536931237806892,-1.009373534070491,42.917341496967474,2.501336899871898,1.0870273116013949,0.1314742318209135,5.936868022300284,2.769369809246314,65.03017401868931,-1.705918636133311
SEG_077,2020-08-28,0.3408410463749241,-0.3598875040668718,0.4281035299539916,0.2254224480764464,GOOD,-1.705918636133311,-4.244048493392816,-0.5207674838362948,6.4120342506505725,3.745482269912026,1.495616081733608,0.2141383989123446,5.936868022300284,2.769369809246314,65.03017401868931,-0.2877269111551763
SEG_077,2020-09-27,0.3522979506956258,-0.1186078124223061,0.2511064966792993,0.0339420359015912,GOOD,-0.2877269111551763,-7.630739103329319,-1.1345845984523355,34.265455021959404,5.0050327688937095,1.9638796462721224,0.2194512317787599,5.936868022300284,2.769369809246314,65.03017401868931,0.2937446820645876
SEG_077,2020-10-27,-0.0775094016405723,-0.2836681088261751,0.4724834983935325,0.2171251234985774,GOOD,0.2937446820645876,-5.1493544128745645,0.4456054743960591,337.1475550538233,4.6761804427668485,1.1925799459861437,0.3833057275566362,5.936868022300284,2.769369809246314,65.03017401868931,-1.336689176342318
SEG_077,2020-11-26,0.3683955750681287,0.4685438593557937,0.4015387971676405,0.2701438387732089,GOOD,-1.336689176342318,-1.7601025403294503,-0.5377777197855438,309.0283969541807,9.284839721676333,1.259613264519582,0.1667877400333642,5.936868022300284,2.769369809246314,65.03017401868931,-1.100499359398104
SEG_077,2020-12-26,0.0206001675006079,-0.2665748516760418,-0.0725781535160817,0.0444788821816245,GOOD,-1.100499359398104,1.0840567233886382,-1.3326159063906766,334.331887022481,4.3392857062971375,2.6818318985925327,0.4048209687735308,5.936868022300284,2.769369809246314,65.03017401868931,-0.2403432118873835
SEG_077,2021-01-25,0.0303571823860789,0.2816676764813081,0.1121895937128723,0.1068234487371346,GOOD,-0.2403432118873835,-5.247772461139829,-1.3729446808395822,43.74242860384422,2.064617829889848,0.5580640108922644,0.0792933311715427,5.936868022300284,2.769369809246314,65.03017401868931,0.0707091774115579
SEG_077,2021-02-24,0.1477735565998833,-0.0645532725384393,-0.2147172766741402,-0.022272330368258,GOOD,0.0707091774115579,2.065867450905136,-0.4959030888736502,2.988727055454726,7.784693282646551,1.4014144167077525,0.2320234757600107,5.936868022300284,2.769369809246314,65.03017401868931,-1.3220575320109689
SEG_077,2021-03-26,0.0030652134951096,-0.4156922673838401,-0.2171107095145668,-0.07403083369085,GOOD,-1.3220575320109689,-2.7792837245545527,-0.6748944048459793,31.565366724090534,9.562308537971242,0.5564828541400715,0.1734102186532605,5.936868022300284,2.769369809246314,65.03017401868931,-1.0475111177947016
SEG_077,2021-04-25,0.1280538011242367,-0.45466268349335,0.3042491962376999,0.152344723118858,GOOD,-1.0475111177947016,-5.482115507624234,-0.8386630302520679,22.70707593819109,2.4230323080149976,1.4945187236472288,0.1427581627322535,5.936868022300284,2.769369809246314,65.03017401868931,0.4256767671568636
SEG_077,2021-05-25,0.3318624229275202,0.3219681425257477,0.290891130105632,-0.0022435518369146,GOOD,0.4256767671568636,-8.91847002815965,0.3841314057004146,8.960292751613535,7.944367837677952,0.5192759079000483,0.007016009043193,5.936868022300284,2.769369809246314,65.03017401868931,-0.0773728485806019
SEG_077,2021-06-24,-0.0728850827179123,0.458937633799035,0.0885634920511457,0.0340962528491222,GOOD,-0.0773728485806019,4.1357136147250095,0.3199072285797386,0.943344337970059,4.611527437896277,1.8202880753968147,0.0631897247500669,5.936868022300284,2.769369809246314,65.03017401868931,-1.96408549770912
SEG_077,2021-07-24,-0.0520811837566044,0.2882613402113507,-0.2754223528255206,0.0635430648338783,GOOD,-1.96408549770912,-5.274443580725655,-0.9878108900821434,36.92676707685866,6.531118401388377,0.8250001466378813,0.3151648568159005,5.936868022300284,2.769369809246314,65.03017401868931,-1.633129195748268
SEG_077,2021-08-23,0.3464182266959874,-0.294193336003985,0.3661697087241418,-0.0437401916720718,GOOD,-1.633129195748268,-7.950548871098979,-1.4252834911419876,49.560690045176486,3.856857470814046,2.1266906995357964,0.0903855951483862,5.936868022300284,2.769369809246314,65.03017401868931,-0.0767192684123626
SEG_077,2021-09-22,-0.0764042296542293,-0.1222192783665795,0.289513539707498,-0.0617576838705531,GOOD,-0.0767192684123626,-0.7907616618080056,-1.407285841549391,3.776282487016835,8.065317404731186,1.1499746648350204,0.1677237349002905,5.936868022300284,2.769369809246314,65.03017401868931,-0.9753162706037422
SEG_077,2021-10-22,-0.0494856253547851,-0.2721750762928847,-0.1431216155942121,-0.0273858144372011,GOOD,-0.9753162706037422,4.592862589293388,0.0932141425412482,307.91619317354895,7.863499259811929,1.3284987893332147,0.3453824954679946,5.936868022300284,2.769369809246314,65.03017401868931,-1.3106571176804025
SEG_078,2020-01-01,0.1916716260863675,-0.1433907579815595,0.093538868243387,0.0815268267293494,GOOD,-0.0629053813246165,-0.6234643342073198,0.2339392128727551,12.125148354741894,7.294968102744127,1.6170926994052548,0.2417665103207752,4.579288306359971,1.4113511722680283,74.54231087454316,-1.0139096624933888
SEG_078,2020-01-31,0.1359488562881108,-0.2679466578646646,0.0642892722141389,0.2097588124636267,GOOD,-1.0139096624933888,-7.336545326119794,-0.7327033284032873,47.99080170850611,4.967410493735916,1.0697122126282228,0.1977880417761207,4.579288306359971,1.4113511722680283,74.54231087454316,0.5902612214531764
SEG_078,2020-03-01,0.2820153023944253,-0.1099132749405416,-0.1580645506623481,0.2150136835762508,GOOD,0.5902612214531764,-2.3365448347577464,-0.2608229530435446,20.827784171882683,4.401170438839578,1.0069059849103457,0.1993530270203342,4.579288306359971,1.4113511722680283,74.54231087454316,0.5975234314998744
SEG_078,2020-03-31,0.0246067971152058,0.348996017736233,0.328172274185591,-0.036298417185117,GOOD,0.5975234314998744,1.6618204480889478,0.3979444544135766,46.19019730563609,5.150453474182023,1.7273083341445126,0.192500496817627,4.579288306359971,1.4113511722680283,74.54231087454316,0.2518615758458765
SEG_078,2020-04-30,0.1805965080133088,0.1987421116933209,0.3297387483219803,0.0630888525464588,GOOD,0.2518615758458765,3.210441742003601,-0.3468265302264055,44.411322600798265,7.983501330008605,0.8663695053592733,0.0945998135866707,4.579288306359971,1.4113511722680283,74.54231087454316,-1.7813050512555475
SEG_078,2020-05-30,0.2774891085545949,-0.1117427312295575,0.5314010533180176,-0.0397061815923147,GOOD,-1.7813050512555475,-2.8776839656610544,-1.1866915428496356,22.88332874454978,7.158890408148893,2.265330889153117,0.3359057324561104,4.579288306359971,1.4113511722680283,74.54231087454316,-1.2146370755885303
SEG_078,2020-06-29,0.1735261430264273,-0.275394452184576,-0.0556918956991119,0.2760744650940555,GOOD,-1.2146370755885303,-1.772068553210392,-0.4995774217086599,21.458295079451428,7.350047086343237,0.8371799705144518,0.2761499166511077,4.579288306359971,1.4113511722680283,74.54231087454316,-0.1915962908254369
SEG_078,2020-07-29,0.1691999530312231,-0.2039648997373375,0.1233500244558894,0.155566192377699,GOOD,-0.1915962908254369,1.2807613487637255,0.0178339860793796,39.36638893830516,2.617311681227717,0.8015908131302785,0.235016247047762,4.579288306359971,1.4113511722680283,74.54231087454316,-1.4771784738504847
SEG_078,2020-08-28,0.1500465329114437,-0.3984938905116065,0.5072434909898815,0.1061076213591655,GOOD,-1.4771784738504847,-3.07143042738909,-1.441546138452841,1.1560713861520522,8.451224458707525,1.480500031074392,0.1837176481127786,4.579288306359971,1.4113511722680283,74.54231087454316,-0.4382366271948783
SEG_078,2020-09-27,-0.0169769146479087,0.3300976512824497,-0.2963397640832784,-0.0618324748460362,GOOD,-0.4382366271948783,-3.645815683768888,-0.5360528832834088,27.694522181092186,7.692628027146994,1.5225100623131504,0.1034324490122559,4.579288306359971,1.4113511722680283,74.54231087454316,-1.171262068944322
SEG_078,2020-10-27,0.1869204178750754,-0.3821753700687371,0.5812909559178163,0.2916182943745702,GOOD,-1.171262068944322,-7.053110309822122,0.036427472499761,339.14986132579327,5.536172532848154,2.239746284001835,0.714021248189159,4.579288306359971,1.4113511722680283,74.54231087454316,-0.3115704930012055
SEG_078,2020-11-26,0.2743326275726877,0.4914950417827638,0.2695511866212114,0.0554401661230563,GOOD,-0.3115704930012055,-4.832909880133053,-0.6890810250473796,345.85805453954066,8.530039346089834,2.3399843907230635,0.6984018241236367,4.579288306359971,1.4113511722680283,74.54231087454316,-1.279139036912929
SEG_078,2020-12-26,0.3302872896437561,0.0886311727062549,0.5093504568227951,-0.0954607361101163,GOOD,-1.279139036912929,-1.4101384287031955,-0.4887457810866751,333.24718888101125,14.947806815372084,2.5262514013233908,0.8730044093041551,4.579288306359971,1.4113511722680283,74.54231087454316,-0.7157580965934761
SEG_078,2021-01-25,0.0916338530130881,-0.2078683632078993,0.1141481263904873,0.1481687528192938,GOOD,-0.7157580965934761,0.0835239543290597,-0.6766121732901331,44.45033950757381,3.7935711275607833,1.2739611997859757,0.2324190095659675,4.579288306359971,1.4113511722680283,74.54231087454316,-1.920666463447528
SEG_078,2021-02-24,0.3779662802429102,-0.3925638260706644,0.014913914402876,0.2093429463244057,GOOD,-1.920666463447528,-3.9797184121529767,-0.0631693862840756,28.38432401479481,4.176869257174825,1.3907963618098402,0.1575415585015029,4.579288306359971,1.4113511722680283,74.54231087454316,-0.0104797271019413
SEG_078,2021-03-26,0.0132107050404839,-0.2278246285612671,-0.0552928366221506,0.0904952166010197,GOOD,-0.0104797271019413,2.498461397219208,-0.186417075990027,10.25592496879304,7.485209123708723,1.3327401792237443,0.0330867851334762,4.579288306359971,1.4113511722680283,74.54231087454316,0.8604811819711614
SEG_078,2021-04-25,0.1816758772190484,0.2971424362909446,-0.0612280228752656,0.1913481594982038,GOOD,0.8604811819711614,2.9746283703476597,-0.5127523899004545,10.82550623927162,2.5913074609026614,0.8948042973374902,0.1161752521269925,4.579288306359971,1.4113511722680283,74.54231087454316,-0.037289681963114
SEG_078,2021-05-25,-0.0947890379454211,-0.2170742260043181,0.2890075254391095,0.1361259480205678,GOOD,-0.037289681963114,1.574885922474632,-1.4048787079986815,15.577526262461088,9.191667909783176,0.7838161915587688,0.1989670159802107,4.579288306359971,1.4113511722680283,74.54231087454316,-0.8024571918325707
SEG_078,2021-06-24,0.1809106216981772,0.3817002133818649,0.4678942149526952,0.2703318450423179,GOOD,-0.8024571918325707,-1.8356313557268908,-1.4340392388702972,48.2408188552982,9.009368158629204,1.4635414553522168,0.0733731018240564,4.579288306359971,1.4113511722680283,74.54231087454316,0.7891669621704553
SEG_078,2021-07-24,0.377386552265406,0.269708314542265,-0.0679647367317251,0.2581274799785554,GOOD,0.7891669621704553,-5.464548779258442,-0.9777337329364544,7.796816899036296,2.4793097501712955,1.036629014052601,0.0380381404207083,4.579288306359971,1.4113511722680283,74.54231087454316,0.7782896280698405
SEG_078,2021-08-23,0.1390276810730779,0.4843698715515421,-0.2134484712995804,0.2349333731508594,GOOD,0.7782896280698405,-8.504659957579275,0.341561400049108,19.10787897510852,2.638699848885863,1.705360024414749,0.029597753601521,4.579288306359971,1.4113511722680283,74.54231087454316,0.0460869364806055
SEG_078,2021-09-22,-0.0567947991538208,-0.0044876030385038,-0.117049641987573,-0.0459073639431867,GOOD,0.0460869364806055,-1.2554984150254924,-0.8811258535649953,42.37979382906608,2.129790723106788,0.9837941788784156,0.2935448595448407,4.579288306359971,1.4113511722680283,74.54231087454316,-2.069708753866936
SEG_078,2021-10-22,-0.0978459471405596,0.4706494430665106,0.168679074943668,0.2212017049050467,GOOD,-2.069708753866936,-8.619765402462583,-1.2349599772634694,326.6808850539388,8.808675148010309,2.286624738652513,0.5625490119730917,4.579288306359971,1.4113511722680283,74.54231087454316,-0.8129788593913901
SEG_079,2020-01-01,0.2073331004777021,-0.388801249432405,0.5872860837061384,-0.0511543071792799,GOOD,-0.3171456659875737,-5.705979261250877,-1.0009928101090269,7.587587877724466,4.786808746097021,2.0151946432329257,0.0951177560557706,7.991871194227372,0.4904863408490656,91.7970684447528,-0.7237194449514514
SEG_079,2020-01-31,0.360040630159957,-0.2822050129510742,-0.253740749732642,0.1387247880204303,GOOD,-0.7237194449514514,-0.0716559009016197,-0.7229278822775289,20.32599767590594,4.026167202839181,1.111578416367346,0.0714391143087465,7.991871194227372,0.4904863408490656,91.7970684447528,-1.6155254484605812
SEG_079,2020-03-01,0.2788299622237237,-0.0031518881053205,-0.0193009063297579,-0.0699792861878377,GOOD,-1.6155254484605812,-4.550737855993692,-0.5268823993107092,40.43630363978616,9.473897856926126,1.3290870178179768,0.1602686934733554,7.991871194227372,0.4904863408490656,91.7970684447528,-0.2569515817938637
SEG_079,2020-03-31,0.037958617957668,0.0257118263460802,0.5188396835550608,0.0703675311518512,GOOD,-0.2569515817938637,-2.3997464511305377,0.463949605072113,29.89421457831029,9.8492932354423,0.8278529271431194,0.1339592434193379,7.991871194227372,0.4904863408490656,91.7970684447528,0.6520027178734876
SEG_079,2020-04-30,0.2503780950995867,-0.1592668784209647,0.1062759318432306,0.2756320377093793,GOOD,0.6520027178734876,-6.876891773311014,-0.7718766662732224,25.243288761468115,9.092101582625183,2.173770219365148,0.1953117006289799,7.991871194227372,0.4904863408490656,91.7970684447528,-0.9789392699089666
SEG_079,2020-05-30,-0.0567889889490428,-0.3439376921227852,0.063786601423786,0.2041686584157054,GOOD,-0.9789392699089666,-4.495625083235243,-0.9820188971939448,43.698237466810255,5.811287523660382,1.75026586692046,0.1187048662805394,7.991871194227372,0.4904863408490656,91.7970684447528,0.3693331907266801
SEG_079,2020-06-29,0.2269547519124349,-0.2255456141290694,0.4549490012245926,-0.0979625434075932,GOOD,0.3693331907266801,-2.361339668003993,0.4114417129906771,21.0489656258918,3.440260962288201,0.9043964541014572,0.2775301660762715,7.991871194227372,0.4904863408490656,91.7970684447528,0.3936844725739004
SEG_079,2020-07-29,0.3040133472629167,0.3769487888004489,-0.2969126502307268,0.1552685826434656,GOOD,0.3936844725739004,-3.862328878623019,-0.3009898802787889,33.61579078135763,9.906203685521836,1.884342333307536,0.0912708754960968,7.991871194227372,0.4904863408490656,91.7970684447528,-1.6795955344176738
SEG_079,2020-08-28,-0.0296407028745574,-0.0282876163151575,-0.1483495237458007,0.100600879550323,GOOD,-1.6795955344176738,-4.732384696209994,0.0854872116387026,8.066888205709677,3.834947773386552,1.3825515287864527,0.0578883555591525,7.991871194227372,0.4904863408490656,91.7970684447528,-0.4775801244205835
SEG_079,2020-09-27,0.0419542506827822,0.0360500386187284,0.1239382110094124,0.2465312783585329,GOOD,-0.4775801244205835,-4.631262049087466,-0.2880086214683166,29.77477360410997,2.2555982471280585,1.131805862489443,0.0967733684931821,7.991871194227372,0.4904863408490656,91.7970684447528,-0.0303887387497937
SEG_079,2020-10-27,0.0339882927103754,0.1053395480106306,-0.1957601762909016,0.0492102858123387,GOOD,-0.0303887387497937,0.5679657811814405,0.3720250017385884,317.3514636855624,2.2376100317265197,3.2821095476078144,0.7559081189802256,7.991871194227372,0.4904863408490656,91.7970684447528,-0.1677344483696251
SEG_079,2020-11-26,0.3835910453638758,0.4436790827139933,0.5348810287643746,-0.0341072059686677,GOOD,-0.1677344483696251,-1.1192698630036428,0.3470715258366172,300.38278951926,9.435847368042507,1.322382284804129,0.2833032533153095,7.991871194227372,0.4904863408490656,91.7970684447528,-1.074920332132875
SEG_079,2020-12-26,0.0796921042967681,-0.0106249261161347,0.5824898089233141,0.1395179830764855,GOOD,-1.074920332132875,-6.396038678004148,-1.2447484891618157,327.0224701677239,13.811898474263424,2.4076109243351373,0.8088269751696973,7.991871194227372,0.4904863408490656,91.7970684447528,-0.2224126803131463
SEG_079,2021-01-25,0.3550167577964138,0.2122950400652158,-0.0035144677882916,0.0205129148876705,GOOD,-0.2224126803131463,3.0738053201572164,-1.2475046696269017,38.10562324171461,8.087603623055823,0.8922342651324848,0.2306868468117651,7.991871194227372,0.4904863408490656,91.7970684447528,-1.6421126141782485
SEG_079,2021-02-24,0.177835087515378,0.2998674471239168,-0.0409466627278365,0.2535143811369182,GOOD,-1.6421126141782485,-9.453810247560646,-1.329995101071009,25.49696962316881,6.44372427024474,1.530529221316586,0.0505803572552661,7.991871194227372,0.4904863408490656,91.7970684447528,-1.9473888453434047
SEG_079,2021-03-26,0.0721764374439487,0.48133879834955,0.2033208577202845,0.1841473965885272,GOOD,-1.9473888453434047,4.930801603273803,-0.5706816977514155,29.25914107751433,2.9232695500632757,0.8076686609418974,0.079905809206835,7.991871194227372,0.4904863408490656,91.7970684447528,-1.3474129602014917
SEG_079,2021-04-25,0.2626926724050229,0.2187245819317755,-0.0744770904030893,0.2670849231000528,GOOD,-1.3474129602014917,0.8074488568116855,-0.3074773762269476,0.6870393898101457,8.514569600339751,1.5930857184005554,0.2972688580169271,7.991871194227372,0.4904863408490656,91.7970684447528,-0.4573028845386
SEG_079,2021-05-25,0.2921239203664716,0.0923564849210162,-0.0245450487130474,0.2072623372699495,GOOD,-0.4573028845386,-5.826139652739562,-0.3481748715819008,36.8285387756909,8.672924603170266,1.7701008822345576,0.2323797362459125,7.991871194227372,0.4904863408490656,91.7970684447528,-0.4340976396011672
SEG_079,2021-06-24,0.2447352249102194,-0.1407138936678833,-0.1620964261305354,0.143094756606229,GOOD,-0.4340976396011672,-9.77840981886586,-1.3666448186652702,2.4235469805103884,4.652475680135406,1.444599730375593,0.1487268881371889,7.991871194227372,0.4904863408490656,91.7970684447528,-0.7431365168408556
SEG_079,2021-07-24,0.0856273242982184,0.3936798948290294,-0.2253050829532305,0.0273389582154202,GOOD,-0.7431365168408556,-8.601498686547188,-1.0546585855148034,33.19410739844246,2.5528969346786097,1.684077243191934,0.2313507751781954,7.991871194227372,0.4904863408490656,91.7970684447528,-0.8185965373208807
SEG_079,2021-08-23,0.0099759959988976,-0.4795043132303039,-0.0476824039592881,0.0915642521467386,GOOD,-0.8185965373208807,-0.7932908280869189,-0.2197045294512867,42.44397595441701,4.3660877507539535,1.0079463357689509,0.1771765466385114,7.991871194227372,0.4904863408490656,91.7970684447528,-1.203937136084078
SEG_079,2021-09-22,0.3546989730758594,-0.1768913581765639,0.4887954654576842,-0.0963398828163631,GOOD,-1.203937136084078,-7.237214493708133,-0.0121067294353456,45.04770645891586,3.3928712137098227,1.1517811574958128,0.0807770273902079,7.991871194227372,0.4904863408490656,91.7970684447528,-0.9899308338549122
SEG_079,2021-10-22,-0.0599917439581111,0.2094380417914616,-0.0229672096703213,0.1880585143893778,GOOD,-0.9899308338549122,4.134452589575821,-0.7033594459242734,305.40061828778244,6.276617487551961,1.036807400998601,0.0818855135760771,7.991871194227372,0.4904863408490656,91.7970684447528,-1.3418731000098632
SEG_080,2020-01-01,-0.0093584309111629,-0.2777588453268746,-0.2256897994135122,0.1560143755013357,GOOD,0.7357560976997526,-7.910507597920216,-0.72625025769532,2.3045067785434914,2.162046427228952,1.8586556557809315,0.1675988383921271,1.871789644625296,3.994658259718805,67.56565242989642,-1.7416046936978646
SEG_080,2020-01-31,0.3524105224078383,0.1901585580202685,0.2400848066924607,0.0770487432418216,GOOD,-1.7416046936978646,-5.567638208946756,-1.1860513746702854,6.941727857746294,3.048175694134402,1.1099772170487618,0.1442237788603715,1.871789644625296,3.994658259718805,67.56565242989642,-1.5258785999806208
SEG_080,2020-03-01,0.2845493166775757,0.4051725351752598,0.0232643411759087,-0.0037048292447916,GOOD,-1.5258785999806208,-3.908196905726597,-0.2917527823162666,23.741953022196093,9.924142052782344,0.7240610306364826,0.1309100147013238,1.871789644625296,3.994658259718805,67.56565242989642,-0.2535118893628296
SEG_080,2020-03-31,0.0774756265860954,-0.4669830279709662,-0.106096048586078,0.2356006092745904,GOOD,-0.2535118893628296,-2.498324955423437,-0.8958592931682048,39.01175109208414,8.57058890809368,0.5618656568615326,0.0504370559761056,1.871789644625296,3.994658259718805,67.56565242989642,-1.4068594082333636
SEG_080,2020-04-30,0.2357122152486393,-0.4512510589790128,0.2188088015871015,0.1571947820291478,GOOD,-1.4068594082333636,-0.7150723532930492,-0.5211819469303591,24.36067837653779,6.829622510778556,0.6702872375047959,0.1961034254697778,1.871789644625296,3.994658259718805,67.56565242989642,0.5066783320208098
SEG_080,2020-05-30,0.1908836217523778,-0.1584083852895579,-0.2104949843950228,-0.0415100419992033,GOOD,0.5066783320208098,-4.3514060919498565,-0.0641167510000573,14.038648344581524,5.937835279940982,1.3447069785999968,0.103102383197671,1.871789644625296,3.994658259718805,67.56565242989642,0.5985717376165784
SEG_080,2020-06-29,0.0545521766038885,0.2270941022746044,0.2214304044675142,0.1486596310493214,GOOD,0.5985717376165784,-6.596432551689022,-0.9286906600904196,38.98180288975265,7.815650511014546,2.354055019957376,0.1825156790355764,1.871789644625296,3.994658259718805,67.56565242989642,-0.4200094081695807
SEG_080,2020-07-29,0.3811865813474012,0.1508895652556763,0.1218507760683139,0.2664196097309588,GOOD,-0.4200094081695807,-8.867968512527963,-0.8370046857469609,14.481265262176146,7.871335106369248,1.8505333036238836,0.1262808285342508,1.871789644625296,3.994658259718805,67.56565242989642,-0.2354007376440628
SEG_080,2020-08-28,-0.0408651343921619,-0.2042916644738547,0.3812432931175036,-0.0216753164598967,GOOD,-0.2354007376440628,3.686569195733602,0.3399934035581267,33.504000474274065,9.792279511627749,1.4548108283417724,0.2093234477990425,1.871789644625296,3.994658259718805,67.56565242989642,-0.7885296757020707
SEG_080,2020-09-27,-0.0707933427967099,-0.3232048551825178,0.1238382606453623,0.2585323028554492,GOOD,-0.7885296757020707,-8.124675785023417,0.0675070222541487,8.006048781340686,2.6923243296961115,1.7216442444026248,0.1327122112345325,1.871789644625296,3.994658259718805,67.56565242989642,-1.8775837070476455
SEG_080,2020-10-27,0.1033897290460052,-0.4258208960506799,0.3492251020852686,-0.0760503585461388,GOOD,-1.8775837070476455,-8.96128788495372,-1.2722456247986618,323.9230214156447,6.376755754932919,2.9859213216050464,0.4427600646110746,1.871789644625296,3.994658259718805,67.56565242989642,-1.7193322506627946
SEG_080,2020-11-26,0.1389116832338686,-0.0724219962619411,0.0017696717490776,-0.0458066876197796,GOOD,-1.7193322506627946,-2.7055841546761785,-0.4216978496948522,329.28868575219525,2.5728985589149413,1.9654882901879955,0.6671067102840267,1.871789644625296,3.994658259718805,67.56565242989642,-2.007044230482367
SEG_080,2020-12-26,0.0422419423130211,0.0126287517520358,0.0726765625074744,0.264645935589016,GOOD,-2.007044230482367,-5.708994994409037,-1.1955561845559772,315.5784521969278,2.172587575915002,1.5770104739767534,0.5627449171642781,1.871789644625296,3.994658259718805,67.56565242989642,0.6782359943364089
SEG_080,2021-01-25,0.0683260268453848,0.4083305466596643,0.2128178296767721,0.1151495980161407,GOOD,0.6782359943364089,-7.772460184205159,-1.0134205713415294,34.86457097275167,3.657432624292446,1.0709019913382969,0.1414848620646904,1.871789644625296,3.994658259718805,67.56565242989642,-0.629627253843395
SEG_080,2021-02-24,0.1511024246046569,-0.1199011848867728,0.2513452238427295,-0.0492760182294286,GOOD,-0.629627253843395,4.466626368690948,-0.0727887711248591,5.164075080636421,7.272887203320515,1.0660403948479793,0.2419951477617436,1.871789644625296,3.994658259718805,67.56565242989642,-0.4698947505344952
SEG_080,2021-03-26,0.1850623431488064,0.3823846503006791,0.0067444898632547,-0.0158762755413356,GOOD,-0.4698947505344952,-9.381338198380815,-1.3032763186254617,13.739544774330753,8.966385545154443,1.8868814894464037,0.2268032181666762,1.871789644625296,3.994658259718805,67.56565242989642,0.614106350324705
SEG_080,2021-04-25,0.1139851428304587,-0.2071628854871607,0.0879743218466996,0.2463194572717434,GOOD,0.614106350324705,3.0725681656026342,-0.7623995086012236,40.27410713750866,5.902814041559618,2.0556017920345555,0.0893713302959957,1.871789644625296,3.994658259718805,67.56565242989642,-0.0166189599432428
SEG_080,2021-05-25,0.3811180487565639,0.4095871914096708,0.1401080530521573,0.2337690990133029,GOOD,-0.0166189599432428,-5.289769515728321,0.0027418641135521,30.67975285249265,9.81942262713508,1.0284370570007353,0.1435255591389465,1.871789644625296,3.994658259718805,67.56565242989642,0.0951228688952058
SEG_080,2021-06-24,0.1129302440574121,-0.3353132733800854,0.4327313223626658,0.1311025270461412,GOOD,0.0951228688952058,2.456914609705702,-1.4566395535047794,20.33980027790155,3.1047183462918646,0.6261224223176617,0.1296159724139257,1.871789644625296,3.994658259718805,67.56565242989642,-1.6833900471634111
SEG_080,2021-07-24,0.1837413117990145,-0.1730089606115408,0.1804486910695459,0.0335211362205394,GOOD,-1.6833900471634111,2.2763514897414847,-1.3915267606620787,21.085071103988454,3.0109867304977067,1.2228106588274383,0.104316343199488,1.871789644625296,3.994658259718805,67.56565242989642,-0.7266700250283776
SEG_080,2021-08-23,0.1986385224188037,-0.2685849536978075,-0.0123809826974718,-0.0912860375228853,GOOD,-0.7266700250283776,1.6643924879481116,-0.9851987408874212,43.86678571600128,8.931781955866995,0.8062998411671434,0.1938560072387837,1.871789644625296,3.994658259718805,67.56565242989642,0.3321501213605862
SEG_080,2021-09-22,0.3343382633573583,0.1567431715968849,0.5109309129709998,-0.0255814160485736,GOOD,0.3321501213605862,-5.60938881043573,-0.5131446054358919,27.50519327222034,8.85624609527429,2.0228419233615456,0.1880328360465156,1.871789644625296,3.994658259718805,67.56565242989642,-0.9740379026204868
SEG_080,2021-10-22,-0.0968738135439362,0.4107078190512129,0.5752191680928465,0.1892158227182558,GOOD,-0.9740379026204868,3.158309363231845,-0.7528393847313912,343.2009467928679,4.330453735477596,2.943003132760314,0.6757287961547854,1.871789644625296,3.994658259718805,67.56565242989642,-0.0599030076895759
SEG_081,2020-01-01,0.0583280714751454,0.2177677372286389,0.0552367608205518,0.0600804172931232,GOOD,0.1192155548097822,-9.823739260946496,-1.1057392745167594,31.507008604597186,7.367218800820396,2.054317623393453,0.2692702969838876,1.982570075150187,0.3748914013778983,56.73860289060829,0.3005248302541819
SEG_081,2020-01-31,0.1131692551093594,-0.4956557071743627,-0.2393727489590975,-0.0446726832292054,GOOD,0.3005248302541819,-7.7267697423249535,0.1434121124319485,42.05057734586684,9.130730503089149,1.9032668934905643,0.2328803803151159,1.982570075150187,0.3748914013778983,56.73860289060829,-0.4209268434434375
SEG_081,2020-03-01,0.0342108850423253,-0.1123017458833249,-0.0721854523128917,0.2858758654286797,GOOD,-0.4209268434434375,-6.931108535135026,0.0054761352019945,21.142980400143298,5.610870878439848,1.5657377193777324,0.0851289592407365,1.982570075150187,0.3748914013778983,56.73860289060829,0.0923466180953947
SEG_081,2020-03-31,-0.0168071935381562,0.4773133076082008,0.1862316120023042,0.0621886715256134,GOOD,0.0923466180953947,-0.4279382058463294,-0.1053762703113929,19.059529531272894,8.814570566151628,1.7761659124461646,0.1770362857195684,1.982570075150187,0.3748914013778983,56.73860289060829,0.8643795719952202
SEG_081,2020-04-30,0.3453262702929449,0.376708082228759,0.2394545683247796,-0.090389264934387,GOOD,0.8643795719952202,3.7584032586932,-0.9401365284881108,35.75961434615531,2.4159885712697875,2.167572238267302,0.1758909894382703,1.982570075150187,0.3748914013778983,56.73860289060829,-1.9124076818104732
SEG_081,2020-05-30,0.2817988778172643,-0.4064182869486752,0.2075328732838898,-0.0139404106909024,GOOD,-1.9124076818104732,-0.2037418668206729,0.2799978833588912,0.0457208892126637,2.86624961488974,1.246356096755689,0.1777619487127622,1.982570075150187,0.3748914013778983,56.73860289060829,-1.8674762309478077
SEG_081,2020-06-29,0.2935415815548235,0.0305963286414384,0.3218308046841558,0.1833926756449991,GOOD,-1.8674762309478077,3.1666258777068066,-1.066525728230795,26.196133246179063,6.076568637912098,1.6484608752577783,0.2216815757919585,1.982570075150187,0.3748914013778983,56.73860289060829,-1.8119490875517676
SEG_081,2020-07-29,0.0276404471623054,-0.4318622793164021,-0.0463390271716397,0.0087757028400608,GOOD,-1.8119490875517676,-3.91499675233341,0.2872496323134181,16.996523021104853,7.496828628395609,1.7647456922351987,0.0439020069705153,1.982570075150187,0.3748914013778983,56.73860289060829,-1.1042741984774338
SEG_081,2020-08-28,-0.0484860886840505,0.0150515932271347,-0.1044826639474882,0.0241177185120626,GOOD,-1.1042741984774338,-2.414712453267871,-1.1058300131251997,31.22327016262773,2.096178001350718,2.136983758708729,0.204752790115805,1.982570075150187,0.3748914013778983,56.73860289060829,-1.2449840078493075
SEG_081,2020-09-27,0.040916118202279,-0.3900101446579527,0.4567154410040197,0.0803211884168233,GOOD,-1.2449840078493075,-8.631842736668894,0.3542828054457667,1.860088167625562,9.108618048583846,1.812569197419428,0.182253376257202,1.982570075150187,0.3748914013778983,56.73860289060829,-0.0972190174478053
SEG_081,2020-10-27,0.2031546716657104,0.1939148497488687,0.2812542381357832,-0.0183176264651631,GOOD,-0.0972190174478053,-3.4610282152806797,-1.2865938191739674,325.79784465128296,5.1140977993186265,2.7810258231547857,0.4273105763906194,1.982570075150187,0.3748914013778983,56.73860289060829,-1.1424540267809031
SEG_081,2020-11-26,-0.0574062728555865,0.0712862496824771,0.4439415681991281,0.0541520429806134,GOOD,-1.1424540267809031,1.037647356779141,-0.4573674767916704,333.19977939099306,3.2786509045257093,1.443299594822385,0.5118731327250233,1.982570075150187,0.3748914013778983,56.73860289060829,-1.790934640122008
SEG_081,2020-12-26,0.332418760016873,-0.1671605410453188,0.5811366981467512,-0.0170482534917475,GOOD,-1.790934640122008,-4.651943932068667,-0.4217629571709955,329.40312264404355,5.375856121012512,2.598431774974458,0.6055239600372652,1.982570075150187,0.3748914013778983,56.73860289060829,0.2744294252884564
SEG_081,2021-01-25,0.0823730168933246,-0.2605845631108516,-0.0772813959371135,0.1624534386195748,GOOD,0.2744294252884564,-2.3623020764707263,-0.9354226714488514,19.39481586224576,7.275665232063905,0.789243526763859,0.2402231102798994,1.982570075150187,0.3748914013778983,56.73860289060829,-1.2669859719358845
SEG_081,2021-02-24,0.0675755439682232,-0.4566856468727005,0.3131875030489696,0.1157703423928735,GOOD,-1.2669859719358845,-3.620163862285356,-0.4038939850795657,30.23761729486545,3.66413992668989,2.002340512016784,0.2673374160945058,1.982570075150187,0.3748914013778983,56.73860289060829,-1.4643374769254995
SEG_081,2021-03-26,0.2943465557524504,-0.1590276121757288,-0.1581687308039134,0.2302927239597615,GOOD,-1.4643374769254995,1.309246799079549,-0.6400049985568679,28.008780930608147,7.178791953443203,0.8851534272405032,0.0149600856889356,1.982570075150187,0.3748914013778983,56.73860289060829,-0.925247465453574
SEG_081,2021-04-25,0.2693261806298807,-0.4387699949398151,-0.0120583235233744,0.2499151245291798,GOOD,-0.925247465453574,-5.502636720262196,-1.287009314175236,11.92765832111916,8.430334421656639,1.3490637328600816,0.0974447351547804,1.982570075150187,0.3748914013778983,56.73860289060829,0.4355837033923929
SEG_081,2021-05-25,0.1675854374322946,0.0643029058267004,0.1247112290006537,0.2544004342617402,GOOD,0.4355837033923929,-0.4163714732959906,0.0310514543749598,11.188014058608514,8.920233411492383,2.133023155878764,0.3364688016323797,1.982570075150187,0.3748914013778983,56.73860289060829,0.5571233826306071
SEG_081,2021-06-24,0.1345713542993386,0.4198538567639549,0.5551137870557721,-0.0536185499403757,GOOD,0.5571233826306071,-2.481059771870515,-1.2195828956508723,6.4135833432130696,7.859902112527576,1.7960530880538954,0.3112456434518524,1.982570075150187,0.3748914013778983,56.73860289060829,-1.800291879146992
SEG_081,2021-07-24,0.2901163809096035,-0.4385214819861939,0.0983268403758109,-0.066822325746933,GOOD,-1.800291879146992,2.40920493098602,-0.0673440269000904,13.932903163437649,3.547696906042294,1.5920713360297662,0.1295190891884024,1.982570075150187,0.3748914013778983,56.73860289060829,-0.0136261275495264
SEG_081,2021-08-23,0.3821559863233158,-0.151201242664014,0.2927821564308226,0.2395065153290354,GOOD,-0.0136261275495264,-3.294471094147608,-0.5606978819677881,37.86956355685128,8.673749263758639,2.0309340546939163,0.3228098874828839,1.982570075150187,0.3748914013778983,56.73860289060829,0.0358624876865052
SEG_081,2021-09-22,0.2389278597370676,0.0825642170823872,0.1272630758397487,0.0504792850159543,GOOD,0.0358624876865052,-3.4824626129269225,0.0437614679151914,20.131793904924848,5.642071628971078,1.3178636760202176,0.2709992234493011,1.982570075150187,0.3748914013778983,56.73860289060829,-2.3134813926237414
SEG_081,2021-10-22,0.0888138336092798,0.3546944054553561,-0.1247057701735582,0.2115914740145631,GOOD,-2.3134813926237414,-0.7751010306105126,-0.7667090125033389,308.07384399181944,8.592960526920915,2.3691822311281228,0.6064254667035628,1.982570075150187,0.3748914013778983,56.73860289060829,0.534331812662942
SEG_082,2020-01-01,0.021623331387838,-0.4499311539362145,-0.1973841056144429,0.0971367084639991,GOOD,-0.1262048110883287,-8.285659058099686,0.3157457999092958,16.437650113233126,7.961773020154179,0.8355703922695599,0.0903670810675247,0.6262093362005019,0.2041308646875935,69.327944729115,-0.8669067802796754
SEG_082,2020-01-31,0.3547652272559406,-0.0809409915736812,-0.2723429951553983,-0.0869213189645102,GOOD,-0.8669067802796754,-1.5921242641113036,-0.0644643871644898,33.4712320050799,8.757563916964909,2.1481382693046163,0.2329889421444498,0.6262093362005019,0.2041308646875935,69.327944729115,0.0548383002386794
SEG_082,2020-03-01,0.3592569241445165,-0.296691907788388,-0.0132199469199766,0.1030400380503942,GOOD,0.0548383002386794,-4.627650511414193,0.2888617975899401,30.00615022588188,2.8623756339364066,1.7010893548049162,0.2325614601599855,0.6262093362005019,0.2041308646875935,69.327944729115,-0.7696261363250514
SEG_082,2020-03-31,0.0260745539680268,-0.2575340198703171,0.5066218617543019,0.1021429089430784,GOOD,-0.7696261363250514,-0.4964454784238405,0.2061275435035103,33.93893347373396,3.9205211885162017,0.7701653693743008,0.1899256278011651,0.6262093362005019,0.2041308646875935,69.327944729115,-0.7393140688511705
SEG_082,2020-04-30,0.3974572731171121,-0.005144821907034,-0.1751618397566817,0.1629598748912457,GOOD,-0.7393140688511705,-7.806209536789338,-0.4631046482624559,15.518897173123577,6.309808393303906,0.9324521501692508,0.1924533846172297,0.6262093362005019,0.2041308646875935,69.327944729115,0.3423678419478479
SEG_082,2020-05-30,0.3942506392322638,-0.0019400218888331,-0.1843178789236514,-0.0989545105713674,GOOD,0.3423678419478479,0.3380915016583792,-0.0307251114353346,32.891448639798995,2.1663289395632948,1.4473411430618517,0.1541885730915034,0.6262093362005019,0.2041308646875935,69.327944729115,-0.3519843985854352
SEG_082,2020-06-29,0.273141483876818,0.2899107412805261,-0.01233341114659,0.1356913090470067,GOOD,-0.3519843985854352,-4.931193558893724,-1.0830570187583342,7.162044381911775,9.019293076666688,1.2226442709427594,0.1790115546228736,0.6262093362005019,0.2041308646875935,69.327944729115,0.6228380058461704
SEG_082,2020-07-29,0.3395541237479622,0.1960739994458181,-0.121667278636122,-0.0062112888089768,GOOD,0.6228380058461704,2.675236201523393,0.3191524776379826,19.06947106058623,7.702146873630712,2.040762246906391,0.156895787205457,0.6262093362005019,0.2041308646875935,69.327944729115,0.4609798429654915
SEG_082,2020-08-28,0.3535372520171568,-0.4431355765284457,-0.2660553602099448,-0.0790339007189174,GOOD,0.4609798429654915,-1.1703357583139675,-1.3680670029961417,22.168363824874582,2.911664469666388,0.5104726452386159,0.1901606383640317,0.6262093362005019,0.2041308646875935,69.327944729115,-1.3934378949897592
SEG_082,2020-09-27,0.1658472506969292,-0.455145119328125,0.1740545979092081,0.2929588882576089,GOOD,-1.3934378949897592,0.4853046631633457,-0.9426419129301764,16.75514561822829,9.046249326665707,1.7416481723157848,0.1725193749132053,0.6262093362005019,0.2041308646875935,69.327944729115,-0.4413997396442418
SEG_082,2020-10-27,0.2108187680676396,-0.269884869088464,0.5311161870975858,0.1825108475107702,GOOD,-0.4413997396442418,-3.742614080231912,-1.3229590767258184,338.51572141702627,5.151264856481175,2.666570015068573,0.6748936939642161,0.6262093362005019,0.2041308646875935,69.327944729115,-0.6961840405620289
SEG_082,2020-11-26,0.3053872491506764,-0.3596694694083534,-0.1766051507969111,0.1540757698687594,GOOD,-0.6961840405620289,-4.768148155542146,0.4682841578903349,338.05161177071875,4.424798654306518,2.2119857811848336,0.5489574657930006,0.6262093362005019,0.2041308646875935,69.327944729115,-1.9072668768765573
SEG_082,2020-12-26,0.1289992639675891,-0.4962541172518213,0.0127343387918509,0.1871230966457366,GOOD,-1.9072668768765573,2.42313137611346,0.4957307590287467,301.81679352353444,4.790812234931031,1.835589453268972,0.2475658830266555,0.6262093362005019,0.2041308646875935,69.327944729115,-0.2639946410847784
SEG_082,2021-01-25,0.0222534440769515,0.3620179564719865,0.0893853518923759,0.2719474321687311,GOOD,-0.2639946410847784,-0.7189919236483231,-0.91956816645366,6.975407933691324,6.461596404584022,2.293055111794626,0.2741599939789924,0.6262093362005019,0.2041308646875935,69.327944729115,-0.9460583159611384
SEG_082,2021-02-24,0.1110953688860092,-0.2672194803180485,0.598828380311822,0.1933786149725745,GOOD,-0.9460583159611384,-9.568275575622756,-0.0430534466528027,20.276802335789228,5.886574114986705,1.2743766397388656,0.1957437193872129,0.6262093362005019,0.2041308646875935,69.327944729115,0.3805653924126017
SEG_082,2021-03-26,0.1393581174244302,0.3697330199028696,-0.1872612454564732,0.1123081491669798,GOOD,0.3805653924126017,-6.748840204346884,0.3536738937525081,21.62210998861005,6.207716876629117,1.7008368462193624,0.1529609462928272,0.6262093362005019,0.2041308646875935,69.327944729115,0.7641771035766856
SEG_082,2021-04-25,0.2273701868821392,0.3790978325600685,0.40408512112418,-0.035413991034358,GOOD,0.7641771035766856,-7.421536528454213,-1.1821693899620258,21.25571088204361,5.479850735894037,1.3071974965757702,0.1522710265187121,0.6262093362005019,0.2041308646875935,69.327944729115,-0.8155987470482
SEG_082,2021-05-25,0.2496184933475649,-0.3052837666306923,0.2792232271833259,-0.0657498897623945,GOOD,-0.8155987470482,2.255342937059474,-1.1619838448276922,27.514846964469807,7.126590764655256,1.5184446786786343,0.144616028061027,0.6262093362005019,0.2041308646875935,69.327944729115,-0.3999438610265979
SEG_082,2021-06-24,-0.0996621218927221,-0.2085660727263975,0.2253588364843556,0.2233693966805669,GOOD,-0.3999438610265979,-8.407412901269751,-0.8530823090464117,31.12434427314296,5.842178014806103,1.1154232658030812,0.2193361664740569,0.6262093362005019,0.2041308646875935,69.327944729115,-0.3891950717234768
SEG_082,2021-07-24,0.1480027876056057,-0.2036141825844531,0.1941401604916464,-0.0248156103130133,GOOD,-0.3891950717234768,4.393879965922094,-0.4355978217030058,15.854388858871998,9.394221429374207,2.1189886711556616,0.2847599357423552,0.6262093362005019,0.2041308646875935,69.327944729115,-0.5805530492825188
SEG_082,2021-08-23,0.2866033458740142,-0.3906395517890035,0.5525020800727427,0.0550126323987884,GOOD,-0.5805530492825188,-1.2593149183164185,-0.3566856671874074,47.6698692228514,3.11260095776506,2.052262727718256,0.2191398555819964,0.6262093362005019,0.2041308646875935,69.327944729115,-1.744287994616536
SEG_082,2021-09-22,0.075459436332555,-0.4071874429704011,0.17958915380583,-0.0678884784928346,GOOD,-1.744287994616536,4.654934179973214,-0.4488357539693934,1.9688900769064044,8.984299698560733,1.3885524997070011,0.1475017877244176,0.6262093362005019,0.2041308646875935,69.327944729115,0.4844827952972251
SEG_082,2021-10-22,-0.0081821655411636,-0.2302302897396249,0.3336054055000635,-0.0276211842213482,GOOD,0.4844827952972251,-1.5823279132764068,0.2779872341644063,317.47903847673985,5.704444288755538,2.011482858260178,0.621302366340811,0.6262093362005019,0.2041308646875935,69.327944729115,-1.5585536946899037
SEG_083,2020-01-01,0.0723147748009669,0.4954635886934259,-0.1541541523906906,0.2403928285510319,GOOD,-0.8400898705861596,-6.8376907906487805,-1.2618675435485256,28.039673349141065,5.075534234532605,2.08690445350902,0.1056284923300749,5.930396304765607,4.848291943315363,40.150017039155685,-1.576939313380062
SEG_083,2020-01-31,0.2194693259729652,-0.4801870365409542,-0.1775086452726453,0.0046716922089348,GOOD,-1.576939313380062,-4.226579332589181,-0.0788286861259559,6.9446411950746025,7.613992142971169,1.7422168245631335,0.2250521028608052,5.930396304765607,4.848291943315363,40.150017039155685,-1.0670626819883635
SEG_083,2020-03-01,0.2963025127901771,0.1350563413521673,0.5947280915259892,0.1789144748716725,GOOD,-1.0670626819883635,3.261943733158848,-0.1192408935424433,40.337980777770646,8.101121382539835,1.1454427075730165,0.2643391818098692,5.930396304765607,4.848291943315363,40.150017039155685,-1.947004011263496
SEG_083,2020-03-31,0.0837392967242428,-0.0919932523497244,0.3992755131236125,0.0984151221982007,GOOD,-1.947004011263496,-4.293558797677962,0.306436233117384,39.44929138134368,4.895096102114989,1.3403057621326493,0.3417138309042556,5.930396304765607,4.848291943315363,40.150017039155685,-0.3749677307895516
SEG_083,2020-04-30,0.0651531782915949,-0.4344165229746148,0.042735502047723,0.0716549512634379,GOOD,-0.3749677307895516,-1.95311225995496,0.1454425218527477,17.69679148773791,8.991987259037098,0.8854878977026045,0.1845268346012974,5.930396304765607,4.848291943315363,40.150017039155685,0.79256930224463
SEG_083,2020-05-30,-0.0008504272008355,-0.2033264595153605,0.3672684108505745,-0.0085436413843916,GOOD,0.79256930224463,-4.702394270720244,-0.405934766758979,21.44797616823802,3.280169001500368,1.231803568086461,0.1417315605598323,5.930396304765607,4.848291943315363,40.150017039155685,0.5386123842829653
SEG_083,2020-06-29,0.0958185167233287,-0.200286451596132,-0.0181291474677338,-0.0382970123609944,GOOD,0.5386123842829653,2.17106068067884,-0.554475465939662,26.22624578736705,2.0366033866591247,1.4355094458393245,0.1912578154707515,5.930396304765607,4.848291943315363,40.150017039155685,-1.3690411287936957
SEG_083,2020-07-29,0.2865697826587474,0.1504443765320866,0.3943081686181104,0.1440336095120092,GOOD,-1.3690411287936957,2.436811176929016,-0.996355499315768,12.192752536858436,9.80317406229974,1.243416627934966,0.1584051060941268,5.930396304765607,4.848291943315363,40.150017039155685,-1.0763398452663606
SEG_083,2020-08-28,0.1677859776901966,-0.1439689321534396,0.3868430707726906,0.2161782273817109,GOOD,-1.0763398452663606,-9.106399227547108,0.4890522170175755,1.5940545483979218,3.3989476878649985,1.0385964814420623,0.1466508538401148,5.930396304765607,4.848291943315363,40.150017039155685,0.2011932218689625
SEG_083,2020-09-27,-0.095904724854467,-0.0421143606523146,-0.0476723324135408,0.2671063899571049,GOOD,0.2011932218689625,1.3773086141218638,-0.3657108836519958,34.84714905449769,5.574692680077345,2.1651440325122238,0.2152550896483225,5.930396304765607,4.848291943315363,40.150017039155685,-0.0700763280362687
SEG_083,2020-10-27,0.3860547765727732,-0.1852677220877925,0.2714425974311088,0.2688343505423057,GOOD,-0.0700763280362687,4.542406836780728,-1.4904256427036358,328.1114067604304,2.2286188044211643,1.4163221746357797,0.1805192931551336,5.930396304765607,4.848291943315363,40.150017039155685,-2.481806686340943
SEG_083,2020-11-26,-0.0450306581171328,-0.4615484500185844,-0.1806102654321872,0.178880770909863,GOOD,-2.481806686340943,4.8868575331006205,-1.4536807290027496,309.2495709506502,11.498615806949928,2.953091364479845,0.8629289547080282,5.930396304765607,4.848291943315363,40.150017039155685,-0.4253522416854363
SEG_083,2020-12-26,-0.0303654137668918,-0.0360047847284,-0.0616590693995295,0.1735120346744792,GOOD,-0.4253522416854363,-6.511894484121633,-1.052406165739942,324.57354129122217,13.867779960181458,3.4070853674812467,0.7453928222322317,5.930396304765607,4.848291943315363,40.150017039155685,-0.351435359452498
SEG_083,2021-01-25,0.2624417182268487,-0.3994296333814016,-0.1719873889155645,0.1627281437891508,GOOD,-0.351435359452498,-5.87843157420769,0.237874525291768,20.055250211793823,3.4772046139788197,1.510073535250819,0.1804364423844631,5.930396304765607,4.848291943315363,40.150017039155685,-1.722107570377819
SEG_083,2021-02-24,0.320246387554869,-0.1196958280644514,-0.1351392177826769,0.1671351711271584,GOOD,-1.722107570377819,-9.233311616975154,-0.7730452493442568,11.172222542960084,3.539510819554758,1.7929128273501846,0.1582371737001337,5.930396304765607,4.848291943315363,40.150017039155685,0.3653034260620426
SEG_083,2021-03-26,0.3772799651333951,-0.2404559356576149,0.3809390842039136,0.2907196552782589,GOOD,0.3653034260620426,2.356957373267827,-0.2483807343122115,29.23001581138011,4.593431478367267,0.7346109520781284,0.1799213400120352,5.930396304765607,4.848291943315363,40.150017039155685,-0.7310495327027946
SEG_083,2021-04-25,0.0720100150585074,-0.1425208649585807,0.3802189932453394,-0.0120321879129476,GOOD,-0.7310495327027946,-9.531240509025048,0.0297375979703518,6.785622788185735,3.4918158378491557,2.137065402293614,0.2308521507668147,5.930396304765607,4.848291943315363,40.150017039155685,-1.75937277169036
SEG_083,2021-05-25,0.1211309270939967,-0.1147287555376563,0.5979187455706068,-0.0438411121193883,GOOD,-1.75937277169036,-5.238092299872413,-0.5487445984102519,48.16613511114508,7.753134353274922,1.723663265282007,0.1814001294445198,5.930396304765607,4.848291943315363,40.150017039155685,-1.30348934952455
SEG_083,2021-06-24,0.0286640609911463,-0.3984963582918061,0.3779316975316661,-0.0885010584780709,GOOD,-1.30348934952455,-8.222075680885762,0.4514136878182904,32.75013619738647,5.138039836870656,0.8255936283908334,0.2460553381938202,5.930396304765607,4.848291943315363,40.150017039155685,0.3643777600665198
SEG_083,2021-07-24,0.185509967185711,-0.4161637305952061,0.4490322708214716,-0.0038004248732995,GOOD,0.3643777600665198,-6.476929419903403,-0.2630670875651706,16.80135650553568,2.59002914642254,1.6407817528446489,0.1976787054515383,5.930396304765607,4.848291943315363,40.150017039155685,-1.6025604529716284
SEG_083,2021-08-23,-0.0837569456090147,-0.1700698605097564,0.2539907510530608,0.1360692010517504,GOOD,-1.6025604529716284,2.313334844079914,0.3287590694007221,35.19494076206347,5.350184049648833,0.9656518954730248,0.2104881494766886,5.930396304765607,4.848291943315363,40.150017039155685,-0.501717002377293
SEG_083,2021-09-22,0.3761341317019947,-0.284686958190821,0.4034801595377664,0.2311138623219703,GOOD,-0.501717002377293,-1.6591984930717238,0.414539456940864,15.428823419690808,4.7532504111653004,2.2826971024645464,0.2831369930957959,5.930396304765607,4.848291943315363,40.150017039155685,-1.2263031112963931
SEG_083,2021-10-22,-0.0714078450752434,-0.1307026624097921,0.43431913940655,0.0602951446109412,GOOD,-1.2263031112963931,2.885315196162674,-1.2104945249411905,308.7852115874862,7.778814329954769,1.961026237711176,0.5712406542025941,5.930396304765607,4.848291943315363,40.150017039155685,-2.0439202029281005
SEG_084,2020-01-01,0.3414662033879646,-0.1274878440423023,0.5238163576721464,-0.0661774281066696,GOOD,-1.910468905318975,-0.202390940216885,-1.186433707707041,49.06611762391618,5.87047186396385,0.7775461397443484,0.1683004195331126,5.452704203001972,3.56551499959308,64.6896751963754,-0.6289709067844601
SEG_084,2020-01-31,0.1040001159424981,0.1833199380676937,-0.1967769365470755,0.1692586420063007,GOOD,-0.6289709067844601,-8.10239418709723,0.3064999547937401,47.997230417926616,8.471182827009635,1.9928302525296175,0.0940368131844294,5.452704203001972,3.56551499959308,64.6896751963754,-1.8554467898418048
SEG_084,2020-03-01,-0.0442286422779675,-0.0726392854656683,0.3167775076102117,-0.0666475095044396,GOOD,-1.8554467898418048,-2.448704039025479,-1.0428239729986053,30.927655903853395,3.253847187635316,1.455245385532162,0.0751129126615183,5.452704203001972,3.56551499959308,64.6896751963754,0.277322124407812
SEG_084,2020-03-31,-0.0622419931484526,-0.1777369943063439,-0.1039519271890994,0.0842037631128712,GOOD,0.277322124407812,-8.29137476836785,-1.4461899644287697,6.8454502392113366,6.110758166458883,1.4037113762717164,0.0909477820426001,5.452704203001972,3.56551499959308,64.6896751963754,-0.9448666083740852
SEG_084,2020-04-30,0.0731285484524169,0.0948568563199422,0.2568753798040653,0.1915982666044687,GOOD,-0.9448666083740852,-7.052548782175814,-0.9914089251434202,15.88980110403837,2.082818258337051,2.2396754390238183,0.1041307708092721,5.452704203001972,3.56551499959308,64.6896751963754,-0.2388579403011113
SEG_084,2020-05-30,0.0886418638467834,0.3069166132863093,-0.0803677670328678,0.0977469013778911,GOOD,-0.2388579403011113,3.305815333095968,-0.010447801051556,15.483929454517064,4.769760899573431,0.8933808163824103,0.2430672640102653,5.452704203001972,3.56551499959308,64.6896751963754,-1.2336980492953211
SEG_084,2020-06-29,0.1262945464299337,-0.1033991795239531,-0.086034261556591,0.2116445632205131,GOOD,-1.2336980492953211,-0.9311953059355425,-0.0623468192118548,10.285772112437524,5.264695565989261,1.735860114162887,0.2163638253030146,5.452704203001972,3.56551499959308,64.6896751963754,-0.4046491440205093
SEG_084,2020-07-29,-0.0655962976199781,0.2109833786159856,-0.1684239132994097,0.2155230713604811,GOOD,-0.4046491440205093,-8.55612597860543,-1.3489660488267867,12.179346319326944,6.395684401096748,0.8172826708837175,0.0821202221095829,5.452704203001972,3.56551499959308,64.6896751963754,-1.7031966846485331
SEG_084,2020-08-28,0.2751712788401993,-0.3998713102662238,-0.0798895310406719,0.0501187803152395,GOOD,-1.7031966846485331,-5.342434328829898,-1.20220549400267,4.927003098659738,6.283337572666045,1.339744636432286,0.0800873200493637,5.452704203001972,3.56551499959308,64.6896751963754,0.6208469401255358
SEG_084,2020-09-27,-0.0842368596384367,0.0501732508855466,-0.1227118267370225,0.1924816312694471,GOOD,0.6208469401255358,0.0817756414490453,-0.4540562462574471,36.18324130018621,7.0973991996690415,0.9278137958983252,0.2059865670622701,5.452704203001972,3.56551499959308,64.6896751963754,-0.6821271650319106
SEG_084,2020-10-27,0.1826701427874595,0.1675644120590479,-0.2226416678453867,0.2753646215838604,GOOD,-0.6821271650319106,-6.317004851444139,-0.7392487734521529,300.6315180904629,7.992689401524109,1.8638844984366616,0.2512985286085309,5.452704203001972,3.56551499959308,64.6896751963754,-1.4721084767427834
SEG_084,2020-11-26,0.1410713664598288,-0.4538270231877137,-0.2791787131262618,-0.0482393798804506,GOOD,-1.4721084767427834,0.7590707130420746,0.0610866554134204,348.32617993425174,9.3065978889963,2.157311905384296,0.4756138771103126,5.452704203001972,3.56551499959308,64.6896751963754,0.379352480468557
SEG_084,2020-12-26,0.0825919258272704,0.2942770498065988,0.4150102681576434,0.1685167417917637,GOOD,0.379352480468557,-5.190384935118307,-1.1393932816879215,322.93889001251,6.23269059487071,1.1593789701788049,0.2372212396929665,5.452704203001972,3.56551499959308,64.6896751963754,-1.2994829345806964
SEG_084,2021-01-25,0.2767374272663269,0.1222157796087219,0.4186927801245744,0.0215728770548316,GOOD,-1.2994829345806964,-4.549470608646155,-0.2889841575531522,7.088404751135135,5.163423081881829,1.3200795838079176,0.289513431462938,5.452704203001972,3.56551499959308,64.6896751963754,-0.0069379857626791
SEG_084,2021-02-24,0.1267597631655115,-0.0014837005865027,-0.0873053618127725,0.0784588925074385,GOOD,-0.0069379857626791,-8.255064708579491,0.0104974757988696,25.051291100858126,5.322189494972441,0.9520655367084724,0.1811377811273473,5.452704203001972,3.56551499959308,64.6896751963754,0.7125343977931613
SEG_084,2021-03-26,0.1003960017358949,-0.3655279894010333,0.0615525065989878,0.2316724579980456,GOOD,0.7125343977931613,-3.390710255812542,-1.062482626140779,1.2629704074022474,4.907651334668331,1.0450715685628331,0.1132338060127161,5.452704203001972,3.56551499959308,64.6896751963754,-1.556827266486666
SEG_084,2021-04-25,0.326036266702238,-0.0221726317149422,-0.0421540316876183,0.2971011967853852,GOOD,-1.556827266486666,-7.903152121147283,-0.1252188435900696,46.381466357927046,8.09139853449847,1.1508228938225824,0.1632714483712146,5.452704203001972,3.56551499959308,64.6896751963754,-1.3925041768523223
SEG_084,2021-05-25,0.0485596850047218,-0.1090176933575693,0.0431369182342131,0.0976956290729728,GOOD,-1.3925041768523223,-6.723814792836256,-0.906286270150124,33.99883699061348,2.5729470137081147,1.2131572197743823,0.1668426637922272,5.452704203001972,3.56551499959308,64.6896751963754,-1.388127127228194
SEG_084,2021-06-24,-0.0129421054340546,0.1709423221816576,0.0371339333579833,0.0182086363773306,GOOD,-1.388127127228194,-0.985517681004616,0.4806999494413175,36.85609825756334,3.6576715640530058,2.158301839551057,0.1618580247726292,5.452704203001972,3.56551499959308,64.6896751963754,-0.2232555989372019
SEG_084,2021-07-24,0.0251259646873851,-0.1868062736309493,0.184783047283155,0.1261506330594395,GOOD,-0.2232555989372019,3.535910898786364,0.3539453152097385,10.822530603932012,6.409651849194328,1.6799998102979683,0.0506194252913669,5.452704203001972,3.56551499959308,64.6896751963754,-0.7981370049791106
SEG_084,2021-08-23,0.1706418492640901,-0.0135786482474847,0.2430162521338514,0.1562785840864102,GOOD,-0.7981370049791106,-6.594802362088645,0.1858785909229208,38.27539173681863,6.613225100966071,0.7830102006461583,0.1949468108529001,5.452704203001972,3.56551499959308,64.6896751963754,-0.6302836663303387
SEG_084,2021-09-22,0.2534734360420377,0.4480400204200977,-0.1977466777325528,0.1575396304359053,GOOD,-0.6302836663303387,-9.13523364253695,-0.8403388917697949,11.15271012490971,2.515311422567427,2.173550001370254,0.1346902122215595,5.452704203001972,3.56551499959308,64.6896751963754,-1.98656596934521
SEG_084,2021-10-22,0.2427956221444679,0.0790094218715117,-0.2262395904295557,0.0806650464842881,GOOD,-1.98656596934521,-7.646827144835241,-0.5403715204585016,325.9296943219675,2.16337800547511,2.790363930498077,0.6835314429448377,5.452704203001972,3.56551499959308,64.6896751963754,-1.287697038463524
SEG_085,2020-01-01,-0.0715598884384191,-0.3387700771550948,0.4814239190618669,-0.0574177757193669,GOOD,-1.6897117534942196,-5.812609767956444,0.2073346139374221,39.52637178292559,9.90275802716666,1.2836320751553965,0.2474390133844834,5.032110951816329,1.4958113927395114,61.43004182636417,-0.7572835149695925
SEG_085,2020-01-31,0.1672685781974702,-0.3979945183180207,0.5464372307229581,0.2871602386516725,GOOD,-0.7572835149695925,-2.61225981139474,-0.2363148808361788,34.23556754520384,9.660550467089257,1.7810055778771563,0.1697391679248502,5.032110951816329,1.4958113927395114,61.43004182636417,0.9188840773387316
SEG_085,2020-03-01,0.3965767130551286,-0.2998837394335082,-0.2152934577215711,0.1385510726600836,GOOD,0.9188840773387316,-4.502149690001863,-0.7952018015290598,40.89880480543094,7.958771340056302,1.727243300225673,0.0595917867039482,5.032110951816329,1.4958113927395114,61.43004182636417,-1.7936284728991438
SEG_085,2020-03-31,0.204401212969872,-0.2820813992023203,0.5224703565575057,0.1028466286391931,GOOD,-1.7936284728991438,2.5877030072700578,-1.07748169413871,42.64728005593325,7.684218739865865,1.711078776368337,0.2728812492330641,5.032110951816329,1.4958113927395114,61.43004182636417,-1.3838107318445338
SEG_085,2020-04-30,0.1652006371990955,0.4477595401308659,0.3279294516341761,-0.054468540061683,GOOD,-1.3838107318445338,2.349472792405789,-0.500817834185664,21.300912272597905,5.950013002637566,0.8042084839180295,0.1452218732374585,5.032110951816329,1.4958113927395114,61.43004182636417,-1.6555710442699545
SEG_085,2020-05-30,0.0945087359167761,0.302475727972907,0.3219478046523253,0.0686366794136858,GOOD,-1.6555710442699545,2.563678500288381,-1.346236519959473,30.696011655398763,6.215067227448399,0.9703375318166706,0.0348046792242651,5.032110951816329,1.4958113927395114,61.43004182636417,-1.5947618804902666
SEG_085,2020-06-29,0.0552361461864676,0.1020512941091791,-0.2493459044515688,0.090488650418983,GOOD,-1.5947618804902666,-4.641142776265546,-0.9082929287616684,25.794426268534703,4.663266211958059,1.1765150683431562,0.2746304739377277,5.032110951816329,1.4958113927395114,61.43004182636417,0.185132698683638
SEG_085,2020-07-29,0.3101644488706244,-0.2655799859756047,0.2379317561191494,0.1343986378555259,GOOD,0.185132698683638,-8.145064694455051,-0.5363418184129687,13.9225829389656,7.8601430188314465,1.7671571085993254,0.175434289156867,5.032110951816329,1.4958113927395114,61.43004182636417,-1.881858063722664
SEG_085,2020-08-28,0.2885978570620494,0.3919761355372201,-0.2047427453536479,0.2234887906084331,GOOD,-1.881858063722664,-0.9970167241360386,-0.0204666676483138,16.133563055713275,9.044676892648187,0.9644637210137254,0.2935349623870373,5.032110951816329,1.4958113927395114,61.43004182636417,-1.559633039508104
SEG_085,2020-09-27,0.3743400507847685,-0.245939211308424,0.1441779224640255,0.0683887359441229,GOOD,-1.559633039508104,4.025874783057013,0.1378009722115847,49.572885476871264,7.653347324601984,1.501306037440438,0.1644973046244637,5.032110951816329,1.4958113927395114,61.43004182636417,0.1263370614702073
SEG_085,2020-10-27,0.097582484160628,0.0714483231174508,-0.0649918643965815,0.0032831999590035,GOOD,0.1263370614702073,0.8499183251589937,-0.390282552664144,315.9169514602997,2.7505281754703086,2.4768447012487207,0.7121669757674951,5.032110951816329,1.4958113927395114,61.43004182636417,-0.3171212927292703
SEG_085,2020-11-26,-0.095661519859894,0.2718124672843495,0.1232640261801646,0.059977127675165,GOOD,-0.3171212927292703,-4.934876400027045,0.4158663246298191,302.3070728967384,6.697146262445986,2.7498607671046678,0.5436569650945189,5.032110951816329,1.4958113927395114,61.43004182636417,-2.344633293948471
SEG_085,2020-12-26,0.1896474247365419,-0.0351860960154879,0.2666739750639242,0.2658665797989958,GOOD,-2.344633293948471,4.7790723386323055,-0.2774420886434365,343.3121827154763,12.620945638871856,2.955211950851251,0.8327536596796506,5.032110951816329,1.4958113927395114,61.43004182636417,-0.5645367065496929
SEG_085,2021-01-25,0.0643110202657075,0.4457080495389899,0.5331563546035654,0.0674148184074761,GOOD,-0.5645367065496929,-9.001861638127476,-1.0876084980995562,48.1495550355688,5.7637482996052185,2.25827244235919,0.2332899027754796,5.032110951816329,1.4958113927395114,61.43004182636417,-2.014206412063535
SEG_085,2021-02-24,-0.0319572816751007,-0.0211782033975249,-0.0962733795050443,0.0174937038857369,GOOD,-2.014206412063535,3.7982245363585294,-0.8887401799469574,32.52281217711078,7.170714567347527,1.7937505480158342,0.2655343339209278,5.032110951816329,1.4958113927395114,61.43004182636417,0.4187285022076826
SEG_085,2021-03-26,0.2083646875813996,0.3795590459697889,0.4555373068873559,-0.0081863498367118,GOOD,0.4187285022076826,-3.823079540538489,0.3247254378442994,9.241374855309592,3.877507831685513,1.0066299277406177,0.1954067018107956,5.032110951816329,1.4958113927395114,61.43004182636417,-1.1198217981071643
SEG_085,2021-04-25,0.1721390690649972,0.1488135143436689,-0.0209965023311202,0.0073821907287713,GOOD,-1.1198217981071643,4.5803600794911645,0.2452303149254115,13.53755785349806,7.355216502264127,1.5398876384112985,0.0465315118527044,5.032110951816329,1.4958113927395114,61.43004182636417,-0.7102963133931672
SEG_085,2021-05-25,0.3042549201726319,0.2539377090920187,-0.2934094188516141,0.1403691897024224,GOOD,-0.7102963133931672,-4.734440740024478,0.2888911804255829,4.543066813802465,7.346461280336297,1.3839350017648584,0.1761956960869524,5.032110951816329,1.4958113927395114,61.43004182636417,-1.7888370156798394
SEG_085,2021-06-24,0.1082642167422674,-0.2260355650777789,0.251419739592343,0.1303832539469216,GOOD,-1.7888370156798394,-2.575108071615583,-1.1151889768094247,26.95758514852868,7.653450194892503,2.2378321962306336,0.2502715759098855,5.032110951816329,1.4958113927395114,61.43004182636417,0.0211396952659522
SEG_085,2021-07-24,0.3154090122740249,-0.3657648690038776,0.4548936344110155,0.2960473122994265,GOOD,0.0211396952659522,-0.6461621758562472,-0.4828582568571204,41.23259305174776,5.084348014597768,0.7421075338536074,0.2315506161311954,5.032110951816329,1.4958113927395114,61.43004182636417,-1.5342743609772114
SEG_085,2021-08-23,-0.0864193177111288,-0.3003659969694462,0.0449977687565421,0.1466011591767305,GOOD,-1.5342743609772114,-1.3313919759952686,0.480153146020001,1.7616322763909786,9.65448183861372,1.1747535031189549,0.2012304552906815,5.032110951816329,1.4958113927395114,61.43004182636417,-1.534517597658456
SEG_085,2021-09-22,0.1915430093704352,0.4365414455456878,0.081083882152688,-0.0306923753757246,GOOD,-1.534517597658456,-4.795388404235881,-1.036574385505029,19.186168198760797,6.5494491010933125,0.7919396104310408,0.074141747610775,5.032110951816329,1.4958113927395114,61.43004182636417,-0.0322114533141039
SEG_085,2021-10-22,0.2912177747282933,-0.3081254168687032,0.3091265627340847,0.2343098599347813,GOOD,-0.0322114533141039,1.751624695285198,-0.8889124970612443,314.02213448796607,12.047408810774192,2.3686347009585504,0.6586162307048001,5.032110951816329,1.4958113927395114,61.43004182636417,0.2055403408635416
SEG_086,2020-01-01,0.0272009079592478,-0.4627175069769447,0.0911919690552463,0.2233491789161304,GOOD,0.3455531597337195,-7.364081969379024,-1.001821268685782,28.10099988303894,5.069752272592581,1.7913451966791551,0.1711149356429581,9.42117307776309,3.714130416373683,38.124893930688486,-0.3001237425837375
SEG_086,2020-01-31,-0.0895882217222199,-0.2310114338680922,0.0060232366552445,0.2331455380371477,GOOD,-0.3001237425837375,-4.789058175337776,0.4481624328958731,42.62823781350343,7.068812602962262,2.0358279460817785,0.2141552405003955,9.42117307776309,3.714130416373683,38.124893930688486,0.4980168065983685
SEG_086,2020-03-01,0.2043893027006812,0.3791379405968152,0.5290469246480152,0.2374111999021627,GOOD,0.4980168065983685,-6.268919903488657,-0.6461599945028336,45.215357692930525,8.98899608613049,1.5284026293036037,0.2235432238997569,9.42117307776309,3.714130416373683,38.124893930688486,-0.6585511310867338
SEG_086,2020-03-31,-0.0519369347411884,0.36188708596173,0.0643718406209615,-0.0820793710392288,GOOD,-0.6585511310867338,2.038516426397253,-0.4539326399354764,0.2265110752119048,8.096176957602374,1.82634093406372,0.1196791409771449,9.42117307776309,3.714130416373683,38.124893930688486,0.2050782452086332
SEG_086,2020-04-30,0.1543293720094112,-0.04467072924773,0.5411053169317133,0.2943820395612774,GOOD,0.2050782452086332,-0.8421907970618978,-0.6960696925675571,18.864565907547178,9.702971841909784,1.1990989215310834,0.1396284490514947,9.42117307776309,3.714130416373683,38.124893930688486,0.4989285611172858
SEG_086,2020-05-30,0.02910705230007,-0.483598884876199,0.3307165957677553,0.0830304315694572,GOOD,0.4989285611172858,-0.3628334005643783,0.2443651685608978,43.3268434759658,5.465842162623528,0.8217515964751063,0.2670623518889767,9.42117307776309,3.714130416373683,38.124893930688486,-0.4913241376124441
SEG_086,2020-06-29,0.3540925028996,-0.4192064253515238,0.5670365615401101,-0.0140428787516927,GOOD,-0.4913241376124441,1.941765951148918,0.4021826046083008,46.61710856308397,5.584247058786692,1.253573712441395,0.1954829674683825,9.42117307776309,3.714130416373683,38.124893930688486,0.1480643210833252
SEG_086,2020-07-29,0.1160675590034411,-0.1742076277729011,0.2873573139670181,-0.0693705661808862,GOOD,0.1480643210833252,-3.664337551927255,-1.4599943952824923,4.79609608067551,5.931158284079216,1.082195392688153,0.1699544784752778,9.42117307776309,3.714130416373683,38.124893930688486,-0.2402316622848327
SEG_086,2020-08-28,-0.0096490062608935,-0.2159134023316633,-0.1132615441628467,0.286220387720875,GOOD,-0.2402316622848327,-0.4050813261364343,-0.6301253352242162,25.85614559339963,2.149172358688319,2.253889160316632,0.3009830576549639,9.42117307776309,3.714130416373683,38.124893930688486,0.0898079801641072
SEG_086,2020-09-27,0.3546655454361395,0.1457130114370861,0.4033858542745163,0.0634113963153127,GOOD,0.0898079801641072,1.864817173971796,-1.0413477050591626,17.157784220154088,2.3644891462155826,1.8669180704033903,0.201750812394583,9.42117307776309,3.714130416373683,38.124893930688486,-0.520968572699565
SEG_086,2020-10-27,-0.0110261619262219,0.06099007602508,-0.2351091062689872,0.2325755110472676,GOOD,-0.520968572699565,-7.482720475698786,-0.8377338081369208,322.28513029380576,4.4053017472604505,1.0785257970482764,0.2374454184404054,9.42117307776309,3.714130416373683,38.124893930688486,0.9691273494164512
SEG_086,2020-11-26,0.3311021703574391,0.3592650982790996,0.1850255615365021,0.2485173157028119,GOOD,0.9691273494164512,-3.58251142376272,-1.1551406717960553,318.81960364972963,8.647371667674452,1.3826374258827403,0.2024747282157769,9.42117307776309,3.714130416373683,38.124893930688486,-0.038369714913301
SEG_086,2020-12-26,0.2802955737556374,-0.2506318426333234,0.2821425293294331,0.1291880942717009,GOOD,-0.038369714913301,-3.891941548200168,-0.3814246525142732,302.588533487608,5.082900893441578,2.242984429678079,0.5735067991403089,9.42117307776309,3.714130416373683,38.124893930688486,-0.6840696880533887
SEG_086,2021-01-25,0.319949241297618,-0.478264333532896,-0.228480258843761,0.2056508783736889,GOOD,-0.6840696880533887,-1.328415977503452,-0.2978356430908513,4.2029581840477945,8.452100074910515,1.4803613551007997,0.0033380114066069,9.42117307776309,3.714130416373683,38.124893930688486,0.0949445344873265
SEG_086,2021-02-24,0.3603303391624803,0.359654384619545,-0.1673132328994862,0.2472907152882284,GOOD,0.0949445344873265,-3.1050031613247686,-0.451638275741818,37.94933426188236,2.390181236954544,0.9419306824953632,0.112540920867196,9.42117307776309,3.714130416373683,38.124893930688486,-1.1708913614698204
SEG_086,2021-03-26,0.3726772390093766,0.2473579229597897,-0.1059312460693978,0.0216178348064506,GOOD,-1.1708913614698204,-0.5669796174242983,-0.9836700498615752,25.43350189212077,6.78199514016628,1.6794850396273022,0.1672151230065369,9.42117307776309,3.714130416373683,38.124893930688486,-0.7040296388537631
SEG_086,2021-04-25,0.1686084809599045,0.1742652353868183,-0.1645147079485756,-0.0110598731911665,GOOD,-0.7040296388537631,-3.674816032263198,-0.546444420306915,42.11060916736148,9.217410865295957,1.2657914665801346,0.0811888332995172,9.42117307776309,3.714130416373683,38.124893930688486,-0.7283802641139396
SEG_086,2021-05-25,0.1232503008151544,-0.2200595671952742,0.0215952412403052,0.0846203264181075,GOOD,-0.7283802641139396,0.1280306741755179,0.2803843786702285,19.4062088597577,9.545607649827796,1.216357034158987,0.0824774447163156,9.42117307776309,3.714130416373683,38.124893930688486,0.4370379577334952
SEG_086,2021-06-24,0.2071266036545069,0.4094897624423205,0.523347105814719,0.1421814068805722,GOOD,0.4370379577334952,-6.025508293857058,-0.5084094708235789,38.66916256349168,4.994670248822911,0.9253785575180024,0.0639532888794175,9.42117307776309,3.714130416373683,38.124893930688486,0.5213822400322535
SEG_086,2021-07-24,0.0426298612330511,0.0024354063932756,0.0008540587462751,0.1349732647959637,GOOD,0.5213822400322535,-3.308123117323454,-0.5806084008930403,12.687495677984357,8.606617979360397,0.6370153540360495,0.1889558061015119,9.42117307776309,3.714130416373683,38.124893930688486,0.5923553571348869
SEG_086,2021-08-23,0.0946466992263903,-0.0801084298076283,0.1277878176663315,-0.0899911246742653,GOOD,0.5923553571348869,-9.662089166235448,0.2331527692082295,21.06252143801968,4.837531869442289,1.058198525649596,0.1274346133048695,9.42117307776309,3.714130416373683,38.124893930688486,0.3108950510179848
SEG_086,2021-09-22,-0.0558665600566888,-0.1829099449933983,0.1240660949787322,-0.0169211398013213,GOOD,0.3108950510179848,-9.10907537244369,-0.3232788881929391,39.438317728161145,7.146797818996141,0.6496554447388804,0.2021765606346745,9.42117307776309,3.714130416373683,38.124893930688486,-1.642732946441717
SEG_086,2021-10-22,0.2981543757358237,-0.1273993447540105,0.0213615086181108,0.1024962548912022,GOOD,-1.642732946441717,-5.642428950702606,-0.9732168861716202,312.20830810268734,9.865527627384076,3.17768496697614,0.7217186909783089,9.42117307776309,3.714130416373683,38.124893930688486,-1.820932174908137
SEG_087,2020-01-01,0.2684312555144778,-0.4298604200785607,0.3620510542464506,0.2259731003870514,GOOD,-0.3452110401411509,1.3019648565733632,-0.7766537692476536,21.07076163507872,2.6293153524402992,1.9339682160043927,0.2794971796249749,9.600790108366176,1.3751191547917854,2.8903155442082773,-1.751362712015324
SEG_087,2020-01-31,0.2677991382744246,0.3335480713423949,0.5942565930807202,-0.0652945442568702,GOOD,-1.751362712015324,3.300971945928211,-0.4952351567888793,37.44378833534629,5.582576083395208,2.120802179363746,0.1711900646979223,9.600790108366176,1.3751191547917854,2.8903155442082773,-0.0791414666090277
SEG_087,2020-03-01,0.2650831181794876,-0.0296161662885748,0.0825451987310135,-0.0627962365426817,GOOD,-0.0791414666090277,-0.2813533237171164,-0.4777565376928332,33.44647884371128,4.245313091310692,1.2229377226859337,0.1289502001720308,9.600790108366176,1.3751191547917854,2.8903155442082773,0.0845198495329082
SEG_087,2020-03-31,0.2254492538366444,0.2819734128854709,0.0450599170685117,0.2541752551414407,GOOD,0.0845198495329082,-9.76265928815595,-0.7542721076009453,6.658361617051101,5.232928534930553,2.12688425979826,0.1812166254399702,9.600790108366176,1.3751191547917854,2.8903155442082773,0.0732887002974498
SEG_087,2020-04-30,0.2209519334838694,-0.4322005936784567,0.3464961591933975,0.1805534548541023,GOOD,0.0732887002974498,-9.94586657024976,-1.1390386883280943,35.21858423424356,5.97103675739843,1.8691125574660343,0.1737572190742974,9.600790108366176,1.3751191547917854,2.8903155442082773,0.7123227435266541
SEG_087,2020-05-30,0.319087951932768,0.1804091054347838,0.2608275590950766,0.0689324115953897,GOOD,0.7123227435266541,-8.993719974155333,-1.390409702739815,3.361635735735835,9.005364780917134,1.4241194799104366,0.1257066053969012,9.600790108366176,1.3751191547917854,2.8903155442082773,-1.7599666646753551
SEG_087,2020-06-29,0.0537641638929665,0.3676148596676885,-0.1081073738888878,0.1363123114049687,GOOD,-1.7599666646753551,-3.193255729984604,-0.0187009349414302,16.97920976864532,4.089201239061783,1.0721792183141214,0.1098214322555908,9.600790108366176,1.3751191547917854,2.8903155442082773,0.6787540498275101
SEG_087,2020-07-29,-0.0060112002219469,0.1057076324705452,-0.0461766124308076,-0.0933251949250011,GOOD,0.6787540498275101,3.106419742725532,-1.1670330924343482,36.10035152209183,8.264728397402067,1.2725571630058783,0.0656444284922374,9.600790108366176,1.3751191547917854,2.8903155442082773,-0.8168731105204811
SEG_087,2020-08-28,-0.0589566382122392,0.4157766830006154,0.3137627387770502,0.2019128765445993,GOOD,-0.8168731105204811,-5.348593042157088,0.2341281602461269,24.84502884710803,4.419570690125944,0.9486199798591712,0.2510507088858567,9.600790108366176,1.3751191547917854,2.8903155442082773,-0.9702031839628578
SEG_087,2020-09-27,-0.0618225674872006,0.1743160053186006,-0.292203588580945,0.042136599165549,GOOD,-0.9702031839628578,-5.986963819633948,0.3893527831210921,20.920405452119567,4.546237679392798,2.0895414401917884,0.216840076898355,9.600790108366176,1.3751191547917854,2.8903155442082773,-2.1186509977588237
SEG_087,2020-10-27,0.3678324964911795,0.2758201996830429,0.0282119167888604,-0.0328849861211584,GOOD,-2.1186509977588237,-1.74433984581559,-0.8442632951777103,343.84121769019134,13.453849292986195,2.4885612983798264,0.8761602819122635,9.600790108366176,1.3751191547917854,2.8903155442082773,0.84208305410341
SEG_087,2020-11-26,0.3430963534020507,0.2936531452347778,-0.2316213933750514,-0.0316763461496663,GOOD,0.84208305410341,4.688091767032606,-0.8394158428757499,340.38255345777765,8.716025703376467,2.566679047121032,0.2649912643437341,9.600790108366176,1.3751191547917854,2.8903155442082773,-1.939055129213564
SEG_087,2020-12-26,0.2789491974593462,-0.3221854775016592,0.1842332429064855,0.2769856180364328,GOOD,-1.939055129213564,-6.694911273824166,-0.4350130444436579,347.7296954288854,2.733598860963085,2.7587239911037598,0.5216583079423005,9.600790108366176,1.3751191547917854,2.8903155442082773,-0.917695507692642
SEG_087,2021-01-25,0.3963762655708118,0.4605173359280042,-0.241472410133393,0.00328037400886,GOOD,-0.917695507692642,-6.113264322973572,-0.0928451477482872,49.101480028193535,3.3843951411102253,2.165027682912902,0.137733603318821,9.600790108366176,1.3751191547917854,2.8903155442082773,0.480148403856428
SEG_087,2021-02-24,0.0849877147906768,-0.036689715500453,0.4570656867172302,0.2912299655769138,GOOD,0.480148403856428,2.6062473193886597,-0.0289889436402777,5.080242519598032,2.506513745487357,1.2148986710803735,0.1917589667523562,9.600790108366176,1.3751191547917854,2.8903155442082773,-1.2709434500185912
SEG_087,2021-03-26,-0.0546610452601826,-0.4128439702412267,0.3513561692939672,-0.0647515708308165,GOOD,-1.2709434500185912,-5.014897747041231,-0.2177733576840392,18.12216050765559,8.791799071668018,2.0056816392558403,0.0950562677675644,9.600790108366176,1.3751191547917854,2.8903155442082773,-1.7400464512692768
SEG_087,2021-04-25,-0.0705569713992352,-0.1926881648836094,-0.2907635353147818,0.0763804302597759,GOOD,-1.7400464512692768,0.6831505633676347,0.2874066687740777,30.831945314935,9.103995009684684,1.126497222608086,0.1290209071351245,9.600790108366176,1.3751191547917854,2.8903155442082773,-0.7338311825262144
SEG_087,2021-05-25,0.2840269458028006,-0.1802333261324576,0.0660995078629261,0.2357640823957932,GOOD,-0.7338311825262144,1.2396855429060842,-0.8891464423308326,49.39766633746967,4.428606636505088,1.7958598502203833,0.1968891622195668,9.600790108366176,1.3751191547917854,2.8903155442082773,-0.2245228354562934
SEG_087,2021-06-24,0.19550609774247,-0.3586409285172102,0.5448836062288815,0.243074798300384,GOOD,-0.2245228354562934,-4.8813519828728325,-1.3898472127768988,15.339301408989698,2.656272705491519,1.500690300130068,0.1761504442718627,9.600790108366176,1.3751191547917854,2.8903155442082773,-0.0881483686021315
SEG_087,2021-07-24,0.1096755056519022,-0.3953584513238218,0.3252971632286289,0.0529781072801421,GOOD,-0.0881483686021315,0.3503258097014736,-1.3134331104566253,2.943671455670721,8.030043178092733,1.8014948322169244,0.1569406180754846,9.600790108366176,1.3751191547917854,2.8903155442082773,-0.8391500991359587
SEG_087,2021-08-23,-0.0337926277516883,0.1641538012777172,-0.1794021441038278,0.1960213664874371,GOOD,-0.8391500991359587,-7.879069661639269,0.1484536752620011,46.25276108307608,3.215559702337627,0.8361525342152176,0.2463402500873505,9.600790108366176,1.3751191547917854,2.8903155442082773,-0.3301417123935879
SEG_087,2021-09-22,0.2190182983953819,-0.3295007821143904,0.4039475421825494,0.2342632490941381,GOOD,-0.3301417123935879,-4.278121968216807,-1.207978799485013,26.45390674231676,7.051417545735244,1.3871898794960311,0.2168605343620408,9.600790108366176,1.3751191547917854,2.8903155442082773,0.0447506968621859
SEG_087,2021-10-22,0.272877657427945,-0.4888775695468286,0.2118327580940357,-0.0443390766917207,GOOD,0.0447506968621859,-0.4997139138187751,0.3739651135680646,331.67754611063566,5.938212938875332,3.056927884904328,0.6769867777417578,9.600790108366176,1.3751191547917854,2.8903155442082773,-0.2449080283542755
SEG_088,2020-01-01,0.0476207909534764,-0.3137336753236683,0.345496564583941,-0.0821216364765684,GOOD,-0.0042905667520244,-2.324205240094958,0.3510108858770391,32.12596737707705,7.651976342782239,0.8609890439036503,0.18229414793614,5.786760463560119,4.702450481044304,14.474805153951207,0.3222839069810888
SEG_088,2020-01-31,-0.0920322008206933,-0.1198966574376984,-0.0407674856694321,-0.088528033573918,GOOD,0.3222839069810888,2.476302964455879,-0.9757051913023932,20.92545173435496,4.868897369336985,1.1570572368009897,0.1779825681195213,5.786760463560119,4.702450481044304,14.474805153951207,0.1089357982818296
SEG_088,2020-03-01,0.3023218132523424,0.1925900502482819,0.2462884602653612,0.0364261539031804,GOOD,0.1089357982818296,-9.650593296754105,0.2412493241344626,31.728216075404152,9.776418848554911,1.5570975492852694,0.1382812330117032,5.786760463560119,4.702450481044304,14.474805153951207,-0.1581992952026488
SEG_088,2020-03-31,0.2439053492977666,-0.2957622853273365,-0.215608478259131,0.0555715034283068,GOOD,-0.1581992952026488,-4.68371293342689,0.1105182786961975,11.027879087188586,6.470912009008941,1.4531217198682085,0.2480920247447488,5.786760463560119,4.702450481044304,14.474805153951207,-0.2042524792438716
SEG_088,2020-04-30,0.3400367341224736,-0.152405273723841,0.3275312638601848,0.2645290403862179,GOOD,-0.2042524792438716,2.4438188490631045,-1.3518622188865606,19.467641286180125,9.67185271099012,1.302154703154665,0.0964429907015759,5.786760463560119,4.702450481044304,14.474805153951207,0.0880001678362729
SEG_088,2020-05-30,0.3216729461833022,-0.4769698986059362,-0.2206341930250738,-0.0609252339620459,GOOD,0.0880001678362729,-7.097054955808904,-0.7356188742947354,46.10524560490333,5.855955233020058,1.7546738831018072,0.2814783571119277,5.786760463560119,4.702450481044304,14.474805153951207,-1.9946926822387547
SEG_088,2020-06-29,0.3411035443829056,0.2536653397784968,0.2538588144919381,-0.0142723783584245,GOOD,-1.9946926822387547,-5.060935379424707,0.0198559719477739,36.51381405307015,8.854703128026607,1.4604697029390592,0.2310824273710982,5.786760463560119,4.702450481044304,14.474805153951207,-1.1524105318785585
SEG_088,2020-07-29,0.2649263279359485,0.0601194886005552,0.5556645784261249,0.1278151252563246,GOOD,-1.1524105318785585,-1.1631800184438497,0.0069712120597844,12.980774216205416,8.471032653055058,1.9027341432923843,0.3138540962633624,5.786760463560119,4.702450481044304,14.474805153951207,0.848602460887187
SEG_088,2020-08-28,0.1202498805826373,0.0607942509604132,0.2296715611410612,0.2530819865851871,GOOD,0.848602460887187,-3.867409213531899,-1.0698942744790805,2.8147726580774246,6.515195449076959,1.686412651498945,0.0625562654489403,5.786760463560119,4.702450481044304,14.474805153951207,-0.5218117693614066
SEG_088,2020-09-27,0.1467121966474746,0.3078283932551233,-0.0697372453057891,0.1042131595585917,GOOD,-0.5218117693614066,2.220387417091743,-0.442558933076044,38.51113595585209,8.6777052163884,1.2896544927919955,0.2545779069899083,5.786760463560119,4.702450481044304,14.474805153951207,-0.0839757601900898
SEG_088,2020-10-27,0.3454594521477782,-0.1324400397069874,0.2971795271734517,0.1649711088383082,GOOD,-0.0839757601900898,3.0895640946074625,-1.18229944220875,345.31166075346977,7.735233160049995,2.1501046656699323,0.2714270891784823,5.786760463560119,4.702450481044304,14.474805153951207,-0.5255318039711825
SEG_088,2020-11-26,0.0091668946827292,-0.2545306580251708,-0.1112982806745099,0.0747158375331096,GOOD,-0.5255318039711825,-4.857279238057072,-0.429644335396691,314.9013026362316,9.536973824012469,1.355174077908116,0.26995603072237,5.786760463560119,4.702450481044304,14.474805153951207,-0.664577112281113
SEG_088,2020-12-26,0.1511909120472971,0.1108118440888081,0.0593012984893298,0.0295791083625261,GOOD,-0.664577112281113,-2.8055499896147094,-0.9623983542015252,314.0363211089865,4.603630294260436,2.640539409241333,0.5782554747572475,5.786760463560119,4.702450481044304,14.474805153951207,-0.9740961698596768
SEG_088,2021-01-25,0.0787071065462319,-0.2993338921579649,0.5438654521839195,0.0289508876121732,GOOD,-0.9740961698596768,1.809374098753846,-0.8404939383313019,31.425411685794856,9.390126198705817,1.5817700976610116,0.1104048488428872,5.786760463560119,4.702450481044304,14.474805153951207,-0.145404369365096
SEG_088,2021-02-24,0.1286770007214246,-0.2235658981875659,0.5702711844239241,-0.0742519953675446,GOOD,-0.145404369365096,4.560987151402609,-0.728456576408383,44.36612910880156,9.42835725286545,1.3577931526978255,0.1506379552594467,5.786760463560119,4.702450481044304,14.474805153951207,-1.2405143736300432
SEG_088,2021-03-26,0.2740959489789371,-0.3821837023652424,0.2553863969216999,0.0972079081070446,GOOD,-1.2405143736300432,-6.639703817491887,-0.273742908146096,17.77963555869846,4.546348397251455,1.6993748409516949,0.1749779997953034,5.786760463560119,4.702450481044304,14.474805153951207,-1.3308344880116894
SEG_088,2021-04-25,0.3433602918371273,0.1113773390896808,0.0965397423241255,0.1395407033764359,GOOD,-1.3308344880116894,0.8393855401802366,0.327029910816907,2.491018759356633,9.643306863698058,1.200775736040392,0.1705962089698328,5.786760463560119,4.702450481044304,14.474805153951207,0.2574342534178637
SEG_088,2021-05-25,0.3175351191694188,-0.1039974184015142,-0.1274958673610445,-0.0849443403307751,GOOD,0.2574342534178637,-5.090784738703758,-0.5492000333635856,31.96507027567691,3.380415613768384,0.9946469749606064,0.0546402147012143,5.786760463560119,4.702450481044304,14.474805153951207,-1.525897471883449
SEG_088,2021-06-24,0.1707250892813514,0.2451075480503327,-0.0252213135729429,0.1651274043327641,GOOD,-1.525897471883449,-4.276443972042597,-0.3934055708524604,28.386280919771465,6.159200117963089,0.993365390282651,0.1759036614024899,5.786760463560119,4.702450481044304,14.474805153951207,-1.9806114838614324
SEG_088,2021-07-24,-0.0585936672819243,0.1337683713007322,0.1555357037018646,-0.0865655741852692,GOOD,-1.9806114838614324,-6.940280884891555,0.3199786737563028,27.677438782531045,2.5759157442155685,1.8012242554309432,0.1819837534175927,5.786760463560119,4.702450481044304,14.474805153951207,0.1967491007084849
SEG_088,2021-08-23,0.0210054098618326,0.294560520955505,0.174285205894848,0.0600980519853966,GOOD,0.1967491007084849,-8.435096897720111,-0.8081588845506906,13.06073452255339,5.33463095907874,0.6991122045865347,0.1191910519957115,5.786760463560119,4.702450481044304,14.474805153951207,0.7787608485964397
SEG_088,2021-09-22,0.0964754687283296,0.1150542563984612,0.0936765911884616,0.2423168249944552,GOOD,0.7787608485964397,2.370431124109377,-0.6941988224835389,35.02575722999354,5.966180869104446,0.6338131532124288,0.0912301594963428,5.786760463560119,4.702450481044304,14.474805153951207,-1.7818484783145898
SEG_088,2021-10-22,0.3625894080726949,0.3525660246112073,-0.030978723156111,0.1293542327373222,GOOD,-1.7818484783145898,0.3631091661554197,-0.0788053046060264,341.05058274472816,4.792193317935944,1.579091507185282,0.2902755864051545,5.786760463560119,4.702450481044304,14.474805153951207,0.297036607317187
SEG_089,2020-01-01,0.337375930398798,0.0490225414839367,-0.2195932684632595,-0.0365140515974839,GOOD,-1.498219866183873,-6.102675845748472,0.384786078443228,18.539025410139917,5.821540095886452,1.4495932447654456,0.1303524712034099,5.792286636948968,4.318387291551306,67.35776178324775,0.4508656109119123
SEG_089,2020-01-31,0.1229055149897137,0.1095103083309644,0.448975975216465,0.2324758067145873,GOOD,0.4508656109119123,-8.767208829562694,0.0625532104627877,28.12882725036418,6.5561439358090405,0.80825196438831,0.1642423270146492,5.792286636948968,4.318387291551306,67.35776178324775,-1.148802486512031
SEG_089,2020-03-01,0.08732214857014,-0.4314783204110211,0.2153279610710408,0.1751969554344915,GOOD,-1.148802486512031,1.9019816786220984,-0.2919693621880928,8.260567985122357,3.648069302569885,0.832899312954216,0.2565041450593057,5.792286636948968,4.318387291551306,67.35776178324775,-0.1297128934049419
SEG_089,2020-03-31,-0.011078492104957,0.2593354632926273,0.3839585596329231,0.1069396995920644,GOOD,-0.1297128934049419,-0.0555461752752393,-0.5482625324709223,21.998739780836285,5.474984547525939,1.3168180256098283,0.1630338585608408,5.792286636948968,4.318387291551306,67.35776178324775,-0.1438625247947538
SEG_089,2020-04-30,0.1407043986720667,-0.1383552526969936,-0.0273068588021712,0.1451028235653757,GOOD,-0.1438625247947538,0.6254476543791778,-0.2227059180238191,15.295880370831156,9.871924088349049,1.507020247878472,0.2378125957945034,5.792286636948968,4.318387291551306,67.35776178324775,0.1285090364354383
SEG_089,2020-05-30,0.0681428099417068,-0.0894727721757957,0.2073095676097958,0.2802997742321015,GOOD,0.1285090364354383,2.451026430233858,-0.968737024550412,30.62457660533329,9.180758479462156,1.4273670058556824,0.2681424645050473,5.792286636948968,4.318387291551306,67.35776178324775,-0.6695297408784256
SEG_089,2020-06-29,0.0492290827077959,-0.3874466989504231,-0.1105418486599042,0.137496943663993,GOOD,-0.6695297408784256,4.911640217634275,-0.1720196746626694,5.489491717170675,9.59797306853687,1.7427469415574377,0.2034981066698535,5.792286636948968,4.318387291551306,67.35776178324775,0.3700607676835469
SEG_089,2020-07-29,0.2832498762299731,0.114561557478765,-0.0634524247322028,0.1652849288933174,GOOD,0.3700607676835469,-0.1110519548041821,-0.1115312198317108,24.18783014025237,3.3835902424095634,2.257399718757049,0.2310690041555422,5.792286636948968,4.318387291551306,67.35776178324775,0.1436384146508824
SEG_089,2020-08-28,0.1006454328245012,-0.39613760841451,0.0083479169259006,0.1592631160211677,GOOD,0.1436384146508824,-2.683030108844421,-1.3095386416687385,26.698361832201105,9.004289725345451,1.261331447482825,0.1228763781323845,5.792286636948968,4.318387291551306,67.35776178324775,-1.0179648047189738
SEG_089,2020-09-27,-0.0241756750725684,0.3607034172458003,0.1827660086009404,0.2866952758219221,GOOD,-1.0179648047189738,-9.735205750839055,0.0504939805589774,37.493834861395136,8.286050854204174,2.0210895779851463,0.2036274957628494,5.792286636948968,4.318387291551306,67.35776178324775,-1.091546483470291
SEG_089,2020-10-27,0.316432185053077,-0.1378746261599209,0.1514266005750665,0.1614484441542153,GOOD,-1.091546483470291,-7.669240744328333,0.2958524660758457,326.5451523562567,9.272666648774829,2.6377140623572197,0.5017552807664009,5.792286636948968,4.318387291551306,67.35776178324775,-0.182457445557544
SEG_089,2020-11-26,-0.0161778642299169,-0.2865950484449899,0.3624558358615707,0.2148394762347046,GOOD,-0.182457445557544,-3.3394061399384274,-0.8988339749240446,323.25070094382835,4.012981379058788,2.0971291118148248,0.3541516402631728,5.792286636948968,4.318387291551306,67.35776178324775,-0.7548748080112524
SEG_089,2020-12-26,0.2581586409211754,-0.2455145736818514,0.5811652767913791,0.1677763867076254,GOOD,-0.7548748080112524,2.14036239012744,0.1410301431050058,312.27784491114073,4.32676953819308,2.2231331712837985,0.498399550994837,5.792286636948968,4.318387291551306,67.35776178324775,-0.9386006466474428
SEG_089,2021-01-25,0.3973469974165413,0.0182015427415661,-0.1049231093422894,0.2755320319038663,GOOD,-0.9386006466474428,1.4987483325327131,-1.425840778311175,23.07397426120873,3.527708030252642,1.965730703014688,0.1116594903041891,5.792286636948968,4.318387291551306,67.35776178324775,-1.6932028281019884
SEG_089,2021-02-24,0.0739673041394899,0.1778045075479133,0.2931481395791876,-0.0842745311320469,GOOD,-1.6932028281019884,1.2455700004770467,0.3802344260099173,23.000595931998863,8.324621000659809,0.9356987151949332,0.0191420064225421,5.792286636948968,4.318387291551306,67.35776178324775,-1.7606992285671998
SEG_089,2021-03-26,0.250364553173566,-0.321902022181755,0.1761018654804003,0.0255264213082315,GOOD,-1.7606992285671998,3.557980921525763,-1.1878084225976175,37.463055848377394,4.921321962970546,1.9328318502298047,0.1341495087900212,5.792286636948968,4.318387291551306,67.35776178324775,-0.996145957577392
SEG_089,2021-04-25,0.295730577123711,0.0853771673457362,0.1006526608886108,0.1707423664629062,GOOD,-0.996145957577392,-7.030872875013943,-0.6431274341522599,49.992859080490746,4.944115393113581,1.7305809997144015,0.1591575281616319,5.792286636948968,4.318387291551306,67.35776178324775,-0.437726185591805
SEG_089,2021-05-25,0.103759614547623,-0.0109502370819977,0.109009114766705,-0.0468642338097737,GOOD,-0.437726185591805,-5.9486405425790245,-1.329250500097295,10.681559603841572,8.406763633811828,1.941284516434701,0.2350064192255244,5.792286636948968,4.318387291551306,67.35776178324775,-1.1315467656092693
SEG_089,2021-06-24,-0.0627946716841126,-0.3104384761517619,0.2432409176326243,0.264310228399248,GOOD,-1.1315467656092693,-2.612516473764231,-0.8804879937234422,30.72432511549852,5.457706117939268,2.0214354545733237,0.282511496887888,5.792286636948968,4.318387291551306,67.35776178324775,0.6219519737339643
SEG_089,2021-07-24,0.256133739545535,0.2271799710972325,0.0726417355050629,0.2074502075319995,GOOD,0.6219519737339643,4.260410781335542,-0.9639397484040252,48.16327542899053,3.5681376876588864,1.7769251739468044,0.2448621491717275,5.792286636948968,4.318387291551306,67.35776178324775,-0.974140204329507
SEG_089,2021-08-23,0.2320965470803886,0.4141729806086193,0.3061899710359048,-0.0086690759521939,GOOD,-0.974140204329507,-0.5666451412864504,0.1869618052953097,28.03599194204776,3.226941131939405,2.003567332343656,0.2095429235442122,5.792286636948968,4.318387291551306,67.35776178324775,0.0909483330521475
SEG_089,2021-09-22,0.0713525659645897,0.4485835432385101,0.3024496083972788,-0.0050861659737624,GOOD,0.0909483330521475,2.1466718157340736,0.3919515202107508,35.37709965497395,8.399354402322146,1.1019594592560398,0.2572054865119218,5.792286636948968,4.318387291551306,67.35776178324775,-0.3651362313052815
SEG_089,2021-10-22,0.0951701098276831,0.4389743326848295,-0.2066823938517676,0.2240991476960653,GOOD,-0.3651362313052815,4.353711030944146,0.0935277909378309,308.3123497946407,4.110832728542267,3.013686875222376,0.675324124036874,5.792286636948968,4.318387291551306,67.35776178324775,-0.4398706682005952
SEG_090,2020-01-01,0.0887711953919885,-0.127698468416434,-0.1067068743498837,0.0499138733340525,GOOD,0.3940046111031763,-5.797539470373445,0.3490686577023703,5.468771800686384,2.780445921259677,1.910344294759916,0.2071231744945219,7.708401341181213,2.312374232876517,26.410593561214917,-1.5222594525130335
SEG_090,2020-01-31,0.3525425907085947,-0.1573911377390618,-0.1075537469696859,0.2685465557877584,GOOD,-1.5222594525130335,4.495566787379641,-0.1257011094968405,7.2192240722249,3.648620280779413,2.078294893189576,0.2646939202420212,7.708401341181213,2.312374232876517,26.410593561214917,-1.1073020206990298
SEG_090,2020-03-01,0.1965560079231402,-0.0554408368654449,0.5560977082703211,0.0715357944756479,GOOD,-1.1073020206990298,-8.504245072186981,0.0571886583836218,13.97291640265112,5.9732406699120775,0.6605136950780663,0.0924431351166577,7.708401341181213,2.312374232876517,26.410593561214917,-1.2846557128850498
SEG_090,2020-03-31,-0.0860493542771093,-0.4254991914254764,0.2956882631034015,-0.0024679565479568,GOOD,-1.2846557128850498,-5.995555485623602,-1.3806699529379578,4.872296419476008,3.476672735388034,0.8073075814461632,0.0629444197476927,7.708401341181213,2.312374232876517,26.410593561214917,-1.1656771130487569
SEG_090,2020-04-30,-0.0022024646341076,0.0081582105285176,0.4906047426159652,0.0579570738081165,GOOD,-1.1656771130487569,3.619064630892641,-1.40758024554976,28.650497649076247,9.931076611387006,1.647767323271076,0.1589004758665337,7.708401341181213,2.312374232876517,26.410593561214917,-0.8913111253781728
SEG_090,2020-05-30,0.1717315414445039,0.2754796107488282,0.0394948000456622,0.1961850422731045,GOOD,-0.8913111253781728,-2.7522572404443046,-0.1915886181178641,34.45214399633469,2.5254435322587856,1.1674169232461031,0.2090374062521286,7.708401341181213,2.312374232876517,26.410593561214917,-1.901921547535182
SEG_090,2020-06-29,-0.0791016791688691,0.0456001499559923,0.46099991920986,0.0579007463482444,GOOD,-1.901921547535182,-5.502934593374503,-0.4979922564337999,40.69612047609048,3.7789627340266767,1.03887737905968,0.2452600598173017,7.708401341181213,2.312374232876517,26.410593561214917,-0.7279843534298819
SEG_090,2020-07-29,0.3224753167382367,0.1543413276114051,0.4162607458274447,0.0026810425959773,GOOD,-0.7279843534298819,-5.52234082193804,-0.3223553357590083,4.165727422117454,2.2960397793591776,1.641620175645948,0.1628309063053572,7.708401341181213,2.312374232876517,26.410593561214917,-0.315685502896842
SEG_090,2020-08-28,0.2408653848634405,-0.1130963207436545,0.5205504560854686,0.2184338712620844,GOOD,-0.315685502896842,4.4788417106002285,-0.0613637311808001,37.53444160764766,7.16138339134847,0.936478482121543,0.0630482358093171,7.708401341181213,2.312374232876517,26.410593561214917,-1.7112865955327914
SEG_090,2020-09-27,0.399024507084834,0.2051675540307765,0.2365647450504132,0.1730708183439978,GOOD,-1.7112865955327914,-8.962730124139085,0.2267527188921523,27.932662358085874,2.798728358020079,1.4213993575796977,0.2392619518515533,7.708401341181213,2.312374232876517,26.410593561214917,-1.29344704694159
SEG_090,2020-10-27,0.1322734369132096,-0.4892253543259834,-0.0504551913020284,-0.0528537214972808,GOOD,-1.29344704694159,-6.30095715817235,-0.3032777719353405,331.88081566293846,5.1837851839438365,1.866975139483496,0.638587578991007,7.708401341181213,2.312374232876517,26.410593561214917,-0.2713887266685769
SEG_090,2020-11-26,0.1007645547236885,-0.4965527270689929,-0.1431910060213995,0.0693774448972546,GOOD,-0.2713887266685769,1.3509687436838345,-0.3991941108131558,325.5022032020597,9.934707212011055,2.819717721010321,0.7641733509735074,7.708401341181213,2.312374232876517,26.410593561214917,-1.7400485027842612
SEG_090,2020-12-26,0.3640282340477562,-0.2680949851946028,0.3954323507419914,0.0472228871143948,GOOD,-1.7400485027842612,-2.447716389497064,-0.9039149553757292,334.122148096262,11.972460784839292,2.3537032953834327,0.773522308072831,7.708401341181213,2.312374232876517,26.410593561214917,0.7099653716179145
SEG_090,2021-01-25,0.3426947526761784,-0.1737285789006722,-0.2239850734769092,0.0245993594469783,GOOD,0.7099653716179145,-4.3392732470583,-1.0646556798891973,34.513383994258355,4.761289246208533,0.7184512601036425,0.1043663989392744,7.708401341181213,2.312374232876517,26.410593561214917,-1.2745183085071357
SEG_090,2021-02-24,-0.0764575477415838,0.3078071755555068,-0.2204155852236775,0.2643528537245984,GOOD,-1.2745183085071357,-8.698291714710356,-0.8391618971877794,25.66136119943576,7.078287934238117,1.592395541407092,0.1262902683341431,7.708401341181213,2.312374232876517,26.410593561214917,-0.5228476793045698
SEG_090,2021-03-26,0.0102735226559443,0.3080261331674969,0.4760905775622148,0.0815183165668435,GOOD,-0.5228476793045698,-2.6058367176228128,0.2140405995537704,34.96294320629004,3.53796464399447,1.0228733099170104,0.1019729161222081,7.708401341181213,2.312374232876517,26.410593561214917,0.0051856744308927
SEG_090,2021-04-25,0.3466258569550865,-0.1965352216831307,-0.1833874745049754,0.2640304503824092,GOOD,0.0051856744308927,-9.927809313316688,-1.3135546600345325,19.60802050432936,6.326965022632561,1.2108104449804338,0.2721272308778523,7.708401341181213,2.312374232876517,26.410593561214917,0.2126344391181904
SEG_090,2021-05-25,0.0603800848455499,-0.2609322037680593,0.0466663725879341,0.0035470489123562,GOOD,0.2126344391181904,-3.196817141328304,0.1654566735582325,22.875254774387265,8.92535523576922,1.375487042388332,0.1009731022743392,7.708401341181213,2.312374232876517,26.410593561214917,0.7548820222421386
SEG_090,2021-06-24,0.0122203406325131,-0.1754025970269567,0.5587519145790454,0.2371166369748301,GOOD,0.7548820222421386,1.985571427193749,-0.5899069655489577,31.751119221857348,8.736280872415175,1.919247306376468,0.1898543467915218,7.708401341181213,2.312374232876517,26.410593561214917,-0.7866453001706295
SEG_090,2021-07-24,0.0181671136789291,-0.2723533866867551,-0.1406576317714379,0.1320576482750329,GOOD,-0.7866453001706295,2.430758109975121,-0.0494111709119564,16.666549784097402,8.039440511681608,1.4387764971578654,0.2715918908600071,7.708401341181213,2.312374232876517,26.410593561214917,-0.4994666323846011
SEG_090,2021-08-23,0.0701429304343103,0.2794816121483019,-0.0280247935014916,0.0123624619749338,GOOD,-0.4994666323846011,-9.352162191273797,-0.8930588558180703,43.6622943666648,5.510313017687904,2.1008071644092894,0.3278666371281333,7.708401341181213,2.312374232876517,26.410593561214917,-1.5675463211411738
SEG_090,2021-09-22,0.3954135840551497,-0.1129832862352303,0.4708011791617769,0.2380502053782644,GOOD,-1.5675463211411738,-9.228034490159065,-0.3112970176421035,42.435500988243575,9.128003474432065,1.256378472324718,0.20256848691747,7.708401341181213,2.312374232876517,26.410593561214917,-0.9925352505546696
SEG_090,2021-10-22,0.3013731385667585,-0.0864434478286272,-0.1943696931401823,-0.0569989709519595,GOOD,-0.9925352505546696,4.8984419080760695,-0.5546870620220199,315.33367107850046,10.596599958065587,2.714437697888972,0.8604530208508326,7.708401341181213,2.312374232876517,26.410593561214917,-1.0469603286783384
SEG_091,2020-01-01,0.164212365665553,-0.1511251945671217,0.0751761183907612,0.2371403915699519,GOOD,-0.9316598152170172,-1.1480086599759147,-0.3050817522109106,46.10844696518106,9.630862572786477,1.850855549025864,0.1911897059855756,6.009715092174387,3.083389855076418,25.7821127449261,0.2807408104461884
SEG_091,2020-01-31,-0.0338916095663309,-0.090232917802127,0.1930752540284546,-0.0864919941878446,GOOD,0.2807408104461884,-3.3571104090863537,-0.6185854689721668,22.810760676500525,6.769147120391442,1.289974618472766,0.1863311863985312,6.009715092174387,3.083389855076418,25.7821127449261,-0.6152044861701996
SEG_091,2020-03-01,0.1825004081915322,0.325414496706932,-0.1701164198024298,-0.0108715519398379,GOOD,-0.6152044861701996,-7.243935591056004,-0.0091416119352418,37.93996420606904,5.552313987598364,1.587168170554847,0.0498990927797206,6.009715092174387,3.083389855076418,25.7821127449261,-0.8363063002124926
SEG_091,2020-03-31,0.2796446928320932,0.4883559894382238,-0.1891175656243057,0.121559454789978,GOOD,-0.8363063002124926,-7.188529782665276,0.0859475587678255,20.343331448599397,9.734686249554528,1.8582780737396476,0.1850014323557369,6.009715092174387,3.083389855076418,25.7821127449261,-1.590879037003003
SEG_091,2020-04-30,0.0159141406140936,0.1844108845415766,0.3986842290883566,-0.0792457020646527,GOOD,-1.590879037003003,-0.7482610729277202,0.3581476245788519,12.611558392615237,5.032681764516691,1.7619336408919746,0.1951536667936144,6.009715092174387,3.083389855076418,25.7821127449261,-1.3131895779043377
SEG_091,2020-05-30,0.3172592343694116,0.4519327800545917,0.0400612854167736,0.2939642696807135,GOOD,-1.3131895779043377,-6.6015132501664455,0.3342604935512856,19.941332419206223,4.750318685434211,1.0516109101258646,0.2105402232105582,6.009715092174387,3.083389855076418,25.7821127449261,-0.5362236332676701
SEG_091,2020-06-29,0.0958938960847209,0.2785280059320836,0.2389071172100939,-0.0638624157412643,GOOD,-0.5362236332676701,-6.363398490578586,-0.0691950941883876,2.428007510679314,8.283759020718346,2.0073031191698503,0.1390099354949179,6.009715092174387,3.083389855076418,25.7821127449261,-1.0311781291093778
SEG_091,2020-07-29,0.3140139987904075,-0.1636682503873974,0.1785372520311833,0.2119489519211108,GOOD,-1.0311781291093778,-8.400492804149401,0.4236931440034104,31.58755889290699,8.11734955308181,1.4928482266460852,0.0869311472245306,6.009715092174387,3.083389855076418,25.7821127449261,-1.0447214267661211
SEG_091,2020-08-28,0.0750316059704331,-0.1889817945322821,-0.171144677128892,0.2208644986345213,GOOD,-1.0447214267661211,4.616398004151849,-0.6796058303097989,49.66789420794073,9.764983781100046,1.114432719680488,0.1868178521388047,6.009715092174387,3.083389855076418,25.7821127449261,-0.7080767320293467
SEG_091,2020-09-27,0.3298199190606465,0.4511965768357865,0.1955837099032891,0.155016654612378,GOOD,-0.7080767320293467,-4.046688784575498,-0.1425288888748548,2.10216165657523,7.776853715782864,2.11830156384367,0.1105041637540578,6.009715092174387,3.083389855076418,25.7821127449261,0.781963297779773
SEG_091,2020-10-27,-0.0624196256806956,-0.0194641870693664,0.5117679693505179,-0.0627879869299171,GOOD,0.781963297779773,3.5535047195138603,-0.3796346872853675,348.2229033167309,9.380029154351206,2.425343652540649,0.3544223191254509,6.009715092174387,3.083389855076418,25.7821127449261,0.4281401007680942
SEG_091,2020-11-26,0.1699727930542453,-0.0280246617953457,0.1720351234008564,0.0936144595130668,GOOD,0.4281401007680942,-2.2090811844472187,-1.0940346147661455,339.8790522291019,2.610309317803281,3.025824435052985,0.6905796644636829,6.009715092174387,3.083389855076418,25.7821127449261,-0.2840929139318631
SEG_091,2020-12-26,0.298601775648787,-0.3263188557604161,0.4356907330586779,0.0895557818285031,GOOD,-0.2840929139318631,-4.115472438591402,-0.8991658819488397,321.3555146039806,3.875638258141167,2.775130461891837,0.5622875541536214,6.009715092174387,3.083389855076418,25.7821127449261,-0.4694426986400654
SEG_091,2021-01-25,0.1355036921966414,-0.4806138625429467,-0.2292771977825057,-0.0834690207874851,GOOD,-0.4694426986400654,-5.316708124599379,-0.1304505157576798,7.503149635716044,2.1696177808725574,1.724281786691159,0.2271738512942369,6.009715092174387,3.083389855076418,25.7821127449261,0.7757379572060593
SEG_091,2021-02-24,-0.0981867742453923,0.2231585002500338,0.1401885354874064,0.019022978444618,GOOD,0.7757379572060593,-8.997651405817027,-0.9491464416708456,24.914460860011715,3.099912623080523,2.059765970298066,0.1186035282273132,6.009715092174387,3.083389855076418,25.7821127449261,0.1323199679323639
SEG_091,2021-03-26,0.0345300689555359,-0.0849475776284335,0.4870015346990583,0.0278151889152346,GOOD,0.1323199679323639,1.6987840940440293,-0.788976562453549,20.28768907522631,7.444367502400415,1.5183522234448188,0.1941059855837329,6.009715092174387,3.083389855076418,25.7821127449261,0.2184827716639861
SEG_091,2021-04-25,0.014905897035156,0.2213105887043699,-0.2501380530509852,0.1138215151683915,GOOD,0.2184827716639861,-5.614680267690363,-0.4142941693662942,46.94256104715518,3.509114456275891,0.8501898987562779,0.3255569306211229,6.009715092174387,3.083389855076418,25.7821127449261,-0.4460427319525282
SEG_091,2021-05-25,0.146705633184905,0.4020868632041489,0.3199150346208485,-0.0135330456557976,GOOD,-0.4460427319525282,-0.3360380220637804,-0.6475106768462904,39.7810481816249,8.915428951955779,1.2064349200508755,0.2767948272173054,6.009715092174387,3.083389855076418,25.7821127449261,-0.9886306972981184
SEG_091,2021-06-24,-0.0327089175532165,-0.0145734393933616,-0.0588980103479777,0.1654639081106334,GOOD,-0.9886306972981184,0.5554222054469964,-0.2580784017701774,23.01516980192338,2.7652302601923093,0.6278388811290138,0.0459361549448851,6.009715092174387,3.083389855076418,25.7821127449261,-0.1909530458022314
SEG_091,2021-07-24,0.2046522028044482,0.3470233155446591,0.1350485801873987,-0.0471062152752018,GOOD,-0.1909530458022314,-4.74403663647019,-0.357085434635046,2.3110084679566545,8.787086162707272,0.9050203019611806,0.2139301918714518,6.009715092174387,3.083389855076418,25.7821127449261,-2.024030606587311
SEG_091,2021-08-23,0.0191374667988892,0.2050319697662784,0.5725782387598739,0.0799853111558472,GOOD,-2.024030606587311,-5.97021245486858,-0.205109568670442,9.88520747197823,5.812937771409188,1.1518314213217231,0.0887581272340597,6.009715092174387,3.083389855076418,25.7821127449261,-1.1228073215384171
SEG_091,2021-09-22,0.071835502741956,0.4646665151261432,0.268469530475876,0.0487816092803644,GOOD,-1.1228073215384171,-8.12660574048847,-0.6412873738658749,10.550630018887023,6.834864118452336,1.5292440955801243,0.202003072923503,6.009715092174387,3.083389855076418,25.7821127449261,-1.1743250518949655
SEG_091,2021-10-22,-0.0903013672529245,0.287558067341488,0.000822171922333,0.2745280607327534,GOOD,-1.1743250518949655,2.888170902881704,0.4898380457120594,348.1586103550244,9.317922364683062,1.2782874501431265,0.2940394824178907,6.009715092174387,3.083389855076418,25.7821127449261,-0.8619685161268973
SEG_092,2020-01-01,0.1171216335456074,0.289403725125551,0.132014810701206,0.2527474008545166,GOOD,-1.3187514951331578,-7.1309597452704185,-0.8885667890674924,31.483228833728187,4.740862838025566,1.3260527021606223,0.3271878292844461,9.19187050285455,3.665324499478233,23.563443690333465,-1.0392138603145629
SEG_092,2020-01-31,-0.0176045410200905,0.4744862531647801,0.0387525739201369,0.0906211707303453,GOOD,-1.0392138603145629,-3.9084909015130256,-0.077992054053998,15.369259276539257,9.15461704245373,2.007380297874558,0.2125406140675194,9.19187050285455,3.665324499478233,23.563443690333465,0.7007955699127442
SEG_092,2020-03-01,0.2066916686139609,0.0713543597375991,0.3866092832794237,-0.0094422332340162,GOOD,0.7007955699127442,-0.2908888438236552,-0.2185851738329387,6.268052865941631,5.767202471565149,2.1301831214936016,0.3257886042832106,9.19187050285455,3.665324499478233,23.563443690333465,0.0343567301329438
SEG_092,2020-03-31,0.2604974934825275,0.0676241538456117,-0.2914646100903545,-0.0736737924249464,GOOD,0.0343567301329438,-2.7560616402267097,-0.544235491526132,6.37223992049093,9.031849036681212,1.3588700241233629,0.2391420397217017,9.19187050285455,3.665324499478233,23.563443690333465,-1.9977416687228968
SEG_092,2020-04-30,0.3166446892113277,-0.3741092505606461,-0.0644708504191829,-0.0384841116582073,GOOD,-1.9977416687228968,-3.8111291696999103,-0.3008092905442583,2.6525671018037045,8.0837972214537,1.9643508211802412,0.2087268940777329,9.19187050285455,3.665324499478233,23.563443690333465,-1.3578379931804043
SEG_092,2020-05-30,0.3872712010839857,0.4123708091695293,0.3108929201877039,-0.0406766072906226,GOOD,-1.3578379931804043,4.163340968349328,-1.272702220795421,23.005741158256924,8.55673808945889,1.4260766097748303,0.3151180061242831,9.19187050285455,3.665324499478233,23.563443690333465,0.6105435608732863
SEG_092,2020-06-29,0.3800008046116064,-0.1717411844350087,0.2144200956276995,0.215183803477133,GOOD,0.6105435608732863,-0.4879838154716065,-0.4565932860092041,6.293686076405019,6.883011448215556,0.9376111784776924,0.2371582313225164,9.19187050285455,3.665324499478233,23.563443690333465,-0.3354562523710491
SEG_092,2020-07-29,0.3925262024140422,-0.2271026190491385,0.4210146186914842,-0.0345664377274673,GOOD,-0.3354562523710491,-0.4394281012165812,0.1681282191564925,48.141359076521866,7.179045782206883,1.2288906651413474,0.1811823694503045,9.19187050285455,3.665324499478233,23.563443690333465,-0.982808779504675
SEG_092,2020-08-28,0.2467697817135582,0.2875166272868684,0.417525330489988,-0.0670320094140228,GOOD,-0.982808779504675,2.9456688011208705,-1.4602418275230538,8.440536322505803,5.45020966345954,2.035339012815998,0.2148209315992443,9.19187050285455,3.665324499478233,23.563443690333465,-1.6167487148755622
SEG_092,2020-09-27,0.2896862128238291,-0.0973159572150763,-0.2904620041069727,0.1878811633670102,GOOD,-1.6167487148755622,-1.558485737156209,-0.3507012868235173,35.158550356101145,7.089239660239346,1.3344752583083406,0.2428811029138533,9.19187050285455,3.665324499478233,23.563443690333465,-0.736618070196496
SEG_092,2020-10-27,0.3323326380577349,0.1449212082606862,-0.0290045802959496,0.0806440398193542,GOOD,-0.736618070196496,2.6305203218995388,-0.0886702042089992,315.9049444868444,7.269269760748172,1.3919047020875306,0.5094787725126071,9.19187050285455,3.665324499478233,23.563443690333465,0.0279703283989893
SEG_092,2020-11-26,0.0242921506052498,-0.0994476480838418,0.1434383819909535,-0.0425566979523945,GOOD,0.0279703283989893,-9.082522608186228,-0.6342641198206749,347.51822999257024,8.49139832634214,1.2535314165184588,0.2550097551790243,9.19187050285455,3.665324499478233,23.563443690333465,-1.4794565859424496
SEG_092,2020-12-26,0.052888510212145,-0.2688023322529353,0.2171117287890683,0.1349928320027134,GOOD,-1.4794565859424496,2.8050746260596444,-0.0213165465314262,333.593441765742,8.921011399222891,2.930722388475531,0.6353561731168199,9.19187050285455,3.665324499478233,23.563443690333465,0.4642546954981403
SEG_092,2021-01-25,0.1344049347860213,0.1939132155659204,0.0009364985749589,-0.0207487933393717,GOOD,0.4642546954981403,2.389931177080564,-1.302784012378206,11.065753268552314,2.1575505694302173,1.2919098299296117,0.0833696364627692,9.19187050285455,3.665324499478233,23.563443690333465,-0.7555534320490707
SEG_092,2021-02-24,0.3490731054479525,0.1792141512646631,-0.2545737381077583,0.2943041093051516,GOOD,-0.7555534320490707,-8.477937037669065,-1.1425732500474597,14.656013160255917,5.805224891507902,0.979667971909692,0.1664765451450853,9.19187050285455,3.665324499478233,23.563443690333465,-1.0133511252922096
SEG_092,2021-03-26,-0.0045612897180789,0.3189318065243681,-0.1584457214961331,-0.0033089928920522,GOOD,-1.0133511252922096,-5.13705001221733,-1.3547541737592053,2.4098877331292234,3.9883049024045096,0.9135969790794224,0.1053649030898513,9.19187050285455,3.665324499478233,23.563443690333465,-0.5068648449058117
SEG_092,2021-04-25,0.254350887573415,-0.1343624819277979,0.0208452611553636,0.1137285675382597,GOOD,-0.5068648449058117,2.059577247622453,0.4120443458312501,13.33865733223032,9.981335323945547,0.5898257986088373,0.0349110641215615,9.19187050285455,3.665324499478233,23.563443690333465,-1.8759168328991112
SEG_092,2021-05-25,0.3089098300303406,0.1751036591764819,0.5516729862004524,0.0573081055448902,GOOD,-1.8759168328991112,-1.094031003789997,-1.1874611322382729,40.65061113695112,8.846807425475202,1.055538243354596,0.1897717985939919,9.19187050285455,3.665324499478233,23.563443690333465,0.4533630882734988
SEG_092,2021-06-24,-0.0822033385135967,-0.0136858912505599,0.1651852530824462,0.1345530184839162,GOOD,0.4533630882734988,2.3344330836743588,-0.0344799164873734,44.296301657430575,9.227349282581898,1.3442585386209922,0.2767100093861565,9.19187050285455,3.665324499478233,23.563443690333465,-0.223511415943552
SEG_092,2021-07-24,0.0550301894964291,0.4609980006063607,0.5384405388376303,0.2896425994288374,GOOD,-0.223511415943552,3.117292724972158,-1.2798496286096936,34.60032623157366,8.866572067526011,1.2627788395609474,0.2159116886560032,9.19187050285455,3.665324499478233,23.563443690333465,-0.1167168054031452
SEG_092,2021-08-23,0.3659101530623878,-0.067757302540974,-0.0924473057962218,0.2835169718114468,GOOD,-0.1167168054031452,-8.028086090759013,-0.9446656940940086,12.301568320933514,8.719164418210624,1.1943855079870036,0.1684003435460128,9.19187050285455,3.665324499478233,23.563443690333465,0.6619191315838505
SEG_092,2021-09-22,0.3260370659620817,0.1713510056556374,0.4853474101632986,0.1628532509943362,GOOD,0.6619191315838505,0.7417841366576319,-1.0251069170841167,6.571165103188948,8.992006407922732,0.5548149550367332,0.1086241439221031,9.19187050285455,3.665324499478233,23.563443690333465,-0.8803418699905717
SEG_092,2021-10-22,-0.0792322282151812,-0.3461572672818978,-0.0170469273149814,0.1249508072719885,GOOD,-0.8803418699905717,2.1301353005877903,-0.1647107503990674,321.0013455136293,5.563140658174701,1.962211785773496,0.1197404286868733,9.19187050285455,3.665324499478233,23.563443690333465,-0.1074305795989952
SEG_093,2020-01-01,0.1567221243845112,0.0008366000448772,-0.2116531209338286,0.1375587231133104,GOOD,-1.933764510899507,1.9887303159174952,0.2916624306252473,32.822181327112084,5.086989875928801,1.0588463601821445,0.182295294074309,8.571001697149306,3.690129782714623,59.98957168221434,0.4111374613528398
SEG_093,2020-01-31,0.1541280853492474,0.2077215428326783,0.3604731918654062,-0.0645620062129431,GOOD,0.4111374613528398,-4.701683007263037,-0.6590718339240003,29.79422585880232,9.94408931437238,1.6046184706652984,0.1973887568186526,8.571001697149306,3.690129782714623,59.98957168221434,-0.6022820935034421
SEG_093,2020-03-01,0.3966304913172861,0.2587454062462175,0.1826725429504891,-0.035875140487571,GOOD,-0.6022820935034421,-2.139918912096899,-1.4759369570140928,47.46231964084595,7.716285257832714,0.8876132716969515,0.0614450329411916,8.571001697149306,3.690129782714623,59.98957168221434,-1.6008184813077058
SEG_093,2020-03-31,0.1769878771612787,0.1732295652386881,0.5492756514126185,0.0161532534582274,GOOD,-1.6008184813077058,-7.102668606702083,-1.0784433282657728,20.998748124658263,2.141940919525028,1.528974957230095,0.2475613145697754,8.571001697149306,3.690129782714623,59.98957168221434,-0.7408582778364935
SEG_093,2020-04-30,-0.0856108428559179,0.0334672720875226,-0.2552548140899697,0.0601369160522831,GOOD,-0.7408582778364935,3.2646190956714207,0.0204701065780972,29.19941456199097,9.909165058713732,1.341610862816034,0.2422159801127882,8.571001697149306,3.690129782714623,59.98957168221434,-1.254031029605192
SEG_093,2020-05-30,0.0420278087540152,0.048624710771587,0.0704904967196697,0.256679502366277,GOOD,-1.254031029605192,-2.787910409632832,-0.3714026952487439,47.19096624656823,5.031345339230012,1.411325020906356,0.1390399751529013,8.571001697149306,3.690129782714623,59.98957168221434,-0.7622977040251487
SEG_093,2020-06-29,0.3341986572786671,-0.1623737084652373,0.1422811113588055,-0.0596094993233648,GOOD,-0.7622977040251487,-4.685148697595226,-1.4091323710814971,33.4417647151724,8.36484178098696,1.8805699037805743,0.101057522671841,8.571001697149306,3.690129782714623,59.98957168221434,-0.713680378320569
SEG_093,2020-07-29,0.3630641629937815,-0.4105951748506672,-0.2560669256411901,0.1503267218346032,GOOD,-0.713680378320569,-1.171430915743375,-1.2069007155856863,35.98795832409427,3.0776217192107413,1.415352049111718,0.2408522032875659,8.571001697149306,3.690129782714623,59.98957168221434,-0.596519319335535
SEG_093,2020-08-28,0.2792108699344365,-0.2860719245655356,0.3934773320164746,0.1814023419523764,GOOD,-0.596519319335535,-6.370686998393925,-0.1459862411012817,4.971083022105743,5.961032491178084,1.5072231609676603,0.0902166331662593,8.571001697149306,3.690129782714623,59.98957168221434,-1.617179665552401
SEG_093,2020-09-27,0.3198246315705904,-0.3922688113810372,-0.0451458231154432,0.0921946068802407,GOOD,-1.617179665552401,2.7817087736163018,-1.2128453662600938,33.23931770681479,3.1079657050333225,1.3755286708273935,0.2888552612346157,8.571001697149306,3.690129782714623,59.98957168221434,-2.0744555081336387
SEG_093,2020-10-27,-0.0881124583699397,-0.4421965107561079,0.0078913648889113,0.1359415948169002,GOOD,-2.0744555081336387,4.9029179749312775,-0.0601576114225683,333.29039907589004,6.689193303489843,1.9998727322138568,0.3113683713272632,8.571001697149306,3.690129782714623,59.98957168221434,-1.4937488482554864
SEG_093,2020-11-26,0.1007307955291025,-0.0417523515455309,0.1683855537995823,0.0913241479846972,GOOD,-1.4937488482554864,-8.539049209088708,-1.0708897707881095,310.10989427504467,13.348435030695146,2.616419455893687,0.7825390937978935,8.571001697149306,3.690129782714623,59.98957168221434,-1.914058051931569
SEG_093,2020-12-26,-0.0702805130649468,-0.4700913386027283,-0.2284789080772942,-0.0106393476937075,GOOD,-1.914058051931569,-5.391798993372026,0.3736768100563497,349.2957905001045,5.933748822906131,3.5053813749052973,0.6735535409917809,8.571001697149306,3.690129782714623,59.98957168221434,-0.8038313927901869
SEG_093,2021-01-25,0.1840694321930167,0.4617739069746285,0.0714989191493593,0.2961478509648737,GOOD,-0.8038313927901869,-4.187710938684205,-0.4760306981325561,24.82653807594889,3.55721136088528,0.82473730131566,0.1911563527460679,8.571001697149306,3.690129782714623,59.98957168221434,-1.8706988282735908
SEG_093,2021-02-24,-0.027363934603245,-0.3447971086774646,0.4001901894403675,0.1527345520383729,GOOD,-1.8706988282735908,-7.5109961859068175,-1.0003765964902196,6.481963852217326,9.17311668121355,1.0814917953396912,0.1348708026225141,8.571001697149306,3.690129782714623,59.98957168221434,-1.837918285048934
SEG_093,2021-03-26,0.1258039558422397,0.3480068890422124,0.5581084958603684,-0.026219119550509,GOOD,-1.837918285048934,-4.4655618236969685,-0.3722759673509175,2.173994789297046,4.099156147378026,2.181964830026874,0.2891374129109257,8.571001697149306,3.690129782714623,59.98957168221434,-0.8089593632754007
SEG_093,2021-04-25,0.3310286622749305,0.3825616904215202,-0.2892248667543171,-0.0722201066827245,GOOD,-0.8089593632754007,-9.34833220657283,-0.4154700666511342,5.737923774794012,3.437542570680969,1.43507280200359,0.1241196098103622,8.571001697149306,3.690129782714623,59.98957168221434,-0.9104803840102194
SEG_093,2021-05-25,0.2856620575316657,-0.0140858245276986,0.2527902225425907,0.1334812866356188,GOOD,-0.9104803840102194,-7.094485862223336,-1.3342047881128636,7.026753378523637,5.127264476507837,1.2057687227521598,0.1988631043515263,8.571001697149306,3.690129782714623,59.98957168221434,0.3165323856897066
SEG_093,2021-06-24,0.328888698227138,-0.1972538806279676,-0.1602365120252084,-0.0421009505985061,GOOD,0.3165323856897066,-6.107175868666205,-0.3893572069827429,12.553105330724678,6.353758682989605,1.414136636475421,0.2747602751179098,8.571001697149306,3.690129782714623,59.98957168221434,0.8046341794296319
SEG_093,2021-07-24,0.1307447315555269,-0.0379763984917893,-0.0298169260450293,-0.0833790504146702,GOOD,0.8046341794296319,2.563972492021368,0.2429750876110308,45.6699898589453,2.2525293645531006,0.8264759199150731,0.1748986105252705,8.571001697149306,3.690129782714623,59.98957168221434,-1.3175206732012896
SEG_093,2021-08-23,0.3060866576499624,0.4200866838065552,0.4091876447898857,0.1417131118840976,GOOD,-1.3175206732012896,-1.393702394280858,-1.487197765957791,4.263488584945824,4.109554258239274,2.1485384375500027,0.2585989787612009,8.571001697149306,3.690129782714623,59.98957168221434,0.3253765631366379
SEG_093,2021-09-22,0.1839304537822025,0.2443571546982258,0.4477373450379231,0.2258330839281116,GOOD,0.3253765631366379,-0.7654211157715398,-0.0327246142129837,42.34994536191746,5.026920673633401,1.836009285713408,0.2595866992236719,8.571001697149306,3.690129782714623,59.98957168221434,-1.5757973340281497
SEG_093,2021-10-22,0.2631405513219609,-0.0907930466517887,0.1969904020590528,0.2108250624281716,GOOD,-1.5757973340281497,4.53233585267512,-1.0591110995138642,303.92459827695177,7.745890986800441,3.4102094599022594,0.8138464202266035,8.571001697149306,3.690129782714623,59.98957168221434,0.790899831636892
SEG_094,2020-01-01,0.0805792391824368,-0.4986364351769937,0.3703561391487823,0.2169539602034282,GOOD,0.4161612283269975,3.541024072437578,-0.5935293123112992,14.79560943714609,8.540225714643512,1.203577906569703,0.0487044091091624,6.078840593627888,0.1109096140981977,31.18191320481593,-1.1868792844987348
SEG_094,2020-01-31,-0.0477167678524698,0.3093242183867104,0.0183187036710583,0.2641699713162347,GOOD,-1.1868792844987348,-2.8929811576221223,0.392731871673025,7.623309440063175,4.624978045308134,1.9737874074859003,0.1234136531161356,6.078840593627888,0.1109096140981977,31.18191320481593,0.7330213460604513
SEG_094,2020-03-01,0.1274969731481518,-0.2322709483852879,-0.0997642979523905,0.243140575269244,GOOD,0.7330213460604513,-6.017130360945551,-0.2635262366028486,29.03122254216554,9.368857203100696,1.604118011865969,0.1272315088629584,6.078840593627888,0.1109096140981977,31.18191320481593,0.9023798616353038
SEG_094,2020-03-31,0.0234661065357126,-0.3934573776422521,-0.0941165771047326,0.1991175859262659,GOOD,0.9023798616353038,-5.666041848552052,-1.1283557442453451,31.503679008975805,9.707774299410552,0.9832398339981488,0.3175020449892353,6.078840593627888,0.1109096140981977,31.18191320481593,-1.8055892498340125
SEG_094,2020-04-30,-0.0160851596794005,0.2590775401075538,0.1058282510603487,-0.0065028788438345,GOOD,-1.8055892498340125,-0.3114434454752643,-1.4090534396814862,24.445521803744004,9.583612406049811,0.8689223812598184,0.139796440624943,6.078840593627888,0.1109096140981977,31.18191320481593,-0.7826094727792228
SEG_094,2020-05-30,-0.0866188876463071,0.0338154182028822,0.0654417490929841,0.032914910600551,GOOD,-0.7826094727792228,-8.58068360026066,-0.8557616736611813,19.80824024880373,5.107979353131113,0.947412910792702,0.0180794804481717,6.078840593627888,0.1109096140981977,31.18191320481593,-0.9083681598631078
SEG_094,2020-06-29,0.3752916154304655,-0.0999942908892099,0.2395023932328987,0.2507255898756702,GOOD,-0.9083681598631078,-0.4663357545268152,-0.3322436091853891,25.94126857479737,4.172991008088921,1.0548133737697003,0.0843972487744264,6.078840593627888,0.1109096140981977,31.18191320481593,0.7628478213122667
SEG_094,2020-07-29,0.2248157063367082,-0.0947124897828428,-0.2041286898939472,0.2952911199735321,GOOD,0.7628478213122667,-3.1600764619634614,-0.5629293769012584,37.67467814379036,5.556126265900527,1.9293730899163053,0.1549825253787175,6.078840593627888,0.1109096140981977,31.18191320481593,-1.416225595904621
SEG_094,2020-08-28,0.1402357470735856,0.0741220109720016,-0.021051914721977,-0.0210917240114667,GOOD,-1.416225595904621,4.853456273775402,-1.4260554694510816,26.390257143699905,2.885184581969818,1.9162201372710124,0.1239777151192587,6.078840593627888,0.1109096140981977,31.18191320481593,-1.986495282200611
SEG_094,2020-09-27,0.2794448279705797,0.332147382587722,0.5934304388825766,0.0112127978089076,GOOD,-1.986495282200611,3.828704591038697,-0.9639009492603836,14.68623283733837,9.558505414231943,1.9447243319183756,0.1586350256383354,6.078840593627888,0.1109096140981977,31.18191320481593,-1.3868448191930454
SEG_094,2020-10-27,0.1238694551561625,-0.2725503799888334,-0.0900358356608078,0.1647917792766775,GOOD,-1.3868448191930454,-1.5303305092739414,-0.6856857987504166,335.06648425967165,4.739545307995415,3.094020933571353,0.5192968193576384,6.078840593627888,0.1109096140981977,31.18191320481593,-1.4122399078536014
SEG_094,2020-11-26,0.140022461027484,0.1797060223409063,0.43668916590515,0.1907570905510732,GOOD,-1.4122399078536014,3.603072576365877,0.2528681596636841,337.8565639463817,9.488933600019742,3.513374484429112,0.9056440398383124,6.078840593627888,0.1109096140981977,31.18191320481593,-1.7550516748475198
SEG_094,2020-12-26,0.213253866151789,0.4799467276631566,-0.1070018936141816,0.0543667308021576,GOOD,-1.7550516748475198,1.095487841973851,-0.544754942542397,341.5735861123957,3.8828643026212246,2.35189905726238,0.1873810388154331,6.078840593627888,0.1109096140981977,31.18191320481593,-0.5708627055133472
SEG_094,2021-01-25,0.0517192898815451,-0.0724280797357068,0.521734758014182,0.0092185184555255,GOOD,-0.5708627055133472,0.8416162601377621,0.3581889110542624,9.803806168131468,7.969986189114294,1.567406253379927,0.1606671985105277,6.078840593627888,0.1109096140981977,31.18191320481593,0.544665025173691
SEG_094,2021-02-24,0.3289113109170253,0.4697489042673558,-0.0807588044402433,0.1486936514181907,GOOD,0.544665025173691,-0.1172038750272133,-0.7239594228057844,22.66175138346159,2.7399102008804377,1.7623639186308355,0.2823749331031458,6.078840593627888,0.1109096140981977,31.18191320481593,0.656337078681078
SEG_094,2021-03-26,0.0367397888619711,-0.2992417976928436,-0.188068830183956,0.206042458062187,GOOD,0.656337078681078,-4.142246122622668,0.3744511758294424,21.521054582992043,4.922330341567845,1.722406132207783,0.173687051342177,6.078840593627888,0.1109096140981977,31.18191320481593,-1.722965901025802
SEG_094,2021-04-25,0.3123782639184221,-0.0374924644267191,-0.1872341453537486,0.2523345283183414,GOOD,-1.722965901025802,-7.956287673972415,-1.4510047675192137,34.87429835329465,6.699583504038586,1.7676187647399697,0.3265267334283952,6.078840593627888,0.1109096140981977,31.18191320481593,0.0447855205304831
SEG_094,2021-05-25,0.0314867414278719,-0.1977403432082823,-0.112236673104396,0.1370118484947525,GOOD,0.0447855205304831,-3.2820937020060965,-1.296751351078279,14.798531928145009,9.817442454599863,1.6172300569082243,0.1314829532594828,6.078840593627888,0.1109096140981977,31.18191320481593,-0.5741819687028595
SEG_094,2021-06-24,0.3369655185594279,0.0992997789185292,-0.0863966708966816,0.1645647976765641,GOOD,-0.5741819687028595,2.5989196802141645,-1.3018874418094963,27.05032154379957,5.160957777353093,1.932607968597313,0.1174226567781608,6.078840593627888,0.1109096140981977,31.18191320481593,-1.9435308186173268
SEG_094,2021-07-24,0.061077108704087,0.1043367447983546,0.4670201449364596,-0.0780958195648578,GOOD,-1.9435308186173268,3.858748246763041,-0.7211397143466467,2.6797980096518903,2.383283595252584,0.6806727105416638,0.2158304719417766,6.078840593627888,0.1109096140981977,31.18191320481593,-1.8605029200410408
SEG_094,2021-08-23,0.2336111708384675,0.2498459224058894,-0.2251522277580304,0.0306811792377602,GOOD,-1.8605029200410408,-8.943802098249499,-0.3291603556324078,9.626322821471136,4.063384222256023,1.2061743989314784,0.2853058839378563,6.078840593627888,0.1109096140981977,31.18191320481593,-1.921712313182072
SEG_094,2021-09-22,0.1571350078355546,-0.360684931668946,-0.2210519748190482,-0.0076047688686629,GOOD,-1.921712313182072,1.098004082892965,-0.476012421549385,32.75742820046153,3.5457384902748936,2.029936292805916,0.2329597405686275,6.078840593627888,0.1109096140981977,31.18191320481593,0.5518826001178624
SEG_094,2021-10-22,0.1864803620595242,-0.4487660172271578,0.3123592929388478,0.2800447192479878,GOOD,0.5518826001178624,2.2987787679600267,0.2053947956096977,323.9035655289355,3.573137204280721,2.649187605764665,0.315089667424848,6.078840593627888,0.1109096140981977,31.18191320481593,-0.7332364282503185
SEG_095,2020-01-01,0.395657483228692,0.0469503412858597,0.4909078078399465,-0.0916034954468587,GOOD,-1.3672135191056978,-8.775831700160808,-0.0455299320213602,19.881762497852517,4.299415893647923,1.2497670612145195,0.0241175717946217,4.48041386281676,3.068951207985461,12.644519647826124,-1.2775739920810365
SEG_095,2020-01-31,0.3873737496055067,-0.2766556827092917,-0.2738498155773685,-0.0241666811303496,GOOD,-1.2775739920810365,-8.25447294597202,-0.244417243654103,30.377534865862067,5.388484508201059,1.035788513170537,0.2833630688899436,4.48041386281676,3.068951207985461,12.644519647826124,-1.3294942916712142
SEG_095,2020-03-01,-0.0669411949298266,0.3476166983130681,0.091090873230424,-0.0940197860103811,GOOD,-1.3294942916712142,-6.620077254449685,-0.3451896508570737,3.3859903786394865,6.572521372686187,1.0859696427308454,0.1334552470599931,4.48041386281676,3.068951207985461,12.644519647826124,-0.8273727521215485
SEG_095,2020-03-31,0.2941969830531599,0.0336603235392642,0.4969600699706671,0.1540258371980228,GOOD,-0.8273727521215485,-3.186790468747617,-1.2966020975291004,19.02671526672819,6.820023670220359,1.328958824505842,0.1069336502506479,4.48041386281676,3.068951207985461,12.644519647826124,-1.5295441719999123
SEG_095,2020-04-30,0.1838352334532073,0.3456596125667975,-0.1511257459025519,-0.0253999700754245,GOOD,-1.5295441719999123,-0.7764888836658415,0.0232206472346634,12.906909846248022,7.470353097929725,1.2559174603970942,0.3276011171162227,4.48041386281676,3.068951207985461,12.644519647826124,-0.5582566086447436
SEG_095,2020-05-30,0.27349640812648,-0.0707954036687023,0.3331272151818976,0.1168514294475503,GOOD,-0.5582566086447436,3.081622753887784,0.2675874697587905,3.7192755598985543,8.26522940224965,1.1544182024888512,0.1374960055403732,4.48041386281676,3.068951207985461,12.644519647826124,-1.7702317005373347
SEG_095,2020-06-29,0.2024999004137978,0.0197372438350453,-0.0115728877057452,0.0998728587594711,GOOD,-1.7702317005373347,-4.990844765611289,-0.0950389750641584,29.69160850152904,7.279408561094713,1.6443794533118807,0.1953853158053083,4.48041386281676,3.068951207985461,12.644519647826124,-0.2617351336961552
SEG_095,2020-07-29,0.2493002164690864,-0.3331005440652465,0.1333335546969024,0.0915636835368612,GOOD,-0.2617351336961552,-7.424043462914117,-0.7873384717534886,4.89844742718914,3.2155524501688117,1.933797457442178,0.1988647342703563,4.48041386281676,3.068951207985461,12.644519647826124,0.8608599096174483
SEG_095,2020-08-28,0.0176902818231361,-0.3317011511606735,0.0712106746488793,0.2545297882690374,GOOD,0.8608599096174483,-4.070953086967107,-1.4550253418629748,7.287710230895056,4.592007071299549,1.1015044755501808,0.169465238987322,4.48041386281676,3.068951207985461,12.644519647826124,-0.5315537334404858
SEG_095,2020-09-27,0.2112443809191693,-0.1552994649269138,0.2573056379742436,0.1271095632058022,GOOD,-0.5315537334404858,1.5434282154640364,-0.0570321462247831,48.50856695955642,8.373243783190857,0.7960334358554341,0.1671898244308982,4.48041386281676,3.068951207985461,12.644519647826124,-0.5578766971533091
SEG_095,2020-10-27,0.3263574614333697,-0.1841528582301671,0.011631039982313,0.1257300137331201,GOOD,-0.5578766971533091,-7.809268319436624,-0.0603766821110398,313.47161743126424,7.682707254498627,2.550077659614056,0.9164792018712022,4.48041386281676,3.068951207985461,12.644519647826124,-2.0485665486146107
SEG_095,2020-11-26,0.3815876630038672,-0.0439503937076818,-0.1034238067311376,0.1110824210217491,GOOD,-2.0485665486146107,-4.672804617180132,0.4156835325499775,323.1508217241038,10.44870937490898,2.6303931215665943,0.8630647786172164,4.48041386281676,3.068951207985461,12.644519647826124,-0.6486841068934515
SEG_095,2020-12-26,0.2651416594168629,-0.3396322786414154,-0.1128051457735428,0.2185930729341914,GOOD,-0.6486841068934515,-4.577593796187333,0.4124813564009175,301.6036688324494,9.581863791237083,2.6603599846553543,0.5600960897366134,4.48041386281676,3.068951207985461,12.644519647826124,0.8680329320170778
SEG_095,2021-01-25,0.0263730674766982,0.1374938231603761,-0.1746161530900842,0.0865350580906022,GOOD,0.8680329320170778,2.578407026584596,-1.1574328869674948,5.5315289792848334,9.103808311921547,1.5908791990986952,0.1309210205486221,4.48041386281676,3.068951207985461,12.644519647826124,0.2672178041237748
SEG_095,2021-02-24,-0.0141175834958378,-0.0586232451384683,0.3446421912616733,0.2926359485183415,GOOD,0.2672178041237748,-5.640879659566817,-0.8021285809673981,9.194600210588188,5.775489874704737,0.5909643614990258,0.1558721916612517,4.48041386281676,3.068951207985461,12.644519647826124,-1.8764311201251296
SEG_095,2021-03-26,0.1752065930326531,-0.3622732568921896,0.1229642601910669,0.2318417718214332,GOOD,-1.8764311201251296,0.2281760107505999,-1.1796684639147412,30.65359990976269,5.43905572664931,2.170016578011313,0.2610387376152941,4.48041386281676,3.068951207985461,12.644519647826124,0.020668976914148
SEG_095,2021-04-25,-0.0214949212047993,0.2313689271409978,-0.0054859443147913,0.0328067663054895,GOOD,0.020668976914148,-9.707737227717,0.4139901155744816,44.25009231297823,2.2588886924545504,0.802734031931714,0.1129144590223036,4.48041386281676,3.068951207985461,12.644519647826124,0.0164684866824063
SEG_095,2021-05-25,0.027966414056738,-0.3711020489869914,0.0863469815954723,-0.0308327132225298,GOOD,0.0164684866824063,-9.807026437319374,-0.6633168308327297,49.80162659726918,3.0771229940057943,1.076047134330806,0.0936998521810882,4.48041386281676,3.068951207985461,12.644519647826124,-0.0261736746011895
SEG_095,2021-06-24,0.1644735546071596,-0.4971794358984425,0.5139731427383467,0.1678662188998358,GOOD,-0.0261736746011895,3.157329874404692,-0.2205101061663326,9.874569250555563,5.655173083001019,2.0086467680986564,0.2341946864695594,4.48041386281676,3.068951207985461,12.644519647826124,-0.2796271138481966
SEG_095,2021-07-24,0.2837600334477701,-0.3584541838659295,0.5610317915993102,-0.0879456524119711,GOOD,-0.2796271138481966,3.068001540252139,-0.0810715646088826,11.05567668526168,5.376214971556294,2.2420223850811647,0.2421522491574399,4.48041386281676,3.068951207985461,12.644519647826124,0.5358334706775107
SEG_095,2021-08-23,0.1790758962603116,0.2268832674329078,-0.025006131765807,-0.0005083048154673,GOOD,0.5358334706775107,-6.186412717348004,-0.9431036575156208,12.636047998174131,9.542939008406393,1.238504958032404,0.1488599363861715,4.48041386281676,3.068951207985461,12.644519647826124,0.1767520549583061
SEG_095,2021-09-22,0.132153885082469,-0.4693723642395866,0.1919359643657122,0.0160599463843671,GOOD,0.1767520549583061,-1.715214472919408,-1.3002952437222328,36.44340919550068,2.759869545090284,1.216386463352289,0.0707647675936441,4.48041386281676,3.068951207985461,12.644519647826124,-2.185007503996724
SEG_095,2021-10-22,0.3150677721697753,-0.3300436026176487,-0.2967663584074849,-0.0481624296435172,GOOD,-2.185007503996724,-4.6200281747351015,-0.8642977354211157,300.90792128972595,11.878716049452049,3.599822155666846,0.8793514433870351,4.48041386281676,3.068951207985461,12.644519647826124,0.0202593403663208
SEG_096,2020-01-01,0.3920530447960983,0.1479216400165383,0.2723649186919971,-0.0059953410928206,GOOD,0.70887680347062,1.1025500361546072,0.4092939749276141,42.541664731915525,4.448500066813469,2.211886982501525,0.1225910596443783,5.750407553365528,0.3351715742755551,50.3214335720638,-1.7731673801480294
SEG_096,2020-01-31,0.3351830284161946,-0.301522704990101,0.0277191642079543,0.2086353185966817,GOOD,-1.7731673801480294,3.71953166979686,0.0525869899862609,40.85356754236811,4.554730385931871,1.6646796878543773,0.2213427766837158,5.750407553365528,0.3351715742755551,50.3214335720638,-1.7989325947687766
SEG_096,2020-03-01,0.2520621677610943,0.0521632845573343,-0.1405485387021351,-0.0838492655126778,GOOD,-1.7989325947687766,-3.322866937924881,-0.4369515689080796,0.9340505932904308,3.9036787164135,1.0672933790150467,0.2668492831513308,5.750407553365528,0.3351715742755551,50.3214335720638,-0.667570621051209
SEG_096,2020-03-31,0.1668233807790801,0.2975306995771736,-0.2937062387464285,0.2036929237634208,GOOD,-0.667570621051209,2.551550590645736,-0.6364671428888,39.96363389821608,8.796365251743474,1.2851840689866971,0.3085929546552508,5.750407553365528,0.3351715742755551,50.3214335720638,0.0586003068356708
SEG_096,2020-04-30,0.395827130574262,-0.2798147025110112,0.5615505049546536,0.0313907115448245,GOOD,0.0586003068356708,-5.57475056565357,-0.0383252000143323,29.81286342415273,3.448373380017016,1.06021382397666,0.187184866428295,5.750407553365528,0.3351715742755551,50.3214335720638,-1.7915631541591306
SEG_096,2020-05-30,0.1214773346527485,-0.0550826676493482,0.2396259311328842,0.2930217708724429,GOOD,-1.7915631541591306,0.2092914121262996,0.0705089934052964,49.47195037916832,8.379847797647237,1.0606618694230037,0.2318931800586913,5.750407553365528,0.3351715742755551,50.3214335720638,0.2253032756657181
SEG_096,2020-06-29,0.1338679448205126,0.4715658734947147,0.0979367262620044,4.564918618940594e-05,GOOD,0.2253032756657181,0.2424307656377458,-1.3244737089079568,19.45273093900172,6.395938192009155,2.271797434768428,0.2911490276779706,5.750407553365528,0.3351715742755551,50.3214335720638,0.5377856254043496
SEG_096,2020-07-29,0.1852200696794495,0.4115637089952321,-0.2649217030540636,0.2026050570876292,GOOD,0.5377856254043496,-0.1105366727300172,0.4285212482197096,9.076703383134936,8.21270115405953,1.189318236564221,0.2967407532724342,5.750407553365528,0.3351715742755551,50.3214335720638,-0.7616423914984545
SEG_096,2020-08-28,0.0879805030703093,-0.4922375983341539,0.1626160932792855,0.0089178397014927,GOOD,-0.7616423914984545,1.2250000317038552,-1.2401905853805093,25.379365174330704,6.62213682461513,1.512367657503547,0.218703560148179,5.750407553365528,0.3351715742755551,50.3214335720638,0.1986926022901586
SEG_096,2020-09-27,0.2434295579358536,0.4206817261564884,-0.0473130557583698,0.2610015425259691,GOOD,0.1986926022901586,1.2155162073392525,-0.0389547521307835,28.61224807958973,8.040810861530968,1.3096590725242132,0.2131363771348089,5.750407553365528,0.3351715742755551,50.3214335720638,-1.2409785538321227
SEG_096,2020-10-27,-0.0366770890856448,-0.3948674527302296,0.5157267021843661,0.0313439211128105,GOOD,-1.2409785538321227,-9.27042071755618,0.0662915238186829,342.4483195768024,8.689949364714062,3.20642002610425,0.8261462880947879,5.750407553365528,0.3351715742755551,50.3214335720638,-0.5128387799100409
SEG_096,2020-11-26,0.2383130630581298,0.3825148107761844,-0.1690195764450162,0.0461980483945618,GOOD,-0.5128387799100409,4.150772790702597,0.2215605618770355,325.60509011021406,11.100236216304369,2.421226425895432,0.8601361585306897,5.750407553365528,0.3351715742755551,50.3214335720638,0.0061914685378368
SEG_096,2020-12-26,0.0174260339481922,0.0753803884045155,0.0563331486806938,-0.0029149083758904,GOOD,0.0061914685378368,3.448175963216224,-1.482894172593208,300.2036416792363,3.897695392158118,1.897483613183613,0.3296574424001004,5.750407553365528,0.3351715742755551,50.3214335720638,-1.2679427372163024
SEG_096,2021-01-25,0.324826610024854,0.4426392296552555,0.2881259511521182,0.0188755624944978,GOOD,-1.2679427372163024,-3.061677960605432,0.3013101166869731,32.97237949544605,8.956386435030156,1.3566474643375237,0.1788987349560478,5.750407553365528,0.3351715742755551,50.3214335720638,-1.6899879086577696
SEG_096,2021-02-24,0.125949739675939,0.0815303989173967,0.4455050569275076,0.1975269360126353,GOOD,-1.6899879086577696,-0.3962572174685093,0.3525038114690753,14.24046220414048,3.858076649768246,2.038092666083372,0.3201506408888524,5.750407553365528,0.3351715742755551,50.3214335720638,-1.3508944879036906
SEG_096,2021-03-26,-0.0454374138661874,-0.1090008018091875,0.543014483305059,0.1934503473613129,GOOD,-1.3508944879036906,-1.3039138556726932,0.3392063754110421,10.464898467399763,6.889791221363824,1.3914905098037806,0.2842972402144469,5.750407553365528,0.3351715742755551,50.3214335720638,-0.3541588104355521
SEG_096,2021-04-25,0.1838458893476878,-0.4458098228122202,0.4311374652786036,0.1816171073401451,GOOD,-0.3541588104355521,-3.5621005262575007,-0.4874368778605455,15.711287204339897,6.0590651486115386,1.118707876859505,0.248088369945666,5.750407553365528,0.3351715742755551,50.3214335720638,-1.1046964679186904
SEG_096,2021-05-25,0.2329965769731337,0.2973682101977168,-0.2351609741108491,0.0907805369086492,GOOD,-1.1046964679186904,2.3571689670623304,0.4819650695708846,33.859524890386766,5.910445680678384,2.064813958159025,0.094881688639672,5.750407553365528,0.3351715742755551,50.3214335720638,0.7722967879437116
SEG_096,2021-06-24,0.2260773706060795,-0.4021383165838545,0.3180374701036335,0.0863883509209505,GOOD,0.7722967879437116,-8.591208508592686,0.3424117369366017,31.841048546090978,3.546441454667028,1.8848148831386389,0.2877563166330807,5.750407553365528,0.3351715742755551,50.3214335720638,-1.4081476330958556
SEG_096,2021-07-24,0.153930533433711,-0.2820879937119469,0.2254813927490261,-0.0405551100052972,GOOD,-1.4081476330958556,0.6739903056304151,-0.8569063204151215,0.6827020035297837,9.233519863432074,1.1142459583970612,0.1179919671975946,5.750407553365528,0.3351715742755551,50.3214335720638,-1.3613818008601255
SEG_096,2021-08-23,0.3769676534620136,-0.1669693389377154,0.3892447832144515,0.1912181651213379,GOOD,-1.3613818008601255,1.47468954321125,0.4240105917788239,46.48483202657159,7.467013526032132,1.2249089555781325,0.0935242969729582,5.750407553365528,0.3351715742755551,50.3214335720638,-0.1766532568061228
SEG_096,2021-09-22,0.0567809868393679,0.1709717565099536,-0.0020868984760655,-0.0524475446798101,GOOD,-0.1766532568061228,-7.661872439554145,-0.3115289406482588,2.681505005201162,3.117232797657186,0.8753786784683001,0.1269437841659571,5.750407553365528,0.3351715742755551,50.3214335720638,-1.5145724781329544
SEG_096,2021-10-22,0.046009595781121,0.2922106430856452,-0.0032346956610168,-0.0866480690683125,GOOD,-1.5145724781329544,-4.645976500887799,-0.7637111046213436,334.7430350078212,9.89355635575238,1.537450194504437,0.5862305573346358,5.750407553365528,0.3351715742755551,50.3214335720638,-1.0908695736830714
SEG_097,2020-01-01,-0.0533781038353149,0.1348676394483069,0.1298481792904489,0.1929676197642827,GOOD,0.2908193959526781,2.641083272376205,-0.8501445348610921,21.879973163806987,5.2417692007641765,2.1242588800904025,0.1397995018168626,2.021115686922138,2.7999603633748027,24.92815399704244,-0.920909480989168
SEG_097,2020-01-31,0.3892122691162689,0.1491074132685012,0.2905937234988526,0.1529281676602802,GOOD,-0.920909480989168,-5.559405801823357,-0.661507329978686,34.74873392012013,3.9866590303895872,0.5663272996824651,0.0752423249126371,2.021115686922138,2.7999603633748027,24.92815399704244,-0.813301902976977
SEG_097,2020-03-01,0.3056392570569283,-0.1598906324756718,-0.0003296342048825,-0.0495723039820037,GOOD,-0.813301902976977,0.5853918939266674,-0.6425921915975668,24.986119754023484,5.8983085613346296,1.4562870885290913,0.2195567064452735,2.021115686922138,2.7999603633748027,24.92815399704244,0.9273305370119612
SEG_097,2020-03-31,0.2967927590623032,-0.267913187696293,-0.1767913845230433,0.0639770116145184,GOOD,0.9273305370119612,-1.3516246464280588,-0.298787950549775,13.142647474398531,8.587844575110669,0.6776938491539688,0.1537678681556713,2.021115686922138,2.7999603633748027,24.92815399704244,0.3894232938532181
SEG_097,2020-04-30,0.3124049143649505,-0.0996926086726402,0.0393266964613305,0.1642757802696551,GOOD,0.3894232938532181,-7.868244989062828,0.4197817060960658,44.48959899288825,6.502446831308126,1.053324923047059,0.2482153302091744,2.021115686922138,2.7999603633748027,24.92815399704244,-1.7024163725411314
SEG_097,2020-05-30,0.1821168878828086,-0.1254752580158594,0.0034428299135053,-0.0906544882046846,GOOD,-1.7024163725411314,1.5988839349328163,-1.4257475669433783,32.16574934816027,9.328063694371416,0.5955021485787475,0.1682070897769781,2.021115686922138,2.7999603633748027,24.92815399704244,-1.469263239022507
SEG_097,2020-06-29,0.2391076181375024,-0.3273565468290981,-0.2497647584491541,0.1336074466953975,GOOD,-1.469263239022507,-5.359919263616048,-1.4336707970932752,21.82118244436853,5.804986410978245,1.1278589628998257,0.1758907581195247,2.021115686922138,2.7999603633748027,24.92815399704244,0.4354605944515854
SEG_097,2020-07-29,-0.0630571471481285,0.1490534260394974,0.3172803723357887,0.2019636770673325,GOOD,0.4354605944515854,-1.1775070352824333,-0.229613798034663,41.95397834202949,7.92506090380363,0.8092555601763239,0.2131444036370771,2.021115686922138,2.7999603633748027,24.92815399704244,-0.6371678412687838
SEG_097,2020-08-28,0.204700129280634,-0.3875250965174701,0.465090769555103,-0.0102674721929713,GOOD,-0.6371678412687838,-7.605768795311118,0.3392885389611573,2.1061863250628363,2.4452264247963136,1.652117060485514,0.3022035721903386,2.021115686922138,2.7999603633748027,24.92815399704244,-1.888667622034608
SEG_097,2020-09-27,0.2261838833365627,-0.055528560663777,-0.0482445548202994,0.0816119992119187,GOOD,-1.888667622034608,-5.708921258847133,-0.3806804072238434,24.54977770721098,6.331789704289903,2.0380707469629207,0.2396024497643915,2.021115686922138,2.7999603633748027,24.92815399704244,-0.4646306612945476
SEG_097,2020-10-27,0.3667661679733296,-0.4378604933602411,-0.1258358863319956,-0.0364882299513532,GOOD,-0.4646306612945476,2.4589218601996023,-0.0054186769947039,301.2896053343958,7.633202253630801,3.7765716451862503,0.7968089851231107,2.021115686922138,2.7999603633748027,24.92815399704244,-0.7786524410391864
SEG_097,2020-11-26,-0.0734920415970058,-0.2088637332716119,0.0743615428605644,0.0676344942023599,GOOD,-0.7786524410391864,-5.139340482202821,-0.0186967122399923,313.5375866633168,5.266815007516201,2.9208066981927665,0.5449283674837629,2.021115686922138,2.7999603633748027,24.92815399704244,-1.8794107126193815
SEG_097,2020-12-26,-0.0902737563597695,-0.0734130450627467,0.447283400265329,0.006107760786893,GOOD,-1.8794107126193815,-0.5855922858711757,0.3336317362870218,349.966189765424,3.4150722838513348,2.576768699810725,0.6446980310049275,2.021115686922138,2.7999603633748027,24.92815399704244,-0.7220211331447746
SEG_097,2021-01-25,0.0253042126792429,-0.0051819566826897,0.515526184310827,0.0043484896841466,GOOD,-0.7220211331447746,2.1569526229289853,-0.1018505006135137,13.629230639552391,4.544643192204909,1.3884646405665058,0.2296114585152697,2.021115686922138,2.7999603633748027,24.92815399704244,-0.644004954687606
SEG_097,2021-02-24,0.1169881652534402,-0.3577208004528145,0.2533395153474374,0.1000492650469055,GOOD,-0.644004954687606,3.8191958315469137,-0.4084882392538354,7.753160371961265,6.179621402102513,1.7144912346878018,0.0357234107074967,2.021115686922138,2.7999603633748027,24.92815399704244,0.1880034538662069
SEG_097,2021-03-26,-0.0266861867398737,-0.098946290559937,0.3475977619296366,0.1829775054571067,GOOD,0.1880034538662069,-6.1426374182634405,-0.6249063159995409,0.0654903581738919,3.567001096349164,1.5576969639015144,0.2565585808561281,2.021115686922138,2.7999603633748027,24.92815399704244,-2.062427214218148
SEG_097,2021-04-25,-0.083362304662582,-0.1128074397993401,0.3455118034633455,0.1170994982579679,GOOD,-2.062427214218148,-6.981028459116365,-0.1200525933603948,48.18475642847396,5.211354397416049,1.3350240213340785,0.2450309886169587,2.021115686922138,2.7999603633748027,24.92815399704244,-1.5142700259761652
SEG_097,2021-05-25,0.3190568527865491,0.1359774177082181,-0.1700892886549913,0.1330533222070238,GOOD,-1.5142700259761652,-8.151839761422877,-1.1515996342752952,38.08760084089216,4.100068755956658,1.682944649144707,0.2113839678466397,2.021115686922138,2.7999603633748027,24.92815399704244,-1.8440756954767208
SEG_097,2021-06-24,0.236125666967306,-0.2299430438637298,0.4546094213352992,0.2167213023245505,GOOD,-1.8440756954767208,-0.9410460197627656,0.4542082342029341,27.8183447871035,4.0935299131968295,0.9227734590521564,0.2452754731494599,2.021115686922138,2.7999603633748027,24.92815399704244,-0.8919376806359627
SEG_097,2021-07-24,-0.0407500644352991,-0.498825321405089,0.1629927866272628,0.1895722707663623,GOOD,-0.8919376806359627,3.0833390241576826,-1.2944565509703896,8.527501687187545,5.836307374676423,1.845681160957898,0.2938601489529219,2.021115686922138,2.7999603633748027,24.92815399704244,-0.3615659066303531
SEG_097,2021-08-23,0.3135051119522449,-0.4417848416791763,-0.0965200252649049,0.0698595284671839,GOOD,-0.3615659066303531,-4.40514861807121,-0.6147308409645769,18.96535510309476,7.595103392104282,1.4941006962696917,0.0675044229467516,2.021115686922138,2.7999603633748027,24.92815399704244,-0.2963740079962272
SEG_097,2021-09-22,-0.0731457146721964,0.4744455595863881,-0.2175683138408588,0.2705491627117314,GOOD,-0.2963740079962272,-9.992443317408677,-0.1474288334104145,2.5498139915026865,2.849082022688517,1.3661960301789655,0.0857421311197128,2.021115686922138,2.7999603633748027,24.92815399704244,-0.9425903081736589
SEG_097,2021-10-22,-0.0940896765432357,-0.451934761191925,0.0132140234009279,0.0156239526431144,GOOD,-0.9425903081736589,0.291163447789982,0.3605804387735982,311.4821764466649,7.461421824560976,2.2164632968781826,0.5975918869948346,2.021115686922138,2.7999603633748027,24.92815399704244,-0.1232110375773339
SEG_098,2020-01-01,0.3938820468310452,0.2481660940440899,-0.0710355688015007,0.2040335898607918,GOOD,-1.0470609137475742,-4.2463322360321945,-0.1435973542860613,30.77650471163978,7.935966805095381,1.850250836253596,0.1718835995419818,2.6856475304624663,3.035815895118405,32.129110839220154,-1.152965887563601
SEG_098,2020-01-31,0.1022317695774638,-0.3869942028133428,0.4007042776563677,-0.0155243324017272,GOOD,-1.152965887563601,4.117366573960913,0.0738093060245275,42.53937131404428,2.743325287130867,1.9596192391693623,0.0825357441679536,2.6856475304624663,3.035815895118405,32.129110839220154,-0.7746124945959386
SEG_098,2020-03-01,0.2904883451137655,0.1126098540972945,-0.0932074861112354,0.0776554220599374,GOOD,-0.7746124945959386,1.273913390428163,-0.0168827984716193,38.57231914377498,7.493816292758276,1.3543673906024805,0.1800883934872713,2.6856475304624663,3.035815895118405,32.129110839220154,-1.043839102077428
SEG_098,2020-03-31,0.3502547993388923,0.2671224841269358,-0.2956813562383175,0.1120778063542563,GOOD,-1.043839102077428,1.5023265877817114,0.1166689961510158,22.890254222295663,6.789693454343033,0.8670566407615815,0.191600790413935,2.6856475304624663,3.035815895118405,32.129110839220154,-0.1930040617060466
SEG_098,2020-04-30,0.2617936722598428,0.0162111558701092,-0.2290432919000893,0.0091480630285464,GOOD,-0.1930040617060466,-2.26737915817886,-1.0771222270130727,40.97436621672056,4.699273556668505,1.22046149374935,0.1043722388547256,2.6856475304624663,3.035815895118405,32.129110839220154,-0.271836839570558
SEG_098,2020-05-30,0.0777423785783675,-0.2445082048659526,-0.0023690855195502,0.1259749699151595,GOOD,-0.271836839570558,-3.4490545977913154,-1.134685303890153,18.69426845194869,3.9478921483360487,0.7360888021480856,0.0954956264431921,2.6856475304624663,3.035815895118405,32.129110839220154,0.0442873868592565
SEG_098,2020-06-29,-0.0514143954911746,-0.3834400021245393,0.322327000398324,-0.0772985013990281,GOOD,0.0442873868592565,-4.420827910227981,-0.1140369644522332,3.541015819519705,6.273857012408096,1.3520026874531368,0.1794441696770369,2.6856475304624663,3.035815895118405,32.129110839220154,-1.55333334678297
SEG_098,2020-07-29,0.1769515054982603,0.4954656491197345,-0.0106436696886356,-0.0110509997054743,GOOD,-1.55333334678297,-6.3585570055657055,0.1535055872332302,20.6024941495748,6.000640789628532,1.019138440656276,0.2456154265207499,2.6856475304624663,3.035815895118405,32.129110839220154,-2.0204536053506144
SEG_098,2020-08-28,0.247223334754108,0.1508343910798301,0.3238619748003393,0.2405685649272005,GOOD,-2.0204536053506144,1.390393641578017,0.269499483051846,7.389835512876886,8.8674085389728,1.078629750919194,0.1418666425269396,2.6856475304624663,3.035815895118405,32.129110839220154,-1.2072604429340388
SEG_098,2020-09-27,0.1476700420033103,0.4324274892677046,-0.2922132901739193,0.2406248787995644,GOOD,-1.2072604429340388,2.393515463616554,0.1452719207770574,25.852082621209,9.074966128303425,1.6135267724200422,0.3131858731905783,2.6856475304624663,3.035815895118405,32.129110839220154,-1.5864842618968058
SEG_098,2020-10-27,0.2591308206683308,-0.3590936812133672,-0.2421860518419843,0.2034784668814105,GOOD,-1.5864842618968058,4.576142096864688,-0.9892304150931504,336.44219582521634,9.240326848438766,2.686496874569684,0.6925544644930749,2.6856475304624663,3.035815895118405,32.129110839220154,0.669300261618738
SEG_098,2020-11-26,0.0239533049444682,-0.0443327877043879,-0.2066757125139157,0.188423277579675,GOOD,0.669300261618738,0.2328938776000999,0.4733332960963499,343.9789508209518,2.6448325075060417,1.4936799614543703,0.2312061809281407,2.6856475304624663,3.035815895118405,32.129110839220154,0.2470210159062797
SEG_098,2020-12-26,0.167667673704845,0.3086721768336282,0.0097233974974508,-0.0423772614553727,GOOD,0.2470210159062797,-7.286062081475936,-0.6079715361554552,347.1369780000023,5.422860003690332,2.877297311477874,0.5029231920731798,2.6856475304624663,3.035815895118405,32.129110839220154,-1.182283760675472
SEG_098,2021-01-25,0.1948401421053364,0.0417581761236237,0.1149217616516161,0.0882548520882215,GOOD,-1.182283760675472,-5.059158707478526,-0.9840351360518091,22.59595422390539,4.359287856011162,0.8513705472305315,0.1545124774698439,2.6856475304624663,3.035815895118405,32.129110839220154,0.0642074701142055
SEG_098,2021-02-24,0.2051883314781053,0.4951153780236287,0.3498393166218553,0.1324978589747089,GOOD,0.0642074701142055,-6.804568236773964,0.4894419594186707,45.84696106734167,7.530046542185143,1.9900601593429392,0.1054803098983301,2.6856475304624663,3.035815895118405,32.129110839220154,-1.316034304460415
SEG_098,2021-03-26,0.0664356725792894,0.4910463472008889,0.589084071133023,0.1325707382225836,GOOD,-1.316034304460415,3.437189375891803,-0.4681350200949519,1.3607681210636768,3.225529661196245,1.1963518078901247,0.306751510636402,2.6856475304624663,3.035815895118405,32.129110839220154,-0.9802163187965152
SEG_098,2021-04-25,0.0473029832486696,0.1040428224384868,0.0797390904045867,0.215329511967539,GOOD,-0.9802163187965152,-8.217573323720481,0.2741737376139384,49.05941909556886,5.276716086529755,1.8195132502775249,0.0730354704489585,2.6856475304624663,3.035815895118405,32.129110839220154,-0.6172293848205691
SEG_098,2021-05-25,0.3607979142665579,0.3678113735933458,-0.2441077800878946,0.276757347021669,GOOD,-0.6172293848205691,-0.1415369191521129,-0.829424252908094,12.61615958752485,2.242047957562743,1.0270343723311486,0.0675831828461923,2.6856475304624663,3.035815895118405,32.129110839220154,-1.293649385459272
SEG_098,2021-06-24,-0.0343401651585362,-0.3694636713749865,0.2720990757005129,0.019803626064278,GOOD,-1.293649385459272,-6.802302617170287,-0.6200147426095315,33.759363433815864,8.46741019993734,2.0218926220379854,0.2036974337377464,2.6856475304624663,3.035815895118405,32.129110839220154,-0.72113918909871
SEG_098,2021-07-24,-0.0662971104052077,-0.0861436304767451,0.283830147577494,0.0137075254268988,GOOD,-0.72113918909871,3.115066478268494,-0.6632603825918881,43.07887146719806,8.39840595760846,1.0210856630795515,0.2704590294810299,2.6856475304624663,3.035815895118405,32.129110839220154,-0.556160591807975
SEG_098,2021-08-23,0.2492642529842862,-0.0084572691877873,0.4626923439458552,0.123040264559027,GOOD,-0.556160591807975,1.3744420704930604,-1.4050278528605298,19.754641285611847,2.6205941032737456,1.6293144780430886,0.0933146410906343,2.6856475304624663,3.035815895118405,32.129110839220154,-1.083947904856682
SEG_098,2021-09-22,0.1553285335426373,0.0135994359950711,0.0390380807852902,0.0414557618886482,GOOD,-1.083947904856682,2.5007105204967903,-1.3401902538108033,46.5046152579495,3.3219787853049487,2.030804750108491,0.2357456624681745,2.6856475304624663,3.035815895118405,32.129110839220154,-0.4671268353284679
SEG_098,2021-10-22,-0.0302450862674918,0.4381416303765463,0.5233831800259285,0.1093246302154448,GOOD,-0.4671268353284679,-3.5081307682395337,-1.4169927550653787,346.2663037017356,8.6734488578013,1.7722203104640577,0.2188391252513022,2.6856475304624663,3.035815895118405,32.129110839220154,-1.9922139225659417
SEG_099,2020-01-01,0.1701970173250429,0.3670477189469463,0.1142444110069703,0.2170677534746724,GOOD,0.1824577415952992,-7.486194795786422,-0.0084156966307451,45.89820840089417,3.663881293979928,1.4746826787570515,0.2066456631071408,1.2528034214940955,1.179074523707493,67.45117840734257,-0.4082276972414508
SEG_099,2020-01-31,0.0464899485065639,0.2876480329224017,0.5365206881271984,0.1995888336912697,GOOD,-0.4082276972414508,-7.957239624767477,0.3894821486112256,35.12117179609919,8.222367783661136,0.9538204222832803,0.0986416356463946,1.2528034214940955,1.179074523707493,67.45117840734257,0.9355472554596308
SEG_099,2020-03-01,0.0893595232872566,-0.4709397500576434,-0.0811191638217203,-0.0974831327622563,GOOD,0.9355472554596308,-2.75324317267137,-0.3779237385616201,41.55809181505353,5.501052199003056,0.805097711312729,0.2227188757036298,1.2528034214940955,1.179074523707493,67.45117840734257,-0.999793791610019
SEG_099,2020-03-31,0.2329190408324598,-0.2724440110930873,-0.1003221903788759,0.1550907094278792,GOOD,-0.999793791610019,3.0512904101303526,0.0134914216194903,47.797883166599526,7.633863053815538,1.3831879447167774,0.1334966090862524,1.2528034214940955,1.179074523707493,67.45117840734257,-0.6837799252437885
SEG_099,2020-04-30,-0.0035610893590755,0.1503740782221055,0.4729005539700237,0.2405477876639925,GOOD,-0.6837799252437885,-0.3352499327990728,0.0342068975649874,2.796733474243257,4.644733262834879,1.179598460834507,0.1393358258076105,1.2528034214940955,1.179074523707493,67.45117840734257,-0.1503160397663681
SEG_099,2020-05-30,0.0091620067540393,0.4415183002190821,0.3983542182747568,-0.0117494560913322,GOOD,-0.1503160397663681,2.3737125985209406,-1.1595694489665205,17.21954636864912,9.39574222624937,1.4058478308625355,0.2757617530204329,1.2528034214940955,1.179074523707493,67.45117840734257,-1.0380151111213096
SEG_099,2020-06-29,-0.0183914967303747,-0.2454262521731942,0.3869719643454162,0.2883834485780984,GOOD,-1.0380151111213096,-4.933732715582055,0.3164836080453481,26.060378031295237,7.8115621083824145,1.6754058302162145,0.0945339380926677,1.2528034214940955,1.179074523707493,67.45117840734257,-1.745101199802604
SEG_099,2020-07-29,0.1249340820773432,0.4155027418066858,0.1123380279862516,-0.084528993686522,GOOD,-1.745101199802604,-3.766464388741988,0.4421319746660825,26.871851404685128,9.634722773382098,1.2710665769977716,0.2093718249469053,1.2528034214940955,1.179074523707493,67.45117840734257,-0.8908406701252429
SEG_099,2020-08-28,0.332113443633501,-0.100269087631665,0.2804311202035192,-0.0068613304864066,GOOD,-0.8908406701252429,1.8015620842383768,0.2475070855508698,19.005681801111308,2.081273633064029,2.200917140109533,0.1577285852169587,1.2528034214940955,1.179074523707493,67.45117840734257,-1.4454330379553608
SEG_099,2020-09-27,0.3488884294947858,0.2461279010111768,0.0881108868831018,0.1984443343528035,GOOD,-1.4454330379553608,0.6751324435676409,-0.2528006457069407,3.527655439392752,7.518269131364512,1.1936165011489197,0.2278500444773438,1.2528034214940955,1.179074523707493,67.45117840734257,-0.9064027897553636
SEG_099,2020-10-27,0.1326224741265914,0.1894717845149581,-0.2738933219797112,0.1636941845685689,GOOD,-0.9064027897553636,-7.574786703383337,-0.1452195850765687,313.0885194763604,4.502285932462439,2.464956417370997,0.4172972544737222,1.2528034214940955,1.179074523707493,67.45117840734257,-0.4740480087364017
SEG_099,2020-11-26,-0.0201700671697191,-0.2254130912439991,0.1393707303056297,-0.0903882216328977,GOOD,-0.4740480087364017,-5.1545357473572,-1.3816862093635909,306.4386762470211,7.747286441755204,1.3961782359105046,0.4142809779651271,1.2528034214940955,1.179074523707493,67.45117840734257,-2.014608082580497
SEG_099,2020-12-26,-0.085532072582062,-0.3826717492839405,0.3492066036968692,0.1018218174540968,GOOD,-2.014608082580497,1.388101955047384,-1.2124385007574894,311.1922823815611,4.846829678076408,2.476426940114319,0.4714047124491294,1.2528034214940955,1.179074523707493,67.45117840734257,0.7508280274431586
SEG_099,2021-01-25,0.1740572123790557,0.4982115855492381,-0.2656281651053257,0.1694634199646371,GOOD,0.7508280274431586,-4.510370215183928,-1.0630806653692415,22.85171459622812,8.701641548163678,1.1530277508807347,0.2233148404486127,1.2528034214940955,1.179074523707493,67.45117840734257,-1.7894843020958948
SEG_099,2021-02-24,0.2179439740476646,-0.0501482152119118,-0.1508693027470679,0.2067786379480579,GOOD,-1.7894843020958948,-5.218448013886568,-0.738056788357879,30.40764683168135,7.280401982128318,1.0606066655050224,0.1427556520997868,1.2528034214940955,1.179074523707493,67.45117840734257,-0.2233203743148709
SEG_099,2021-03-26,0.3489869709902075,-0.1465467739052001,0.1451736756158168,0.1273383866049638,GOOD,-0.2233203743148709,-4.437196629912117,-0.7643108960178786,44.55161517210428,4.593681150469239,1.7053538466028877,0.2306843539527392,1.2528034214940955,1.179074523707493,67.45117840734257,-0.9450226462439096
SEG_099,2021-04-25,0.1815725084769487,0.1315412602050516,0.0987994000558526,0.0201450005589308,GOOD,-0.9450226462439096,3.351374189228123,0.1796820504400875,44.878530157471694,6.4732061758194055,1.5910875199069272,0.2502875805909286,1.2528034214940955,1.179074523707493,67.45117840734257,0.7301178571120995
SEG_099,2021-05-25,-0.0345092708652148,0.3532403607875418,0.5071961271038343,-0.0426351284712401,GOOD,0.7301178571120995,4.136063209153448,0.2884401480665062,38.68200612425562,7.161901830227191,1.5268070226253223,0.2653170162583315,1.2528034214940955,1.179074523707493,67.45117840734257,-1.4525084775823478
SEG_099,2021-06-24,0.2250556674351359,-0.4037193069333865,-0.2396090272871215,0.1516609362058809,GOOD,-1.4525084775823478,-5.50945876178547,0.3153551574686297,24.57130152560629,7.684260326376648,1.0092265261795348,0.0238973932256058,1.2528034214940955,1.179074523707493,67.45117840734257,-0.1515674602904342
SEG_099,2021-07-24,0.2947459936396518,0.1648110682927538,0.1262258557051981,0.0542869173438376,GOOD,-0.1515674602904342,-6.068843998399071,-1.0950376238566544,25.64454366663512,8.19688156526835,0.7940486160399193,0.2229358009829694,1.2528034214940955,1.179074523707493,67.45117840734257,-1.7441695267329491
SEG_099,2021-08-23,0.2643909072964492,0.183201997416042,-0.0822248506913142,0.1893981752907994,GOOD,-1.7441695267329491,-7.472029767428338,0.4840328735785686,43.902666491005526,4.285847068405563,1.6805980576750614,0.0647429577123775,1.2528034214940955,1.179074523707493,67.45117840734257,-1.953871518911744
SEG_099,2021-09-22,0.286451856927976,-0.2664484136584288,0.2795871723588319,0.2177195483028499,GOOD,-1.953871518911744,-6.242282604025211,-1.1479451239523752,35.827474701608374,8.581925484638054,1.931877357942202,0.1043834851940941,1.2528034214940955,1.179074523707493,67.45117840734257,-0.2930203955567504
SEG_099,2021-10-22,-0.0176170104981142,-0.0218047978604277,-0.0147139554866022,0.1272732378874141,GOOD,-0.2930203955567504,-5.765303158193124,0.134598888135744,330.3891069863357,9.023045247110163,2.365349400943406,0.8465418596499357,1.2528034214940955,1.179074523707493,67.45117840734257,-0.3353030286076485
SEG_100,2020-01-01,0.0071695372493065,0.267137115341561,0.261071471789217,0.1767618154761213,GOOD,0.6706156057479178,-3.5872154816763797,-0.667978523862597,9.281974469709697,3.913733022830136,1.7565427897385109,0.0341800840641649,2.9888681405032,2.561463598752443,36.68897634222472,-1.400200829711343
SEG_100,2020-01-31,-0.0870400437218245,-0.33457576022114,-0.2223188423025159,0.1783222010962648,GOOD,-1.400200829711343,-8.746254929088202,-1.0524233573759574,4.613346714526095,6.736504188734151,1.0045719690696904,0.0255135224511489,2.9888681405032,2.561463598752443,36.68897634222472,-1.851099839936027
SEG_100,2020-03-01,0.3753939904359796,-0.449260707526967,0.1905321522075859,0.1113167217713734,GOOD,-1.851099839936027,-4.302307813157094,-0.6756628408727263,40.47847515361891,3.262266289487833,0.9227534491345986,0.2133468769911027,2.9888681405032,2.561463598752443,36.68897634222472,-1.4910302221385476
SEG_100,2020-03-31,0.3344298116493568,-0.4638996533070733,-0.1613281908400858,0.1682804590969031,GOOD,-1.4910302221385476,-4.111673686926184,-0.3768242340227954,40.83203475780424,3.655177062398206,1.4338431467781765,0.1384969551773016,2.9888681405032,2.561463598752443,36.68897634222472,0.845360172794801
SEG_100,2020-04-30,0.3405007655269563,0.1260353058479157,0.140150492999338,0.2966804841172481,GOOD,0.845360172794801,0.6728723138566259,-0.1084548087341843,3.4602354881479003,5.874024992291697,0.8211679120347023,0.252698981109985,2.9888681405032,2.561463598752443,36.68897634222472,0.2191077588693442
SEG_100,2020-05-30,0.3509565217911632,-0.4077582834781658,-0.1963636487791623,0.1024710589444145,GOOD,0.2191077588693442,-5.641566920753787,-0.8578811166712577,43.34038869670498,2.8961160921560367,1.859578119427403,0.2668693810659242,2.9888681405032,2.561463598752443,36.68897634222472,-0.8986531025675851
SEG_100,2020-06-29,0.3436771012324943,-0.2509846070972769,0.5574168527060128,0.0053986507428696,GOOD,-0.8986531025675851,-9.582760822979775,-0.5138145375756449,12.805089687692323,6.153909055873707,1.664090614703579,0.072656675977685,2.9888681405032,2.561463598752443,36.68897634222472,0.4963523483835202
SEG_100,2020-07-29,0.1479657435930592,-0.153247559434703,0.3330201576512043,0.0432423851117081,GOOD,0.4963523483835202,-3.1115456500622827,-1.0478126991504195,41.27547904004317,8.047221109055645,1.144001886715972,0.2110950019933939,2.9888681405032,2.561463598752443,36.68897634222472,-0.1265556723052652
SEG_100,2020-08-28,0.2310685101802017,0.4596810239738952,0.1534456577545431,-0.0692682710503876,GOOD,-0.1265556723052652,2.7916464215335868,-0.0112936351209422,38.458654304918,4.523657963904333,2.1673184701307,0.2846483159008166,2.9888681405032,2.561463598752443,36.68897634222472,-0.9603082754131228
SEG_100,2020-09-27,0.3855222256145512,0.4541063546237598,0.3837229383826971,0.1293324458958253,GOOD,-0.9603082754131228,1.5722920230523787,-1.3791460927646526,19.946869041638944,5.6932528032487575,0.911117903566428,0.2750101946071441,2.9888681405032,2.561463598752443,36.68897634222472,-0.3266795535728606
SEG_100,2020-10-27,0.356998685736939,0.3626624333657141,0.5710632589251707,0.0588852455807293,GOOD,-0.3266795535728606,2.9194523448921856,-1.2261503638801736,338.29339640133776,3.745600324274408,1.753689604953566,0.2306039632909401,2.9888681405032,2.561463598752443,36.68897634222472,-0.5676152316566656
SEG_100,2020-11-26,0.2405936223204269,0.0229149521797313,-0.291987726813437,-0.0894287956357069,GOOD,-0.5676152316566656,3.6960724814647454,-0.9513034722810334,302.4278084037576,5.366849553459926,1.09066065965807,0.1297164891168509,2.9888681405032,2.561463598752443,36.68897634222472,-0.6349859240854698
SEG_100,2020-12-26,-0.0846895977888948,0.2526361600028038,0.003880715374627,0.1138067000458127,GOOD,-0.6349859240854698,-5.72028753738646,-0.1083105423791506,334.67447665562213,6.416475307506196,1.8655619882171408,0.3026121848056012,2.9888681405032,2.561463598752443,36.68897634222472,-1.5979186681882684
SEG_100,2021-01-25,0.0675268843761781,0.2322084159046721,0.4566566453873577,0.0971550023153547,GOOD,-1.5979186681882684,2.7637701357910966,-0.8499550087253123,27.08696381690625,7.539618560157613,1.6262074451744477,0.1490268586874705,2.9888681405032,2.561463598752443,36.68897634222472,0.2741214056962319
SEG_100,2021-02-24,0.0371738327893268,-0.1836350262244332,0.4832400962808185,-0.0153708230846938,GOOD,0.2741214056962319,3.412480679464524,0.409630707216718,39.086150014373,9.71084214536972,2.014072867209456,0.1579024500490531,2.9888681405032,2.561463598752443,36.68897634222472,-0.3730969268569687
SEG_100,2021-03-26,0.2754955054641059,-0.0716344453721565,0.1883948803299243,0.2635502612775319,GOOD,-0.3730969268569687,-2.664414026351417,-0.7072414773995515,28.12961445793058,7.079247188121588,0.784092477266382,0.07451903127807,2.9888681405032,2.561463598752443,36.68897634222472,-1.0680965920043628
SEG_100,2021-04-25,0.0290488082723951,-0.2646143331289698,-0.0701974548766155,0.0456368908848817,GOOD,-1.0680965920043628,-3.683625545510724,0.0991265367488565,25.863032948496784,7.904434173083784,1.922392811481532,0.0558688237135085,2.9888681405032,2.561463598752443,36.68897634222472,-0.667184174987225
SEG_100,2021-05-25,0.1455468914163259,-0.4116634716818526,-0.2652679856099765,-0.0088060197065795,GOOD,-0.667184174987225,-4.821892132208337,-1.1626860860722157,22.11324851244162,5.197086813289904,0.839900343735348,0.1345332227618935,2.9888681405032,2.561463598752443,36.68897634222472,-1.7917774669145996
SEG_100,2021-06-24,0.1564354989805765,-0.389091858645553,0.3986275541962628,0.0012245231844576,GOOD,-1.7917774669145996,-3.40881431345687,-0.4118997437843705,35.336680826397924,7.69071419323539,1.675335182032103,0.2266320384626667,2.9888681405032,2.561463598752443,36.68897634222472,0.5719738055268123
SEG_100,2021-07-24,0.1695074691668493,-0.3817372538002024,-0.0237758401927396,0.2669731677503815,GOOD,0.5719738055268123,3.1617596047057326,-1.347743986706049,25.81985131188177,3.331087374667443,1.651850259960756,0.0160577212481963,2.9888681405032,2.561463598752443,36.68897634222472,-1.2586716384278216
SEG_100,2021-08-23,0.0698925894099371,0.1305925568164391,0.0411754576430677,0.0402536627941337,GOOD,-1.2586716384278216,1.1227773947533066,-0.4984475378725432,12.339929260229631,6.052457437101578,1.0163709739150633,0.2231143176800629,2.9888681405032,2.561463598752443,36.68897634222472,0.3429795547188223
SEG_100,2021-09-22,0.3228128716039197,-0.2685258947325359,0.1068693219166573,0.295455453595273,GOOD,0.3429795547188223,-7.023931038744622,0.2545700192346549,33.83292714979169,7.05506674563799,1.283680471849422,0.3229916383545517,2.9888681405032,2.561463598752443,36.68897634222472,0.5536288785750765
SEG_100,2021-10-22,0.0770861583745746,-0.0897285730546022,0.0815922172799407,-0.0964533173118014,GOOD,0.5536288785750765,2.768402332764083,-1.3145683318231454,347.7640526047581,12.14823073026049,2.4016994078568112,0.7773882806924675,2.9888681405032,2.561463598752443,36.68897634222472,-1.2737509117816654
